2026-08-07T23:57:20+00:00 OPTIONS /008/cachekey/fixed/chromium/K0/p status=204 max_age=30 acao=http://localhost:8080 auth=no origin=http://localhost:8080 req_method=GET req_headers=x-probe
2026-08-07T23:57:20+00:00 GET /008/cachekey/fixed/chromium/K0/p status=200 max_age=30 acao=http://localhost:8080 auth=no origin=http://localhost:8080 req_method=- req_headers=-
2026-08-07T23:57:23+00:00 GET /008/cachekey/fixed/chromium/K0/p status=200 max_age=30 acao=http://localhost:8080 auth=no origin=http://localhost:8080 req_method=- req_headers=-
2026-08-07T23:57:24+00:00 OPTIONS /008/cachekey/fixed/chromium/K1/p1 status=204 max_age=30 acao=http://localhost:8080 auth=no origin=http://localhost:8080 req_method=GET req_headers=x-probe
2026-08-07T23:57:24+00:00 GET /008/cachekey/fixed/chromium/K1/p1 status=200 max_age=30 acao=http://localhost:8080 auth=no origin=http://localhost:8080 req_method=- req_headers=-
2026-08-07T23:57:27+00:00 OPTIONS /008/cachekey/fixed/chromium/K1/p2 status=204 max_age=30 acao=http://localhost:8080 auth=no origin=http://localhost:8080 req_method=GET req_headers=x-probe
2026-08-07T23:57:27+00:00 GET /008/cachekey/fixed/chromium/K1/p2 status=200 max_age=30 acao=http://localhost:8080 auth=no origin=http://localhost:8080 req_method=- req_headers=-
2026-08-07T23:57:29+00:00 OPTIONS /008/cachekey/fixed/chromium/K2/p status=204 max_age=30 acao=http://localhost:8080 auth=no origin=http://localhost:8080 req_method=GET req_headers=x-probe
2026-08-07T23:57:29+00:00 GET /008/cachekey/fixed/chromium/K2/p status=200 max_age=30 acao=http://localhost:8080 auth=no origin=http://localhost:8080 req_method=- req_headers=-
2026-08-07T23:57:32+00:00 OPTIONS /008/cachekey/fixed/chromium/K2/p status=204 max_age=30 acao=http://localhost:8080 auth=no origin=http://localhost:8080 req_method=GET req_headers=x-probe
2026-08-07T23:57:32+00:00 GET /008/cachekey/fixed/chromium/K2/p status=200 max_age=30 acao=http://localhost:8080 auth=no origin=http://localhost:8080 req_method=- req_headers=-
2026-08-07T23:57:34+00:00 OPTIONS /008/cachekey/fixed/chromium/K3/p status=204 max_age=30 acao=http://localhost:8080 auth=no origin=http://localhost:8080 req_method=PUT req_headers=-
2026-08-07T23:57:34+00:00 PUT /008/cachekey/fixed/chromium/K3/p status=200 max_age=30 acao=http://localhost:8080 auth=no origin=http://localhost:8080 req_method=- req_headers=-
2026-08-07T23:57:37+00:00 DELETE /008/cachekey/fixed/chromium/K3/p status=200 max_age=30 acao=http://localhost:8080 auth=no origin=http://localhost:8080 req_method=- req_headers=-
2026-08-07T23:57:38+00:00 OPTIONS /008/cachekey/fixed/chromium/K4/p status=204 max_age=30 acao=http://localhost:8080 auth=no origin=http://localhost:8080 req_method=GET req_headers=x-probe
2026-08-07T23:57:38+00:00 GET /008/cachekey/fixed/chromium/K4/p status=200 max_age=30 acao=http://localhost:8080 auth=no origin=http://localhost:8080 req_method=- req_headers=-
2026-08-07T23:57:41+00:00 GET /008/cachekey/fixed/chromium/K4/p status=200 max_age=30 acao=http://localhost:8080 auth=no origin=http://localhost:8080 req_method=- req_headers=-
2026-08-07T23:57:43+00:00 OPTIONS /008/cachekey/fixed/chromium/K5/p status=204 max_age=30 acao=http://localhost:8080 auth=no origin=http://localhost:8080 req_method=GET req_headers=x-extra,x-probe
2026-08-07T23:57:43+00:00 GET /008/cachekey/fixed/chromium/K5/p status=200 max_age=30 acao=http://localhost:8080 auth=no origin=http://localhost:8080 req_method=- req_headers=-
2026-08-07T23:57:46+00:00 GET /008/cachekey/fixed/chromium/K5/p status=200 max_age=30 acao=http://localhost:8080 auth=no origin=http://localhost:8080 req_method=- req_headers=-
2026-08-07T23:57:48+00:00 OPTIONS /008/cachekey/fixed/chromium/K6/p status=204 max_age=30 acao=http://localhost:8080 auth=no origin=http://localhost:8080 req_method=GET req_headers=x-probe
2026-08-07T23:57:48+00:00 GET /008/cachekey/fixed/chromium/K6/p status=200 max_age=30 acao=http://localhost:8080 auth=no origin=http://localhost:8080 req_method=- req_headers=-
2026-08-07T23:57:51+00:00 OPTIONS /008/cachekey/fixed/chromium/K6/p status=204 max_age=30 acao=http://localhost:8080 auth=no origin=http://localhost:8080 req_method=GET req_headers=x-probe
2026-08-07T23:57:51+00:00 GET /008/cachekey/fixed/chromium/K6/p status=200 max_age=30 acao=http://localhost:8080 auth=no origin=http://localhost:8080 req_method=- req_headers=-
2026-08-07T23:57:52+00:00 OPTIONS /008/cachekey/fixed/chromium/K7/p status=204 max_age=30 acao=http://localhost:8080 auth=no origin=http://localhost:8080 req_method=GET req_headers=x-probe
2026-08-07T23:57:53+00:00 GET /008/cachekey/fixed/chromium/K7/p status=200 max_age=30 acao=http://localhost:8080 auth=no origin=http://localhost:8080 req_method=- req_headers=-
2026-08-07T23:57:56+00:00 GET /008/cachekey/fixed/chromium/K7/p status=200 max_age=30 acao=http://localhost:8080 auth=no origin=http://localhost:8080 req_method=- req_headers=-
2026-08-07T23:57:57+00:00 OPTIONS /008/cachekey/echo/chromium/K0/p status=204 max_age=30 acao=http://localhost:8080 auth=no origin=http://localhost:8080 req_method=GET req_headers=x-probe
2026-08-07T23:57:57+00:00 GET /008/cachekey/echo/chromium/K0/p status=200 max_age=30 acao=http://localhost:8080 auth=no origin=http://localhost:8080 req_method=- req_headers=-
2026-08-07T23:58:00+00:00 GET /008/cachekey/echo/chromium/K0/p status=200 max_age=30 acao=http://localhost:8080 auth=no origin=http://localhost:8080 req_method=- req_headers=-
2026-08-07T23:58:02+00:00 OPTIONS /008/cachekey/echo/chromium/K1/p1 status=204 max_age=30 acao=http://localhost:8080 auth=no origin=http://localhost:8080 req_method=GET req_headers=x-probe
2026-08-07T23:58:02+00:00 GET /008/cachekey/echo/chromium/K1/p1 status=200 max_age=30 acao=http://localhost:8080 auth=no origin=http://localhost:8080 req_method=- req_headers=-
2026-08-07T23:58:05+00:00 OPTIONS /008/cachekey/echo/chromium/K1/p2 status=204 max_age=30 acao=http://localhost:8080 auth=no origin=http://localhost:8080 req_method=GET req_headers=x-probe
2026-08-07T23:58:05+00:00 GET /008/cachekey/echo/chromium/K1/p2 status=200 max_age=30 acao=http://localhost:8080 auth=no origin=http://localhost:8080 req_method=- req_headers=-
2026-08-07T23:58:07+00:00 OPTIONS /008/cachekey/echo/chromium/K2/p status=204 max_age=30 acao=http://localhost:8080 auth=no origin=http://localhost:8080 req_method=GET req_headers=x-probe
2026-08-07T23:58:07+00:00 GET /008/cachekey/echo/chromium/K2/p status=200 max_age=30 acao=http://localhost:8080 auth=no origin=http://localhost:8080 req_method=- req_headers=-
2026-08-07T23:58:10+00:00 OPTIONS /008/cachekey/echo/chromium/K2/p status=204 max_age=30 acao=http://localhost:8080 auth=no origin=http://localhost:8080 req_method=GET req_headers=x-probe
2026-08-07T23:58:10+00:00 GET /008/cachekey/echo/chromium/K2/p status=200 max_age=30 acao=http://localhost:8080 auth=no origin=http://localhost:8080 req_method=- req_headers=-
2026-08-07T23:58:11+00:00 OPTIONS /008/cachekey/echo/chromium/K3/p status=204 max_age=30 acao=http://localhost:8080 auth=no origin=http://localhost:8080 req_method=PUT req_headers=-
2026-08-07T23:58:11+00:00 PUT /008/cachekey/echo/chromium/K3/p status=200 max_age=30 acao=http://localhost:8080 auth=no origin=http://localhost:8080 req_method=- req_headers=-
2026-08-07T23:58:14+00:00 OPTIONS /008/cachekey/echo/chromium/K3/p status=204 max_age=30 acao=http://localhost:8080 auth=no origin=http://localhost:8080 req_method=DELETE req_headers=-
2026-08-07T23:58:14+00:00 DELETE /008/cachekey/echo/chromium/K3/p status=200 max_age=30 acao=http://localhost:8080 auth=no origin=http://localhost:8080 req_method=- req_headers=-
2026-08-07T23:58:16+00:00 OPTIONS /008/cachekey/echo/chromium/K4/p status=204 max_age=30 acao=http://localhost:8080 auth=no origin=http://localhost:8080 req_method=GET req_headers=x-probe
2026-08-07T23:58:16+00:00 GET /008/cachekey/echo/chromium/K4/p status=200 max_age=30 acao=http://localhost:8080 auth=no origin=http://localhost:8080 req_method=- req_headers=-
2026-08-07T23:58:19+00:00 OPTIONS /008/cachekey/echo/chromium/K4/p status=204 max_age=30 acao=http://localhost:8080 auth=no origin=http://localhost:8080 req_method=GET req_headers=x-extra,x-probe
2026-08-07T23:58:19+00:00 GET /008/cachekey/echo/chromium/K4/p status=200 max_age=30 acao=http://localhost:8080 auth=no origin=http://localhost:8080 req_method=- req_headers=-
2026-08-07T23:58:21+00:00 OPTIONS /008/cachekey/echo/chromium/K5/p status=204 max_age=30 acao=http://localhost:8080 auth=no origin=http://localhost:8080 req_method=GET req_headers=x-extra,x-probe
2026-08-07T23:58:21+00:00 GET /008/cachekey/echo/chromium/K5/p status=200 max_age=30 acao=http://localhost:8080 auth=no origin=http://localhost:8080 req_method=- req_headers=-
2026-08-07T23:58:24+00:00 GET /008/cachekey/echo/chromium/K5/p status=200 max_age=30 acao=http://localhost:8080 auth=no origin=http://localhost:8080 req_method=- req_headers=-
2026-08-07T23:58:25+00:00 OPTIONS /008/cachekey/echo/chromium/K6/p status=204 max_age=30 acao=http://localhost:8080 auth=no origin=http://localhost:8080 req_method=GET req_headers=x-probe
2026-08-07T23:58:25+00:00 GET /008/cachekey/echo/chromium/K6/p status=200 max_age=30 acao=http://localhost:8080 auth=no origin=http://localhost:8080 req_method=- req_headers=-
2026-08-07T23:58:28+00:00 OPTIONS /008/cachekey/echo/chromium/K6/p status=204 max_age=30 acao=http://localhost:8080 auth=no origin=http://localhost:8080 req_method=GET req_headers=x-probe
2026-08-07T23:58:28+00:00 GET /008/cachekey/echo/chromium/K6/p status=200 max_age=30 acao=http://localhost:8080 auth=no origin=http://localhost:8080 req_method=- req_headers=-
2026-08-07T23:58:30+00:00 OPTIONS /008/cachekey/echo/chromium/K7/p status=204 max_age=30 acao=http://localhost:8080 auth=no origin=http://localhost:8080 req_method=GET req_headers=x-probe
2026-08-07T23:58:30+00:00 GET /008/cachekey/echo/chromium/K7/p status=200 max_age=30 acao=http://localhost:8080 auth=no origin=http://localhost:8080 req_method=- req_headers=-
2026-08-07T23:58:33+00:00 GET /008/cachekey/echo/chromium/K7/p status=200 max_age=30 acao=http://localhost:8080 auth=no origin=http://localhost:8080 req_method=- req_headers=-
2026-08-07T23:58:55+00:00 OPTIONS /008/cachekey/fixed/firefox/K0/p status=204 max_age=30 acao=http://localhost:8080 auth=no origin=http://localhost:8080 req_method=GET req_headers=x-probe
2026-08-07T23:58:55+00:00 GET /008/cachekey/fixed/firefox/K0/p status=200 max_age=30 acao=http://localhost:8080 auth=no origin=http://localhost:8080 req_method=- req_headers=-
2026-08-07T23:58:58+00:00 GET /008/cachekey/fixed/firefox/K0/p status=200 max_age=30 acao=http://localhost:8080 auth=no origin=http://localhost:8080 req_method=- req_headers=-
2026-08-07T23:59:01+00:00 OPTIONS /008/cachekey/fixed/firefox/K1/p1 status=204 max_age=30 acao=http://localhost:8080 auth=no origin=http://localhost:8080 req_method=GET req_headers=x-probe
2026-08-07T23:59:01+00:00 GET /008/cachekey/fixed/firefox/K1/p1 status=200 max_age=30 acao=http://localhost:8080 auth=no origin=http://localhost:8080 req_method=- req_headers=-
2026-08-07T23:59:04+00:00 OPTIONS /008/cachekey/fixed/firefox/K1/p2 status=204 max_age=30 acao=http://localhost:8080 auth=no origin=http://localhost:8080 req_method=GET req_headers=x-probe
2026-08-07T23:59:04+00:00 GET /008/cachekey/fixed/firefox/K1/p2 status=200 max_age=30 acao=http://localhost:8080 auth=no origin=http://localhost:8080 req_method=- req_headers=-
2026-08-07T23:59:07+00:00 OPTIONS /008/cachekey/fixed/firefox/K2/p status=204 max_age=30 acao=http://localhost:8080 auth=no origin=http://localhost:8080 req_method=GET req_headers=x-probe
2026-08-07T23:59:07+00:00 GET /008/cachekey/fixed/firefox/K2/p status=200 max_age=30 acao=http://localhost:8080 auth=no origin=http://localhost:8080 req_method=- req_headers=-
2026-08-07T23:59:10+00:00 OPTIONS /008/cachekey/fixed/firefox/K2/p status=204 max_age=30 acao=http://localhost:8080 auth=no origin=http://localhost:8080 req_method=GET req_headers=x-probe
2026-08-07T23:59:10+00:00 GET /008/cachekey/fixed/firefox/K2/p status=200 max_age=30 acao=http://localhost:8080 auth=no origin=http://localhost:8080 req_method=- req_headers=-
2026-08-07T23:59:12+00:00 OPTIONS /008/cachekey/fixed/firefox/K3/p status=204 max_age=30 acao=http://localhost:8080 auth=no origin=http://localhost:8080 req_method=PUT req_headers=-
2026-08-07T23:59:12+00:00 PUT /008/cachekey/fixed/firefox/K3/p status=200 max_age=30 acao=http://localhost:8080 auth=no origin=http://localhost:8080 req_method=- req_headers=-
2026-08-07T23:59:16+00:00 DELETE /008/cachekey/fixed/firefox/K3/p status=200 max_age=30 acao=http://localhost:8080 auth=no origin=http://localhost:8080 req_method=- req_headers=-
2026-08-07T23:59:18+00:00 OPTIONS /008/cachekey/fixed/firefox/K4/p status=204 max_age=30 acao=http://localhost:8080 auth=no origin=http://localhost:8080 req_method=GET req_headers=x-probe
2026-08-07T23:59:18+00:00 GET /008/cachekey/fixed/firefox/K4/p status=200 max_age=30 acao=http://localhost:8080 auth=no origin=http://localhost:8080 req_method=- req_headers=-
2026-08-07T23:59:21+00:00 GET /008/cachekey/fixed/firefox/K4/p status=200 max_age=30 acao=http://localhost:8080 auth=no origin=http://localhost:8080 req_method=- req_headers=-
2026-08-07T23:59:24+00:00 OPTIONS /008/cachekey/fixed/firefox/K5/p status=204 max_age=30 acao=http://localhost:8080 auth=no origin=http://localhost:8080 req_method=GET req_headers=x-extra,x-probe
2026-08-07T23:59:24+00:00 GET /008/cachekey/fixed/firefox/K5/p status=200 max_age=30 acao=http://localhost:8080 auth=no origin=http://localhost:8080 req_method=- req_headers=-
2026-08-07T23:59:27+00:00 GET /008/cachekey/fixed/firefox/K5/p status=200 max_age=30 acao=http://localhost:8080 auth=no origin=http://localhost:8080 req_method=- req_headers=-
2026-08-07T23:59:30+00:00 OPTIONS /008/cachekey/fixed/firefox/K6/p status=204 max_age=30 acao=http://localhost:8080 auth=no origin=http://localhost:8080 req_method=GET req_headers=x-probe
2026-08-07T23:59:30+00:00 GET /008/cachekey/fixed/firefox/K6/p status=200 max_age=30 acao=http://localhost:8080 auth=no origin=http://localhost:8080 req_method=- req_headers=-
2026-08-07T23:59:33+00:00 OPTIONS /008/cachekey/fixed/firefox/K6/p status=204 max_age=30 acao=http://localhost:8080 auth=no origin=http://localhost:8080 req_method=GET req_headers=x-probe
2026-08-07T23:59:33+00:00 GET /008/cachekey/fixed/firefox/K6/p status=200 max_age=30 acao=http://localhost:8080 auth=no origin=http://localhost:8080 req_method=- req_headers=-
2026-08-07T23:59:36+00:00 OPTIONS /008/cachekey/fixed/firefox/K7/p status=204 max_age=30 acao=http://localhost:8080 auth=no origin=http://localhost:8080 req_method=GET req_headers=x-probe
2026-08-07T23:59:36+00:00 GET /008/cachekey/fixed/firefox/K7/p status=200 max_age=30 acao=http://localhost:8080 auth=no origin=http://localhost:8080 req_method=- req_headers=-
2026-08-07T23:59:39+00:00 OPTIONS /008/cachekey/fixed/firefox/K7/p status=204 max_age=30 acao=http://localhost:8080 auth=no origin=http://localhost:8080 req_method=GET req_headers=x-probe
2026-08-07T23:59:39+00:00 GET /008/cachekey/fixed/firefox/K7/p status=200 max_age=30 acao=http://localhost:8080 auth=no origin=http://localhost:8080 req_method=- req_headers=-
2026-08-07T23:59:41+00:00 OPTIONS /008/cachekey/echo/firefox/K0/p status=204 max_age=30 acao=http://localhost:8080 auth=no origin=http://localhost:8080 req_method=GET req_headers=x-probe
2026-08-07T23:59:41+00:00 GET /008/cachekey/echo/firefox/K0/p status=200 max_age=30 acao=http://localhost:8080 auth=no origin=http://localhost:8080 req_method=- req_headers=-
2026-08-07T23:59:44+00:00 GET /008/cachekey/echo/firefox/K0/p status=200 max_age=30 acao=http://localhost:8080 auth=no origin=http://localhost:8080 req_method=- req_headers=-
2026-08-07T23:59:47+00:00 OPTIONS /008/cachekey/echo/firefox/K1/p1 status=204 max_age=30 acao=http://localhost:8080 auth=no origin=http://localhost:8080 req_method=GET req_headers=x-probe
2026-08-07T23:59:47+00:00 GET /008/cachekey/echo/firefox/K1/p1 status=200 max_age=30 acao=http://localhost:8080 auth=no origin=http://localhost:8080 req_method=- req_headers=-
2026-08-07T23:59:50+00:00 OPTIONS /008/cachekey/echo/firefox/K1/p2 status=204 max_age=30 acao=http://localhost:8080 auth=no origin=http://localhost:8080 req_method=GET req_headers=x-probe
2026-08-07T23:59:50+00:00 GET /008/cachekey/echo/firefox/K1/p2 status=200 max_age=30 acao=http://localhost:8080 auth=no origin=http://localhost:8080 req_method=- req_headers=-
2026-08-07T23:59:53+00:00 OPTIONS /008/cachekey/echo/firefox/K2/p status=204 max_age=30 acao=http://localhost:8080 auth=no origin=http://localhost:8080 req_method=GET req_headers=x-probe
2026-08-07T23:59:53+00:00 GET /008/cachekey/echo/firefox/K2/p status=200 max_age=30 acao=http://localhost:8080 auth=no origin=http://localhost:8080 req_method=- req_headers=-
2026-08-07T23:59:56+00:00 OPTIONS /008/cachekey/echo/firefox/K2/p status=204 max_age=30 acao=http://localhost:8080 auth=no origin=http://localhost:8080 req_method=GET req_headers=x-probe
2026-08-07T23:59:56+00:00 GET /008/cachekey/echo/firefox/K2/p status=200 max_age=30 acao=http://localhost:8080 auth=no origin=http://localhost:8080 req_method=- req_headers=-
2026-08-07T23:59:59+00:00 OPTIONS /008/cachekey/echo/firefox/K3/p status=204 max_age=30 acao=http://localhost:8080 auth=no origin=http://localhost:8080 req_method=PUT req_headers=-
2026-08-07T23:59:59+00:00 PUT /008/cachekey/echo/firefox/K3/p status=200 max_age=30 acao=http://localhost:8080 auth=no origin=http://localhost:8080 req_method=- req_headers=-
2026-08-08T00:00:02+00:00 OPTIONS /008/cachekey/echo/firefox/K3/p status=204 max_age=30 acao=http://localhost:8080 auth=no origin=http://localhost:8080 req_method=DELETE req_headers=-
2026-08-08T00:00:02+00:00 DELETE /008/cachekey/echo/firefox/K3/p status=200 max_age=30 acao=http://localhost:8080 auth=no origin=http://localhost:8080 req_method=- req_headers=-
2026-08-08T00:00:05+00:00 OPTIONS /008/cachekey/echo/firefox/K4/p status=204 max_age=30 acao=http://localhost:8080 auth=no origin=http://localhost:8080 req_method=GET req_headers=x-probe
2026-08-08T00:00:05+00:00 GET /008/cachekey/echo/firefox/K4/p status=200 max_age=30 acao=http://localhost:8080 auth=no origin=http://localhost:8080 req_method=- req_headers=-
2026-08-08T00:00:08+00:00 OPTIONS /008/cachekey/echo/firefox/K4/p status=204 max_age=30 acao=http://localhost:8080 auth=no origin=http://localhost:8080 req_method=GET req_headers=x-extra,x-probe
2026-08-08T00:00:08+00:00 GET /008/cachekey/echo/firefox/K4/p status=200 max_age=30 acao=http://localhost:8080 auth=no origin=http://localhost:8080 req_method=- req_headers=-
2026-08-08T00:00:10+00:00 OPTIONS /008/cachekey/echo/firefox/K5/p status=204 max_age=30 acao=http://localhost:8080 auth=no origin=http://localhost:8080 req_method=GET req_headers=x-extra,x-probe
2026-08-08T00:00:10+00:00 GET /008/cachekey/echo/firefox/K5/p status=200 max_age=30 acao=http://localhost:8080 auth=no origin=http://localhost:8080 req_method=- req_headers=-
2026-08-08T00:00:13+00:00 GET /008/cachekey/echo/firefox/K5/p status=200 max_age=30 acao=http://localhost:8080 auth=no origin=http://localhost:8080 req_method=- req_headers=-
2026-08-08T00:00:16+00:00 OPTIONS /008/cachekey/echo/firefox/K6/p status=204 max_age=30 acao=http://localhost:8080 auth=no origin=http://localhost:8080 req_method=GET req_headers=x-probe
2026-08-08T00:00:16+00:00 GET /008/cachekey/echo/firefox/K6/p status=200 max_age=30 acao=http://localhost:8080 auth=no origin=http://localhost:8080 req_method=- req_headers=-
2026-08-08T00:00:19+00:00 OPTIONS /008/cachekey/echo/firefox/K6/p status=204 max_age=30 acao=http://localhost:8080 auth=no origin=http://localhost:8080 req_method=GET req_headers=x-probe
2026-08-08T00:00:19+00:00 GET /008/cachekey/echo/firefox/K6/p status=200 max_age=30 acao=http://localhost:8080 auth=no origin=http://localhost:8080 req_method=- req_headers=-
2026-08-08T00:00:22+00:00 OPTIONS /008/cachekey/echo/firefox/K7/p status=204 max_age=30 acao=http://localhost:8080 auth=no origin=http://localhost:8080 req_method=GET req_headers=x-probe
2026-08-08T00:00:22+00:00 GET /008/cachekey/echo/firefox/K7/p status=200 max_age=30 acao=http://localhost:8080 auth=no origin=http://localhost:8080 req_method=- req_headers=-
2026-08-08T00:00:25+00:00 OPTIONS /008/cachekey/echo/firefox/K7/p status=204 max_age=30 acao=http://localhost:8080 auth=no origin=http://localhost:8080 req_method=GET req_headers=x-probe
2026-08-08T00:00:25+00:00 GET /008/cachekey/echo/firefox/K7/p status=200 max_age=30 acao=http://localhost:8080 auth=no origin=http://localhost:8080 req_method=- req_headers=-
2026-08-08T00:00:53+00:00 OPTIONS /008/cachekey/fixed/webkit/K0/p status=204 max_age=30 acao=http://localhost:8080 auth=no origin=http://localhost:8080 req_method=GET req_headers=x-probe
2026-08-08T00:00:53+00:00 GET /008/cachekey/fixed/webkit/K0/p status=200 max_age=30 acao=http://localhost:8080 auth=no origin=http://localhost:8080 req_method=- req_headers=-
2026-08-08T00:00:56+00:00 GET /008/cachekey/fixed/webkit/K0/p status=200 max_age=30 acao=http://localhost:8080 auth=no origin=http://localhost:8080 req_method=- req_headers=-
2026-08-08T00:00:58+00:00 OPTIONS /008/cachekey/fixed/webkit/K1/p1 status=204 max_age=30 acao=http://localhost:8080 auth=no origin=http://localhost:8080 req_method=GET req_headers=x-probe
2026-08-08T00:00:58+00:00 GET /008/cachekey/fixed/webkit/K1/p1 status=200 max_age=30 acao=http://localhost:8080 auth=no origin=http://localhost:8080 req_method=- req_headers=-
2026-08-08T00:01:01+00:00 OPTIONS /008/cachekey/fixed/webkit/K1/p2 status=204 max_age=30 acao=http://localhost:8080 auth=no origin=http://localhost:8080 req_method=GET req_headers=x-probe
2026-08-08T00:01:01+00:00 GET /008/cachekey/fixed/webkit/K1/p2 status=200 max_age=30 acao=http://localhost:8080 auth=no origin=http://localhost:8080 req_method=- req_headers=-
2026-08-08T00:01:04+00:00 OPTIONS /008/cachekey/fixed/webkit/K2/p status=204 max_age=30 acao=http://localhost:8080 auth=no origin=http://localhost:8080 req_method=GET req_headers=x-probe
2026-08-08T00:01:04+00:00 GET /008/cachekey/fixed/webkit/K2/p status=200 max_age=30 acao=http://localhost:8080 auth=no origin=http://localhost:8080 req_method=- req_headers=-
2026-08-08T00:01:07+00:00 OPTIONS /008/cachekey/fixed/webkit/K2/p status=204 max_age=30 acao=http://localhost:8080 auth=no origin=http://localhost:8080 req_method=GET req_headers=x-probe
2026-08-08T00:01:07+00:00 GET /008/cachekey/fixed/webkit/K2/p status=200 max_age=30 acao=http://localhost:8080 auth=no origin=http://localhost:8080 req_method=- req_headers=-
2026-08-08T00:01:09+00:00 OPTIONS /008/cachekey/fixed/webkit/K3/p status=204 max_age=30 acao=http://localhost:8080 auth=no origin=http://localhost:8080 req_method=PUT req_headers=-
2026-08-08T00:01:09+00:00 PUT /008/cachekey/fixed/webkit/K3/p status=200 max_age=30 acao=http://localhost:8080 auth=no origin=http://localhost:8080 req_method=- req_headers=-
2026-08-08T00:01:12+00:00 DELETE /008/cachekey/fixed/webkit/K3/p status=200 max_age=30 acao=http://localhost:8080 auth=no origin=http://localhost:8080 req_method=- req_headers=-
2026-08-08T00:01:14+00:00 OPTIONS /008/cachekey/fixed/webkit/K4/p status=204 max_age=30 acao=http://localhost:8080 auth=no origin=http://localhost:8080 req_method=GET req_headers=x-probe
2026-08-08T00:01:14+00:00 GET /008/cachekey/fixed/webkit/K4/p status=200 max_age=30 acao=http://localhost:8080 auth=no origin=http://localhost:8080 req_method=- req_headers=-
2026-08-08T00:01:17+00:00 GET /008/cachekey/fixed/webkit/K4/p status=200 max_age=30 acao=http://localhost:8080 auth=no origin=http://localhost:8080 req_method=- req_headers=-
2026-08-08T00:01:19+00:00 OPTIONS /008/cachekey/fixed/webkit/K5/p status=204 max_age=30 acao=http://localhost:8080 auth=no origin=http://localhost:8080 req_method=GET req_headers=x-extra,x-probe
2026-08-08T00:01:19+00:00 GET /008/cachekey/fixed/webkit/K5/p status=200 max_age=30 acao=http://localhost:8080 auth=no origin=http://localhost:8080 req_method=- req_headers=-
2026-08-08T00:01:22+00:00 GET /008/cachekey/fixed/webkit/K5/p status=200 max_age=30 acao=http://localhost:8080 auth=no origin=http://localhost:8080 req_method=- req_headers=-
2026-08-08T00:01:24+00:00 OPTIONS /008/cachekey/fixed/webkit/K6/p status=204 max_age=30 acao=http://localhost:8080 auth=no origin=http://localhost:8080 req_method=GET req_headers=x-probe
2026-08-08T00:01:24+00:00 GET /008/cachekey/fixed/webkit/K6/p status=200 max_age=30 acao=http://localhost:8080 auth=no origin=http://localhost:8080 req_method=- req_headers=-
2026-08-08T00:01:27+00:00 OPTIONS /008/cachekey/fixed/webkit/K6/p status=204 max_age=30 acao=http://localhost:8080 auth=no origin=http://localhost:8080 req_method=GET req_headers=x-probe
2026-08-08T00:01:27+00:00 GET /008/cachekey/fixed/webkit/K6/p status=200 max_age=30 acao=http://localhost:8080 auth=no origin=http://localhost:8080 req_method=- req_headers=-
2026-08-08T00:01:29+00:00 OPTIONS /008/cachekey/fixed/webkit/K7/p status=204 max_age=30 acao=http://localhost:8080 auth=no origin=http://localhost:8080 req_method=GET req_headers=x-probe
2026-08-08T00:01:29+00:00 GET /008/cachekey/fixed/webkit/K7/p status=200 max_age=30 acao=http://localhost:8080 auth=no origin=http://localhost:8080 req_method=- req_headers=-
2026-08-08T00:01:32+00:00 GET /008/cachekey/fixed/webkit/K7/p status=200 max_age=30 acao=http://localhost:8080 auth=no origin=http://localhost:8080 req_method=- req_headers=-
2026-08-08T00:01:34+00:00 OPTIONS /008/cachekey/echo/webkit/K0/p status=204 max_age=30 acao=http://localhost:8080 auth=no origin=http://localhost:8080 req_method=GET req_headers=x-probe
2026-08-08T00:01:34+00:00 GET /008/cachekey/echo/webkit/K0/p status=200 max_age=30 acao=http://localhost:8080 auth=no origin=http://localhost:8080 req_method=- req_headers=-
2026-08-08T00:01:37+00:00 GET /008/cachekey/echo/webkit/K0/p status=200 max_age=30 acao=http://localhost:8080 auth=no origin=http://localhost:8080 req_method=- req_headers=-
2026-08-08T00:01:39+00:00 OPTIONS /008/cachekey/echo/webkit/K1/p1 status=204 max_age=30 acao=http://localhost:8080 auth=no origin=http://localhost:8080 req_method=GET req_headers=x-probe
2026-08-08T00:01:39+00:00 GET /008/cachekey/echo/webkit/K1/p1 status=200 max_age=30 acao=http://localhost:8080 auth=no origin=http://localhost:8080 req_method=- req_headers=-
2026-08-08T00:01:42+00:00 OPTIONS /008/cachekey/echo/webkit/K1/p2 status=204 max_age=30 acao=http://localhost:8080 auth=no origin=http://localhost:8080 req_method=GET req_headers=x-probe
2026-08-08T00:01:42+00:00 GET /008/cachekey/echo/webkit/K1/p2 status=200 max_age=30 acao=http://localhost:8080 auth=no origin=http://localhost:8080 req_method=- req_headers=-
2026-08-08T00:01:44+00:00 OPTIONS /008/cachekey/echo/webkit/K2/p status=204 max_age=30 acao=http://localhost:8080 auth=no origin=http://localhost:8080 req_method=GET req_headers=x-probe
2026-08-08T00:01:44+00:00 GET /008/cachekey/echo/webkit/K2/p status=200 max_age=30 acao=http://localhost:8080 auth=no origin=http://localhost:8080 req_method=- req_headers=-
2026-08-08T00:01:47+00:00 OPTIONS /008/cachekey/echo/webkit/K2/p status=204 max_age=30 acao=http://localhost:8080 auth=no origin=http://localhost:8080 req_method=GET req_headers=x-probe
2026-08-08T00:01:47+00:00 GET /008/cachekey/echo/webkit/K2/p status=200 max_age=30 acao=http://localhost:8080 auth=no origin=http://localhost:8080 req_method=- req_headers=-
2026-08-08T00:01:49+00:00 OPTIONS /008/cachekey/echo/webkit/K3/p status=204 max_age=30 acao=http://localhost:8080 auth=no origin=http://localhost:8080 req_method=PUT req_headers=-
2026-08-08T00:01:49+00:00 PUT /008/cachekey/echo/webkit/K3/p status=200 max_age=30 acao=http://localhost:8080 auth=no origin=http://localhost:8080 req_method=- req_headers=-
2026-08-08T00:01:52+00:00 OPTIONS /008/cachekey/echo/webkit/K3/p status=204 max_age=30 acao=http://localhost:8080 auth=no origin=http://localhost:8080 req_method=DELETE req_headers=-
2026-08-08T00:01:52+00:00 DELETE /008/cachekey/echo/webkit/K3/p status=200 max_age=30 acao=http://localhost:8080 auth=no origin=http://localhost:8080 req_method=- req_headers=-
2026-08-08T00:01:54+00:00 OPTIONS /008/cachekey/echo/webkit/K4/p status=204 max_age=30 acao=http://localhost:8080 auth=no origin=http://localhost:8080 req_method=GET req_headers=x-probe
2026-08-08T00:01:54+00:00 GET /008/cachekey/echo/webkit/K4/p status=200 max_age=30 acao=http://localhost:8080 auth=no origin=http://localhost:8080 req_method=- req_headers=-
2026-08-08T00:01:57+00:00 OPTIONS /008/cachekey/echo/webkit/K4/p status=204 max_age=30 acao=http://localhost:8080 auth=no origin=http://localhost:8080 req_method=GET req_headers=x-extra,x-probe
2026-08-08T00:01:57+00:00 GET /008/cachekey/echo/webkit/K4/p status=200 max_age=30 acao=http://localhost:8080 auth=no origin=http://localhost:8080 req_method=- req_headers=-
2026-08-08T00:01:59+00:00 OPTIONS /008/cachekey/echo/webkit/K5/p status=204 max_age=30 acao=http://localhost:8080 auth=no origin=http://localhost:8080 req_method=GET req_headers=x-extra,x-probe
2026-08-08T00:01:59+00:00 GET /008/cachekey/echo/webkit/K5/p status=200 max_age=30 acao=http://localhost:8080 auth=no origin=http://localhost:8080 req_method=- req_headers=-
2026-08-08T00:02:02+00:00 GET /008/cachekey/echo/webkit/K5/p status=200 max_age=30 acao=http://localhost:8080 auth=no origin=http://localhost:8080 req_method=- req_headers=-
2026-08-08T00:02:04+00:00 OPTIONS /008/cachekey/echo/webkit/K6/p status=204 max_age=30 acao=http://localhost:8080 auth=no origin=http://localhost:8080 req_method=GET req_headers=x-probe
2026-08-08T00:02:04+00:00 GET /008/cachekey/echo/webkit/K6/p status=200 max_age=30 acao=http://localhost:8080 auth=no origin=http://localhost:8080 req_method=- req_headers=-
2026-08-08T00:02:07+00:00 OPTIONS /008/cachekey/echo/webkit/K6/p status=204 max_age=30 acao=http://localhost:8080 auth=no origin=http://localhost:8080 req_method=GET req_headers=x-probe
2026-08-08T00:02:07+00:00 GET /008/cachekey/echo/webkit/K6/p status=200 max_age=30 acao=http://localhost:8080 auth=no origin=http://localhost:8080 req_method=- req_headers=-
2026-08-08T00:02:09+00:00 OPTIONS /008/cachekey/echo/webkit/K7/p status=204 max_age=30 acao=http://localhost:8080 auth=no origin=http://localhost:8080 req_method=GET req_headers=x-probe
2026-08-08T00:02:09+00:00 GET /008/cachekey/echo/webkit/K7/p status=200 max_age=30 acao=http://localhost:8080 auth=no origin=http://localhost:8080 req_method=- req_headers=-
2026-08-08T00:02:12+00:00 GET /008/cachekey/echo/webkit/K7/p status=200 max_age=30 acao=http://localhost:8080 auth=no origin=http://localhost:8080 req_method=- req_headers=-
2026-08-08T00:02:27+00:00 OPTIONS /008/cachekey/fixed/chromium/K0/p status=204 max_age=30 acao=http://localhost:8080 auth=no origin=http://localhost:8080 req_method=GET req_headers=x-probe
2026-08-08T00:02:27+00:00 GET /008/cachekey/fixed/chromium/K0/p status=200 max_age=30 acao=http://localhost:8080 auth=no origin=http://localhost:8080 req_method=- req_headers=-
2026-08-08T00:02:30+00:00 GET /008/cachekey/fixed/chromium/K0/p status=200 max_age=30 acao=http://localhost:8080 auth=no origin=http://localhost:8080 req_method=- req_headers=-
2026-08-08T00:02:31+00:00 OPTIONS /008/cachekey/fixed/chromium/K1/p1 status=204 max_age=30 acao=http://localhost:8080 auth=no origin=http://localhost:8080 req_method=GET req_headers=x-probe
2026-08-08T00:02:31+00:00 GET /008/cachekey/fixed/chromium/K1/p1 status=200 max_age=30 acao=http://localhost:8080 auth=no origin=http://localhost:8080 req_method=- req_headers=-
2026-08-08T00:02:34+00:00 OPTIONS /008/cachekey/fixed/chromium/K1/p2 status=204 max_age=30 acao=http://localhost:8080 auth=no origin=http://localhost:8080 req_method=GET req_headers=x-probe
2026-08-08T00:02:34+00:00 GET /008/cachekey/fixed/chromium/K1/p2 status=200 max_age=30 acao=http://localhost:8080 auth=no origin=http://localhost:8080 req_method=- req_headers=-
2026-08-08T00:02:36+00:00 OPTIONS /008/cachekey/fixed/chromium/K2/p status=204 max_age=30 acao=http://localhost:8080 auth=no origin=http://localhost:8080 req_method=GET req_headers=x-probe
2026-08-08T00:02:36+00:00 GET /008/cachekey/fixed/chromium/K2/p status=200 max_age=30 acao=http://localhost:8080 auth=no origin=http://localhost:8080 req_method=- req_headers=-
2026-08-08T00:02:39+00:00 OPTIONS /008/cachekey/fixed/chromium/K2/p status=204 max_age=30 acao=http://localhost:8080 auth=no origin=http://localhost:8080 req_method=GET req_headers=x-probe
2026-08-08T00:02:39+00:00 GET /008/cachekey/fixed/chromium/K2/p status=200 max_age=30 acao=http://localhost:8080 auth=no origin=http://localhost:8080 req_method=- req_headers=-
2026-08-08T00:02:41+00:00 OPTIONS /008/cachekey/fixed/chromium/K3/p status=204 max_age=30 acao=http://localhost:8080 auth=no origin=http://localhost:8080 req_method=PUT req_headers=-
2026-08-08T00:02:41+00:00 PUT /008/cachekey/fixed/chromium/K3/p status=200 max_age=30 acao=http://localhost:8080 auth=no origin=http://localhost:8080 req_method=- req_headers=-
2026-08-08T00:02:44+00:00 DELETE /008/cachekey/fixed/chromium/K3/p status=200 max_age=30 acao=http://localhost:8080 auth=no origin=http://localhost:8080 req_method=- req_headers=-
2026-08-08T00:02:46+00:00 OPTIONS /008/cachekey/fixed/chromium/K4/p status=204 max_age=30 acao=http://localhost:8080 auth=no origin=http://localhost:8080 req_method=GET req_headers=x-probe
2026-08-08T00:02:46+00:00 GET /008/cachekey/fixed/chromium/K4/p status=200 max_age=30 acao=http://localhost:8080 auth=no origin=http://localhost:8080 req_method=- req_headers=-
2026-08-08T00:02:49+00:00 GET /008/cachekey/fixed/chromium/K4/p status=200 max_age=30 acao=http://localhost:8080 auth=no origin=http://localhost:8080 req_method=- req_headers=-
2026-08-08T00:02:50+00:00 OPTIONS /008/cachekey/fixed/chromium/K5/p status=204 max_age=30 acao=http://localhost:8080 auth=no origin=http://localhost:8080 req_method=GET req_headers=x-extra,x-probe
2026-08-08T00:02:50+00:00 GET /008/cachekey/fixed/chromium/K5/p status=200 max_age=30 acao=http://localhost:8080 auth=no origin=http://localhost:8080 req_method=- req_headers=-
2026-08-08T00:02:53+00:00 GET /008/cachekey/fixed/chromium/K5/p status=200 max_age=30 acao=http://localhost:8080 auth=no origin=http://localhost:8080 req_method=- req_headers=-
2026-08-08T00:02:55+00:00 OPTIONS /008/cachekey/fixed/chromium/K6/p status=204 max_age=30 acao=http://localhost:8080 auth=no origin=http://localhost:8080 req_method=GET req_headers=x-probe
2026-08-08T00:02:55+00:00 GET /008/cachekey/fixed/chromium/K6/p status=200 max_age=30 acao=http://localhost:8080 auth=no origin=http://localhost:8080 req_method=- req_headers=-
2026-08-08T00:02:58+00:00 OPTIONS /008/cachekey/fixed/chromium/K6/p status=204 max_age=30 acao=http://localhost:8080 auth=no origin=http://localhost:8080 req_method=GET req_headers=x-probe
2026-08-08T00:02:58+00:00 GET /008/cachekey/fixed/chromium/K6/p status=200 max_age=30 acao=http://localhost:8080 auth=no origin=http://localhost:8080 req_method=- req_headers=-
2026-08-08T00:03:00+00:00 OPTIONS /008/cachekey/fixed/chromium/K7/p status=204 max_age=30 acao=http://localhost:8080 auth=no origin=http://localhost:8080 req_method=GET req_headers=x-probe
2026-08-08T00:03:00+00:00 GET /008/cachekey/fixed/chromium/K7/p status=200 max_age=30 acao=http://localhost:8080 auth=no origin=http://localhost:8080 req_method=- req_headers=-
2026-08-08T00:03:03+00:00 GET /008/cachekey/fixed/chromium/K7/p status=200 max_age=30 acao=http://localhost:8080 auth=no origin=http://localhost:8080 req_method=- req_headers=-
2026-08-08T00:03:04+00:00 OPTIONS /008/cachekey/echo/chromium/K0/p status=204 max_age=30 acao=http://localhost:8080 auth=no origin=http://localhost:8080 req_method=GET req_headers=x-probe
2026-08-08T00:03:04+00:00 GET /008/cachekey/echo/chromium/K0/p status=200 max_age=30 acao=http://localhost:8080 auth=no origin=http://localhost:8080 req_method=- req_headers=-
2026-08-08T00:03:07+00:00 GET /008/cachekey/echo/chromium/K0/p status=200 max_age=30 acao=http://localhost:8080 auth=no origin=http://localhost:8080 req_method=- req_headers=-
2026-08-08T00:03:09+00:00 OPTIONS /008/cachekey/echo/chromium/K1/p1 status=204 max_age=30 acao=http://localhost:8080 auth=no origin=http://localhost:8080 req_method=GET req_headers=x-probe
2026-08-08T00:03:09+00:00 GET /008/cachekey/echo/chromium/K1/p1 status=200 max_age=30 acao=http://localhost:8080 auth=no origin=http://localhost:8080 req_method=- req_headers=-
2026-08-08T00:03:12+00:00 OPTIONS /008/cachekey/echo/chromium/K1/p2 status=204 max_age=30 acao=http://localhost:8080 auth=no origin=http://localhost:8080 req_method=GET req_headers=x-probe
2026-08-08T00:03:12+00:00 GET /008/cachekey/echo/chromium/K1/p2 status=200 max_age=30 acao=http://localhost:8080 auth=no origin=http://localhost:8080 req_method=- req_headers=-
2026-08-08T00:03:14+00:00 OPTIONS /008/cachekey/echo/chromium/K2/p status=204 max_age=30 acao=http://localhost:8080 auth=no origin=http://localhost:8080 req_method=GET req_headers=x-probe
2026-08-08T00:03:14+00:00 GET /008/cachekey/echo/chromium/K2/p status=200 max_age=30 acao=http://localhost:8080 auth=no origin=http://localhost:8080 req_method=- req_headers=-
2026-08-08T00:03:17+00:00 OPTIONS /008/cachekey/echo/chromium/K2/p status=204 max_age=30 acao=http://localhost:8080 auth=no origin=http://localhost:8080 req_method=GET req_headers=x-probe
2026-08-08T00:03:17+00:00 GET /008/cachekey/echo/chromium/K2/p status=200 max_age=30 acao=http://localhost:8080 auth=no origin=http://localhost:8080 req_method=- req_headers=-
2026-08-08T00:03:19+00:00 OPTIONS /008/cachekey/echo/chromium/K3/p status=204 max_age=30 acao=http://localhost:8080 auth=no origin=http://localhost:8080 req_method=PUT req_headers=-
2026-08-08T00:03:19+00:00 PUT /008/cachekey/echo/chromium/K3/p status=200 max_age=30 acao=http://localhost:8080 auth=no origin=http://localhost:8080 req_method=- req_headers=-
2026-08-08T00:03:22+00:00 OPTIONS /008/cachekey/echo/chromium/K3/p status=204 max_age=30 acao=http://localhost:8080 auth=no origin=http://localhost:8080 req_method=DELETE req_headers=-
2026-08-08T00:03:22+00:00 DELETE /008/cachekey/echo/chromium/K3/p status=200 max_age=30 acao=http://localhost:8080 auth=no origin=http://localhost:8080 req_method=- req_headers=-
2026-08-08T00:03:23+00:00 OPTIONS /008/cachekey/echo/chromium/K4/p status=204 max_age=30 acao=http://localhost:8080 auth=no origin=http://localhost:8080 req_method=GET req_headers=x-probe
2026-08-08T00:03:23+00:00 GET /008/cachekey/echo/chromium/K4/p status=200 max_age=30 acao=http://localhost:8080 auth=no origin=http://localhost:8080 req_method=- req_headers=-
2026-08-08T00:03:26+00:00 OPTIONS /008/cachekey/echo/chromium/K4/p status=204 max_age=30 acao=http://localhost:8080 auth=no origin=http://localhost:8080 req_method=GET req_headers=x-extra,x-probe
2026-08-08T00:03:26+00:00 GET /008/cachekey/echo/chromium/K4/p status=200 max_age=30 acao=http://localhost:8080 auth=no origin=http://localhost:8080 req_method=- req_headers=-
2026-08-08T00:03:28+00:00 OPTIONS /008/cachekey/echo/chromium/K5/p status=204 max_age=30 acao=http://localhost:8080 auth=no origin=http://localhost:8080 req_method=GET req_headers=x-extra,x-probe
2026-08-08T00:03:28+00:00 GET /008/cachekey/echo/chromium/K5/p status=200 max_age=30 acao=http://localhost:8080 auth=no origin=http://localhost:8080 req_method=- req_headers=-
2026-08-08T00:03:31+00:00 GET /008/cachekey/echo/chromium/K5/p status=200 max_age=30 acao=http://localhost:8080 auth=no origin=http://localhost:8080 req_method=- req_headers=-
2026-08-08T00:03:33+00:00 OPTIONS /008/cachekey/echo/chromium/K6/p status=204 max_age=30 acao=http://localhost:8080 auth=no origin=http://localhost:8080 req_method=GET req_headers=x-probe
2026-08-08T00:03:33+00:00 GET /008/cachekey/echo/chromium/K6/p status=200 max_age=30 acao=http://localhost:8080 auth=no origin=http://localhost:8080 req_method=- req_headers=-
2026-08-08T00:03:36+00:00 OPTIONS /008/cachekey/echo/chromium/K6/p status=204 max_age=30 acao=http://localhost:8080 auth=no origin=http://localhost:8080 req_method=GET req_headers=x-probe
2026-08-08T00:03:36+00:00 GET /008/cachekey/echo/chromium/K6/p status=200 max_age=30 acao=http://localhost:8080 auth=no origin=http://localhost:8080 req_method=- req_headers=-
2026-08-08T00:03:37+00:00 OPTIONS /008/cachekey/echo/chromium/K7/p status=204 max_age=30 acao=http://localhost:8080 auth=no origin=http://localhost:8080 req_method=GET req_headers=x-probe
2026-08-08T00:03:37+00:00 GET /008/cachekey/echo/chromium/K7/p status=200 max_age=30 acao=http://localhost:8080 auth=no origin=http://localhost:8080 req_method=- req_headers=-
2026-08-08T00:03:40+00:00 GET /008/cachekey/echo/chromium/K7/p status=200 max_age=30 acao=http://localhost:8080 auth=no origin=http://localhost:8080 req_method=- req_headers=-
2026-08-08T00:03:43+00:00 OPTIONS /008/cachekey/fixed/firefox/K0/p status=204 max_age=30 acao=http://localhost:8080 auth=no origin=http://localhost:8080 req_method=GET req_headers=x-probe
2026-08-08T00:03:43+00:00 GET /008/cachekey/fixed/firefox/K0/p status=200 max_age=30 acao=http://localhost:8080 auth=no origin=http://localhost:8080 req_method=- req_headers=-
2026-08-08T00:03:46+00:00 GET /008/cachekey/fixed/firefox/K0/p status=200 max_age=30 acao=http://localhost:8080 auth=no origin=http://localhost:8080 req_method=- req_headers=-
2026-08-08T00:03:49+00:00 OPTIONS /008/cachekey/fixed/firefox/K1/p1 status=204 max_age=30 acao=http://localhost:8080 auth=no origin=http://localhost:8080 req_method=GET req_headers=x-probe
2026-08-08T00:03:49+00:00 GET /008/cachekey/fixed/firefox/K1/p1 status=200 max_age=30 acao=http://localhost:8080 auth=no origin=http://localhost:8080 req_method=- req_headers=-
2026-08-08T00:03:52+00:00 OPTIONS /008/cachekey/fixed/firefox/K1/p2 status=204 max_age=30 acao=http://localhost:8080 auth=no origin=http://localhost:8080 req_method=GET req_headers=x-probe
2026-08-08T00:03:52+00:00 GET /008/cachekey/fixed/firefox/K1/p2 status=200 max_age=30 acao=http://localhost:8080 auth=no origin=http://localhost:8080 req_method=- req_headers=-
2026-08-08T00:03:54+00:00 OPTIONS /008/cachekey/fixed/firefox/K2/p status=204 max_age=30 acao=http://localhost:8080 auth=no origin=http://localhost:8080 req_method=GET req_headers=x-probe
2026-08-08T00:03:55+00:00 GET /008/cachekey/fixed/firefox/K2/p status=200 max_age=30 acao=http://localhost:8080 auth=no origin=http://localhost:8080 req_method=- req_headers=-
2026-08-08T00:03:58+00:00 OPTIONS /008/cachekey/fixed/firefox/K2/p status=204 max_age=30 acao=http://localhost:8080 auth=no origin=http://localhost:8080 req_method=GET req_headers=x-probe
2026-08-08T00:03:58+00:00 GET /008/cachekey/fixed/firefox/K2/p status=200 max_age=30 acao=http://localhost:8080 auth=no origin=http://localhost:8080 req_method=- req_headers=-
2026-08-08T00:04:00+00:00 OPTIONS /008/cachekey/fixed/firefox/K3/p status=204 max_age=30 acao=http://localhost:8080 auth=no origin=http://localhost:8080 req_method=PUT req_headers=-
2026-08-08T00:04:00+00:00 PUT /008/cachekey/fixed/firefox/K3/p status=200 max_age=30 acao=http://localhost:8080 auth=no origin=http://localhost:8080 req_method=- req_headers=-
2026-08-08T00:04:03+00:00 DELETE /008/cachekey/fixed/firefox/K3/p status=200 max_age=30 acao=http://localhost:8080 auth=no origin=http://localhost:8080 req_method=- req_headers=-
2026-08-08T00:04:06+00:00 OPTIONS /008/cachekey/fixed/firefox/K4/p status=204 max_age=30 acao=http://localhost:8080 auth=no origin=http://localhost:8080 req_method=GET req_headers=x-probe
2026-08-08T00:04:06+00:00 GET /008/cachekey/fixed/firefox/K4/p status=200 max_age=30 acao=http://localhost:8080 auth=no origin=http://localhost:8080 req_method=- req_headers=-
2026-08-08T00:04:09+00:00 GET /008/cachekey/fixed/firefox/K4/p status=200 max_age=30 acao=http://localhost:8080 auth=no origin=http://localhost:8080 req_method=- req_headers=-
2026-08-08T00:04:12+00:00 OPTIONS /008/cachekey/fixed/firefox/K5/p status=204 max_age=30 acao=http://localhost:8080 auth=no origin=http://localhost:8080 req_method=GET req_headers=x-extra,x-probe
2026-08-08T00:04:12+00:00 GET /008/cachekey/fixed/firefox/K5/p status=200 max_age=30 acao=http://localhost:8080 auth=no origin=http://localhost:8080 req_method=- req_headers=-
2026-08-08T00:04:15+00:00 GET /008/cachekey/fixed/firefox/K5/p status=200 max_age=30 acao=http://localhost:8080 auth=no origin=http://localhost:8080 req_method=- req_headers=-
2026-08-08T00:04:18+00:00 OPTIONS /008/cachekey/fixed/firefox/K6/p status=204 max_age=30 acao=http://localhost:8080 auth=no origin=http://localhost:8080 req_method=GET req_headers=x-probe
2026-08-08T00:04:18+00:00 GET /008/cachekey/fixed/firefox/K6/p status=200 max_age=30 acao=http://localhost:8080 auth=no origin=http://localhost:8080 req_method=- req_headers=-
2026-08-08T00:04:21+00:00 OPTIONS /008/cachekey/fixed/firefox/K6/p status=204 max_age=30 acao=http://localhost:8080 auth=no origin=http://localhost:8080 req_method=GET req_headers=x-probe
2026-08-08T00:04:21+00:00 GET /008/cachekey/fixed/firefox/K6/p status=200 max_age=30 acao=http://localhost:8080 auth=no origin=http://localhost:8080 req_method=- req_headers=-
2026-08-08T00:04:23+00:00 OPTIONS /008/cachekey/fixed/firefox/K7/p status=204 max_age=30 acao=http://localhost:8080 auth=no origin=http://localhost:8080 req_method=GET req_headers=x-probe
2026-08-08T00:04:23+00:00 GET /008/cachekey/fixed/firefox/K7/p status=200 max_age=30 acao=http://localhost:8080 auth=no origin=http://localhost:8080 req_method=- req_headers=-
2026-08-08T00:04:26+00:00 OPTIONS /008/cachekey/fixed/firefox/K7/p status=204 max_age=30 acao=http://localhost:8080 auth=no origin=http://localhost:8080 req_method=GET req_headers=x-probe
2026-08-08T00:04:26+00:00 GET /008/cachekey/fixed/firefox/K7/p status=200 max_age=30 acao=http://localhost:8080 auth=no origin=http://localhost:8080 req_method=- req_headers=-
2026-08-08T00:04:29+00:00 OPTIONS /008/cachekey/echo/firefox/K0/p status=204 max_age=30 acao=http://localhost:8080 auth=no origin=http://localhost:8080 req_method=GET req_headers=x-probe
2026-08-08T00:04:29+00:00 GET /008/cachekey/echo/firefox/K0/p status=200 max_age=30 acao=http://localhost:8080 auth=no origin=http://localhost:8080 req_method=- req_headers=-
2026-08-08T00:04:32+00:00 GET /008/cachekey/echo/firefox/K0/p status=200 max_age=30 acao=http://localhost:8080 auth=no origin=http://localhost:8080 req_method=- req_headers=-
2026-08-08T00:04:35+00:00 OPTIONS /008/cachekey/echo/firefox/K1/p1 status=204 max_age=30 acao=http://localhost:8080 auth=no origin=http://localhost:8080 req_method=GET req_headers=x-probe
2026-08-08T00:04:35+00:00 GET /008/cachekey/echo/firefox/K1/p1 status=200 max_age=30 acao=http://localhost:8080 auth=no origin=http://localhost:8080 req_method=- req_headers=-
2026-08-08T00:04:38+00:00 OPTIONS /008/cachekey/echo/firefox/K1/p2 status=204 max_age=30 acao=http://localhost:8080 auth=no origin=http://localhost:8080 req_method=GET req_headers=x-probe
2026-08-08T00:04:38+00:00 GET /008/cachekey/echo/firefox/K1/p2 status=200 max_age=30 acao=http://localhost:8080 auth=no origin=http://localhost:8080 req_method=- req_headers=-
2026-08-08T00:04:41+00:00 OPTIONS /008/cachekey/echo/firefox/K2/p status=204 max_age=30 acao=http://localhost:8080 auth=no origin=http://localhost:8080 req_method=GET req_headers=x-probe
2026-08-08T00:04:41+00:00 GET /008/cachekey/echo/firefox/K2/p status=200 max_age=30 acao=http://localhost:8080 auth=no origin=http://localhost:8080 req_method=- req_headers=-
2026-08-08T00:04:44+00:00 OPTIONS /008/cachekey/echo/firefox/K2/p status=204 max_age=30 acao=http://localhost:8080 auth=no origin=http://localhost:8080 req_method=GET req_headers=x-probe
2026-08-08T00:04:44+00:00 GET /008/cachekey/echo/firefox/K2/p status=200 max_age=30 acao=http://localhost:8080 auth=no origin=http://localhost:8080 req_method=- req_headers=-
2026-08-08T00:04:46+00:00 OPTIONS /008/cachekey/echo/firefox/K3/p status=204 max_age=30 acao=http://localhost:8080 auth=no origin=http://localhost:8080 req_method=PUT req_headers=-
2026-08-08T00:04:46+00:00 PUT /008/cachekey/echo/firefox/K3/p status=200 max_age=30 acao=http://localhost:8080 auth=no origin=http://localhost:8080 req_method=- req_headers=-
2026-08-08T00:04:49+00:00 OPTIONS /008/cachekey/echo/firefox/K3/p status=204 max_age=30 acao=http://localhost:8080 auth=no origin=http://localhost:8080 req_method=DELETE req_headers=-
2026-08-08T00:04:49+00:00 DELETE /008/cachekey/echo/firefox/K3/p status=200 max_age=30 acao=http://localhost:8080 auth=no origin=http://localhost:8080 req_method=- req_headers=-
2026-08-08T00:04:52+00:00 OPTIONS /008/cachekey/echo/firefox/K4/p status=204 max_age=30 acao=http://localhost:8080 auth=no origin=http://localhost:8080 req_method=GET req_headers=x-probe
2026-08-08T00:04:52+00:00 GET /008/cachekey/echo/firefox/K4/p status=200 max_age=30 acao=http://localhost:8080 auth=no origin=http://localhost:8080 req_method=- req_headers=-
2026-08-08T00:04:55+00:00 OPTIONS /008/cachekey/echo/firefox/K4/p status=204 max_age=30 acao=http://localhost:8080 auth=no origin=http://localhost:8080 req_method=GET req_headers=x-extra,x-probe
2026-08-08T00:04:55+00:00 GET /008/cachekey/echo/firefox/K4/p status=200 max_age=30 acao=http://localhost:8080 auth=no origin=http://localhost:8080 req_method=- req_headers=-
2026-08-08T00:04:58+00:00 OPTIONS /008/cachekey/echo/firefox/K5/p status=204 max_age=30 acao=http://localhost:8080 auth=no origin=http://localhost:8080 req_method=GET req_headers=x-extra,x-probe
2026-08-08T00:04:58+00:00 GET /008/cachekey/echo/firefox/K5/p status=200 max_age=30 acao=http://localhost:8080 auth=no origin=http://localhost:8080 req_method=- req_headers=-
2026-08-08T00:05:01+00:00 GET /008/cachekey/echo/firefox/K5/p status=200 max_age=30 acao=http://localhost:8080 auth=no origin=http://localhost:8080 req_method=- req_headers=-
2026-08-08T00:05:04+00:00 OPTIONS /008/cachekey/echo/firefox/K6/p status=204 max_age=30 acao=http://localhost:8080 auth=no origin=http://localhost:8080 req_method=GET req_headers=x-probe
2026-08-08T00:05:04+00:00 GET /008/cachekey/echo/firefox/K6/p status=200 max_age=30 acao=http://localhost:8080 auth=no origin=http://localhost:8080 req_method=- req_headers=-
2026-08-08T00:05:07+00:00 OPTIONS /008/cachekey/echo/firefox/K6/p status=204 max_age=30 acao=http://localhost:8080 auth=no origin=http://localhost:8080 req_method=GET req_headers=x-probe
2026-08-08T00:05:07+00:00 GET /008/cachekey/echo/firefox/K6/p status=200 max_age=30 acao=http://localhost:8080 auth=no origin=http://localhost:8080 req_method=- req_headers=-
2026-08-08T00:05:09+00:00 OPTIONS /008/cachekey/echo/firefox/K7/p status=204 max_age=30 acao=http://localhost:8080 auth=no origin=http://localhost:8080 req_method=GET req_headers=x-probe
2026-08-08T00:05:09+00:00 GET /008/cachekey/echo/firefox/K7/p status=200 max_age=30 acao=http://localhost:8080 auth=no origin=http://localhost:8080 req_method=- req_headers=-
2026-08-08T00:05:12+00:00 OPTIONS /008/cachekey/echo/firefox/K7/p status=204 max_age=30 acao=http://localhost:8080 auth=no origin=http://localhost:8080 req_method=GET req_headers=x-probe
2026-08-08T00:05:12+00:00 GET /008/cachekey/echo/firefox/K7/p status=200 max_age=30 acao=http://localhost:8080 auth=no origin=http://localhost:8080 req_method=- req_headers=-
2026-08-08T05:26:07+00:00 OPTIONS /008/cachekey/fixed/chromium/K0/p status=204 max_age=30 acao=http://localhost:8080 auth=no origin=http://localhost:8080 req_method=GET req_headers=x-probe
2026-08-08T05:26:07+00:00 GET /008/cachekey/fixed/chromium/K0/p status=200 max_age=30 acao=http://localhost:8080 auth=no origin=http://localhost:8080 req_method=- req_headers=-
2026-08-08T05:26:10+00:00 GET /008/cachekey/fixed/chromium/K0/p status=200 max_age=30 acao=http://localhost:8080 auth=no origin=http://localhost:8080 req_method=- req_headers=-
2026-08-08T05:26:12+00:00 OPTIONS /008/cachekey/fixed/chromium/K1/p1 status=204 max_age=30 acao=http://localhost:8080 auth=no origin=http://localhost:8080 req_method=GET req_headers=x-probe
2026-08-08T05:26:12+00:00 GET /008/cachekey/fixed/chromium/K1/p1 status=200 max_age=30 acao=http://localhost:8080 auth=no origin=http://localhost:8080 req_method=- req_headers=-
2026-08-08T05:26:15+00:00 OPTIONS /008/cachekey/fixed/chromium/K1/p2 status=204 max_age=30 acao=http://localhost:8080 auth=no origin=http://localhost:8080 req_method=GET req_headers=x-probe
2026-08-08T05:26:15+00:00 GET /008/cachekey/fixed/chromium/K1/p2 status=200 max_age=30 acao=http://localhost:8080 auth=no origin=http://localhost:8080 req_method=- req_headers=-
2026-08-08T05:26:17+00:00 OPTIONS /008/cachekey/fixed/chromium/K2/p status=204 max_age=30 acao=http://localhost:8080 auth=no origin=http://localhost:8080 req_method=GET req_headers=x-probe
2026-08-08T05:26:17+00:00 GET /008/cachekey/fixed/chromium/K2/p status=200 max_age=30 acao=http://localhost:8080 auth=no origin=http://localhost:8080 req_method=- req_headers=-
2026-08-08T05:26:20+00:00 OPTIONS /008/cachekey/fixed/chromium/K2/p status=204 max_age=30 acao=http://localhost:8080 auth=no origin=http://localhost:8080 req_method=GET req_headers=x-probe
2026-08-08T05:26:20+00:00 GET /008/cachekey/fixed/chromium/K2/p status=200 max_age=30 acao=http://localhost:8080 auth=no origin=http://localhost:8080 req_method=- req_headers=-
2026-08-08T05:26:21+00:00 OPTIONS /008/cachekey/fixed/chromium/K3/p status=204 max_age=30 acao=http://localhost:8080 auth=no origin=http://localhost:8080 req_method=PUT req_headers=-
2026-08-08T05:26:21+00:00 PUT /008/cachekey/fixed/chromium/K3/p status=200 max_age=30 acao=http://localhost:8080 auth=no origin=http://localhost:8080 req_method=- req_headers=-
2026-08-08T05:26:24+00:00 DELETE /008/cachekey/fixed/chromium/K3/p status=200 max_age=30 acao=http://localhost:8080 auth=no origin=http://localhost:8080 req_method=- req_headers=-
2026-08-08T05:26:26+00:00 OPTIONS /008/cachekey/fixed/chromium/K4/p status=204 max_age=30 acao=http://localhost:8080 auth=no origin=http://localhost:8080 req_method=GET req_headers=x-probe
2026-08-08T05:26:26+00:00 GET /008/cachekey/fixed/chromium/K4/p status=200 max_age=30 acao=http://localhost:8080 auth=no origin=http://localhost:8080 req_method=- req_headers=-
2026-08-08T05:26:29+00:00 GET /008/cachekey/fixed/chromium/K4/p status=200 max_age=30 acao=http://localhost:8080 auth=no origin=http://localhost:8080 req_method=- req_headers=-
2026-08-08T05:26:31+00:00 OPTIONS /008/cachekey/fixed/chromium/K5/p status=204 max_age=30 acao=http://localhost:8080 auth=no origin=http://localhost:8080 req_method=GET req_headers=x-extra,x-probe
2026-08-08T05:26:31+00:00 GET /008/cachekey/fixed/chromium/K5/p status=200 max_age=30 acao=http://localhost:8080 auth=no origin=http://localhost:8080 req_method=- req_headers=-
2026-08-08T05:26:34+00:00 GET /008/cachekey/fixed/chromium/K5/p status=200 max_age=30 acao=http://localhost:8080 auth=no origin=http://localhost:8080 req_method=- req_headers=-
2026-08-08T05:26:35+00:00 OPTIONS /008/cachekey/fixed/chromium/K6/p status=204 max_age=30 acao=http://localhost:8080 auth=no origin=http://localhost:8080 req_method=GET req_headers=x-probe
2026-08-08T05:26:35+00:00 GET /008/cachekey/fixed/chromium/K6/p status=200 max_age=30 acao=http://localhost:8080 auth=no origin=http://localhost:8080 req_method=- req_headers=-
2026-08-08T05:26:38+00:00 OPTIONS /008/cachekey/fixed/chromium/K6/p status=204 max_age=30 acao=http://localhost:8080 auth=no origin=http://localhost:8080 req_method=GET req_headers=x-probe
2026-08-08T05:26:38+00:00 GET /008/cachekey/fixed/chromium/K6/p status=200 max_age=30 acao=http://localhost:8080 auth=no origin=http://localhost:8080 req_method=- req_headers=-
2026-08-08T05:26:40+00:00 OPTIONS /008/cachekey/fixed/chromium/K7/p status=204 max_age=30 acao=http://localhost:8080 auth=no origin=http://localhost:8080 req_method=GET req_headers=x-probe
2026-08-08T05:26:40+00:00 GET /008/cachekey/fixed/chromium/K7/p status=200 max_age=30 acao=http://localhost:8080 auth=no origin=http://localhost:8080 req_method=- req_headers=-
2026-08-08T05:26:43+00:00 GET /008/cachekey/fixed/chromium/K7/p status=200 max_age=30 acao=http://localhost:8080 auth=no origin=http://localhost:8080 req_method=- req_headers=-
2026-08-08T05:26:45+00:00 OPTIONS /008/cachekey/echo/chromium/K0/p status=204 max_age=30 acao=http://localhost:8080 auth=no origin=http://localhost:8080 req_method=GET req_headers=x-probe
2026-08-08T05:26:45+00:00 GET /008/cachekey/echo/chromium/K0/p status=200 max_age=30 acao=http://localhost:8080 auth=no origin=http://localhost:8080 req_method=- req_headers=-
2026-08-08T05:26:48+00:00 GET /008/cachekey/echo/chromium/K0/p status=200 max_age=30 acao=http://localhost:8080 auth=no origin=http://localhost:8080 req_method=- req_headers=-
2026-08-08T05:26:50+00:00 OPTIONS /008/cachekey/echo/chromium/K1/p1 status=204 max_age=30 acao=http://localhost:8080 auth=no origin=http://localhost:8080 req_method=GET req_headers=x-probe
2026-08-08T05:26:50+00:00 GET /008/cachekey/echo/chromium/K1/p1 status=200 max_age=30 acao=http://localhost:8080 auth=no origin=http://localhost:8080 req_method=- req_headers=-
2026-08-08T05:26:53+00:00 OPTIONS /008/cachekey/echo/chromium/K1/p2 status=204 max_age=30 acao=http://localhost:8080 auth=no origin=http://localhost:8080 req_method=GET req_headers=x-probe
2026-08-08T05:26:53+00:00 GET /008/cachekey/echo/chromium/K1/p2 status=200 max_age=30 acao=http://localhost:8080 auth=no origin=http://localhost:8080 req_method=- req_headers=-
2026-08-08T05:26:54+00:00 OPTIONS /008/cachekey/echo/chromium/K2/p status=204 max_age=30 acao=http://localhost:8080 auth=no origin=http://localhost:8080 req_method=GET req_headers=x-probe
2026-08-08T05:26:54+00:00 GET /008/cachekey/echo/chromium/K2/p status=200 max_age=30 acao=http://localhost:8080 auth=no origin=http://localhost:8080 req_method=- req_headers=-
2026-08-08T05:26:57+00:00 OPTIONS /008/cachekey/echo/chromium/K2/p status=204 max_age=30 acao=http://localhost:8080 auth=no origin=http://localhost:8080 req_method=GET req_headers=x-probe
2026-08-08T05:26:57+00:00 GET /008/cachekey/echo/chromium/K2/p status=200 max_age=30 acao=http://localhost:8080 auth=no origin=http://localhost:8080 req_method=- req_headers=-
2026-08-08T05:26:59+00:00 OPTIONS /008/cachekey/echo/chromium/K3/p status=204 max_age=30 acao=http://localhost:8080 auth=no origin=http://localhost:8080 req_method=PUT req_headers=-
2026-08-08T05:26:59+00:00 PUT /008/cachekey/echo/chromium/K3/p status=200 max_age=30 acao=http://localhost:8080 auth=no origin=http://localhost:8080 req_method=- req_headers=-
2026-08-08T05:27:02+00:00 OPTIONS /008/cachekey/echo/chromium/K3/p status=204 max_age=30 acao=http://localhost:8080 auth=no origin=http://localhost:8080 req_method=DELETE req_headers=-
2026-08-08T05:27:02+00:00 DELETE /008/cachekey/echo/chromium/K3/p status=200 max_age=30 acao=http://localhost:8080 auth=no origin=http://localhost:8080 req_method=- req_headers=-
2026-08-08T05:27:04+00:00 OPTIONS /008/cachekey/echo/chromium/K4/p status=204 max_age=30 acao=http://localhost:8080 auth=no origin=http://localhost:8080 req_method=GET req_headers=x-probe
2026-08-08T05:27:04+00:00 GET /008/cachekey/echo/chromium/K4/p status=200 max_age=30 acao=http://localhost:8080 auth=no origin=http://localhost:8080 req_method=- req_headers=-
2026-08-08T05:27:07+00:00 OPTIONS /008/cachekey/echo/chromium/K4/p status=204 max_age=30 acao=http://localhost:8080 auth=no origin=http://localhost:8080 req_method=GET req_headers=x-extra,x-probe
2026-08-08T05:27:07+00:00 GET /008/cachekey/echo/chromium/K4/p status=200 max_age=30 acao=http://localhost:8080 auth=no origin=http://localhost:8080 req_method=- req_headers=-
2026-08-08T05:27:08+00:00 OPTIONS /008/cachekey/echo/chromium/K5/p status=204 max_age=30 acao=http://localhost:8080 auth=no origin=http://localhost:8080 req_method=GET req_headers=x-extra,x-probe
2026-08-08T05:27:08+00:00 GET /008/cachekey/echo/chromium/K5/p status=200 max_age=30 acao=http://localhost:8080 auth=no origin=http://localhost:8080 req_method=- req_headers=-
2026-08-08T05:27:11+00:00 GET /008/cachekey/echo/chromium/K5/p status=200 max_age=30 acao=http://localhost:8080 auth=no origin=http://localhost:8080 req_method=- req_headers=-
2026-08-08T05:27:13+00:00 OPTIONS /008/cachekey/echo/chromium/K6/p status=204 max_age=30 acao=http://localhost:8080 auth=no origin=http://localhost:8080 req_method=GET req_headers=x-probe
2026-08-08T05:27:13+00:00 GET /008/cachekey/echo/chromium/K6/p status=200 max_age=30 acao=http://localhost:8080 auth=no origin=http://localhost:8080 req_method=- req_headers=-
2026-08-08T05:27:16+00:00 OPTIONS /008/cachekey/echo/chromium/K6/p status=204 max_age=30 acao=http://localhost:8080 auth=no origin=http://localhost:8080 req_method=GET req_headers=x-probe
2026-08-08T05:27:16+00:00 GET /008/cachekey/echo/chromium/K6/p status=200 max_age=30 acao=http://localhost:8080 auth=no origin=http://localhost:8080 req_method=- req_headers=-
2026-08-08T05:27:18+00:00 OPTIONS /008/cachekey/echo/chromium/K7/p status=204 max_age=30 acao=http://localhost:8080 auth=no origin=http://localhost:8080 req_method=GET req_headers=x-probe
2026-08-08T05:27:18+00:00 GET /008/cachekey/echo/chromium/K7/p status=200 max_age=30 acao=http://localhost:8080 auth=no origin=http://localhost:8080 req_method=- req_headers=-
2026-08-08T05:27:21+00:00 GET /008/cachekey/echo/chromium/K7/p status=200 max_age=30 acao=http://localhost:8080 auth=no origin=http://localhost:8080 req_method=- req_headers=-
2026-08-08T05:27:23+00:00 OPTIONS /008/cachekey/fixed/firefox/K0/p status=204 max_age=30 acao=http://localhost:8080 auth=no origin=http://localhost:8080 req_method=GET req_headers=x-probe
2026-08-08T05:27:23+00:00 GET /008/cachekey/fixed/firefox/K0/p status=200 max_age=30 acao=http://localhost:8080 auth=no origin=http://localhost:8080 req_method=- req_headers=-
2026-08-08T05:27:26+00:00 GET /008/cachekey/fixed/firefox/K0/p status=200 max_age=30 acao=http://localhost:8080 auth=no origin=http://localhost:8080 req_method=- req_headers=-
2026-08-08T05:27:29+00:00 OPTIONS /008/cachekey/fixed/firefox/K1/p1 status=204 max_age=30 acao=http://localhost:8080 auth=no origin=http://localhost:8080 req_method=GET req_headers=x-probe
2026-08-08T05:27:29+00:00 GET /008/cachekey/fixed/firefox/K1/p1 status=200 max_age=30 acao=http://localhost:8080 auth=no origin=http://localhost:8080 req_method=- req_headers=-
2026-08-08T05:27:32+00:00 OPTIONS /008/cachekey/fixed/firefox/K1/p2 status=204 max_age=30 acao=http://localhost:8080 auth=no origin=http://localhost:8080 req_method=GET req_headers=x-probe
2026-08-08T05:27:32+00:00 GET /008/cachekey/fixed/firefox/K1/p2 status=200 max_age=30 acao=http://localhost:8080 auth=no origin=http://localhost:8080 req_method=- req_headers=-
2026-08-08T05:27:35+00:00 OPTIONS /008/cachekey/fixed/firefox/K2/p status=204 max_age=30 acao=http://localhost:8080 auth=no origin=http://localhost:8080 req_method=GET req_headers=x-probe
2026-08-08T05:27:35+00:00 GET /008/cachekey/fixed/firefox/K2/p status=200 max_age=30 acao=http://localhost:8080 auth=no origin=http://localhost:8080 req_method=- req_headers=-
2026-08-08T05:27:38+00:00 OPTIONS /008/cachekey/fixed/firefox/K2/p status=204 max_age=30 acao=http://localhost:8080 auth=no origin=http://localhost:8080 req_method=GET req_headers=x-probe
2026-08-08T05:27:38+00:00 GET /008/cachekey/fixed/firefox/K2/p status=200 max_age=30 acao=http://localhost:8080 auth=no origin=http://localhost:8080 req_method=- req_headers=-
2026-08-08T05:27:41+00:00 OPTIONS /008/cachekey/fixed/firefox/K3/p status=204 max_age=30 acao=http://localhost:8080 auth=no origin=http://localhost:8080 req_method=PUT req_headers=-
2026-08-08T05:27:41+00:00 PUT /008/cachekey/fixed/firefox/K3/p status=200 max_age=30 acao=http://localhost:8080 auth=no origin=http://localhost:8080 req_method=- req_headers=-
2026-08-08T05:27:44+00:00 DELETE /008/cachekey/fixed/firefox/K3/p status=200 max_age=30 acao=http://localhost:8080 auth=no origin=http://localhost:8080 req_method=- req_headers=-
2026-08-08T05:27:47+00:00 OPTIONS /008/cachekey/fixed/firefox/K4/p status=204 max_age=30 acao=http://localhost:8080 auth=no origin=http://localhost:8080 req_method=GET req_headers=x-probe
2026-08-08T05:27:47+00:00 GET /008/cachekey/fixed/firefox/K4/p status=200 max_age=30 acao=http://localhost:8080 auth=no origin=http://localhost:8080 req_method=- req_headers=-
2026-08-08T05:27:50+00:00 GET /008/cachekey/fixed/firefox/K4/p status=200 max_age=30 acao=http://localhost:8080 auth=no origin=http://localhost:8080 req_method=- req_headers=-
2026-08-08T05:27:53+00:00 OPTIONS /008/cachekey/fixed/firefox/K5/p status=204 max_age=30 acao=http://localhost:8080 auth=no origin=http://localhost:8080 req_method=GET req_headers=x-extra,x-probe
2026-08-08T05:27:53+00:00 GET /008/cachekey/fixed/firefox/K5/p status=200 max_age=30 acao=http://localhost:8080 auth=no origin=http://localhost:8080 req_method=- req_headers=-
2026-08-08T05:27:56+00:00 GET /008/cachekey/fixed/firefox/K5/p status=200 max_age=30 acao=http://localhost:8080 auth=no origin=http://localhost:8080 req_method=- req_headers=-
2026-08-08T05:27:58+00:00 OPTIONS /008/cachekey/fixed/firefox/K6/p status=204 max_age=30 acao=http://localhost:8080 auth=no origin=http://localhost:8080 req_method=GET req_headers=x-probe
2026-08-08T05:27:58+00:00 GET /008/cachekey/fixed/firefox/K6/p status=200 max_age=30 acao=http://localhost:8080 auth=no origin=http://localhost:8080 req_method=- req_headers=-
2026-08-08T05:28:01+00:00 OPTIONS /008/cachekey/fixed/firefox/K6/p status=204 max_age=30 acao=http://localhost:8080 auth=no origin=http://localhost:8080 req_method=GET req_headers=x-probe
2026-08-08T05:28:01+00:00 GET /008/cachekey/fixed/firefox/K6/p status=200 max_age=30 acao=http://localhost:8080 auth=no origin=http://localhost:8080 req_method=- req_headers=-
2026-08-08T05:28:04+00:00 OPTIONS /008/cachekey/fixed/firefox/K7/p status=204 max_age=30 acao=http://localhost:8080 auth=no origin=http://localhost:8080 req_method=GET req_headers=x-probe
2026-08-08T05:28:04+00:00 GET /008/cachekey/fixed/firefox/K7/p status=200 max_age=30 acao=http://localhost:8080 auth=no origin=http://localhost:8080 req_method=- req_headers=-
2026-08-08T05:28:07+00:00 OPTIONS /008/cachekey/fixed/firefox/K7/p status=204 max_age=30 acao=http://localhost:8080 auth=no origin=http://localhost:8080 req_method=GET req_headers=x-probe
2026-08-08T05:28:07+00:00 GET /008/cachekey/fixed/firefox/K7/p status=200 max_age=30 acao=http://localhost:8080 auth=no origin=http://localhost:8080 req_method=- req_headers=-
2026-08-08T05:28:10+00:00 OPTIONS /008/cachekey/echo/firefox/K0/p status=204 max_age=30 acao=http://localhost:8080 auth=no origin=http://localhost:8080 req_method=GET req_headers=x-probe
2026-08-08T05:28:10+00:00 GET /008/cachekey/echo/firefox/K0/p status=200 max_age=30 acao=http://localhost:8080 auth=no origin=http://localhost:8080 req_method=- req_headers=-
2026-08-08T05:28:13+00:00 GET /008/cachekey/echo/firefox/K0/p status=200 max_age=30 acao=http://localhost:8080 auth=no origin=http://localhost:8080 req_method=- req_headers=-
2026-08-08T05:28:16+00:00 OPTIONS /008/cachekey/echo/firefox/K1/p1 status=204 max_age=30 acao=http://localhost:8080 auth=no origin=http://localhost:8080 req_method=GET req_headers=x-probe
2026-08-08T05:28:16+00:00 GET /008/cachekey/echo/firefox/K1/p1 status=200 max_age=30 acao=http://localhost:8080 auth=no origin=http://localhost:8080 req_method=- req_headers=-
2026-08-08T05:28:19+00:00 OPTIONS /008/cachekey/echo/firefox/K1/p2 status=204 max_age=30 acao=http://localhost:8080 auth=no origin=http://localhost:8080 req_method=GET req_headers=x-probe
2026-08-08T05:28:19+00:00 GET /008/cachekey/echo/firefox/K1/p2 status=200 max_age=30 acao=http://localhost:8080 auth=no origin=http://localhost:8080 req_method=- req_headers=-
2026-08-08T05:28:22+00:00 OPTIONS /008/cachekey/echo/firefox/K2/p status=204 max_age=30 acao=http://localhost:8080 auth=no origin=http://localhost:8080 req_method=GET req_headers=x-probe
2026-08-08T05:28:22+00:00 GET /008/cachekey/echo/firefox/K2/p status=200 max_age=30 acao=http://localhost:8080 auth=no origin=http://localhost:8080 req_method=- req_headers=-
2026-08-08T05:28:25+00:00 OPTIONS /008/cachekey/echo/firefox/K2/p status=204 max_age=30 acao=http://localhost:8080 auth=no origin=http://localhost:8080 req_method=GET req_headers=x-probe
2026-08-08T05:28:25+00:00 GET /008/cachekey/echo/firefox/K2/p status=200 max_age=30 acao=http://localhost:8080 auth=no origin=http://localhost:8080 req_method=- req_headers=-
2026-08-08T05:28:27+00:00 OPTIONS /008/cachekey/echo/firefox/K3/p status=204 max_age=30 acao=http://localhost:8080 auth=no origin=http://localhost:8080 req_method=PUT req_headers=-
2026-08-08T05:28:27+00:00 PUT /008/cachekey/echo/firefox/K3/p status=200 max_age=30 acao=http://localhost:8080 auth=no origin=http://localhost:8080 req_method=- req_headers=-
2026-08-08T05:28:30+00:00 OPTIONS /008/cachekey/echo/firefox/K3/p status=204 max_age=30 acao=http://localhost:8080 auth=no origin=http://localhost:8080 req_method=DELETE req_headers=-
2026-08-08T05:28:30+00:00 DELETE /008/cachekey/echo/firefox/K3/p status=200 max_age=30 acao=http://localhost:8080 auth=no origin=http://localhost:8080 req_method=- req_headers=-
2026-08-08T05:28:33+00:00 OPTIONS /008/cachekey/echo/firefox/K4/p status=204 max_age=30 acao=http://localhost:8080 auth=no origin=http://localhost:8080 req_method=GET req_headers=x-probe
2026-08-08T05:28:33+00:00 GET /008/cachekey/echo/firefox/K4/p status=200 max_age=30 acao=http://localhost:8080 auth=no origin=http://localhost:8080 req_method=- req_headers=-
2026-08-08T05:28:36+00:00 OPTIONS /008/cachekey/echo/firefox/K4/p status=204 max_age=30 acao=http://localhost:8080 auth=no origin=http://localhost:8080 req_method=GET req_headers=x-extra,x-probe
2026-08-08T05:28:36+00:00 GET /008/cachekey/echo/firefox/K4/p status=200 max_age=30 acao=http://localhost:8080 auth=no origin=http://localhost:8080 req_method=- req_headers=-
2026-08-08T05:28:39+00:00 OPTIONS /008/cachekey/echo/firefox/K5/p status=204 max_age=30 acao=http://localhost:8080 auth=no origin=http://localhost:8080 req_method=GET req_headers=x-extra,x-probe
2026-08-08T05:28:39+00:00 GET /008/cachekey/echo/firefox/K5/p status=200 max_age=30 acao=http://localhost:8080 auth=no origin=http://localhost:8080 req_method=- req_headers=-
2026-08-08T05:28:42+00:00 GET /008/cachekey/echo/firefox/K5/p status=200 max_age=30 acao=http://localhost:8080 auth=no origin=http://localhost:8080 req_method=- req_headers=-
2026-08-08T05:28:45+00:00 OPTIONS /008/cachekey/echo/firefox/K6/p status=204 max_age=30 acao=http://localhost:8080 auth=no origin=http://localhost:8080 req_method=GET req_headers=x-probe
2026-08-08T05:28:45+00:00 GET /008/cachekey/echo/firefox/K6/p status=200 max_age=30 acao=http://localhost:8080 auth=no origin=http://localhost:8080 req_method=- req_headers=-
2026-08-08T05:28:48+00:00 OPTIONS /008/cachekey/echo/firefox/K6/p status=204 max_age=30 acao=http://localhost:8080 auth=no origin=http://localhost:8080 req_method=GET req_headers=x-probe
2026-08-08T05:28:48+00:00 GET /008/cachekey/echo/firefox/K6/p status=200 max_age=30 acao=http://localhost:8080 auth=no origin=http://localhost:8080 req_method=- req_headers=-
2026-08-08T05:28:51+00:00 OPTIONS /008/cachekey/echo/firefox/K7/p status=204 max_age=30 acao=http://localhost:8080 auth=no origin=http://localhost:8080 req_method=GET req_headers=x-probe
2026-08-08T05:28:51+00:00 GET /008/cachekey/echo/firefox/K7/p status=200 max_age=30 acao=http://localhost:8080 auth=no origin=http://localhost:8080 req_method=- req_headers=-
2026-08-08T05:28:54+00:00 OPTIONS /008/cachekey/echo/firefox/K7/p status=204 max_age=30 acao=http://localhost:8080 auth=no origin=http://localhost:8080 req_method=GET req_headers=x-probe
2026-08-08T05:28:54+00:00 GET /008/cachekey/echo/firefox/K7/p status=200 max_age=30 acao=http://localhost:8080 auth=no origin=http://localhost:8080 req_method=- req_headers=-
2026-08-08T05:28:56+00:00 OPTIONS /008/cachekey/fixed/webkit/K0/p status=204 max_age=30 acao=http://localhost:8080 auth=no origin=http://localhost:8080 req_method=GET req_headers=x-probe
2026-08-08T05:28:56+00:00 GET /008/cachekey/fixed/webkit/K0/p status=200 max_age=30 acao=http://localhost:8080 auth=no origin=http://localhost:8080 req_method=- req_headers=-
2026-08-08T05:28:59+00:00 GET /008/cachekey/fixed/webkit/K0/p status=200 max_age=30 acao=http://localhost:8080 auth=no origin=http://localhost:8080 req_method=- req_headers=-
2026-08-08T05:29:01+00:00 OPTIONS /008/cachekey/fixed/webkit/K1/p1 status=204 max_age=30 acao=http://localhost:8080 auth=no origin=http://localhost:8080 req_method=GET req_headers=x-probe
2026-08-08T05:29:01+00:00 GET /008/cachekey/fixed/webkit/K1/p1 status=200 max_age=30 acao=http://localhost:8080 auth=no origin=http://localhost:8080 req_method=- req_headers=-
2026-08-08T05:29:04+00:00 OPTIONS /008/cachekey/fixed/webkit/K1/p2 status=204 max_age=30 acao=http://localhost:8080 auth=no origin=http://localhost:8080 req_method=GET req_headers=x-probe
2026-08-08T05:29:04+00:00 GET /008/cachekey/fixed/webkit/K1/p2 status=200 max_age=30 acao=http://localhost:8080 auth=no origin=http://localhost:8080 req_method=- req_headers=-
2026-08-08T05:29:06+00:00 OPTIONS /008/cachekey/fixed/webkit/K2/p status=204 max_age=30 acao=http://localhost:8080 auth=no origin=http://localhost:8080 req_method=GET req_headers=x-probe
2026-08-08T05:29:06+00:00 GET /008/cachekey/fixed/webkit/K2/p status=200 max_age=30 acao=http://localhost:8080 auth=no origin=http://localhost:8080 req_method=- req_headers=-
2026-08-08T05:29:09+00:00 OPTIONS /008/cachekey/fixed/webkit/K2/p status=204 max_age=30 acao=http://localhost:8080 auth=no origin=http://localhost:8080 req_method=GET req_headers=x-probe
2026-08-08T05:29:09+00:00 GET /008/cachekey/fixed/webkit/K2/p status=200 max_age=30 acao=http://localhost:8080 auth=no origin=http://localhost:8080 req_method=- req_headers=-
2026-08-08T05:29:11+00:00 OPTIONS /008/cachekey/fixed/webkit/K3/p status=204 max_age=30 acao=http://localhost:8080 auth=no origin=http://localhost:8080 req_method=PUT req_headers=-
2026-08-08T05:29:11+00:00 PUT /008/cachekey/fixed/webkit/K3/p status=200 max_age=30 acao=http://localhost:8080 auth=no origin=http://localhost:8080 req_method=- req_headers=-
2026-08-08T05:29:14+00:00 DELETE /008/cachekey/fixed/webkit/K3/p status=200 max_age=30 acao=http://localhost:8080 auth=no origin=http://localhost:8080 req_method=- req_headers=-
2026-08-08T05:29:16+00:00 OPTIONS /008/cachekey/fixed/webkit/K4/p status=204 max_age=30 acao=http://localhost:8080 auth=no origin=http://localhost:8080 req_method=GET req_headers=x-probe
2026-08-08T05:29:16+00:00 GET /008/cachekey/fixed/webkit/K4/p status=200 max_age=30 acao=http://localhost:8080 auth=no origin=http://localhost:8080 req_method=- req_headers=-
2026-08-08T05:29:19+00:00 GET /008/cachekey/fixed/webkit/K4/p status=200 max_age=30 acao=http://localhost:8080 auth=no origin=http://localhost:8080 req_method=- req_headers=-
2026-08-08T05:29:21+00:00 OPTIONS /008/cachekey/fixed/webkit/K5/p status=204 max_age=30 acao=http://localhost:8080 auth=no origin=http://localhost:8080 req_method=GET req_headers=x-extra,x-probe
2026-08-08T05:29:21+00:00 GET /008/cachekey/fixed/webkit/K5/p status=200 max_age=30 acao=http://localhost:8080 auth=no origin=http://localhost:8080 req_method=- req_headers=-
2026-08-08T05:29:24+00:00 GET /008/cachekey/fixed/webkit/K5/p status=200 max_age=30 acao=http://localhost:8080 auth=no origin=http://localhost:8080 req_method=- req_headers=-
2026-08-08T05:29:26+00:00 OPTIONS /008/cachekey/fixed/webkit/K6/p status=204 max_age=30 acao=http://localhost:8080 auth=no origin=http://localhost:8080 req_method=GET req_headers=x-probe
2026-08-08T05:29:26+00:00 GET /008/cachekey/fixed/webkit/K6/p status=200 max_age=30 acao=http://localhost:8080 auth=no origin=http://localhost:8080 req_method=- req_headers=-
2026-08-08T05:29:29+00:00 OPTIONS /008/cachekey/fixed/webkit/K6/p status=204 max_age=30 acao=http://localhost:8080 auth=no origin=http://localhost:8080 req_method=GET req_headers=x-probe
2026-08-08T05:29:29+00:00 GET /008/cachekey/fixed/webkit/K6/p status=200 max_age=30 acao=http://localhost:8080 auth=no origin=http://localhost:8080 req_method=- req_headers=-
2026-08-08T05:29:31+00:00 OPTIONS /008/cachekey/fixed/webkit/K7/p status=204 max_age=30 acao=http://localhost:8080 auth=no origin=http://localhost:8080 req_method=GET req_headers=x-probe
2026-08-08T05:29:31+00:00 GET /008/cachekey/fixed/webkit/K7/p status=200 max_age=30 acao=http://localhost:8080 auth=no origin=http://localhost:8080 req_method=- req_headers=-
2026-08-08T05:29:34+00:00 GET /008/cachekey/fixed/webkit/K7/p status=200 max_age=30 acao=http://localhost:8080 auth=no origin=http://localhost:8080 req_method=- req_headers=-
2026-08-08T05:29:36+00:00 OPTIONS /008/cachekey/echo/webkit/K0/p status=204 max_age=30 acao=http://localhost:8080 auth=no origin=http://localhost:8080 req_method=GET req_headers=x-probe
2026-08-08T05:29:36+00:00 GET /008/cachekey/echo/webkit/K0/p status=200 max_age=30 acao=http://localhost:8080 auth=no origin=http://localhost:8080 req_method=- req_headers=-
2026-08-08T05:29:39+00:00 GET /008/cachekey/echo/webkit/K0/p status=200 max_age=30 acao=http://localhost:8080 auth=no origin=http://localhost:8080 req_method=- req_headers=-
2026-08-08T05:29:41+00:00 OPTIONS /008/cachekey/echo/webkit/K1/p1 status=204 max_age=30 acao=http://localhost:8080 auth=no origin=http://localhost:8080 req_method=GET req_headers=x-probe
2026-08-08T05:29:41+00:00 GET /008/cachekey/echo/webkit/K1/p1 status=200 max_age=30 acao=http://localhost:8080 auth=no origin=http://localhost:8080 req_method=- req_headers=-
2026-08-08T05:29:45+00:00 OPTIONS /008/cachekey/echo/webkit/K1/p2 status=204 max_age=30 acao=http://localhost:8080 auth=no origin=http://localhost:8080 req_method=GET req_headers=x-probe
2026-08-08T05:29:45+00:00 GET /008/cachekey/echo/webkit/K1/p2 status=200 max_age=30 acao=http://localhost:8080 auth=no origin=http://localhost:8080 req_method=- req_headers=-
2026-08-08T05:29:47+00:00 OPTIONS /008/cachekey/echo/webkit/K2/p status=204 max_age=30 acao=http://localhost:8080 auth=no origin=http://localhost:8080 req_method=GET req_headers=x-probe
2026-08-08T05:29:47+00:00 GET /008/cachekey/echo/webkit/K2/p status=200 max_age=30 acao=http://localhost:8080 auth=no origin=http://localhost:8080 req_method=- req_headers=-
2026-08-08T05:29:50+00:00 OPTIONS /008/cachekey/echo/webkit/K2/p status=204 max_age=30 acao=http://localhost:8080 auth=no origin=http://localhost:8080 req_method=GET req_headers=x-probe
2026-08-08T05:29:50+00:00 GET /008/cachekey/echo/webkit/K2/p status=200 max_age=30 acao=http://localhost:8080 auth=no origin=http://localhost:8080 req_method=- req_headers=-
2026-08-08T05:29:52+00:00 OPTIONS /008/cachekey/echo/webkit/K3/p status=204 max_age=30 acao=http://localhost:8080 auth=no origin=http://localhost:8080 req_method=PUT req_headers=-
2026-08-08T05:29:52+00:00 PUT /008/cachekey/echo/webkit/K3/p status=200 max_age=30 acao=http://localhost:8080 auth=no origin=http://localhost:8080 req_method=- req_headers=-
2026-08-08T05:29:55+00:00 OPTIONS /008/cachekey/echo/webkit/K3/p status=204 max_age=30 acao=http://localhost:8080 auth=no origin=http://localhost:8080 req_method=DELETE req_headers=-
2026-08-08T05:29:55+00:00 DELETE /008/cachekey/echo/webkit/K3/p status=200 max_age=30 acao=http://localhost:8080 auth=no origin=http://localhost:8080 req_method=- req_headers=-
2026-08-08T05:29:57+00:00 OPTIONS /008/cachekey/echo/webkit/K4/p status=204 max_age=30 acao=http://localhost:8080 auth=no origin=http://localhost:8080 req_method=GET req_headers=x-probe
2026-08-08T05:29:57+00:00 GET /008/cachekey/echo/webkit/K4/p status=200 max_age=30 acao=http://localhost:8080 auth=no origin=http://localhost:8080 req_method=- req_headers=-
2026-08-08T05:30:00+00:00 OPTIONS /008/cachekey/echo/webkit/K4/p status=204 max_age=30 acao=http://localhost:8080 auth=no origin=http://localhost:8080 req_method=GET req_headers=x-extra,x-probe
2026-08-08T05:30:00+00:00 GET /008/cachekey/echo/webkit/K4/p status=200 max_age=30 acao=http://localhost:8080 auth=no origin=http://localhost:8080 req_method=- req_headers=-
2026-08-08T05:30:02+00:00 OPTIONS /008/cachekey/echo/webkit/K5/p status=204 max_age=30 acao=http://localhost:8080 auth=no origin=http://localhost:8080 req_method=GET req_headers=x-extra,x-probe
2026-08-08T05:30:02+00:00 GET /008/cachekey/echo/webkit/K5/p status=200 max_age=30 acao=http://localhost:8080 auth=no origin=http://localhost:8080 req_method=- req_headers=-
2026-08-08T05:30:05+00:00 GET /008/cachekey/echo/webkit/K5/p status=200 max_age=30 acao=http://localhost:8080 auth=no origin=http://localhost:8080 req_method=- req_headers=-
2026-08-08T05:30:07+00:00 OPTIONS /008/cachekey/echo/webkit/K6/p status=204 max_age=30 acao=http://localhost:8080 auth=no origin=http://localhost:8080 req_method=GET req_headers=x-probe
2026-08-08T05:30:07+00:00 GET /008/cachekey/echo/webkit/K6/p status=200 max_age=30 acao=http://localhost:8080 auth=no origin=http://localhost:8080 req_method=- req_headers=-
2026-08-08T05:30:10+00:00 OPTIONS /008/cachekey/echo/webkit/K6/p status=204 max_age=30 acao=http://localhost:8080 auth=no origin=http://localhost:8080 req_method=GET req_headers=x-probe
2026-08-08T05:30:10+00:00 GET /008/cachekey/echo/webkit/K6/p status=200 max_age=30 acao=http://localhost:8080 auth=no origin=http://localhost:8080 req_method=- req_headers=-
2026-08-08T05:30:12+00:00 OPTIONS /008/cachekey/echo/webkit/K7/p status=204 max_age=30 acao=http://localhost:8080 auth=no origin=http://localhost:8080 req_method=GET req_headers=x-probe
2026-08-08T05:30:12+00:00 GET /008/cachekey/echo/webkit/K7/p status=200 max_age=30 acao=http://localhost:8080 auth=no origin=http://localhost:8080 req_method=- req_headers=-
2026-08-08T05:30:15+00:00 GET /008/cachekey/echo/webkit/K7/p status=200 max_age=30 acao=http://localhost:8080 auth=no origin=http://localhost:8080 req_method=- req_headers=-
2026-08-23T13:37:38+00:00 OPTIONS /008/cachekey/fixed/chromium/K0/p status=204 max_age=30 acao=http://localhost:8080 auth=no origin=http://localhost:8080 req_method=GET req_headers=x-probe
2026-08-23T13:37:38+00:00 GET /008/cachekey/fixed/chromium/K0/p status=200 max_age=30 acao=http://localhost:8080 auth=no origin=http://localhost:8080 req_method=- req_headers=-
2026-08-23T13:37:41+00:00 GET /008/cachekey/fixed/chromium/K0/p status=200 max_age=30 acao=http://localhost:8080 auth=no origin=http://localhost:8080 req_method=- req_headers=-
2026-08-23T13:37:42+00:00 OPTIONS /008/cachekey/fixed/chromium/K1/p1 status=204 max_age=30 acao=http://localhost:8080 auth=no origin=http://localhost:8080 req_method=GET req_headers=x-probe
2026-08-23T13:37:42+00:00 GET /008/cachekey/fixed/chromium/K1/p1 status=200 max_age=30 acao=http://localhost:8080 auth=no origin=http://localhost:8080 req_method=- req_headers=-
2026-08-23T13:37:45+00:00 OPTIONS /008/cachekey/fixed/chromium/K1/p2 status=204 max_age=30 acao=http://localhost:8080 auth=no origin=http://localhost:8080 req_method=GET req_headers=x-probe
2026-08-23T13:37:46+00:00 GET /008/cachekey/fixed/chromium/K1/p2 status=200 max_age=30 acao=http://localhost:8080 auth=no origin=http://localhost:8080 req_method=- req_headers=-
2026-08-23T13:37:47+00:00 OPTIONS /008/cachekey/fixed/chromium/K2/p status=204 max_age=30 acao=http://localhost:8080 auth=no origin=http://localhost:8080 req_method=GET req_headers=x-probe
2026-08-23T13:37:47+00:00 GET /008/cachekey/fixed/chromium/K2/p status=200 max_age=30 acao=http://localhost:8080 auth=no origin=http://localhost:8080 req_method=- req_headers=-
2026-08-23T13:37:50+00:00 OPTIONS /008/cachekey/fixed/chromium/K2/p status=204 max_age=30 acao=http://localhost:8080 auth=no origin=http://localhost:8080 req_method=GET req_headers=x-probe
2026-08-23T13:37:50+00:00 GET /008/cachekey/fixed/chromium/K2/p status=200 max_age=30 acao=http://localhost:8080 auth=no origin=http://localhost:8080 req_method=- req_headers=-
2026-08-23T13:37:52+00:00 OPTIONS /008/cachekey/fixed/chromium/K3/p status=204 max_age=30 acao=http://localhost:8080 auth=no origin=http://localhost:8080 req_method=PUT req_headers=-
2026-08-23T13:37:52+00:00 PUT /008/cachekey/fixed/chromium/K3/p status=200 max_age=30 acao=http://localhost:8080 auth=no origin=http://localhost:8080 req_method=- req_headers=-
2026-08-23T13:37:55+00:00 DELETE /008/cachekey/fixed/chromium/K3/p status=200 max_age=30 acao=http://localhost:8080 auth=no origin=http://localhost:8080 req_method=- req_headers=-
2026-08-23T13:37:57+00:00 OPTIONS /008/cachekey/fixed/chromium/K4/p status=204 max_age=30 acao=http://localhost:8080 auth=no origin=http://localhost:8080 req_method=GET req_headers=x-probe
2026-08-23T13:37:57+00:00 GET /008/cachekey/fixed/chromium/K4/p status=200 max_age=30 acao=http://localhost:8080 auth=no origin=http://localhost:8080 req_method=- req_headers=-
2026-08-23T13:38:00+00:00 GET /008/cachekey/fixed/chromium/K4/p status=200 max_age=30 acao=http://localhost:8080 auth=no origin=http://localhost:8080 req_method=- req_headers=-
2026-08-23T13:38:01+00:00 OPTIONS /008/cachekey/fixed/chromium/K5/p status=204 max_age=30 acao=http://localhost:8080 auth=no origin=http://localhost:8080 req_method=GET req_headers=x-extra,x-probe
2026-08-23T13:38:01+00:00 GET /008/cachekey/fixed/chromium/K5/p status=200 max_age=30 acao=http://localhost:8080 auth=no origin=http://localhost:8080 req_method=- req_headers=-
2026-08-23T13:38:04+00:00 GET /008/cachekey/fixed/chromium/K5/p status=200 max_age=30 acao=http://localhost:8080 auth=no origin=http://localhost:8080 req_method=- req_headers=-
2026-08-23T13:38:06+00:00 OPTIONS /008/cachekey/fixed/chromium/K6/p status=204 max_age=30 acao=http://localhost:8080 auth=no origin=http://localhost:8080 req_method=GET req_headers=x-probe
2026-08-23T13:38:06+00:00 GET /008/cachekey/fixed/chromium/K6/p status=200 max_age=30 acao=http://localhost:8080 auth=no origin=http://localhost:8080 req_method=- req_headers=-
2026-08-23T13:38:09+00:00 OPTIONS /008/cachekey/fixed/chromium/K6/p status=204 max_age=30 acao=http://localhost:8080 auth=no origin=http://localhost:8080 req_method=GET req_headers=x-probe
2026-08-23T13:38:09+00:00 GET /008/cachekey/fixed/chromium/K6/p status=200 max_age=30 acao=http://localhost:8080 auth=no origin=http://localhost:8080 req_method=- req_headers=-
2026-08-23T13:38:11+00:00 OPTIONS /008/cachekey/fixed/chromium/K7/p status=204 max_age=30 acao=http://localhost:8080 auth=no origin=http://localhost:8080 req_method=GET req_headers=x-probe
2026-08-23T13:38:11+00:00 GET /008/cachekey/fixed/chromium/K7/p status=200 max_age=30 acao=http://localhost:8080 auth=no origin=http://localhost:8080 req_method=- req_headers=-
2026-08-23T13:38:14+00:00 GET /008/cachekey/fixed/chromium/K7/p status=200 max_age=30 acao=http://localhost:8080 auth=no origin=http://localhost:8080 req_method=- req_headers=-
2026-08-23T13:38:15+00:00 OPTIONS /008/cachekey/echo/chromium/K0/p status=204 max_age=30 acao=http://localhost:8080 auth=no origin=http://localhost:8080 req_method=GET req_headers=x-probe
2026-08-23T13:38:15+00:00 GET /008/cachekey/echo/chromium/K0/p status=200 max_age=30 acao=http://localhost:8080 auth=no origin=http://localhost:8080 req_method=- req_headers=-
2026-08-23T13:38:18+00:00 GET /008/cachekey/echo/chromium/K0/p status=200 max_age=30 acao=http://localhost:8080 auth=no origin=http://localhost:8080 req_method=- req_headers=-
2026-08-23T13:38:20+00:00 OPTIONS /008/cachekey/echo/chromium/K1/p1 status=204 max_age=30 acao=http://localhost:8080 auth=no origin=http://localhost:8080 req_method=GET req_headers=x-probe
2026-08-23T13:38:20+00:00 GET /008/cachekey/echo/chromium/K1/p1 status=200 max_age=30 acao=http://localhost:8080 auth=no origin=http://localhost:8080 req_method=- req_headers=-
2026-08-23T13:38:23+00:00 OPTIONS /008/cachekey/echo/chromium/K1/p2 status=204 max_age=30 acao=http://localhost:8080 auth=no origin=http://localhost:8080 req_method=GET req_headers=x-probe
2026-08-23T13:38:23+00:00 GET /008/cachekey/echo/chromium/K1/p2 status=200 max_age=30 acao=http://localhost:8080 auth=no origin=http://localhost:8080 req_method=- req_headers=-
2026-08-23T13:38:25+00:00 OPTIONS /008/cachekey/echo/chromium/K2/p status=204 max_age=30 acao=http://localhost:8080 auth=no origin=http://localhost:8080 req_method=GET req_headers=x-probe
2026-08-23T13:38:25+00:00 GET /008/cachekey/echo/chromium/K2/p status=200 max_age=30 acao=http://localhost:8080 auth=no origin=http://localhost:8080 req_method=- req_headers=-
2026-08-23T13:38:28+00:00 OPTIONS /008/cachekey/echo/chromium/K2/p status=204 max_age=30 acao=http://localhost:8080 auth=no origin=http://localhost:8080 req_method=GET req_headers=x-probe
2026-08-23T13:38:28+00:00 GET /008/cachekey/echo/chromium/K2/p status=200 max_age=30 acao=http://localhost:8080 auth=no origin=http://localhost:8080 req_method=- req_headers=-
2026-08-23T13:38:29+00:00 OPTIONS /008/cachekey/echo/chromium/K3/p status=204 max_age=30 acao=http://localhost:8080 auth=no origin=http://localhost:8080 req_method=PUT req_headers=-
2026-08-23T13:38:29+00:00 PUT /008/cachekey/echo/chromium/K3/p status=200 max_age=30 acao=http://localhost:8080 auth=no origin=http://localhost:8080 req_method=- req_headers=-
2026-08-23T13:38:32+00:00 OPTIONS /008/cachekey/echo/chromium/K3/p status=204 max_age=30 acao=http://localhost:8080 auth=no origin=http://localhost:8080 req_method=DELETE req_headers=-
2026-08-23T13:38:32+00:00 DELETE /008/cachekey/echo/chromium/K3/p status=200 max_age=30 acao=http://localhost:8080 auth=no origin=http://localhost:8080 req_method=- req_headers=-
2026-08-23T13:38:34+00:00 OPTIONS /008/cachekey/echo/chromium/K4/p status=204 max_age=30 acao=http://localhost:8080 auth=no origin=http://localhost:8080 req_method=GET req_headers=x-probe
2026-08-23T13:38:34+00:00 GET /008/cachekey/echo/chromium/K4/p status=200 max_age=30 acao=http://localhost:8080 auth=no origin=http://localhost:8080 req_method=- req_headers=-
2026-08-23T13:38:37+00:00 OPTIONS /008/cachekey/echo/chromium/K4/p status=204 max_age=30 acao=http://localhost:8080 auth=no origin=http://localhost:8080 req_method=GET req_headers=x-extra,x-probe
2026-08-23T13:38:37+00:00 GET /008/cachekey/echo/chromium/K4/p status=200 max_age=30 acao=http://localhost:8080 auth=no origin=http://localhost:8080 req_method=- req_headers=-
2026-08-23T13:38:39+00:00 OPTIONS /008/cachekey/echo/chromium/K5/p status=204 max_age=30 acao=http://localhost:8080 auth=no origin=http://localhost:8080 req_method=GET req_headers=x-extra,x-probe
2026-08-23T13:38:39+00:00 GET /008/cachekey/echo/chromium/K5/p status=200 max_age=30 acao=http://localhost:8080 auth=no origin=http://localhost:8080 req_method=- req_headers=-
2026-08-23T13:38:42+00:00 GET /008/cachekey/echo/chromium/K5/p status=200 max_age=30 acao=http://localhost:8080 auth=no origin=http://localhost:8080 req_method=- req_headers=-
2026-08-23T13:38:44+00:00 OPTIONS /008/cachekey/echo/chromium/K6/p status=204 max_age=30 acao=http://localhost:8080 auth=no origin=http://localhost:8080 req_method=GET req_headers=x-probe
2026-08-23T13:38:44+00:00 GET /008/cachekey/echo/chromium/K6/p status=200 max_age=30 acao=http://localhost:8080 auth=no origin=http://localhost:8080 req_method=- req_headers=-
2026-08-23T13:38:47+00:00 OPTIONS /008/cachekey/echo/chromium/K6/p status=204 max_age=30 acao=http://localhost:8080 auth=no origin=http://localhost:8080 req_method=GET req_headers=x-probe
2026-08-23T13:38:47+00:00 GET /008/cachekey/echo/chromium/K6/p status=200 max_age=30 acao=http://localhost:8080 auth=no origin=http://localhost:8080 req_method=- req_headers=-
2026-08-23T13:38:48+00:00 OPTIONS /008/cachekey/echo/chromium/K7/p status=204 max_age=30 acao=http://localhost:8080 auth=no origin=http://localhost:8080 req_method=GET req_headers=x-probe
2026-08-23T13:38:48+00:00 GET /008/cachekey/echo/chromium/K7/p status=200 max_age=30 acao=http://localhost:8080 auth=no origin=http://localhost:8080 req_method=- req_headers=-
2026-08-23T13:38:51+00:00 GET /008/cachekey/echo/chromium/K7/p status=200 max_age=30 acao=http://localhost:8080 auth=no origin=http://localhost:8080 req_method=- req_headers=-
2026-08-23T13:38:54+00:00 OPTIONS /008/cachekey/fixed/firefox/K0/p status=204 max_age=30 acao=http://localhost:8080 auth=no origin=http://localhost:8080 req_method=GET req_headers=x-probe
2026-08-23T13:38:54+00:00 GET /008/cachekey/fixed/firefox/K0/p status=200 max_age=30 acao=http://localhost:8080 auth=no origin=http://localhost:8080 req_method=- req_headers=-
2026-08-23T13:38:57+00:00 GET /008/cachekey/fixed/firefox/K0/p status=200 max_age=30 acao=http://localhost:8080 auth=no origin=http://localhost:8080 req_method=- req_headers=-
2026-08-23T13:39:00+00:00 OPTIONS /008/cachekey/fixed/firefox/K1/p1 status=204 max_age=30 acao=http://localhost:8080 auth=no origin=http://localhost:8080 req_method=GET req_headers=x-probe
2026-08-23T13:39:00+00:00 GET /008/cachekey/fixed/firefox/K1/p1 status=200 max_age=30 acao=http://localhost:8080 auth=no origin=http://localhost:8080 req_method=- req_headers=-
2026-08-23T13:39:03+00:00 OPTIONS /008/cachekey/fixed/firefox/K1/p2 status=204 max_age=30 acao=http://localhost:8080 auth=no origin=http://localhost:8080 req_method=GET req_headers=x-probe
2026-08-23T13:39:03+00:00 GET /008/cachekey/fixed/firefox/K1/p2 status=200 max_age=30 acao=http://localhost:8080 auth=no origin=http://localhost:8080 req_method=- req_headers=-
2026-08-23T13:39:06+00:00 OPTIONS /008/cachekey/fixed/firefox/K2/p status=204 max_age=30 acao=http://localhost:8080 auth=no origin=http://localhost:8080 req_method=GET req_headers=x-probe
2026-08-23T13:39:06+00:00 GET /008/cachekey/fixed/firefox/K2/p status=200 max_age=30 acao=http://localhost:8080 auth=no origin=http://localhost:8080 req_method=- req_headers=-
2026-08-23T13:39:09+00:00 OPTIONS /008/cachekey/fixed/firefox/K2/p status=204 max_age=30 acao=http://localhost:8080 auth=no origin=http://localhost:8080 req_method=GET req_headers=x-probe
2026-08-23T13:39:09+00:00 GET /008/cachekey/fixed/firefox/K2/p status=200 max_age=30 acao=http://localhost:8080 auth=no origin=http://localhost:8080 req_method=- req_headers=-
2026-08-23T13:39:11+00:00 OPTIONS /008/cachekey/fixed/firefox/K3/p status=204 max_age=30 acao=http://localhost:8080 auth=no origin=http://localhost:8080 req_method=PUT req_headers=-
2026-08-23T13:39:11+00:00 PUT /008/cachekey/fixed/firefox/K3/p status=200 max_age=30 acao=http://localhost:8080 auth=no origin=http://localhost:8080 req_method=- req_headers=-
2026-08-23T13:39:14+00:00 DELETE /008/cachekey/fixed/firefox/K3/p status=200 max_age=30 acao=http://localhost:8080 auth=no origin=http://localhost:8080 req_method=- req_headers=-
2026-08-23T13:39:17+00:00 OPTIONS /008/cachekey/fixed/firefox/K4/p status=204 max_age=30 acao=http://localhost:8080 auth=no origin=http://localhost:8080 req_method=GET req_headers=x-probe
2026-08-23T13:39:17+00:00 GET /008/cachekey/fixed/firefox/K4/p status=200 max_age=30 acao=http://localhost:8080 auth=no origin=http://localhost:8080 req_method=- req_headers=-
2026-08-23T13:39:20+00:00 GET /008/cachekey/fixed/firefox/K4/p status=200 max_age=30 acao=http://localhost:8080 auth=no origin=http://localhost:8080 req_method=- req_headers=-
2026-08-23T13:39:23+00:00 OPTIONS /008/cachekey/fixed/firefox/K5/p status=204 max_age=30 acao=http://localhost:8080 auth=no origin=http://localhost:8080 req_method=GET req_headers=x-extra,x-probe
2026-08-23T13:39:23+00:00 GET /008/cachekey/fixed/firefox/K5/p status=200 max_age=30 acao=http://localhost:8080 auth=no origin=http://localhost:8080 req_method=- req_headers=-
2026-08-23T13:39:26+00:00 GET /008/cachekey/fixed/firefox/K5/p status=200 max_age=30 acao=http://localhost:8080 auth=no origin=http://localhost:8080 req_method=- req_headers=-
2026-08-23T13:39:29+00:00 OPTIONS /008/cachekey/fixed/firefox/K6/p status=204 max_age=30 acao=http://localhost:8080 auth=no origin=http://localhost:8080 req_method=GET req_headers=x-probe
2026-08-23T13:39:29+00:00 GET /008/cachekey/fixed/firefox/K6/p status=200 max_age=30 acao=http://localhost:8080 auth=no origin=http://localhost:8080 req_method=- req_headers=-
2026-08-23T13:39:32+00:00 OPTIONS /008/cachekey/fixed/firefox/K6/p status=204 max_age=30 acao=http://localhost:8080 auth=no origin=http://localhost:8080 req_method=GET req_headers=x-probe
2026-08-23T13:39:32+00:00 GET /008/cachekey/fixed/firefox/K6/p status=200 max_age=30 acao=http://localhost:8080 auth=no origin=http://localhost:8080 req_method=- req_headers=-
2026-08-23T13:39:35+00:00 OPTIONS /008/cachekey/fixed/firefox/K7/p status=204 max_age=30 acao=http://localhost:8080 auth=no origin=http://localhost:8080 req_method=GET req_headers=x-probe
2026-08-23T13:39:35+00:00 GET /008/cachekey/fixed/firefox/K7/p status=200 max_age=30 acao=http://localhost:8080 auth=no origin=http://localhost:8080 req_method=- req_headers=-
2026-08-23T13:39:38+00:00 OPTIONS /008/cachekey/fixed/firefox/K7/p status=204 max_age=30 acao=http://localhost:8080 auth=no origin=http://localhost:8080 req_method=GET req_headers=x-probe
2026-08-23T13:39:38+00:00 GET /008/cachekey/fixed/firefox/K7/p status=200 max_age=30 acao=http://localhost:8080 auth=no origin=http://localhost:8080 req_method=- req_headers=-
2026-08-23T13:39:40+00:00 OPTIONS /008/cachekey/echo/firefox/K0/p status=204 max_age=30 acao=http://localhost:8080 auth=no origin=http://localhost:8080 req_method=GET req_headers=x-probe
2026-08-23T13:39:40+00:00 GET /008/cachekey/echo/firefox/K0/p status=200 max_age=30 acao=http://localhost:8080 auth=no origin=http://localhost:8080 req_method=- req_headers=-
2026-08-23T13:39:44+00:00 GET /008/cachekey/echo/firefox/K0/p status=200 max_age=30 acao=http://localhost:8080 auth=no origin=http://localhost:8080 req_method=- req_headers=-
2026-08-23T13:39:46+00:00 OPTIONS /008/cachekey/echo/firefox/K1/p1 status=204 max_age=30 acao=http://localhost:8080 auth=no origin=http://localhost:8080 req_method=GET req_headers=x-probe
2026-08-23T13:39:46+00:00 GET /008/cachekey/echo/firefox/K1/p1 status=200 max_age=30 acao=http://localhost:8080 auth=no origin=http://localhost:8080 req_method=- req_headers=-
2026-08-23T13:39:49+00:00 OPTIONS /008/cachekey/echo/firefox/K1/p2 status=204 max_age=30 acao=http://localhost:8080 auth=no origin=http://localhost:8080 req_method=GET req_headers=x-probe
2026-08-23T13:39:49+00:00 GET /008/cachekey/echo/firefox/K1/p2 status=200 max_age=30 acao=http://localhost:8080 auth=no origin=http://localhost:8080 req_method=- req_headers=-
2026-08-23T13:39:52+00:00 OPTIONS /008/cachekey/echo/firefox/K2/p status=204 max_age=30 acao=http://localhost:8080 auth=no origin=http://localhost:8080 req_method=GET req_headers=x-probe
2026-08-23T13:39:52+00:00 GET /008/cachekey/echo/firefox/K2/p status=200 max_age=30 acao=http://localhost:8080 auth=no origin=http://localhost:8080 req_method=- req_headers=-
2026-08-23T13:39:55+00:00 OPTIONS /008/cachekey/echo/firefox/K2/p status=204 max_age=30 acao=http://localhost:8080 auth=no origin=http://localhost:8080 req_method=GET req_headers=x-probe
2026-08-23T13:39:55+00:00 GET /008/cachekey/echo/firefox/K2/p status=200 max_age=30 acao=http://localhost:8080 auth=no origin=http://localhost:8080 req_method=- req_headers=-
2026-08-23T13:39:58+00:00 OPTIONS /008/cachekey/echo/firefox/K3/p status=204 max_age=30 acao=http://localhost:8080 auth=no origin=http://localhost:8080 req_method=PUT req_headers=-
2026-08-23T13:39:58+00:00 PUT /008/cachekey/echo/firefox/K3/p status=200 max_age=30 acao=http://localhost:8080 auth=no origin=http://localhost:8080 req_method=- req_headers=-
2026-08-23T13:40:01+00:00 OPTIONS /008/cachekey/echo/firefox/K3/p status=204 max_age=30 acao=http://localhost:8080 auth=no origin=http://localhost:8080 req_method=DELETE req_headers=-
2026-08-23T13:40:01+00:00 DELETE /008/cachekey/echo/firefox/K3/p status=200 max_age=30 acao=http://localhost:8080 auth=no origin=http://localhost:8080 req_method=- req_headers=-
2026-08-23T13:40:04+00:00 OPTIONS /008/cachekey/echo/firefox/K4/p status=204 max_age=30 acao=http://localhost:8080 auth=no origin=http://localhost:8080 req_method=GET req_headers=x-probe
2026-08-23T13:40:04+00:00 GET /008/cachekey/echo/firefox/K4/p status=200 max_age=30 acao=http://localhost:8080 auth=no origin=http://localhost:8080 req_method=- req_headers=-
2026-08-23T13:40:07+00:00 OPTIONS /008/cachekey/echo/firefox/K4/p status=204 max_age=30 acao=http://localhost:8080 auth=no origin=http://localhost:8080 req_method=GET req_headers=x-extra,x-probe
2026-08-23T13:40:07+00:00 GET /008/cachekey/echo/firefox/K4/p status=200 max_age=30 acao=http://localhost:8080 auth=no origin=http://localhost:8080 req_method=- req_headers=-
2026-08-23T13:40:09+00:00 OPTIONS /008/cachekey/echo/firefox/K5/p status=204 max_age=30 acao=http://localhost:8080 auth=no origin=http://localhost:8080 req_method=GET req_headers=x-extra,x-probe
2026-08-23T13:40:09+00:00 GET /008/cachekey/echo/firefox/K5/p status=200 max_age=30 acao=http://localhost:8080 auth=no origin=http://localhost:8080 req_method=- req_headers=-
2026-08-23T13:40:12+00:00 GET /008/cachekey/echo/firefox/K5/p status=200 max_age=30 acao=http://localhost:8080 auth=no origin=http://localhost:8080 req_method=- req_headers=-
2026-08-23T13:40:15+00:00 OPTIONS /008/cachekey/echo/firefox/K6/p status=204 max_age=30 acao=http://localhost:8080 auth=no origin=http://localhost:8080 req_method=GET req_headers=x-probe
2026-08-23T13:40:15+00:00 GET /008/cachekey/echo/firefox/K6/p status=200 max_age=30 acao=http://localhost:8080 auth=no origin=http://localhost:8080 req_method=- req_headers=-
2026-08-23T13:40:18+00:00 OPTIONS /008/cachekey/echo/firefox/K6/p status=204 max_age=30 acao=http://localhost:8080 auth=no origin=http://localhost:8080 req_method=GET req_headers=x-probe
2026-08-23T13:40:18+00:00 GET /008/cachekey/echo/firefox/K6/p status=200 max_age=30 acao=http://localhost:8080 auth=no origin=http://localhost:8080 req_method=- req_headers=-
2026-08-23T13:40:21+00:00 OPTIONS /008/cachekey/echo/firefox/K7/p status=204 max_age=30 acao=http://localhost:8080 auth=no origin=http://localhost:8080 req_method=GET req_headers=x-probe
2026-08-23T13:40:21+00:00 GET /008/cachekey/echo/firefox/K7/p status=200 max_age=30 acao=http://localhost:8080 auth=no origin=http://localhost:8080 req_method=- req_headers=-
2026-08-23T13:40:24+00:00 OPTIONS /008/cachekey/echo/firefox/K7/p status=204 max_age=30 acao=http://localhost:8080 auth=no origin=http://localhost:8080 req_method=GET req_headers=x-probe
2026-08-23T13:40:24+00:00 GET /008/cachekey/echo/firefox/K7/p status=200 max_age=30 acao=http://localhost:8080 auth=no origin=http://localhost:8080 req_method=- req_headers=-
2026-08-23T13:40:26+00:00 OPTIONS /008/cachekey/fixed/webkit/K0/p status=204 max_age=30 acao=http://localhost:8080 auth=no origin=http://localhost:8080 req_method=GET req_headers=x-probe
2026-08-23T13:40:26+00:00 GET /008/cachekey/fixed/webkit/K0/p status=200 max_age=30 acao=http://localhost:8080 auth=no origin=http://localhost:8080 req_method=- req_headers=-
2026-08-23T13:40:29+00:00 GET /008/cachekey/fixed/webkit/K0/p status=200 max_age=30 acao=http://localhost:8080 auth=no origin=http://localhost:8080 req_method=- req_headers=-
2026-08-23T13:40:31+00:00 OPTIONS /008/cachekey/fixed/webkit/K1/p1 status=204 max_age=30 acao=http://localhost:8080 auth=no origin=http://localhost:8080 req_method=GET req_headers=x-probe
2026-08-23T13:40:31+00:00 GET /008/cachekey/fixed/webkit/K1/p1 status=200 max_age=30 acao=http://localhost:8080 auth=no origin=http://localhost:8080 req_method=- req_headers=-
2026-08-23T13:40:34+00:00 OPTIONS /008/cachekey/fixed/webkit/K1/p2 status=204 max_age=30 acao=http://localhost:8080 auth=no origin=http://localhost:8080 req_method=GET req_headers=x-probe
2026-08-23T13:40:34+00:00 GET /008/cachekey/fixed/webkit/K1/p2 status=200 max_age=30 acao=http://localhost:8080 auth=no origin=http://localhost:8080 req_method=- req_headers=-
2026-08-23T13:40:36+00:00 OPTIONS /008/cachekey/fixed/webkit/K2/p status=204 max_age=30 acao=http://localhost:8080 auth=no origin=http://localhost:8080 req_method=GET req_headers=x-probe
2026-08-23T13:40:36+00:00 GET /008/cachekey/fixed/webkit/K2/p status=200 max_age=30 acao=http://localhost:8080 auth=no origin=http://localhost:8080 req_method=- req_headers=-
2026-08-23T13:40:39+00:00 OPTIONS /008/cachekey/fixed/webkit/K2/p status=204 max_age=30 acao=http://localhost:8080 auth=no origin=http://localhost:8080 req_method=GET req_headers=x-probe
2026-08-23T13:40:39+00:00 GET /008/cachekey/fixed/webkit/K2/p status=200 max_age=30 acao=http://localhost:8080 auth=no origin=http://localhost:8080 req_method=- req_headers=-
2026-08-23T13:40:42+00:00 OPTIONS /008/cachekey/fixed/webkit/K3/p status=204 max_age=30 acao=http://localhost:8080 auth=no origin=http://localhost:8080 req_method=PUT req_headers=-
2026-08-23T13:40:42+00:00 PUT /008/cachekey/fixed/webkit/K3/p status=200 max_age=30 acao=http://localhost:8080 auth=no origin=http://localhost:8080 req_method=- req_headers=-
2026-08-23T13:40:45+00:00 DELETE /008/cachekey/fixed/webkit/K3/p status=200 max_age=30 acao=http://localhost:8080 auth=no origin=http://localhost:8080 req_method=- req_headers=-
2026-08-23T13:40:47+00:00 OPTIONS /008/cachekey/fixed/webkit/K4/p status=204 max_age=30 acao=http://localhost:8080 auth=no origin=http://localhost:8080 req_method=GET req_headers=x-probe
2026-08-23T13:40:47+00:00 GET /008/cachekey/fixed/webkit/K4/p status=200 max_age=30 acao=http://localhost:8080 auth=no origin=http://localhost:8080 req_method=- req_headers=-
2026-08-23T13:40:50+00:00 GET /008/cachekey/fixed/webkit/K4/p status=200 max_age=30 acao=http://localhost:8080 auth=no origin=http://localhost:8080 req_method=- req_headers=-
2026-08-23T13:40:52+00:00 OPTIONS /008/cachekey/fixed/webkit/K5/p status=204 max_age=30 acao=http://localhost:8080 auth=no origin=http://localhost:8080 req_method=GET req_headers=x-extra,x-probe
2026-08-23T13:40:52+00:00 GET /008/cachekey/fixed/webkit/K5/p status=200 max_age=30 acao=http://localhost:8080 auth=no origin=http://localhost:8080 req_method=- req_headers=-
2026-08-23T13:40:55+00:00 GET /008/cachekey/fixed/webkit/K5/p status=200 max_age=30 acao=http://localhost:8080 auth=no origin=http://localhost:8080 req_method=- req_headers=-
2026-08-23T13:40:57+00:00 OPTIONS /008/cachekey/fixed/webkit/K6/p status=204 max_age=30 acao=http://localhost:8080 auth=no origin=http://localhost:8080 req_method=GET req_headers=x-probe
2026-08-23T13:40:57+00:00 GET /008/cachekey/fixed/webkit/K6/p status=200 max_age=30 acao=http://localhost:8080 auth=no origin=http://localhost:8080 req_method=- req_headers=-
2026-08-23T13:41:00+00:00 OPTIONS /008/cachekey/fixed/webkit/K6/p status=204 max_age=30 acao=http://localhost:8080 auth=no origin=http://localhost:8080 req_method=GET req_headers=x-probe
2026-08-23T13:41:00+00:00 GET /008/cachekey/fixed/webkit/K6/p status=200 max_age=30 acao=http://localhost:8080 auth=no origin=http://localhost:8080 req_method=- req_headers=-
2026-08-23T13:41:02+00:00 OPTIONS /008/cachekey/fixed/webkit/K7/p status=204 max_age=30 acao=http://localhost:8080 auth=no origin=http://localhost:8080 req_method=GET req_headers=x-probe
2026-08-23T13:41:02+00:00 GET /008/cachekey/fixed/webkit/K7/p status=200 max_age=30 acao=http://localhost:8080 auth=no origin=http://localhost:8080 req_method=- req_headers=-
2026-08-23T13:41:05+00:00 GET /008/cachekey/fixed/webkit/K7/p status=200 max_age=30 acao=http://localhost:8080 auth=no origin=http://localhost:8080 req_method=- req_headers=-
2026-08-23T13:41:07+00:00 OPTIONS /008/cachekey/echo/webkit/K0/p status=204 max_age=30 acao=http://localhost:8080 auth=no origin=http://localhost:8080 req_method=GET req_headers=x-probe
2026-08-23T13:41:07+00:00 GET /008/cachekey/echo/webkit/K0/p status=200 max_age=30 acao=http://localhost:8080 auth=no origin=http://localhost:8080 req_method=- req_headers=-
2026-08-23T13:41:10+00:00 GET /008/cachekey/echo/webkit/K0/p status=200 max_age=30 acao=http://localhost:8080 auth=no origin=http://localhost:8080 req_method=- req_headers=-
2026-08-23T13:41:12+00:00 OPTIONS /008/cachekey/echo/webkit/K1/p1 status=204 max_age=30 acao=http://localhost:8080 auth=no origin=http://localhost:8080 req_method=GET req_headers=x-probe
2026-08-23T13:41:12+00:00 GET /008/cachekey/echo/webkit/K1/p1 status=200 max_age=30 acao=http://localhost:8080 auth=no origin=http://localhost:8080 req_method=- req_headers=-
2026-08-23T13:41:15+00:00 OPTIONS /008/cachekey/echo/webkit/K1/p2 status=204 max_age=30 acao=http://localhost:8080 auth=no origin=http://localhost:8080 req_method=GET req_headers=x-probe
2026-08-23T13:41:15+00:00 GET /008/cachekey/echo/webkit/K1/p2 status=200 max_age=30 acao=http://localhost:8080 auth=no origin=http://localhost:8080 req_method=- req_headers=-
2026-08-23T13:41:17+00:00 OPTIONS /008/cachekey/echo/webkit/K2/p status=204 max_age=30 acao=http://localhost:8080 auth=no origin=http://localhost:8080 req_method=GET req_headers=x-probe
2026-08-23T13:41:17+00:00 GET /008/cachekey/echo/webkit/K2/p status=200 max_age=30 acao=http://localhost:8080 auth=no origin=http://localhost:8080 req_method=- req_headers=-
2026-08-23T13:41:20+00:00 OPTIONS /008/cachekey/echo/webkit/K2/p status=204 max_age=30 acao=http://localhost:8080 auth=no origin=http://localhost:8080 req_method=GET req_headers=x-probe
2026-08-23T13:41:20+00:00 GET /008/cachekey/echo/webkit/K2/p status=200 max_age=30 acao=http://localhost:8080 auth=no origin=http://localhost:8080 req_method=- req_headers=-
2026-08-23T13:41:22+00:00 OPTIONS /008/cachekey/echo/webkit/K3/p status=204 max_age=30 acao=http://localhost:8080 auth=no origin=http://localhost:8080 req_method=PUT req_headers=-
2026-08-23T13:41:22+00:00 PUT /008/cachekey/echo/webkit/K3/p status=200 max_age=30 acao=http://localhost:8080 auth=no origin=http://localhost:8080 req_method=- req_headers=-
2026-08-23T13:41:25+00:00 OPTIONS /008/cachekey/echo/webkit/K3/p status=204 max_age=30 acao=http://localhost:8080 auth=no origin=http://localhost:8080 req_method=DELETE req_headers=-
2026-08-23T13:41:25+00:00 DELETE /008/cachekey/echo/webkit/K3/p status=200 max_age=30 acao=http://localhost:8080 auth=no origin=http://localhost:8080 req_method=- req_headers=-
2026-08-23T13:41:27+00:00 OPTIONS /008/cachekey/echo/webkit/K4/p status=204 max_age=30 acao=http://localhost:8080 auth=no origin=http://localhost:8080 req_method=GET req_headers=x-probe
2026-08-23T13:41:27+00:00 GET /008/cachekey/echo/webkit/K4/p status=200 max_age=30 acao=http://localhost:8080 auth=no origin=http://localhost:8080 req_method=- req_headers=-
2026-08-23T13:41:30+00:00 OPTIONS /008/cachekey/echo/webkit/K4/p status=204 max_age=30 acao=http://localhost:8080 auth=no origin=http://localhost:8080 req_method=GET req_headers=x-extra,x-probe
2026-08-23T13:41:30+00:00 GET /008/cachekey/echo/webkit/K4/p status=200 max_age=30 acao=http://localhost:8080 auth=no origin=http://localhost:8080 req_method=- req_headers=-
2026-08-23T13:41:32+00:00 OPTIONS /008/cachekey/echo/webkit/K5/p status=204 max_age=30 acao=http://localhost:8080 auth=no origin=http://localhost:8080 req_method=GET req_headers=x-extra,x-probe
2026-08-23T13:41:32+00:00 GET /008/cachekey/echo/webkit/K5/p status=200 max_age=30 acao=http://localhost:8080 auth=no origin=http://localhost:8080 req_method=- req_headers=-
2026-08-23T13:41:35+00:00 GET /008/cachekey/echo/webkit/K5/p status=200 max_age=30 acao=http://localhost:8080 auth=no origin=http://localhost:8080 req_method=- req_headers=-
2026-08-23T13:41:37+00:00 OPTIONS /008/cachekey/echo/webkit/K6/p status=204 max_age=30 acao=http://localhost:8080 auth=no origin=http://localhost:8080 req_method=GET req_headers=x-probe
2026-08-23T13:41:37+00:00 GET /008/cachekey/echo/webkit/K6/p status=200 max_age=30 acao=http://localhost:8080 auth=no origin=http://localhost:8080 req_method=- req_headers=-
2026-08-23T13:41:40+00:00 OPTIONS /008/cachekey/echo/webkit/K6/p status=204 max_age=30 acao=http://localhost:8080 auth=no origin=http://localhost:8080 req_method=GET req_headers=x-probe
2026-08-23T13:41:40+00:00 GET /008/cachekey/echo/webkit/K6/p status=200 max_age=30 acao=http://localhost:8080 auth=no origin=http://localhost:8080 req_method=- req_headers=-
2026-08-23T13:41:42+00:00 OPTIONS /008/cachekey/echo/webkit/K7/p status=204 max_age=30 acao=http://localhost:8080 auth=no origin=http://localhost:8080 req_method=GET req_headers=x-probe
2026-08-23T13:41:42+00:00 GET /008/cachekey/echo/webkit/K7/p status=200 max_age=30 acao=http://localhost:8080 auth=no origin=http://localhost:8080 req_method=- req_headers=-
2026-08-23T13:41:45+00:00 GET /008/cachekey/echo/webkit/K7/p status=200 max_age=30 acao=http://localhost:8080 auth=no origin=http://localhost:8080 req_method=- req_headers=-
