2026-08-07T12:09:19+00:00 OPTIONS /008/maxage-default/cr max_age=-
2026-08-07T12:09:19+00:00 GET /008/maxage-default/cr max_age=-
2026-08-07T12:09:20+00:00 GET /008/maxage-default/cr max_age=-
2026-08-07T12:09:21+00:00 GET /008/maxage-default/cr max_age=-
2026-08-07T12:09:22+00:00 GET /008/maxage-default/cr max_age=-
2026-08-07T12:09:23+00:00 GET /008/maxage-default/cr max_age=-
2026-08-07T12:09:24+00:00 OPTIONS /008/maxage-default/cr max_age=-
2026-08-07T12:09:24+00:00 GET /008/maxage-default/cr max_age=-
2026-08-07T12:09:25+00:00 GET /008/maxage-default/cr max_age=-
2026-08-07T12:09:26+00:00 GET /008/maxage-default/cr max_age=-
2026-08-07T12:09:27+00:00 GET /008/maxage-default/cr max_age=-
2026-08-07T12:09:28+00:00 GET /008/maxage-default/cr max_age=-
2026-08-07T12:09:30+00:00 OPTIONS /008/maxage-default/cr max_age=-
2026-08-07T12:09:30+00:00 GET /008/maxage-default/cr max_age=-
2026-08-07T12:09:31+00:00 GET /008/maxage-default/cr max_age=-
2026-08-07T12:09:32+00:00 GET /008/maxage-default/cr max_age=-
2026-08-07T12:09:33+00:00 GET /008/maxage-default/cr max_age=-
2026-08-07T12:09:34+00:00 GET /008/maxage-default/cr max_age=-
2026-08-07T12:09:35+00:00 OPTIONS /008/maxage-default/cr max_age=-
2026-08-07T12:09:35+00:00 GET /008/maxage-default/cr max_age=-
2026-08-07T12:09:36+00:00 GET /008/maxage-default/cr max_age=-
2026-08-07T12:09:37+00:00 GET /008/maxage-default/cr max_age=-
2026-08-07T12:09:38+00:00 GET /008/maxage-default/cr max_age=-
2026-08-07T12:09:39+00:00 GET /008/maxage-default/cr max_age=-
2026-08-07T12:09:40+00:00 OPTIONS /008/maxage-default/cr max_age=-
2026-08-07T12:09:40+00:00 GET /008/maxage-default/cr max_age=-
2026-08-07T12:09:41+00:00 GET /008/maxage-default/cr max_age=-
2026-08-07T12:09:42+00:00 GET /008/maxage-default/cr max_age=-
2026-08-07T12:09:43+00:00 GET /008/maxage-default/cr max_age=-
2026-08-07T12:09:54+00:00 OPTIONS /008/maxage-default/ff max_age=-
2026-08-07T12:09:54+00:00 GET /008/maxage-default/ff max_age=-
2026-08-07T12:09:55+00:00 GET /008/maxage-default/ff max_age=-
2026-08-07T12:09:56+00:00 GET /008/maxage-default/ff max_age=-
2026-08-07T12:09:57+00:00 GET /008/maxage-default/ff max_age=-
2026-08-07T12:09:58+00:00 GET /008/maxage-default/ff max_age=-
2026-08-07T12:09:59+00:00 OPTIONS /008/maxage-default/ff max_age=-
2026-08-07T12:09:59+00:00 GET /008/maxage-default/ff max_age=-
2026-08-07T12:10:00+00:00 GET /008/maxage-default/ff max_age=-
2026-08-07T12:10:01+00:00 GET /008/maxage-default/ff max_age=-
2026-08-07T12:10:02+00:00 GET /008/maxage-default/ff max_age=-
2026-08-07T12:10:03+00:00 GET /008/maxage-default/ff max_age=-
2026-08-07T12:10:04+00:00 OPTIONS /008/maxage-default/ff max_age=-
2026-08-07T12:10:04+00:00 GET /008/maxage-default/ff max_age=-
2026-08-07T12:10:05+00:00 GET /008/maxage-default/ff max_age=-
2026-08-07T12:10:06+00:00 GET /008/maxage-default/ff max_age=-
2026-08-07T12:10:07+00:00 GET /008/maxage-default/ff max_age=-
2026-08-07T12:10:08+00:00 GET /008/maxage-default/ff max_age=-
2026-08-07T12:10:09+00:00 OPTIONS /008/maxage-default/ff max_age=-
2026-08-07T12:10:09+00:00 GET /008/maxage-default/ff max_age=-
2026-08-07T12:10:10+00:00 GET /008/maxage-default/ff max_age=-
2026-08-07T12:10:11+00:00 GET /008/maxage-default/ff max_age=-
2026-08-07T12:10:12+00:00 GET /008/maxage-default/ff max_age=-
2026-08-07T12:10:13+00:00 GET /008/maxage-default/ff max_age=-
2026-08-07T12:10:14+00:00 OPTIONS /008/maxage-default/ff max_age=-
2026-08-07T12:10:14+00:00 GET /008/maxage-default/ff max_age=-
2026-08-07T12:10:15+00:00 GET /008/maxage-default/ff max_age=-
2026-08-07T12:10:16+00:00 GET /008/maxage-default/ff max_age=-
2026-08-07T12:10:17+00:00 GET /008/maxage-default/ff max_age=-
2026-08-07T12:10:19+00:00 OPTIONS /008/maxage-2/cr max_age=2
2026-08-07T12:10:19+00:00 GET /008/maxage-2/cr max_age=2
2026-08-07T12:10:20+00:00 GET /008/maxage-2/cr max_age=2
2026-08-07T12:10:21+00:00 OPTIONS /008/maxage-2/cr max_age=2
2026-08-07T12:10:21+00:00 GET /008/maxage-2/cr max_age=2
2026-08-07T12:10:22+00:00 GET /008/maxage-2/cr max_age=2
2026-08-07T12:10:23+00:00 OPTIONS /008/maxage-2/cr max_age=2
2026-08-07T12:10:23+00:00 GET /008/maxage-2/cr max_age=2
2026-08-07T12:10:24+00:00 GET /008/maxage-2/cr max_age=2
2026-08-07T12:10:25+00:00 OPTIONS /008/maxage-2/cr max_age=2
2026-08-07T12:10:25+00:00 GET /008/maxage-2/cr max_age=2
2026-08-07T12:10:26+00:00 GET /008/maxage-2/cr max_age=2
2026-08-07T12:10:27+00:00 OPTIONS /008/maxage-2/cr max_age=2
2026-08-07T12:10:27+00:00 GET /008/maxage-2/cr max_age=2
2026-08-07T12:10:28+00:00 GET /008/maxage-2/cr max_age=2
2026-08-07T12:10:29+00:00 OPTIONS /008/maxage-2/cr max_age=2
2026-08-07T12:10:29+00:00 GET /008/maxage-2/cr max_age=2
2026-08-07T12:10:30+00:00 GET /008/maxage-2/cr max_age=2
2026-08-07T12:10:31+00:00 OPTIONS /008/maxage-2/cr max_age=2
2026-08-07T12:10:31+00:00 GET /008/maxage-2/cr max_age=2
2026-08-07T12:10:32+00:00 GET /008/maxage-2/cr max_age=2
2026-08-07T12:10:34+00:00 OPTIONS /008/maxage-2/ff max_age=2
2026-08-07T12:10:34+00:00 GET /008/maxage-2/ff max_age=2
2026-08-07T12:10:35+00:00 GET /008/maxage-2/ff max_age=2
2026-08-07T12:10:36+00:00 OPTIONS /008/maxage-2/ff max_age=2
2026-08-07T12:10:36+00:00 GET /008/maxage-2/ff max_age=2
2026-08-07T12:10:37+00:00 GET /008/maxage-2/ff max_age=2
2026-08-07T12:10:38+00:00 OPTIONS /008/maxage-2/ff max_age=2
2026-08-07T12:10:38+00:00 GET /008/maxage-2/ff max_age=2
2026-08-07T12:10:39+00:00 GET /008/maxage-2/ff max_age=2
2026-08-07T12:10:40+00:00 OPTIONS /008/maxage-2/ff max_age=2
2026-08-07T12:10:40+00:00 GET /008/maxage-2/ff max_age=2
2026-08-07T12:10:41+00:00 GET /008/maxage-2/ff max_age=2
2026-08-07T12:10:42+00:00 OPTIONS /008/maxage-2/ff max_age=2
2026-08-07T12:10:42+00:00 GET /008/maxage-2/ff max_age=2
2026-08-07T12:10:43+00:00 GET /008/maxage-2/ff max_age=2
2026-08-07T12:10:44+00:00 OPTIONS /008/maxage-2/ff max_age=2
2026-08-07T12:10:44+00:00 GET /008/maxage-2/ff max_age=2
2026-08-07T12:10:45+00:00 GET /008/maxage-2/ff max_age=2
2026-08-07T12:10:46+00:00 OPTIONS /008/maxage-2/ff max_age=2
2026-08-07T12:10:46+00:00 GET /008/maxage-2/ff max_age=2
2026-08-07T12:10:47+00:00 GET /008/maxage-2/ff max_age=2
2026-08-07T12:11:41+00:00 GET /008/boundary/get-plain max_age=-
2026-08-07T12:11:42+00:00 OPTIONS /008/boundary/get-custom-header max_age=-
2026-08-07T12:11:42+00:00 GET /008/boundary/get-custom-header max_age=-
2026-08-07T12:11:42+00:00 POST /008/boundary/post-text-plain max_age=-
2026-08-07T12:11:42+00:00 POST /008/boundary/post-form-urlencoded max_age=-
2026-08-07T12:11:43+00:00 POST /008/boundary/post-multipart max_age=-
2026-08-07T12:11:43+00:00 OPTIONS /008/boundary/post-json max_age=-
2026-08-07T12:11:43+00:00 POST /008/boundary/post-json max_age=-
2026-08-07T12:11:44+00:00 OPTIONS /008/boundary/put-plain max_age=-
2026-08-07T12:11:44+00:00 PUT /008/boundary/put-plain max_age=-
2026-08-07T12:11:44+00:00 OPTIONS /008/boundary/delete-plain max_age=-
2026-08-07T12:11:44+00:00 DELETE /008/boundary/delete-plain max_age=-
2026-08-07T12:12:00+00:00 GET /008/boundary/get-plain max_age=-
2026-08-07T12:12:00+00:00 OPTIONS /008/boundary/get-custom-header max_age=-
2026-08-07T12:12:00+00:00 GET /008/boundary/get-custom-header max_age=-
2026-08-07T12:12:01+00:00 POST /008/boundary/post-text-plain max_age=-
2026-08-07T12:12:01+00:00 POST /008/boundary/post-form-urlencoded max_age=-
2026-08-07T12:12:02+00:00 POST /008/boundary/post-multipart max_age=-
2026-08-07T12:12:02+00:00 OPTIONS /008/boundary/post-json max_age=-
2026-08-07T12:12:02+00:00 POST /008/boundary/post-json max_age=-
2026-08-07T12:12:03+00:00 OPTIONS /008/boundary/put-plain max_age=-
2026-08-07T12:12:03+00:00 PUT /008/boundary/put-plain max_age=-
2026-08-07T12:12:03+00:00 OPTIONS /008/boundary/delete-plain max_age=-
2026-08-07T12:12:03+00:00 DELETE /008/boundary/delete-plain max_age=-
2026-08-07T12:16:14+00:00 OPTIONS /008/maxage-86400/cr max_age=86400
2026-08-07T12:16:14+00:00 GET /008/maxage-86400/cr max_age=86400
2026-08-07T12:16:15+00:00 OPTIONS /008/maxage-86400/ff max_age=86400
2026-08-07T12:16:15+00:00 GET /008/maxage-86400/ff max_age=86400
2026-08-07T12:16:44+00:00 GET /008/maxage-86400/cr max_age=86400
2026-08-07T12:16:45+00:00 GET /008/maxage-86400/ff max_age=86400
2026-08-07T12:17:14+00:00 GET /008/maxage-86400/cr max_age=86400
2026-08-07T12:17:15+00:00 GET /008/maxage-86400/ff max_age=86400
2026-08-07T12:17:44+00:00 GET /008/maxage-86400/cr max_age=86400
2026-08-07T12:17:45+00:00 GET /008/maxage-86400/ff max_age=86400
2026-08-07T12:18:14+00:00 GET /008/maxage-86400/cr max_age=86400
2026-08-07T12:18:15+00:00 GET /008/maxage-86400/ff max_age=86400
2026-08-07T12:18:44+00:00 GET /008/maxage-86400/cr max_age=86400
2026-08-07T12:18:45+00:00 GET /008/maxage-86400/ff max_age=86400
2026-08-07T12:19:14+00:00 GET /008/maxage-86400/cr max_age=86400
2026-08-07T12:19:15+00:00 GET /008/maxage-86400/ff max_age=86400
2026-08-07T12:19:44+00:00 GET /008/maxage-86400/cr max_age=86400
2026-08-07T12:19:45+00:00 GET /008/maxage-86400/ff max_age=86400
2026-08-07T12:20:14+00:00 GET /008/maxage-86400/cr max_age=86400
2026-08-07T12:20:15+00:00 GET /008/maxage-86400/ff max_age=86400
2026-08-07T12:20:44+00:00 GET /008/maxage-86400/cr max_age=86400
2026-08-07T12:20:45+00:00 GET /008/maxage-86400/ff max_age=86400
2026-08-07T12:21:14+00:00 GET /008/maxage-86400/cr max_age=86400
2026-08-07T12:21:15+00:00 GET /008/maxage-86400/ff max_age=86400
2026-08-07T12:21:44+00:00 GET /008/maxage-86400/cr max_age=86400
2026-08-07T12:21:45+00:00 GET /008/maxage-86400/ff max_age=86400
2026-08-07T12:22:14+00:00 GET /008/maxage-86400/cr max_age=86400
2026-08-07T12:22:15+00:00 GET /008/maxage-86400/ff max_age=86400
2026-08-07T12:22:44+00:00 GET /008/maxage-86400/cr max_age=86400
2026-08-07T12:22:45+00:00 GET /008/maxage-86400/ff max_age=86400
2026-08-07T12:23:14+00:00 GET /008/maxage-86400/cr max_age=86400
2026-08-07T12:23:15+00:00 GET /008/maxage-86400/ff max_age=86400
2026-08-07T12:23:44+00:00 GET /008/maxage-86400/cr max_age=86400
2026-08-07T12:23:45+00:00 GET /008/maxage-86400/ff max_age=86400
2026-08-07T12:24:14+00:00 GET /008/maxage-86400/cr max_age=86400
2026-08-07T12:24:15+00:00 GET /008/maxage-86400/ff max_age=86400
2026-08-07T12:24:44+00:00 GET /008/maxage-86400/cr max_age=86400
2026-08-07T12:24:45+00:00 GET /008/maxage-86400/ff max_age=86400
2026-08-07T12:25:14+00:00 GET /008/maxage-86400/cr max_age=86400
2026-08-07T12:25:15+00:00 GET /008/maxage-86400/ff max_age=86400
2026-08-07T12:25:44+00:00 GET /008/maxage-86400/cr max_age=86400
2026-08-07T12:25:45+00:00 GET /008/maxage-86400/ff max_age=86400
2026-08-07T12:26:14+00:00 GET /008/maxage-86400/cr max_age=86400
2026-08-07T12:26:15+00:00 GET /008/maxage-86400/ff max_age=86400
2026-08-07T12:26:44+00:00 GET /008/maxage-86400/cr max_age=86400
2026-08-07T12:26:45+00:00 GET /008/maxage-86400/ff max_age=86400
2026-08-07T12:27:14+00:00 GET /008/maxage-86400/cr max_age=86400
2026-08-07T12:27:15+00:00 GET /008/maxage-86400/ff max_age=86400
2026-08-07T12:27:44+00:00 GET /008/maxage-86400/cr max_age=86400
2026-08-07T12:27:45+00:00 GET /008/maxage-86400/ff max_age=86400
2026-08-07T12:28:14+00:00 GET /008/maxage-86400/cr max_age=86400
2026-08-07T12:28:15+00:00 GET /008/maxage-86400/ff max_age=86400
2026-08-07T12:28:44+00:00 GET /008/maxage-86400/cr max_age=86400
2026-08-07T12:28:45+00:00 GET /008/maxage-86400/ff max_age=86400
2026-08-07T12:29:14+00:00 GET /008/maxage-86400/cr max_age=86400
2026-08-07T12:29:15+00:00 GET /008/maxage-86400/ff max_age=86400
2026-08-07T12:29:44+00:00 GET /008/maxage-86400/cr max_age=86400
2026-08-07T12:29:45+00:00 GET /008/maxage-86400/ff max_age=86400
2026-08-07T12:30:14+00:00 GET /008/maxage-86400/cr max_age=86400
2026-08-07T12:30:15+00:00 GET /008/maxage-86400/ff max_age=86400
2026-08-07T12:30:44+00:00 GET /008/maxage-86400/cr max_age=86400
2026-08-07T12:30:45+00:00 GET /008/maxage-86400/ff max_age=86400
2026-08-07T12:31:14+00:00 GET /008/maxage-86400/cr max_age=86400
2026-08-07T12:31:15+00:00 GET /008/maxage-86400/ff max_age=86400
2026-08-07T12:31:44+00:00 GET /008/maxage-86400/cr max_age=86400
2026-08-07T12:31:45+00:00 GET /008/maxage-86400/ff max_age=86400
2026-08-07T12:32:14+00:00 GET /008/maxage-86400/cr max_age=86400
2026-08-07T12:32:15+00:00 GET /008/maxage-86400/ff max_age=86400
2026-08-07T12:32:44+00:00 GET /008/maxage-86400/cr max_age=86400
2026-08-07T12:32:45+00:00 GET /008/maxage-86400/ff max_age=86400
2026-08-07T12:33:14+00:00 GET /008/maxage-86400/cr max_age=86400
2026-08-07T12:33:15+00:00 GET /008/maxage-86400/ff max_age=86400
2026-08-07T12:33:44+00:00 GET /008/maxage-86400/cr max_age=86400
2026-08-07T12:33:45+00:00 GET /008/maxage-86400/ff max_age=86400
2026-08-07T12:34:14+00:00 GET /008/maxage-86400/cr max_age=86400
2026-08-07T12:34:15+00:00 GET /008/maxage-86400/ff max_age=86400
2026-08-07T12:34:44+00:00 GET /008/maxage-86400/cr max_age=86400
2026-08-07T12:34:45+00:00 GET /008/maxage-86400/ff max_age=86400
2026-08-07T12:35:14+00:00 GET /008/maxage-86400/cr max_age=86400
2026-08-07T12:35:15+00:00 GET /008/maxage-86400/ff max_age=86400
2026-08-07T12:35:44+00:00 GET /008/maxage-86400/cr max_age=86400
2026-08-07T12:35:45+00:00 GET /008/maxage-86400/ff max_age=86400
2026-08-07T12:36:15+00:00 GET /008/maxage-86400/cr max_age=86400
2026-08-07T12:36:16+00:00 GET /008/maxage-86400/ff max_age=86400
2026-08-07T12:36:45+00:00 GET /008/maxage-86400/cr max_age=86400
2026-08-07T12:36:46+00:00 GET /008/maxage-86400/ff max_age=86400
2026-08-07T12:37:15+00:00 GET /008/maxage-86400/cr max_age=86400
2026-08-07T12:37:16+00:00 GET /008/maxage-86400/ff max_age=86400
2026-08-07T12:37:45+00:00 GET /008/maxage-86400/cr max_age=86400
2026-08-07T12:37:46+00:00 GET /008/maxage-86400/ff max_age=86400
2026-08-07T12:38:15+00:00 GET /008/maxage-86400/cr max_age=86400
2026-08-07T12:38:16+00:00 GET /008/maxage-86400/ff max_age=86400
2026-08-07T12:38:45+00:00 GET /008/maxage-86400/cr max_age=86400
2026-08-07T12:38:46+00:00 GET /008/maxage-86400/ff max_age=86400
2026-08-07T12:39:15+00:00 GET /008/maxage-86400/cr max_age=86400
2026-08-07T12:39:16+00:00 GET /008/maxage-86400/ff max_age=86400
2026-08-07T12:39:45+00:00 GET /008/maxage-86400/cr max_age=86400
2026-08-07T12:39:46+00:00 GET /008/maxage-86400/ff max_age=86400
2026-08-07T12:40:15+00:00 GET /008/maxage-86400/cr max_age=86400
2026-08-07T12:40:16+00:00 GET /008/maxage-86400/ff max_age=86400
2026-08-07T12:40:45+00:00 GET /008/maxage-86400/cr max_age=86400
2026-08-07T12:40:46+00:00 GET /008/maxage-86400/ff max_age=86400
2026-08-07T12:41:15+00:00 GET /008/maxage-86400/cr max_age=86400
2026-08-07T12:41:16+00:00 GET /008/maxage-86400/ff max_age=86400
2026-08-07T12:41:45+00:00 GET /008/maxage-86400/cr max_age=86400
2026-08-07T12:41:46+00:00 GET /008/maxage-86400/ff max_age=86400
2026-08-07T12:42:15+00:00 GET /008/maxage-86400/cr max_age=86400
2026-08-07T12:42:16+00:00 GET /008/maxage-86400/ff max_age=86400
2026-08-07T12:42:45+00:00 GET /008/maxage-86400/cr max_age=86400
2026-08-07T12:42:46+00:00 GET /008/maxage-86400/ff max_age=86400
2026-08-07T12:43:15+00:00 GET /008/maxage-86400/cr max_age=86400
2026-08-07T12:43:16+00:00 GET /008/maxage-86400/ff max_age=86400
2026-08-07T12:43:45+00:00 GET /008/maxage-86400/cr max_age=86400
2026-08-07T12:43:46+00:00 GET /008/maxage-86400/ff max_age=86400
2026-08-07T12:44:15+00:00 GET /008/maxage-86400/cr max_age=86400
2026-08-07T12:44:16+00:00 GET /008/maxage-86400/ff max_age=86400
2026-08-07T12:44:45+00:00 GET /008/maxage-86400/cr max_age=86400
2026-08-07T12:44:46+00:00 GET /008/maxage-86400/ff max_age=86400
2026-08-07T12:45:15+00:00 GET /008/maxage-86400/cr max_age=86400
2026-08-07T12:45:16+00:00 GET /008/maxage-86400/ff max_age=86400
2026-08-07T12:45:45+00:00 GET /008/maxage-86400/cr max_age=86400
2026-08-07T12:45:46+00:00 GET /008/maxage-86400/ff max_age=86400
2026-08-07T12:46:15+00:00 GET /008/maxage-86400/cr max_age=86400
2026-08-07T12:46:16+00:00 GET /008/maxage-86400/ff max_age=86400
2026-08-07T12:46:45+00:00 GET /008/maxage-86400/cr max_age=86400
2026-08-07T12:46:46+00:00 GET /008/maxage-86400/ff max_age=86400
2026-08-07T12:47:15+00:00 GET /008/maxage-86400/cr max_age=86400
2026-08-07T12:47:16+00:00 GET /008/maxage-86400/ff max_age=86400
2026-08-07T12:47:45+00:00 GET /008/maxage-86400/cr max_age=86400
2026-08-07T12:47:46+00:00 GET /008/maxage-86400/ff max_age=86400
2026-08-07T12:48:15+00:00 GET /008/maxage-86400/cr max_age=86400
2026-08-07T12:48:16+00:00 GET /008/maxage-86400/ff max_age=86400
2026-08-07T12:48:45+00:00 GET /008/maxage-86400/cr max_age=86400
2026-08-07T12:48:46+00:00 GET /008/maxage-86400/ff max_age=86400
2026-08-07T12:49:15+00:00 GET /008/maxage-86400/cr max_age=86400
2026-08-07T12:49:16+00:00 GET /008/maxage-86400/ff max_age=86400
2026-08-07T12:49:45+00:00 GET /008/maxage-86400/cr max_age=86400
2026-08-07T12:49:46+00:00 GET /008/maxage-86400/ff max_age=86400
2026-08-07T12:50:15+00:00 GET /008/maxage-86400/cr max_age=86400
2026-08-07T12:50:16+00:00 GET /008/maxage-86400/ff max_age=86400
2026-08-07T12:50:45+00:00 GET /008/maxage-86400/cr max_age=86400
2026-08-07T12:50:46+00:00 GET /008/maxage-86400/ff max_age=86400
2026-08-07T12:51:15+00:00 GET /008/maxage-86400/cr max_age=86400
2026-08-07T12:51:16+00:00 GET /008/maxage-86400/ff max_age=86400
2026-08-07T12:51:45+00:00 GET /008/maxage-86400/cr max_age=86400
2026-08-07T12:51:46+00:00 GET /008/maxage-86400/ff max_age=86400
2026-08-07T12:52:15+00:00 GET /008/maxage-86400/cr max_age=86400
2026-08-07T12:52:16+00:00 GET /008/maxage-86400/ff max_age=86400
2026-08-07T12:52:45+00:00 GET /008/maxage-86400/cr max_age=86400
2026-08-07T12:52:46+00:00 GET /008/maxage-86400/ff max_age=86400
2026-08-07T12:53:15+00:00 GET /008/maxage-86400/cr max_age=86400
2026-08-07T12:53:16+00:00 GET /008/maxage-86400/ff max_age=86400
2026-08-07T12:53:45+00:00 GET /008/maxage-86400/cr max_age=86400
2026-08-07T12:53:46+00:00 GET /008/maxage-86400/ff max_age=86400
2026-08-07T12:54:15+00:00 GET /008/maxage-86400/cr max_age=86400
2026-08-07T12:54:16+00:00 GET /008/maxage-86400/ff max_age=86400
2026-08-07T12:54:45+00:00 GET /008/maxage-86400/cr max_age=86400
2026-08-07T12:54:46+00:00 GET /008/maxage-86400/ff max_age=86400
2026-08-07T12:55:15+00:00 GET /008/maxage-86400/cr max_age=86400
2026-08-07T12:55:16+00:00 GET /008/maxage-86400/ff max_age=86400
2026-08-07T12:55:45+00:00 GET /008/maxage-86400/cr max_age=86400
2026-08-07T12:55:46+00:00 GET /008/maxage-86400/ff max_age=86400
2026-08-07T12:56:15+00:00 GET /008/maxage-86400/cr max_age=86400
2026-08-07T12:56:16+00:00 GET /008/maxage-86400/ff max_age=86400
2026-08-07T12:56:45+00:00 GET /008/maxage-86400/cr max_age=86400
2026-08-07T12:56:46+00:00 GET /008/maxage-86400/ff max_age=86400
2026-08-07T12:57:15+00:00 GET /008/maxage-86400/cr max_age=86400
2026-08-07T12:57:16+00:00 GET /008/maxage-86400/ff max_age=86400
2026-08-07T12:57:45+00:00 GET /008/maxage-86400/cr max_age=86400
2026-08-07T12:57:46+00:00 GET /008/maxage-86400/ff max_age=86400
2026-08-07T12:58:15+00:00 GET /008/maxage-86400/cr max_age=86400
2026-08-07T12:58:16+00:00 GET /008/maxage-86400/ff max_age=86400
2026-08-07T12:58:45+00:00 GET /008/maxage-86400/cr max_age=86400
2026-08-07T12:58:46+00:00 GET /008/maxage-86400/ff max_age=86400
2026-08-07T12:59:15+00:00 GET /008/maxage-86400/cr max_age=86400
2026-08-07T12:59:16+00:00 GET /008/maxage-86400/ff max_age=86400
2026-08-07T12:59:45+00:00 GET /008/maxage-86400/cr max_age=86400
2026-08-07T12:59:46+00:00 GET /008/maxage-86400/ff max_age=86400
2026-08-07T13:00:15+00:00 GET /008/maxage-86400/cr max_age=86400
2026-08-07T13:00:16+00:00 GET /008/maxage-86400/ff max_age=86400
2026-08-07T13:00:45+00:00 GET /008/maxage-86400/cr max_age=86400
2026-08-07T13:00:46+00:00 GET /008/maxage-86400/ff max_age=86400
2026-08-07T13:01:15+00:00 GET /008/maxage-86400/cr max_age=86400
2026-08-07T13:01:16+00:00 GET /008/maxage-86400/ff max_age=86400
2026-08-07T13:01:45+00:00 GET /008/maxage-86400/cr max_age=86400
2026-08-07T13:01:46+00:00 GET /008/maxage-86400/ff max_age=86400
2026-08-07T13:02:15+00:00 GET /008/maxage-86400/cr max_age=86400
2026-08-07T13:02:16+00:00 GET /008/maxage-86400/ff max_age=86400
2026-08-07T13:02:45+00:00 GET /008/maxage-86400/cr max_age=86400
2026-08-07T13:02:46+00:00 GET /008/maxage-86400/ff max_age=86400
2026-08-07T13:03:15+00:00 GET /008/maxage-86400/cr max_age=86400
2026-08-07T13:03:16+00:00 GET /008/maxage-86400/ff max_age=86400
2026-08-07T13:03:45+00:00 GET /008/maxage-86400/cr max_age=86400
2026-08-07T13:03:46+00:00 GET /008/maxage-86400/ff max_age=86400
2026-08-07T13:04:15+00:00 GET /008/maxage-86400/cr max_age=86400
2026-08-07T13:04:16+00:00 GET /008/maxage-86400/ff max_age=86400
2026-08-07T13:04:45+00:00 GET /008/maxage-86400/cr max_age=86400
2026-08-07T13:04:46+00:00 GET /008/maxage-86400/ff max_age=86400
2026-08-07T13:05:15+00:00 GET /008/maxage-86400/cr max_age=86400
2026-08-07T13:05:16+00:00 GET /008/maxage-86400/ff max_age=86400
2026-08-07T13:05:45+00:00 GET /008/maxage-86400/cr max_age=86400
2026-08-07T13:05:46+00:00 GET /008/maxage-86400/ff max_age=86400
2026-08-07T13:06:15+00:00 GET /008/maxage-86400/cr max_age=86400
2026-08-07T13:06:16+00:00 GET /008/maxage-86400/ff max_age=86400
2026-08-07T13:06:45+00:00 GET /008/maxage-86400/cr max_age=86400
2026-08-07T13:06:46+00:00 GET /008/maxage-86400/ff max_age=86400
2026-08-07T13:07:15+00:00 GET /008/maxage-86400/cr max_age=86400
2026-08-07T13:07:16+00:00 GET /008/maxage-86400/ff max_age=86400
2026-08-07T13:07:45+00:00 GET /008/maxage-86400/cr max_age=86400
2026-08-07T13:07:46+00:00 GET /008/maxage-86400/ff max_age=86400
2026-08-07T13:08:15+00:00 GET /008/maxage-86400/cr max_age=86400
2026-08-07T13:08:16+00:00 GET /008/maxage-86400/ff max_age=86400
2026-08-07T13:08:45+00:00 GET /008/maxage-86400/cr max_age=86400
2026-08-07T13:08:46+00:00 GET /008/maxage-86400/ff max_age=86400
2026-08-07T13:09:15+00:00 GET /008/maxage-86400/cr max_age=86400
2026-08-07T13:09:16+00:00 GET /008/maxage-86400/ff max_age=86400
2026-08-07T13:09:45+00:00 GET /008/maxage-86400/cr max_age=86400
2026-08-07T13:09:46+00:00 GET /008/maxage-86400/ff max_age=86400
2026-08-07T13:10:15+00:00 GET /008/maxage-86400/cr max_age=86400
2026-08-07T13:10:16+00:00 GET /008/maxage-86400/ff max_age=86400
2026-08-07T13:10:45+00:00 GET /008/maxage-86400/cr max_age=86400
2026-08-07T13:10:46+00:00 GET /008/maxage-86400/ff max_age=86400
2026-08-07T13:11:15+00:00 GET /008/maxage-86400/cr max_age=86400
2026-08-07T13:11:16+00:00 GET /008/maxage-86400/ff max_age=86400
2026-08-07T13:11:45+00:00 GET /008/maxage-86400/cr max_age=86400
2026-08-07T13:11:46+00:00 GET /008/maxage-86400/ff max_age=86400
2026-08-07T13:12:15+00:00 GET /008/maxage-86400/cr max_age=86400
2026-08-07T13:12:16+00:00 GET /008/maxage-86400/ff max_age=86400
2026-08-07T13:12:45+00:00 GET /008/maxage-86400/cr max_age=86400
2026-08-07T13:12:46+00:00 GET /008/maxage-86400/ff max_age=86400
2026-08-07T13:13:15+00:00 GET /008/maxage-86400/cr max_age=86400
2026-08-07T13:13:16+00:00 GET /008/maxage-86400/ff max_age=86400
2026-08-07T13:13:45+00:00 GET /008/maxage-86400/cr max_age=86400
2026-08-07T13:13:46+00:00 GET /008/maxage-86400/ff max_age=86400
2026-08-07T13:14:15+00:00 GET /008/maxage-86400/cr max_age=86400
2026-08-07T13:14:16+00:00 GET /008/maxage-86400/ff max_age=86400
2026-08-07T13:14:45+00:00 GET /008/maxage-86400/cr max_age=86400
2026-08-07T13:14:46+00:00 GET /008/maxage-86400/ff max_age=86400
2026-08-07T13:15:15+00:00 GET /008/maxage-86400/cr max_age=86400
2026-08-07T13:15:16+00:00 GET /008/maxage-86400/ff max_age=86400
2026-08-07T13:15:45+00:00 GET /008/maxage-86400/cr max_age=86400
2026-08-07T13:15:46+00:00 GET /008/maxage-86400/ff max_age=86400
2026-08-07T13:16:15+00:00 GET /008/maxage-86400/cr max_age=86400
2026-08-07T13:16:16+00:00 GET /008/maxage-86400/ff max_age=86400
2026-08-07T13:16:45+00:00 GET /008/maxage-86400/cr max_age=86400
2026-08-07T13:16:46+00:00 GET /008/maxage-86400/ff max_age=86400
2026-08-07T13:17:15+00:00 GET /008/maxage-86400/cr max_age=86400
2026-08-07T13:17:16+00:00 GET /008/maxage-86400/ff max_age=86400
2026-08-07T13:17:45+00:00 GET /008/maxage-86400/cr max_age=86400
2026-08-07T13:17:46+00:00 GET /008/maxage-86400/ff max_age=86400
2026-08-07T13:18:15+00:00 GET /008/maxage-86400/cr max_age=86400
2026-08-07T13:18:16+00:00 GET /008/maxage-86400/ff max_age=86400
2026-08-07T13:18:45+00:00 GET /008/maxage-86400/cr max_age=86400
2026-08-07T13:18:46+00:00 GET /008/maxage-86400/ff max_age=86400
2026-08-07T13:19:15+00:00 GET /008/maxage-86400/cr max_age=86400
2026-08-07T13:19:17+00:00 GET /008/maxage-86400/ff max_age=86400
2026-08-07T13:19:45+00:00 GET /008/maxage-86400/cr max_age=86400
2026-08-07T13:19:47+00:00 GET /008/maxage-86400/ff max_age=86400
2026-08-07T13:20:15+00:00 GET /008/maxage-86400/cr max_age=86400
2026-08-07T13:20:17+00:00 GET /008/maxage-86400/ff max_age=86400
2026-08-07T13:20:45+00:00 GET /008/maxage-86400/cr max_age=86400
2026-08-07T13:20:47+00:00 GET /008/maxage-86400/ff max_age=86400
2026-08-07T13:21:15+00:00 GET /008/maxage-86400/cr max_age=86400
2026-08-07T13:21:17+00:00 GET /008/maxage-86400/ff max_age=86400
2026-08-07T13:21:45+00:00 GET /008/maxage-86400/cr max_age=86400
2026-08-07T13:21:47+00:00 GET /008/maxage-86400/ff max_age=86400
2026-08-07T13:22:15+00:00 GET /008/maxage-86400/cr max_age=86400
2026-08-07T13:22:17+00:00 GET /008/maxage-86400/ff max_age=86400
2026-08-07T13:22:45+00:00 GET /008/maxage-86400/cr max_age=86400
2026-08-07T13:22:47+00:00 GET /008/maxage-86400/ff max_age=86400
2026-08-07T13:23:15+00:00 GET /008/maxage-86400/cr max_age=86400
2026-08-07T13:23:17+00:00 GET /008/maxage-86400/ff max_age=86400
2026-08-07T13:23:45+00:00 GET /008/maxage-86400/cr max_age=86400
2026-08-07T13:23:47+00:00 GET /008/maxage-86400/ff max_age=86400
2026-08-07T13:24:15+00:00 GET /008/maxage-86400/cr max_age=86400
2026-08-07T13:24:17+00:00 GET /008/maxage-86400/ff max_age=86400
2026-08-07T13:24:45+00:00 GET /008/maxage-86400/cr max_age=86400
2026-08-07T13:24:47+00:00 GET /008/maxage-86400/ff max_age=86400
2026-08-07T13:25:15+00:00 GET /008/maxage-86400/cr max_age=86400
2026-08-07T13:25:17+00:00 GET /008/maxage-86400/ff max_age=86400
2026-08-07T13:25:45+00:00 GET /008/maxage-86400/cr max_age=86400
2026-08-07T13:25:47+00:00 GET /008/maxage-86400/ff max_age=86400
2026-08-07T13:26:15+00:00 GET /008/maxage-86400/cr max_age=86400
2026-08-07T13:26:17+00:00 GET /008/maxage-86400/ff max_age=86400
2026-08-07T13:26:45+00:00 GET /008/maxage-86400/cr max_age=86400
2026-08-07T13:26:47+00:00 GET /008/maxage-86400/ff max_age=86400
2026-08-07T13:27:15+00:00 GET /008/maxage-86400/cr max_age=86400
2026-08-07T13:27:17+00:00 GET /008/maxage-86400/ff max_age=86400
2026-08-07T13:27:46+00:00 GET /008/maxage-86400/cr max_age=86400
2026-08-07T13:27:47+00:00 GET /008/maxage-86400/ff max_age=86400
2026-08-07T13:28:16+00:00 GET /008/maxage-86400/cr max_age=86400
2026-08-07T13:28:17+00:00 GET /008/maxage-86400/ff max_age=86400
2026-08-07T13:28:46+00:00 GET /008/maxage-86400/cr max_age=86400
2026-08-07T13:28:47+00:00 GET /008/maxage-86400/ff max_age=86400
2026-08-07T13:29:16+00:00 GET /008/maxage-86400/cr max_age=86400
2026-08-07T13:29:17+00:00 GET /008/maxage-86400/ff max_age=86400
2026-08-07T13:29:46+00:00 GET /008/maxage-86400/cr max_age=86400
2026-08-07T13:29:47+00:00 GET /008/maxage-86400/ff max_age=86400
2026-08-07T13:30:16+00:00 GET /008/maxage-86400/cr max_age=86400
2026-08-07T13:30:17+00:00 GET /008/maxage-86400/ff max_age=86400
2026-08-07T13:30:46+00:00 GET /008/maxage-86400/cr max_age=86400
2026-08-07T13:30:47+00:00 GET /008/maxage-86400/ff max_age=86400
2026-08-07T13:31:16+00:00 GET /008/maxage-86400/cr max_age=86400
2026-08-07T13:31:17+00:00 GET /008/maxage-86400/ff max_age=86400
2026-08-07T13:31:46+00:00 GET /008/maxage-86400/cr max_age=86400
2026-08-07T13:31:47+00:00 GET /008/maxage-86400/ff max_age=86400
2026-08-07T13:32:16+00:00 GET /008/maxage-86400/cr max_age=86400
2026-08-07T13:32:17+00:00 GET /008/maxage-86400/ff max_age=86400
2026-08-07T13:32:46+00:00 GET /008/maxage-86400/cr max_age=86400
2026-08-07T13:32:47+00:00 GET /008/maxage-86400/ff max_age=86400
2026-08-07T13:33:16+00:00 GET /008/maxage-86400/cr max_age=86400
2026-08-07T13:33:17+00:00 GET /008/maxage-86400/ff max_age=86400
2026-08-07T13:33:46+00:00 GET /008/maxage-86400/cr max_age=86400
2026-08-07T13:33:47+00:00 GET /008/maxage-86400/ff max_age=86400
2026-08-07T13:34:16+00:00 GET /008/maxage-86400/cr max_age=86400
2026-08-07T13:34:17+00:00 GET /008/maxage-86400/ff max_age=86400
2026-08-07T13:34:46+00:00 GET /008/maxage-86400/cr max_age=86400
2026-08-07T13:34:47+00:00 GET /008/maxage-86400/ff max_age=86400
2026-08-07T13:35:16+00:00 GET /008/maxage-86400/cr max_age=86400
2026-08-07T13:35:17+00:00 GET /008/maxage-86400/ff max_age=86400
2026-08-07T13:35:46+00:00 GET /008/maxage-86400/cr max_age=86400
2026-08-07T13:35:47+00:00 GET /008/maxage-86400/ff max_age=86400
2026-08-07T13:36:16+00:00 GET /008/maxage-86400/cr max_age=86400
2026-08-07T13:36:17+00:00 GET /008/maxage-86400/ff max_age=86400
2026-08-07T13:36:46+00:00 GET /008/maxage-86400/cr max_age=86400
2026-08-07T13:36:47+00:00 GET /008/maxage-86400/ff max_age=86400
2026-08-07T13:37:16+00:00 GET /008/maxage-86400/cr max_age=86400
2026-08-07T13:37:17+00:00 GET /008/maxage-86400/ff max_age=86400
2026-08-07T13:37:46+00:00 GET /008/maxage-86400/cr max_age=86400
2026-08-07T13:37:47+00:00 GET /008/maxage-86400/ff max_age=86400
2026-08-07T13:38:16+00:00 GET /008/maxage-86400/cr max_age=86400
2026-08-07T13:38:17+00:00 GET /008/maxage-86400/ff max_age=86400
2026-08-07T13:38:46+00:00 GET /008/maxage-86400/cr max_age=86400
2026-08-07T13:38:47+00:00 GET /008/maxage-86400/ff max_age=86400
2026-08-07T13:39:16+00:00 GET /008/maxage-86400/cr max_age=86400
2026-08-07T13:39:17+00:00 GET /008/maxage-86400/ff max_age=86400
2026-08-07T13:39:46+00:00 GET /008/maxage-86400/cr max_age=86400
2026-08-07T13:39:47+00:00 GET /008/maxage-86400/ff max_age=86400
2026-08-07T13:40:16+00:00 GET /008/maxage-86400/cr max_age=86400
2026-08-07T13:40:17+00:00 GET /008/maxage-86400/ff max_age=86400
2026-08-07T13:40:46+00:00 GET /008/maxage-86400/cr max_age=86400
2026-08-07T13:40:47+00:00 GET /008/maxage-86400/ff max_age=86400
2026-08-07T13:41:16+00:00 GET /008/maxage-86400/cr max_age=86400
2026-08-07T13:41:17+00:00 GET /008/maxage-86400/ff max_age=86400
2026-08-07T13:41:46+00:00 GET /008/maxage-86400/cr max_age=86400
2026-08-07T13:41:47+00:00 GET /008/maxage-86400/ff max_age=86400
2026-08-07T13:42:16+00:00 GET /008/maxage-86400/cr max_age=86400
2026-08-07T13:42:17+00:00 GET /008/maxage-86400/ff max_age=86400
2026-08-07T13:42:46+00:00 GET /008/maxage-86400/cr max_age=86400
2026-08-07T13:42:47+00:00 GET /008/maxage-86400/ff max_age=86400
2026-08-07T13:43:16+00:00 GET /008/maxage-86400/cr max_age=86400
2026-08-07T13:43:17+00:00 GET /008/maxage-86400/ff max_age=86400
2026-08-07T13:43:46+00:00 GET /008/maxage-86400/cr max_age=86400
2026-08-07T13:43:47+00:00 GET /008/maxage-86400/ff max_age=86400
2026-08-07T13:44:16+00:00 GET /008/maxage-86400/cr max_age=86400
2026-08-07T13:44:17+00:00 GET /008/maxage-86400/ff max_age=86400
2026-08-07T13:44:46+00:00 GET /008/maxage-86400/cr max_age=86400
2026-08-07T13:44:47+00:00 GET /008/maxage-86400/ff max_age=86400
2026-08-07T13:45:16+00:00 GET /008/maxage-86400/cr max_age=86400
2026-08-07T13:45:17+00:00 GET /008/maxage-86400/ff max_age=86400
2026-08-07T13:45:46+00:00 GET /008/maxage-86400/cr max_age=86400
2026-08-07T13:45:47+00:00 GET /008/maxage-86400/ff max_age=86400
2026-08-07T13:46:16+00:00 GET /008/maxage-86400/cr max_age=86400
2026-08-07T13:46:17+00:00 GET /008/maxage-86400/ff max_age=86400
2026-08-07T13:46:46+00:00 GET /008/maxage-86400/cr max_age=86400
2026-08-07T13:46:47+00:00 GET /008/maxage-86400/ff max_age=86400
2026-08-07T13:47:16+00:00 GET /008/maxage-86400/cr max_age=86400
2026-08-07T13:47:17+00:00 GET /008/maxage-86400/ff max_age=86400
2026-08-07T13:47:46+00:00 GET /008/maxage-86400/cr max_age=86400
2026-08-07T13:47:47+00:00 GET /008/maxage-86400/ff max_age=86400
2026-08-07T13:48:16+00:00 GET /008/maxage-86400/cr max_age=86400
2026-08-07T13:48:17+00:00 GET /008/maxage-86400/ff max_age=86400
2026-08-07T13:48:46+00:00 GET /008/maxage-86400/cr max_age=86400
2026-08-07T13:48:47+00:00 GET /008/maxage-86400/ff max_age=86400
2026-08-07T13:49:16+00:00 GET /008/maxage-86400/cr max_age=86400
2026-08-07T13:49:17+00:00 GET /008/maxage-86400/ff max_age=86400
2026-08-07T13:49:46+00:00 GET /008/maxage-86400/cr max_age=86400
2026-08-07T13:49:47+00:00 GET /008/maxage-86400/ff max_age=86400
2026-08-07T13:50:16+00:00 GET /008/maxage-86400/cr max_age=86400
2026-08-07T13:50:17+00:00 GET /008/maxage-86400/ff max_age=86400
2026-08-07T13:50:46+00:00 GET /008/maxage-86400/cr max_age=86400
2026-08-07T13:50:47+00:00 GET /008/maxage-86400/ff max_age=86400
2026-08-07T13:51:16+00:00 GET /008/maxage-86400/cr max_age=86400
2026-08-07T13:51:17+00:00 GET /008/maxage-86400/ff max_age=86400
2026-08-07T13:51:46+00:00 GET /008/maxage-86400/cr max_age=86400
2026-08-07T13:51:47+00:00 GET /008/maxage-86400/ff max_age=86400
2026-08-07T13:52:16+00:00 GET /008/maxage-86400/cr max_age=86400
2026-08-07T13:52:17+00:00 GET /008/maxage-86400/ff max_age=86400
2026-08-07T13:52:46+00:00 GET /008/maxage-86400/cr max_age=86400
2026-08-07T13:52:47+00:00 GET /008/maxage-86400/ff max_age=86400
2026-08-07T13:53:16+00:00 GET /008/maxage-86400/cr max_age=86400
2026-08-07T13:53:17+00:00 GET /008/maxage-86400/ff max_age=86400
2026-08-07T13:53:46+00:00 GET /008/maxage-86400/cr max_age=86400
2026-08-07T13:53:47+00:00 GET /008/maxage-86400/ff max_age=86400
2026-08-07T13:54:16+00:00 GET /008/maxage-86400/cr max_age=86400
2026-08-07T13:54:17+00:00 GET /008/maxage-86400/ff max_age=86400
2026-08-07T13:54:46+00:00 GET /008/maxage-86400/cr max_age=86400
2026-08-07T13:54:47+00:00 GET /008/maxage-86400/ff max_age=86400
2026-08-07T13:55:16+00:00 GET /008/maxage-86400/cr max_age=86400
2026-08-07T13:55:17+00:00 GET /008/maxage-86400/ff max_age=86400
2026-08-07T13:55:46+00:00 GET /008/maxage-86400/cr max_age=86400
2026-08-07T13:55:47+00:00 GET /008/maxage-86400/ff max_age=86400
2026-08-07T13:56:16+00:00 GET /008/maxage-86400/cr max_age=86400
2026-08-07T13:56:17+00:00 GET /008/maxage-86400/ff max_age=86400
2026-08-07T13:56:46+00:00 GET /008/maxage-86400/cr max_age=86400
2026-08-07T13:56:47+00:00 GET /008/maxage-86400/ff max_age=86400
2026-08-07T13:57:16+00:00 GET /008/maxage-86400/cr max_age=86400
2026-08-07T13:57:17+00:00 GET /008/maxage-86400/ff max_age=86400
2026-08-07T13:57:46+00:00 GET /008/maxage-86400/cr max_age=86400
2026-08-07T13:57:47+00:00 GET /008/maxage-86400/ff max_age=86400
2026-08-07T13:58:16+00:00 GET /008/maxage-86400/cr max_age=86400
2026-08-07T13:58:17+00:00 GET /008/maxage-86400/ff max_age=86400
2026-08-07T13:58:46+00:00 GET /008/maxage-86400/cr max_age=86400
2026-08-07T13:58:47+00:00 GET /008/maxage-86400/ff max_age=86400
2026-08-07T13:59:16+00:00 GET /008/maxage-86400/cr max_age=86400
2026-08-07T13:59:17+00:00 GET /008/maxage-86400/ff max_age=86400
2026-08-07T13:59:46+00:00 GET /008/maxage-86400/cr max_age=86400
2026-08-07T13:59:47+00:00 GET /008/maxage-86400/ff max_age=86400
2026-08-07T14:00:16+00:00 GET /008/maxage-86400/cr max_age=86400
2026-08-07T14:00:18+00:00 GET /008/maxage-86400/ff max_age=86400
2026-08-07T14:00:46+00:00 GET /008/maxage-86400/cr max_age=86400
2026-08-07T14:00:48+00:00 GET /008/maxage-86400/ff max_age=86400
2026-08-07T14:01:16+00:00 GET /008/maxage-86400/cr max_age=86400
2026-08-07T14:01:18+00:00 GET /008/maxage-86400/ff max_age=86400
2026-08-07T14:01:46+00:00 GET /008/maxage-86400/cr max_age=86400
2026-08-07T14:01:48+00:00 GET /008/maxage-86400/ff max_age=86400
2026-08-07T14:02:16+00:00 GET /008/maxage-86400/cr max_age=86400
2026-08-07T14:02:18+00:00 GET /008/maxage-86400/ff max_age=86400
2026-08-07T14:02:46+00:00 GET /008/maxage-86400/cr max_age=86400
2026-08-07T14:02:48+00:00 GET /008/maxage-86400/ff max_age=86400
2026-08-07T14:03:16+00:00 GET /008/maxage-86400/cr max_age=86400
2026-08-07T14:03:18+00:00 GET /008/maxage-86400/ff max_age=86400
2026-08-07T14:03:46+00:00 GET /008/maxage-86400/cr max_age=86400
2026-08-07T14:03:48+00:00 GET /008/maxage-86400/ff max_age=86400
2026-08-07T14:04:16+00:00 GET /008/maxage-86400/cr max_age=86400
2026-08-07T14:04:18+00:00 GET /008/maxage-86400/ff max_age=86400
2026-08-07T14:04:46+00:00 GET /008/maxage-86400/cr max_age=86400
2026-08-07T14:04:48+00:00 GET /008/maxage-86400/ff max_age=86400
2026-08-07T14:05:16+00:00 GET /008/maxage-86400/cr max_age=86400
2026-08-07T14:05:18+00:00 GET /008/maxage-86400/ff max_age=86400
2026-08-07T14:05:46+00:00 GET /008/maxage-86400/cr max_age=86400
2026-08-07T14:05:48+00:00 GET /008/maxage-86400/ff max_age=86400
2026-08-07T14:06:16+00:00 GET /008/maxage-86400/cr max_age=86400
2026-08-07T14:06:18+00:00 GET /008/maxage-86400/ff max_age=86400
2026-08-07T14:06:46+00:00 GET /008/maxage-86400/cr max_age=86400
2026-08-07T14:06:48+00:00 GET /008/maxage-86400/ff max_age=86400
2026-08-07T14:07:16+00:00 GET /008/maxage-86400/cr max_age=86400
2026-08-07T14:07:18+00:00 GET /008/maxage-86400/ff max_age=86400
2026-08-07T14:07:46+00:00 GET /008/maxage-86400/cr max_age=86400
2026-08-07T14:07:48+00:00 GET /008/maxage-86400/ff max_age=86400
2026-08-07T14:08:16+00:00 GET /008/maxage-86400/cr max_age=86400
2026-08-07T14:08:18+00:00 GET /008/maxage-86400/ff max_age=86400
2026-08-07T14:08:46+00:00 GET /008/maxage-86400/cr max_age=86400
2026-08-07T14:08:48+00:00 GET /008/maxage-86400/ff max_age=86400
2026-08-07T14:09:16+00:00 GET /008/maxage-86400/cr max_age=86400
2026-08-07T14:09:18+00:00 GET /008/maxage-86400/ff max_age=86400
2026-08-07T14:09:46+00:00 GET /008/maxage-86400/cr max_age=86400
2026-08-07T14:09:48+00:00 GET /008/maxage-86400/ff max_age=86400
2026-08-07T14:10:16+00:00 GET /008/maxage-86400/cr max_age=86400
2026-08-07T14:10:18+00:00 GET /008/maxage-86400/ff max_age=86400
2026-08-07T14:10:46+00:00 GET /008/maxage-86400/cr max_age=86400
2026-08-07T14:10:48+00:00 GET /008/maxage-86400/ff max_age=86400
2026-08-07T14:11:16+00:00 GET /008/maxage-86400/cr max_age=86400
2026-08-07T14:11:18+00:00 GET /008/maxage-86400/ff max_age=86400
2026-08-07T14:11:46+00:00 GET /008/maxage-86400/cr max_age=86400
2026-08-07T14:11:48+00:00 GET /008/maxage-86400/ff max_age=86400
2026-08-07T14:12:16+00:00 GET /008/maxage-86400/cr max_age=86400
2026-08-07T14:12:18+00:00 GET /008/maxage-86400/ff max_age=86400
2026-08-07T14:12:46+00:00 GET /008/maxage-86400/cr max_age=86400
2026-08-07T14:12:48+00:00 GET /008/maxage-86400/ff max_age=86400
2026-08-07T14:13:16+00:00 GET /008/maxage-86400/cr max_age=86400
2026-08-07T14:13:18+00:00 GET /008/maxage-86400/ff max_age=86400
2026-08-07T14:13:46+00:00 GET /008/maxage-86400/cr max_age=86400
2026-08-07T14:13:48+00:00 GET /008/maxage-86400/ff max_age=86400
2026-08-07T14:14:16+00:00 GET /008/maxage-86400/cr max_age=86400
2026-08-07T14:14:18+00:00 GET /008/maxage-86400/ff max_age=86400
2026-08-07T14:14:46+00:00 GET /008/maxage-86400/cr max_age=86400
2026-08-07T14:14:48+00:00 GET /008/maxage-86400/ff max_age=86400
2026-08-07T14:15:16+00:00 GET /008/maxage-86400/cr max_age=86400
2026-08-07T14:15:18+00:00 GET /008/maxage-86400/ff max_age=86400
2026-08-07T14:15:46+00:00 GET /008/maxage-86400/cr max_age=86400
2026-08-07T14:15:48+00:00 GET /008/maxage-86400/ff max_age=86400
2026-08-07T14:16:16+00:00 OPTIONS /008/maxage-86400/cr max_age=86400
2026-08-07T14:16:16+00:00 GET /008/maxage-86400/cr max_age=86400
2026-08-07T14:16:18+00:00 GET /008/maxage-86400/ff max_age=86400
2026-08-07T14:16:46+00:00 GET /008/maxage-86400/cr max_age=86400
2026-08-07T14:16:48+00:00 GET /008/maxage-86400/ff max_age=86400
2026-08-07T14:17:16+00:00 GET /008/maxage-86400/cr max_age=86400
2026-08-07T14:17:18+00:00 GET /008/maxage-86400/ff max_age=86400
2026-08-07T14:17:46+00:00 GET /008/maxage-86400/cr max_age=86400
2026-08-07T14:17:48+00:00 GET /008/maxage-86400/ff max_age=86400
2026-08-07T14:18:16+00:00 GET /008/maxage-86400/cr max_age=86400
2026-08-07T14:18:18+00:00 GET /008/maxage-86400/ff max_age=86400
2026-08-07T14:18:46+00:00 GET /008/maxage-86400/cr max_age=86400
2026-08-07T14:18:48+00:00 GET /008/maxage-86400/ff max_age=86400
2026-08-07T14:19:16+00:00 GET /008/maxage-86400/cr max_age=86400
2026-08-07T14:19:18+00:00 GET /008/maxage-86400/ff max_age=86400
2026-08-07T14:19:46+00:00 GET /008/maxage-86400/cr max_age=86400
2026-08-07T14:19:48+00:00 GET /008/maxage-86400/ff max_age=86400
2026-08-07T14:20:16+00:00 GET /008/maxage-86400/cr max_age=86400
2026-08-07T14:20:18+00:00 GET /008/maxage-86400/ff max_age=86400
2026-08-07T14:20:47+00:00 GET /008/maxage-86400/cr max_age=86400
2026-08-07T14:20:48+00:00 GET /008/maxage-86400/ff max_age=86400
2026-08-08T00:11:42+00:00 GET /008/boundary/get-plain max_age=-
2026-08-08T00:11:43+00:00 OPTIONS /008/boundary/get-custom-header max_age=-
2026-08-08T00:11:43+00:00 GET /008/boundary/get-custom-header max_age=-
2026-08-08T00:11:43+00:00 POST /008/boundary/post-text-plain max_age=-
2026-08-08T00:11:44+00:00 POST /008/boundary/post-form-urlencoded max_age=-
2026-08-08T00:11:44+00:00 POST /008/boundary/post-multipart max_age=-
2026-08-08T00:11:45+00:00 OPTIONS /008/boundary/post-json max_age=-
2026-08-08T00:11:45+00:00 POST /008/boundary/post-json max_age=-
2026-08-08T00:11:45+00:00 OPTIONS /008/boundary/put-plain max_age=-
2026-08-08T00:11:45+00:00 PUT /008/boundary/put-plain max_age=-
2026-08-08T00:11:46+00:00 OPTIONS /008/boundary/delete-plain max_age=-
2026-08-08T00:11:46+00:00 DELETE /008/boundary/delete-plain max_age=-
2026-08-08T00:12:00+00:00 OPTIONS /008/maxage-60/wk-pre max_age=60
2026-08-08T00:12:00+00:00 GET /008/maxage-60/wk-pre max_age=60
2026-08-08T00:12:05+00:00 GET /008/maxage-60/wk-pre max_age=60
2026-08-08T00:12:10+00:00 GET /008/maxage-60/wk-pre max_age=60
2026-08-08T00:12:15+00:00 GET /008/maxage-60/wk-pre max_age=60
2026-08-08T00:12:20+00:00 GET /008/maxage-60/wk-pre max_age=60
2026-08-08T00:12:25+00:00 GET /008/maxage-60/wk-pre max_age=60
2026-08-08T00:12:30+00:00 GET /008/maxage-60/wk-pre max_age=60
2026-08-08T00:12:35+00:00 GET /008/maxage-60/wk-pre max_age=60
2026-08-08T00:12:40+00:00 GET /008/maxage-60/wk-pre max_age=60
2026-08-08T00:12:45+00:00 GET /008/maxage-60/wk-pre max_age=60
2026-08-08T00:12:50+00:00 GET /008/maxage-60/wk-pre max_age=60
2026-08-08T00:12:55+00:00 GET /008/maxage-60/wk-pre max_age=60
2026-08-08T00:13:00+00:00 OPTIONS /008/maxage-60/wk-pre max_age=60
2026-08-08T00:13:00+00:00 GET /008/maxage-60/wk-pre max_age=60
2026-08-08T00:13:05+00:00 GET /008/maxage-60/wk-pre max_age=60
2026-08-08T00:13:10+00:00 GET /008/maxage-60/wk-pre max_age=60
2026-08-08T00:13:15+00:00 GET /008/maxage-60/wk-pre max_age=60
2026-08-08T00:13:20+00:00 GET /008/maxage-60/wk-pre max_age=60
2026-08-08T00:13:25+00:00 GET /008/maxage-60/wk-pre max_age=60
2026-08-08T00:13:30+00:00 GET /008/maxage-60/wk-pre max_age=60
2026-08-08T00:13:35+00:00 GET /008/maxage-60/wk-pre max_age=60
2026-08-08T00:13:40+00:00 GET /008/maxage-60/wk-pre max_age=60
2026-08-08T00:13:45+00:00 GET /008/maxage-60/wk-pre max_age=60
2026-08-08T00:13:50+00:00 GET /008/maxage-60/wk-pre max_age=60
2026-08-08T00:13:55+00:00 GET /008/maxage-60/wk-pre max_age=60
2026-08-08T00:14:00+00:00 OPTIONS /008/maxage-60/wk-pre max_age=60
2026-08-08T00:14:00+00:00 GET /008/maxage-60/wk-pre max_age=60
2026-08-08T00:14:05+00:00 GET /008/maxage-60/wk-pre max_age=60
2026-08-08T00:14:10+00:00 GET /008/maxage-60/wk-pre max_age=60
2026-08-08T00:14:15+00:00 GET /008/maxage-60/wk-pre max_age=60
2026-08-08T00:14:20+00:00 GET /008/maxage-60/wk-pre max_age=60
2026-08-08T00:14:25+00:00 GET /008/maxage-60/wk-pre max_age=60
2026-08-08T03:08:55+00:00 OPTIONS /008/maxage-86400/cr max_age=86400
2026-08-08T03:08:55+00:00 GET /008/maxage-86400/cr max_age=86400
2026-08-08T03:08:55+00:00 OPTIONS /008/maxage-86400/wk max_age=86400
2026-08-08T03:08:55+00:00 GET /008/maxage-86400/wk max_age=86400
2026-08-08T03:08:56+00:00 OPTIONS /008/maxage-86400/ff max_age=86400
2026-08-08T03:08:56+00:00 GET /008/maxage-86400/ff max_age=86400
2026-08-08T03:09:25+00:00 GET /008/maxage-86400/cr max_age=86400
2026-08-08T03:09:25+00:00 GET /008/maxage-86400/wk max_age=86400
2026-08-08T03:09:26+00:00 GET /008/maxage-86400/ff max_age=86400
2026-08-08T03:09:55+00:00 GET /008/maxage-86400/cr max_age=86400
2026-08-08T03:09:55+00:00 GET /008/maxage-86400/wk max_age=86400
2026-08-08T03:09:56+00:00 GET /008/maxage-86400/ff max_age=86400
2026-08-08T03:10:25+00:00 GET /008/maxage-86400/cr max_age=86400
2026-08-08T03:10:25+00:00 GET /008/maxage-86400/wk max_age=86400
2026-08-08T03:10:26+00:00 GET /008/maxage-86400/ff max_age=86400
2026-08-08T03:10:55+00:00 GET /008/maxage-86400/cr max_age=86400
2026-08-08T03:10:55+00:00 GET /008/maxage-86400/wk max_age=86400
2026-08-08T03:10:56+00:00 GET /008/maxage-86400/ff max_age=86400
2026-08-08T03:11:25+00:00 GET /008/maxage-86400/cr max_age=86400
2026-08-08T03:11:25+00:00 GET /008/maxage-86400/wk max_age=86400
2026-08-08T03:11:26+00:00 GET /008/maxage-86400/ff max_age=86400
2026-08-08T03:11:55+00:00 GET /008/maxage-86400/cr max_age=86400
2026-08-08T03:11:55+00:00 GET /008/maxage-86400/wk max_age=86400
2026-08-08T03:11:56+00:00 GET /008/maxage-86400/ff max_age=86400
2026-08-08T03:12:25+00:00 GET /008/maxage-86400/cr max_age=86400
2026-08-08T03:12:25+00:00 GET /008/maxage-86400/wk max_age=86400
2026-08-08T03:12:26+00:00 GET /008/maxage-86400/ff max_age=86400
2026-08-08T03:12:55+00:00 GET /008/maxage-86400/cr max_age=86400
2026-08-08T03:12:55+00:00 GET /008/maxage-86400/wk max_age=86400
2026-08-08T03:12:56+00:00 GET /008/maxage-86400/ff max_age=86400
2026-08-08T03:13:25+00:00 GET /008/maxage-86400/cr max_age=86400
2026-08-08T03:13:25+00:00 GET /008/maxage-86400/wk max_age=86400
2026-08-08T03:13:26+00:00 GET /008/maxage-86400/ff max_age=86400
2026-08-08T03:13:55+00:00 GET /008/maxage-86400/cr max_age=86400
2026-08-08T03:13:55+00:00 GET /008/maxage-86400/wk max_age=86400
2026-08-08T03:13:56+00:00 GET /008/maxage-86400/ff max_age=86400
2026-08-08T03:14:25+00:00 GET /008/maxage-86400/cr max_age=86400
2026-08-08T03:14:25+00:00 GET /008/maxage-86400/wk max_age=86400
2026-08-08T03:14:26+00:00 GET /008/maxage-86400/ff max_age=86400
2026-08-08T03:14:55+00:00 GET /008/maxage-86400/cr max_age=86400
2026-08-08T03:14:55+00:00 GET /008/maxage-86400/wk max_age=86400
2026-08-08T03:14:56+00:00 GET /008/maxage-86400/ff max_age=86400
2026-08-08T03:15:25+00:00 GET /008/maxage-86400/cr max_age=86400
2026-08-08T03:15:25+00:00 GET /008/maxage-86400/wk max_age=86400
2026-08-08T03:15:26+00:00 GET /008/maxage-86400/ff max_age=86400
2026-08-08T03:15:55+00:00 GET /008/maxage-86400/cr max_age=86400
2026-08-08T03:15:56+00:00 GET /008/maxage-86400/wk max_age=86400
2026-08-08T03:15:56+00:00 GET /008/maxage-86400/ff max_age=86400
2026-08-08T03:16:25+00:00 GET /008/maxage-86400/cr max_age=86400
2026-08-08T03:16:26+00:00 GET /008/maxage-86400/wk max_age=86400
2026-08-08T03:16:26+00:00 GET /008/maxage-86400/ff max_age=86400
2026-08-08T03:16:55+00:00 GET /008/maxage-86400/cr max_age=86400
2026-08-08T03:16:56+00:00 GET /008/maxage-86400/wk max_age=86400
2026-08-08T03:16:56+00:00 GET /008/maxage-86400/ff max_age=86400
2026-08-08T03:17:25+00:00 GET /008/maxage-86400/cr max_age=86400
2026-08-08T03:17:26+00:00 GET /008/maxage-86400/wk max_age=86400
2026-08-08T03:17:26+00:00 GET /008/maxage-86400/ff max_age=86400
2026-08-08T03:17:55+00:00 GET /008/maxage-86400/cr max_age=86400
2026-08-08T03:17:56+00:00 GET /008/maxage-86400/wk max_age=86400
2026-08-08T03:17:56+00:00 GET /008/maxage-86400/ff max_age=86400
2026-08-08T03:18:25+00:00 GET /008/maxage-86400/cr max_age=86400
2026-08-08T03:18:26+00:00 GET /008/maxage-86400/wk max_age=86400
2026-08-08T03:18:26+00:00 GET /008/maxage-86400/ff max_age=86400
2026-08-08T03:18:55+00:00 GET /008/maxage-86400/cr max_age=86400
2026-08-08T03:18:56+00:00 OPTIONS /008/maxage-86400/wk max_age=86400
2026-08-08T03:18:56+00:00 GET /008/maxage-86400/wk max_age=86400
2026-08-08T03:18:56+00:00 GET /008/maxage-86400/ff max_age=86400
2026-08-08T03:19:25+00:00 GET /008/maxage-86400/cr max_age=86400
2026-08-08T03:19:26+00:00 GET /008/maxage-86400/wk max_age=86400
2026-08-08T03:19:26+00:00 GET /008/maxage-86400/ff max_age=86400
2026-08-08T03:19:55+00:00 GET /008/maxage-86400/cr max_age=86400
2026-08-08T03:19:56+00:00 GET /008/maxage-86400/wk max_age=86400
2026-08-08T03:19:56+00:00 GET /008/maxage-86400/ff max_age=86400
2026-08-08T03:20:25+00:00 GET /008/maxage-86400/cr max_age=86400
2026-08-08T03:20:26+00:00 GET /008/maxage-86400/wk max_age=86400
2026-08-08T03:20:26+00:00 GET /008/maxage-86400/ff max_age=86400
2026-08-08T03:20:55+00:00 GET /008/maxage-86400/cr max_age=86400
2026-08-08T03:20:56+00:00 GET /008/maxage-86400/wk max_age=86400
2026-08-08T03:20:56+00:00 GET /008/maxage-86400/ff max_age=86400
2026-08-08T03:21:25+00:00 GET /008/maxage-86400/cr max_age=86400
2026-08-08T03:21:26+00:00 GET /008/maxage-86400/wk max_age=86400
2026-08-08T03:21:26+00:00 GET /008/maxage-86400/ff max_age=86400
2026-08-08T03:21:55+00:00 GET /008/maxage-86400/cr max_age=86400
2026-08-08T03:21:56+00:00 GET /008/maxage-86400/wk max_age=86400
2026-08-08T03:21:56+00:00 GET /008/maxage-86400/ff max_age=86400
2026-08-08T03:22:25+00:00 GET /008/maxage-86400/cr max_age=86400
2026-08-08T03:22:26+00:00 GET /008/maxage-86400/wk max_age=86400
2026-08-08T03:22:26+00:00 GET /008/maxage-86400/ff max_age=86400
2026-08-08T03:22:55+00:00 GET /008/maxage-86400/cr max_age=86400
2026-08-08T03:22:56+00:00 GET /008/maxage-86400/wk max_age=86400
2026-08-08T03:22:56+00:00 GET /008/maxage-86400/ff max_age=86400
2026-08-08T03:23:25+00:00 GET /008/maxage-86400/cr max_age=86400
2026-08-08T03:23:26+00:00 GET /008/maxage-86400/wk max_age=86400
2026-08-08T03:23:26+00:00 GET /008/maxage-86400/ff max_age=86400
2026-08-08T03:23:55+00:00 GET /008/maxage-86400/cr max_age=86400
2026-08-08T03:23:56+00:00 GET /008/maxage-86400/wk max_age=86400
2026-08-08T03:23:56+00:00 GET /008/maxage-86400/ff max_age=86400
2026-08-08T03:24:25+00:00 GET /008/maxage-86400/cr max_age=86400
2026-08-08T03:24:26+00:00 GET /008/maxage-86400/wk max_age=86400
2026-08-08T03:24:26+00:00 GET /008/maxage-86400/ff max_age=86400
2026-08-08T03:24:55+00:00 GET /008/maxage-86400/cr max_age=86400
2026-08-08T03:24:56+00:00 GET /008/maxage-86400/wk max_age=86400
2026-08-08T03:24:56+00:00 GET /008/maxage-86400/ff max_age=86400
2026-08-08T03:25:25+00:00 GET /008/maxage-86400/cr max_age=86400
2026-08-08T03:25:26+00:00 GET /008/maxage-86400/wk max_age=86400
2026-08-08T03:25:26+00:00 GET /008/maxage-86400/ff max_age=86400
2026-08-08T03:25:55+00:00 GET /008/maxage-86400/cr max_age=86400
2026-08-08T03:25:56+00:00 GET /008/maxage-86400/wk max_age=86400
2026-08-08T03:25:56+00:00 GET /008/maxage-86400/ff max_age=86400
2026-08-08T03:26:25+00:00 GET /008/maxage-86400/cr max_age=86400
2026-08-08T03:26:26+00:00 GET /008/maxage-86400/wk max_age=86400
2026-08-08T03:26:26+00:00 GET /008/maxage-86400/ff max_age=86400
2026-08-08T03:26:55+00:00 GET /008/maxage-86400/cr max_age=86400
2026-08-08T03:26:56+00:00 GET /008/maxage-86400/wk max_age=86400
2026-08-08T03:26:56+00:00 GET /008/maxage-86400/ff max_age=86400
2026-08-08T03:27:25+00:00 GET /008/maxage-86400/cr max_age=86400
2026-08-08T03:27:26+00:00 GET /008/maxage-86400/wk max_age=86400
2026-08-08T03:27:26+00:00 GET /008/maxage-86400/ff max_age=86400
2026-08-08T03:27:55+00:00 GET /008/maxage-86400/cr max_age=86400
2026-08-08T03:27:56+00:00 GET /008/maxage-86400/wk max_age=86400
2026-08-08T03:27:56+00:00 GET /008/maxage-86400/ff max_age=86400
2026-08-08T03:28:25+00:00 GET /008/maxage-86400/cr max_age=86400
2026-08-08T03:28:26+00:00 GET /008/maxage-86400/wk max_age=86400
2026-08-08T03:28:26+00:00 GET /008/maxage-86400/ff max_age=86400
2026-08-08T03:28:55+00:00 GET /008/maxage-86400/cr max_age=86400
2026-08-08T03:28:56+00:00 OPTIONS /008/maxage-86400/wk max_age=86400
2026-08-08T03:28:56+00:00 GET /008/maxage-86400/wk max_age=86400
2026-08-08T03:28:56+00:00 GET /008/maxage-86400/ff max_age=86400
2026-08-08T03:29:25+00:00 GET /008/maxage-86400/cr max_age=86400
2026-08-08T03:29:26+00:00 GET /008/maxage-86400/wk max_age=86400
2026-08-08T03:29:26+00:00 GET /008/maxage-86400/ff max_age=86400
2026-08-08T03:29:55+00:00 GET /008/maxage-86400/cr max_age=86400
2026-08-08T03:29:56+00:00 GET /008/maxage-86400/wk max_age=86400
2026-08-08T03:29:56+00:00 GET /008/maxage-86400/ff max_age=86400
2026-08-08T03:30:25+00:00 GET /008/maxage-86400/cr max_age=86400
2026-08-08T03:30:26+00:00 GET /008/maxage-86400/wk max_age=86400
2026-08-08T03:30:26+00:00 GET /008/maxage-86400/ff max_age=86400
2026-08-08T03:30:55+00:00 GET /008/maxage-86400/cr max_age=86400
2026-08-08T03:30:56+00:00 GET /008/maxage-86400/wk max_age=86400
2026-08-08T03:30:56+00:00 GET /008/maxage-86400/ff max_age=86400
2026-08-08T03:31:25+00:00 GET /008/maxage-86400/cr max_age=86400
2026-08-08T03:31:26+00:00 GET /008/maxage-86400/wk max_age=86400
2026-08-08T03:31:26+00:00 GET /008/maxage-86400/ff max_age=86400
2026-08-08T03:31:55+00:00 GET /008/maxage-86400/cr max_age=86400
2026-08-08T03:31:56+00:00 GET /008/maxage-86400/wk max_age=86400
2026-08-08T03:31:56+00:00 GET /008/maxage-86400/ff max_age=86400
2026-08-08T03:32:25+00:00 GET /008/maxage-86400/cr max_age=86400
2026-08-08T03:32:26+00:00 GET /008/maxage-86400/wk max_age=86400
2026-08-08T03:32:26+00:00 GET /008/maxage-86400/ff max_age=86400
2026-08-08T03:32:55+00:00 GET /008/maxage-86400/cr max_age=86400
2026-08-08T03:32:56+00:00 GET /008/maxage-86400/wk max_age=86400
2026-08-08T03:32:56+00:00 GET /008/maxage-86400/ff max_age=86400
2026-08-08T03:33:25+00:00 GET /008/maxage-86400/cr max_age=86400
2026-08-08T03:33:26+00:00 GET /008/maxage-86400/wk max_age=86400
2026-08-08T03:33:26+00:00 GET /008/maxage-86400/ff max_age=86400
2026-08-08T03:33:55+00:00 GET /008/maxage-86400/cr max_age=86400
2026-08-08T03:33:56+00:00 GET /008/maxage-86400/wk max_age=86400
2026-08-08T03:33:56+00:00 GET /008/maxage-86400/ff max_age=86400
2026-08-08T03:34:25+00:00 GET /008/maxage-86400/cr max_age=86400
2026-08-08T03:34:26+00:00 GET /008/maxage-86400/wk max_age=86400
2026-08-08T03:34:26+00:00 GET /008/maxage-86400/ff max_age=86400
2026-08-08T03:34:55+00:00 GET /008/maxage-86400/cr max_age=86400
2026-08-08T03:34:56+00:00 GET /008/maxage-86400/wk max_age=86400
2026-08-08T03:34:57+00:00 GET /008/maxage-86400/ff max_age=86400
2026-08-08T03:35:25+00:00 GET /008/maxage-86400/cr max_age=86400
2026-08-08T03:35:26+00:00 GET /008/maxage-86400/wk max_age=86400
2026-08-08T03:35:27+00:00 GET /008/maxage-86400/ff max_age=86400
2026-08-08T03:35:55+00:00 GET /008/maxage-86400/cr max_age=86400
2026-08-08T03:35:56+00:00 GET /008/maxage-86400/wk max_age=86400
2026-08-08T03:35:57+00:00 GET /008/maxage-86400/ff max_age=86400
2026-08-08T03:36:25+00:00 GET /008/maxage-86400/cr max_age=86400
2026-08-08T03:36:26+00:00 GET /008/maxage-86400/wk max_age=86400
2026-08-08T03:36:27+00:00 GET /008/maxage-86400/ff max_age=86400
2026-08-08T03:36:55+00:00 GET /008/maxage-86400/cr max_age=86400
2026-08-08T03:36:56+00:00 GET /008/maxage-86400/wk max_age=86400
2026-08-08T03:36:57+00:00 GET /008/maxage-86400/ff max_age=86400
2026-08-08T03:37:25+00:00 GET /008/maxage-86400/cr max_age=86400
2026-08-08T03:37:26+00:00 GET /008/maxage-86400/wk max_age=86400
2026-08-08T03:37:27+00:00 GET /008/maxage-86400/ff max_age=86400
2026-08-08T03:37:56+00:00 GET /008/maxage-86400/cr max_age=86400
2026-08-08T03:37:56+00:00 GET /008/maxage-86400/wk max_age=86400
2026-08-08T03:37:57+00:00 GET /008/maxage-86400/ff max_age=86400
2026-08-08T03:38:26+00:00 GET /008/maxage-86400/cr max_age=86400
2026-08-08T03:38:26+00:00 GET /008/maxage-86400/wk max_age=86400
2026-08-08T03:38:27+00:00 GET /008/maxage-86400/ff max_age=86400
2026-08-08T03:38:56+00:00 GET /008/maxage-86400/cr max_age=86400
2026-08-08T03:38:56+00:00 OPTIONS /008/maxage-86400/wk max_age=86400
2026-08-08T03:38:56+00:00 GET /008/maxage-86400/wk max_age=86400
2026-08-08T03:38:57+00:00 GET /008/maxage-86400/ff max_age=86400
2026-08-08T03:39:26+00:00 GET /008/maxage-86400/cr max_age=86400
2026-08-08T03:39:26+00:00 GET /008/maxage-86400/wk max_age=86400
2026-08-08T03:39:27+00:00 GET /008/maxage-86400/ff max_age=86400
2026-08-08T03:39:56+00:00 GET /008/maxage-86400/cr max_age=86400
2026-08-08T03:39:56+00:00 GET /008/maxage-86400/wk max_age=86400
2026-08-08T03:39:57+00:00 GET /008/maxage-86400/ff max_age=86400
2026-08-08T03:40:26+00:00 GET /008/maxage-86400/cr max_age=86400
2026-08-08T03:40:26+00:00 GET /008/maxage-86400/wk max_age=86400
2026-08-08T03:40:27+00:00 GET /008/maxage-86400/ff max_age=86400
2026-08-08T03:40:56+00:00 GET /008/maxage-86400/cr max_age=86400
2026-08-08T03:40:56+00:00 GET /008/maxage-86400/wk max_age=86400
2026-08-08T03:40:57+00:00 GET /008/maxage-86400/ff max_age=86400
2026-08-08T03:41:26+00:00 GET /008/maxage-86400/cr max_age=86400
2026-08-08T03:41:26+00:00 GET /008/maxage-86400/wk max_age=86400
2026-08-08T03:41:27+00:00 GET /008/maxage-86400/ff max_age=86400
2026-08-08T03:41:56+00:00 GET /008/maxage-86400/cr max_age=86400
2026-08-08T03:41:56+00:00 GET /008/maxage-86400/wk max_age=86400
2026-08-08T03:41:57+00:00 GET /008/maxage-86400/ff max_age=86400
2026-08-08T03:42:26+00:00 GET /008/maxage-86400/cr max_age=86400
2026-08-08T03:42:26+00:00 GET /008/maxage-86400/wk max_age=86400
2026-08-08T03:42:27+00:00 GET /008/maxage-86400/ff max_age=86400
2026-08-08T03:42:56+00:00 GET /008/maxage-86400/cr max_age=86400
2026-08-08T03:42:56+00:00 GET /008/maxage-86400/wk max_age=86400
2026-08-08T03:42:57+00:00 GET /008/maxage-86400/ff max_age=86400
2026-08-08T03:43:26+00:00 GET /008/maxage-86400/cr max_age=86400
2026-08-08T03:43:26+00:00 GET /008/maxage-86400/wk max_age=86400
2026-08-08T03:43:27+00:00 GET /008/maxage-86400/ff max_age=86400
2026-08-08T03:43:56+00:00 GET /008/maxage-86400/cr max_age=86400
2026-08-08T03:43:56+00:00 GET /008/maxage-86400/wk max_age=86400
2026-08-08T03:43:57+00:00 GET /008/maxage-86400/ff max_age=86400
2026-08-08T03:44:26+00:00 GET /008/maxage-86400/cr max_age=86400
2026-08-08T03:44:26+00:00 GET /008/maxage-86400/wk max_age=86400
2026-08-08T03:44:27+00:00 GET /008/maxage-86400/ff max_age=86400
2026-08-08T03:44:56+00:00 GET /008/maxage-86400/cr max_age=86400
2026-08-08T03:44:56+00:00 GET /008/maxage-86400/wk max_age=86400
2026-08-08T03:44:57+00:00 GET /008/maxage-86400/ff max_age=86400
2026-08-08T03:45:26+00:00 GET /008/maxage-86400/cr max_age=86400
2026-08-08T03:45:26+00:00 GET /008/maxage-86400/wk max_age=86400
2026-08-08T03:45:27+00:00 GET /008/maxage-86400/ff max_age=86400
2026-08-08T03:45:56+00:00 GET /008/maxage-86400/cr max_age=86400
2026-08-08T03:45:56+00:00 GET /008/maxage-86400/wk max_age=86400
2026-08-08T03:45:57+00:00 GET /008/maxage-86400/ff max_age=86400
2026-08-08T03:46:26+00:00 GET /008/maxage-86400/cr max_age=86400
2026-08-08T03:46:26+00:00 GET /008/maxage-86400/wk max_age=86400
2026-08-08T03:46:27+00:00 GET /008/maxage-86400/ff max_age=86400
2026-08-08T03:46:56+00:00 GET /008/maxage-86400/cr max_age=86400
2026-08-08T03:46:56+00:00 GET /008/maxage-86400/wk max_age=86400
2026-08-08T03:46:57+00:00 GET /008/maxage-86400/ff max_age=86400
2026-08-08T03:47:26+00:00 GET /008/maxage-86400/cr max_age=86400
2026-08-08T03:47:26+00:00 GET /008/maxage-86400/wk max_age=86400
2026-08-08T03:47:27+00:00 GET /008/maxage-86400/ff max_age=86400
2026-08-08T03:47:56+00:00 GET /008/maxage-86400/cr max_age=86400
2026-08-08T03:47:56+00:00 GET /008/maxage-86400/wk max_age=86400
2026-08-08T03:47:57+00:00 GET /008/maxage-86400/ff max_age=86400
2026-08-08T03:48:26+00:00 GET /008/maxage-86400/cr max_age=86400
2026-08-08T03:48:26+00:00 GET /008/maxage-86400/wk max_age=86400
2026-08-08T03:48:27+00:00 GET /008/maxage-86400/ff max_age=86400
2026-08-08T03:48:56+00:00 GET /008/maxage-86400/cr max_age=86400
2026-08-08T03:48:56+00:00 OPTIONS /008/maxage-86400/wk max_age=86400
2026-08-08T03:48:56+00:00 GET /008/maxage-86400/wk max_age=86400
2026-08-08T03:48:57+00:00 GET /008/maxage-86400/ff max_age=86400
2026-08-08T03:49:26+00:00 GET /008/maxage-86400/cr max_age=86400
2026-08-08T03:49:26+00:00 GET /008/maxage-86400/wk max_age=86400
2026-08-08T03:49:27+00:00 GET /008/maxage-86400/ff max_age=86400
2026-08-08T03:49:56+00:00 GET /008/maxage-86400/cr max_age=86400
2026-08-08T03:49:56+00:00 GET /008/maxage-86400/wk max_age=86400
2026-08-08T03:49:57+00:00 GET /008/maxage-86400/ff max_age=86400
2026-08-08T03:50:26+00:00 GET /008/maxage-86400/cr max_age=86400
2026-08-08T03:50:26+00:00 GET /008/maxage-86400/wk max_age=86400
2026-08-08T03:50:27+00:00 GET /008/maxage-86400/ff max_age=86400
2026-08-08T03:50:56+00:00 GET /008/maxage-86400/cr max_age=86400
2026-08-08T03:50:56+00:00 GET /008/maxage-86400/wk max_age=86400
2026-08-08T03:50:57+00:00 GET /008/maxage-86400/ff max_age=86400
2026-08-08T03:51:26+00:00 GET /008/maxage-86400/cr max_age=86400
2026-08-08T03:51:26+00:00 GET /008/maxage-86400/wk max_age=86400
2026-08-08T03:51:27+00:00 GET /008/maxage-86400/ff max_age=86400
2026-08-08T03:51:56+00:00 GET /008/maxage-86400/cr max_age=86400
2026-08-08T03:51:57+00:00 GET /008/maxage-86400/wk max_age=86400
2026-08-08T03:51:57+00:00 GET /008/maxage-86400/ff max_age=86400
2026-08-08T03:52:26+00:00 GET /008/maxage-86400/cr max_age=86400
2026-08-08T03:52:27+00:00 GET /008/maxage-86400/wk max_age=86400
2026-08-08T03:52:27+00:00 GET /008/maxage-86400/ff max_age=86400
2026-08-08T03:52:56+00:00 GET /008/maxage-86400/cr max_age=86400
2026-08-08T03:52:57+00:00 GET /008/maxage-86400/wk max_age=86400
2026-08-08T03:52:57+00:00 GET /008/maxage-86400/ff max_age=86400
2026-08-08T03:53:26+00:00 GET /008/maxage-86400/cr max_age=86400
2026-08-08T03:53:27+00:00 GET /008/maxage-86400/wk max_age=86400
2026-08-08T03:53:27+00:00 GET /008/maxage-86400/ff max_age=86400
2026-08-08T03:53:56+00:00 GET /008/maxage-86400/cr max_age=86400
2026-08-08T03:53:57+00:00 GET /008/maxage-86400/wk max_age=86400
2026-08-08T03:53:57+00:00 GET /008/maxage-86400/ff max_age=86400
2026-08-08T03:54:26+00:00 GET /008/maxage-86400/cr max_age=86400
2026-08-08T03:54:27+00:00 GET /008/maxage-86400/wk max_age=86400
2026-08-08T03:54:27+00:00 GET /008/maxage-86400/ff max_age=86400
2026-08-08T03:54:56+00:00 GET /008/maxage-86400/cr max_age=86400
2026-08-08T03:54:57+00:00 GET /008/maxage-86400/wk max_age=86400
2026-08-08T03:54:57+00:00 GET /008/maxage-86400/ff max_age=86400
2026-08-08T03:55:26+00:00 GET /008/maxage-86400/cr max_age=86400
2026-08-08T03:55:27+00:00 GET /008/maxage-86400/wk max_age=86400
2026-08-08T03:55:27+00:00 GET /008/maxage-86400/ff max_age=86400
2026-08-08T03:55:56+00:00 GET /008/maxage-86400/cr max_age=86400
2026-08-08T03:55:57+00:00 GET /008/maxage-86400/wk max_age=86400
2026-08-08T03:55:57+00:00 GET /008/maxage-86400/ff max_age=86400
2026-08-08T03:56:26+00:00 GET /008/maxage-86400/cr max_age=86400
2026-08-08T03:56:27+00:00 GET /008/maxage-86400/wk max_age=86400
2026-08-08T03:56:27+00:00 GET /008/maxage-86400/ff max_age=86400
2026-08-08T03:56:56+00:00 GET /008/maxage-86400/cr max_age=86400
2026-08-08T03:56:57+00:00 GET /008/maxage-86400/wk max_age=86400
2026-08-08T03:56:57+00:00 GET /008/maxage-86400/ff max_age=86400
2026-08-08T03:57:26+00:00 GET /008/maxage-86400/cr max_age=86400
2026-08-08T03:57:27+00:00 GET /008/maxage-86400/wk max_age=86400
2026-08-08T03:57:27+00:00 GET /008/maxage-86400/ff max_age=86400
2026-08-08T03:57:56+00:00 GET /008/maxage-86400/cr max_age=86400
2026-08-08T03:57:57+00:00 GET /008/maxage-86400/wk max_age=86400
2026-08-08T03:57:57+00:00 GET /008/maxage-86400/ff max_age=86400
2026-08-08T03:58:26+00:00 GET /008/maxage-86400/cr max_age=86400
2026-08-08T03:58:27+00:00 GET /008/maxage-86400/wk max_age=86400
2026-08-08T03:58:27+00:00 GET /008/maxage-86400/ff max_age=86400
2026-08-08T03:58:56+00:00 GET /008/maxage-86400/cr max_age=86400
2026-08-08T03:58:57+00:00 OPTIONS /008/maxage-86400/wk max_age=86400
2026-08-08T03:58:57+00:00 GET /008/maxage-86400/wk max_age=86400
2026-08-08T03:58:57+00:00 GET /008/maxage-86400/ff max_age=86400
2026-08-08T03:59:26+00:00 GET /008/maxage-86400/cr max_age=86400
2026-08-08T03:59:27+00:00 GET /008/maxage-86400/wk max_age=86400
2026-08-08T03:59:27+00:00 GET /008/maxage-86400/ff max_age=86400
2026-08-08T03:59:56+00:00 GET /008/maxage-86400/cr max_age=86400
2026-08-08T03:59:57+00:00 GET /008/maxage-86400/wk max_age=86400
2026-08-08T03:59:57+00:00 GET /008/maxage-86400/ff max_age=86400
2026-08-08T04:00:26+00:00 GET /008/maxage-86400/cr max_age=86400
2026-08-08T04:00:27+00:00 GET /008/maxage-86400/wk max_age=86400
2026-08-08T04:00:27+00:00 GET /008/maxage-86400/ff max_age=86400
2026-08-08T04:00:56+00:00 GET /008/maxage-86400/cr max_age=86400
2026-08-08T04:00:57+00:00 GET /008/maxage-86400/wk max_age=86400
2026-08-08T04:00:57+00:00 GET /008/maxage-86400/ff max_age=86400
2026-08-08T04:01:26+00:00 GET /008/maxage-86400/cr max_age=86400
2026-08-08T04:01:27+00:00 GET /008/maxage-86400/wk max_age=86400
2026-08-08T04:01:27+00:00 GET /008/maxage-86400/ff max_age=86400
2026-08-08T04:01:56+00:00 GET /008/maxage-86400/cr max_age=86400
2026-08-08T04:01:57+00:00 GET /008/maxage-86400/wk max_age=86400
2026-08-08T04:01:57+00:00 GET /008/maxage-86400/ff max_age=86400
2026-08-08T04:02:26+00:00 GET /008/maxage-86400/cr max_age=86400
2026-08-08T04:02:27+00:00 GET /008/maxage-86400/wk max_age=86400
2026-08-08T04:02:27+00:00 GET /008/maxage-86400/ff max_age=86400
2026-08-08T04:02:56+00:00 GET /008/maxage-86400/cr max_age=86400
2026-08-08T04:02:57+00:00 GET /008/maxage-86400/wk max_age=86400
2026-08-08T04:02:57+00:00 GET /008/maxage-86400/ff max_age=86400
2026-08-08T04:03:26+00:00 GET /008/maxage-86400/cr max_age=86400
2026-08-08T04:03:27+00:00 GET /008/maxage-86400/wk max_age=86400
2026-08-08T04:03:27+00:00 GET /008/maxage-86400/ff max_age=86400
2026-08-08T04:03:56+00:00 GET /008/maxage-86400/cr max_age=86400
2026-08-08T04:03:57+00:00 GET /008/maxage-86400/wk max_age=86400
2026-08-08T04:03:57+00:00 GET /008/maxage-86400/ff max_age=86400
2026-08-08T04:04:26+00:00 GET /008/maxage-86400/cr max_age=86400
2026-08-08T04:04:27+00:00 GET /008/maxage-86400/wk max_age=86400
2026-08-08T04:04:27+00:00 GET /008/maxage-86400/ff max_age=86400
2026-08-08T04:04:56+00:00 GET /008/maxage-86400/cr max_age=86400
2026-08-08T04:04:57+00:00 GET /008/maxage-86400/wk max_age=86400
2026-08-08T04:04:57+00:00 GET /008/maxage-86400/ff max_age=86400
2026-08-08T04:05:26+00:00 GET /008/maxage-86400/cr max_age=86400
2026-08-08T04:05:27+00:00 GET /008/maxage-86400/wk max_age=86400
2026-08-08T04:05:27+00:00 GET /008/maxage-86400/ff max_age=86400
2026-08-08T04:05:56+00:00 GET /008/maxage-86400/cr max_age=86400
2026-08-08T04:05:57+00:00 GET /008/maxage-86400/wk max_age=86400
2026-08-08T04:05:57+00:00 GET /008/maxage-86400/ff max_age=86400
2026-08-08T04:06:26+00:00 GET /008/maxage-86400/cr max_age=86400
2026-08-08T04:06:27+00:00 GET /008/maxage-86400/wk max_age=86400
2026-08-08T04:06:27+00:00 GET /008/maxage-86400/ff max_age=86400
2026-08-08T04:06:56+00:00 GET /008/maxage-86400/cr max_age=86400
2026-08-08T04:06:57+00:00 GET /008/maxage-86400/wk max_age=86400
2026-08-08T04:06:57+00:00 GET /008/maxage-86400/ff max_age=86400
2026-08-08T04:07:26+00:00 GET /008/maxage-86400/cr max_age=86400
2026-08-08T04:07:27+00:00 GET /008/maxage-86400/wk max_age=86400
2026-08-08T04:07:27+00:00 GET /008/maxage-86400/ff max_age=86400
2026-08-08T04:07:56+00:00 GET /008/maxage-86400/cr max_age=86400
2026-08-08T04:07:57+00:00 GET /008/maxage-86400/wk max_age=86400
2026-08-08T04:07:57+00:00 GET /008/maxage-86400/ff max_age=86400
2026-08-08T04:08:26+00:00 GET /008/maxage-86400/cr max_age=86400
2026-08-08T04:08:27+00:00 GET /008/maxage-86400/wk max_age=86400
2026-08-08T04:08:27+00:00 GET /008/maxage-86400/ff max_age=86400
2026-08-08T04:08:56+00:00 GET /008/maxage-86400/cr max_age=86400
2026-08-08T04:08:57+00:00 OPTIONS /008/maxage-86400/wk max_age=86400
2026-08-08T04:08:57+00:00 GET /008/maxage-86400/wk max_age=86400
2026-08-08T04:08:57+00:00 GET /008/maxage-86400/ff max_age=86400
2026-08-08T04:09:26+00:00 GET /008/maxage-86400/cr max_age=86400
2026-08-08T04:09:27+00:00 GET /008/maxage-86400/wk max_age=86400
2026-08-08T04:09:27+00:00 GET /008/maxage-86400/ff max_age=86400
2026-08-08T04:09:56+00:00 GET /008/maxage-86400/cr max_age=86400
2026-08-08T04:09:57+00:00 GET /008/maxage-86400/wk max_age=86400
2026-08-08T04:09:57+00:00 GET /008/maxage-86400/ff max_age=86400
2026-08-08T04:10:26+00:00 GET /008/maxage-86400/cr max_age=86400
2026-08-08T04:10:27+00:00 GET /008/maxage-86400/wk max_age=86400
2026-08-08T04:10:27+00:00 GET /008/maxage-86400/ff max_age=86400
2026-08-08T04:10:56+00:00 GET /008/maxage-86400/cr max_age=86400
2026-08-08T04:10:57+00:00 GET /008/maxage-86400/wk max_age=86400
2026-08-08T04:10:57+00:00 GET /008/maxage-86400/ff max_age=86400
2026-08-08T04:11:26+00:00 GET /008/maxage-86400/cr max_age=86400
2026-08-08T04:11:27+00:00 GET /008/maxage-86400/wk max_age=86400
2026-08-08T04:11:27+00:00 GET /008/maxage-86400/ff max_age=86400
2026-08-08T04:11:56+00:00 GET /008/maxage-86400/cr max_age=86400
2026-08-08T04:11:57+00:00 GET /008/maxage-86400/wk max_age=86400
2026-08-08T04:11:57+00:00 GET /008/maxage-86400/ff max_age=86400
2026-08-08T04:12:26+00:00 GET /008/maxage-86400/cr max_age=86400
2026-08-08T04:12:27+00:00 GET /008/maxage-86400/wk max_age=86400
2026-08-08T04:12:27+00:00 GET /008/maxage-86400/ff max_age=86400
2026-08-08T04:12:56+00:00 GET /008/maxage-86400/cr max_age=86400
2026-08-08T04:12:57+00:00 GET /008/maxage-86400/wk max_age=86400
2026-08-08T04:12:57+00:00 GET /008/maxage-86400/ff max_age=86400
2026-08-08T04:13:26+00:00 GET /008/maxage-86400/cr max_age=86400
2026-08-08T04:13:27+00:00 GET /008/maxage-86400/wk max_age=86400
2026-08-08T04:13:27+00:00 GET /008/maxage-86400/ff max_age=86400
2026-08-08T04:13:56+00:00 GET /008/maxage-86400/cr max_age=86400
2026-08-08T04:13:57+00:00 GET /008/maxage-86400/wk max_age=86400
2026-08-08T04:13:57+00:00 GET /008/maxage-86400/ff max_age=86400
2026-08-08T04:14:26+00:00 GET /008/maxage-86400/cr max_age=86400
2026-08-08T04:14:27+00:00 GET /008/maxage-86400/wk max_age=86400
2026-08-08T04:14:27+00:00 GET /008/maxage-86400/ff max_age=86400
2026-08-08T04:14:56+00:00 GET /008/maxage-86400/cr max_age=86400
2026-08-08T04:14:57+00:00 GET /008/maxage-86400/wk max_age=86400
2026-08-08T04:14:57+00:00 GET /008/maxage-86400/ff max_age=86400
2026-08-08T04:15:26+00:00 GET /008/maxage-86400/cr max_age=86400
2026-08-08T04:15:27+00:00 GET /008/maxage-86400/wk max_age=86400
2026-08-08T04:15:27+00:00 GET /008/maxage-86400/ff max_age=86400
2026-08-08T04:15:56+00:00 GET /008/maxage-86400/cr max_age=86400
2026-08-08T04:15:57+00:00 GET /008/maxage-86400/wk max_age=86400
2026-08-08T04:15:57+00:00 GET /008/maxage-86400/ff max_age=86400
2026-08-08T04:16:26+00:00 GET /008/maxage-86400/cr max_age=86400
2026-08-08T04:16:27+00:00 GET /008/maxage-86400/wk max_age=86400
2026-08-08T04:16:27+00:00 GET /008/maxage-86400/ff max_age=86400
2026-08-08T04:16:56+00:00 GET /008/maxage-86400/cr max_age=86400
2026-08-08T04:16:57+00:00 GET /008/maxage-86400/wk max_age=86400
2026-08-08T04:16:57+00:00 GET /008/maxage-86400/ff max_age=86400
2026-08-08T04:17:26+00:00 GET /008/maxage-86400/cr max_age=86400
2026-08-08T04:17:27+00:00 GET /008/maxage-86400/wk max_age=86400
2026-08-08T04:17:27+00:00 GET /008/maxage-86400/ff max_age=86400
2026-08-08T04:17:56+00:00 GET /008/maxage-86400/cr max_age=86400
2026-08-08T04:17:57+00:00 GET /008/maxage-86400/wk max_age=86400
2026-08-08T04:17:57+00:00 GET /008/maxage-86400/ff max_age=86400
2026-08-08T04:18:26+00:00 GET /008/maxage-86400/cr max_age=86400
2026-08-08T04:18:27+00:00 GET /008/maxage-86400/wk max_age=86400
2026-08-08T04:18:27+00:00 GET /008/maxage-86400/ff max_age=86400
2026-08-08T04:18:56+00:00 GET /008/maxage-86400/cr max_age=86400
2026-08-08T04:18:57+00:00 OPTIONS /008/maxage-86400/wk max_age=86400
2026-08-08T04:18:57+00:00 GET /008/maxage-86400/wk max_age=86400
2026-08-08T04:18:58+00:00 GET /008/maxage-86400/ff max_age=86400
2026-08-08T04:19:26+00:00 GET /008/maxage-86400/cr max_age=86400
2026-08-08T04:19:27+00:00 GET /008/maxage-86400/wk max_age=86400
2026-08-08T04:19:28+00:00 GET /008/maxage-86400/ff max_age=86400
2026-08-08T04:19:56+00:00 GET /008/maxage-86400/cr max_age=86400
2026-08-08T04:19:57+00:00 GET /008/maxage-86400/wk max_age=86400
2026-08-08T04:19:58+00:00 GET /008/maxage-86400/ff max_age=86400
2026-08-08T04:20:26+00:00 GET /008/maxage-86400/cr max_age=86400
2026-08-08T04:20:27+00:00 GET /008/maxage-86400/wk max_age=86400
2026-08-08T04:20:28+00:00 GET /008/maxage-86400/ff max_age=86400
2026-08-08T04:20:56+00:00 GET /008/maxage-86400/cr max_age=86400
2026-08-08T04:20:57+00:00 GET /008/maxage-86400/wk max_age=86400
2026-08-08T04:20:58+00:00 GET /008/maxage-86400/ff max_age=86400
2026-08-08T04:21:26+00:00 GET /008/maxage-86400/cr max_age=86400
2026-08-08T04:21:27+00:00 GET /008/maxage-86400/wk max_age=86400
2026-08-08T04:21:28+00:00 GET /008/maxage-86400/ff max_age=86400
2026-08-08T04:21:56+00:00 GET /008/maxage-86400/cr max_age=86400
2026-08-08T04:21:57+00:00 GET /008/maxage-86400/wk max_age=86400
2026-08-08T04:21:58+00:00 GET /008/maxage-86400/ff max_age=86400
2026-08-08T04:22:26+00:00 GET /008/maxage-86400/cr max_age=86400
2026-08-08T04:22:27+00:00 GET /008/maxage-86400/wk max_age=86400
2026-08-08T04:22:28+00:00 GET /008/maxage-86400/ff max_age=86400
2026-08-08T04:22:56+00:00 GET /008/maxage-86400/cr max_age=86400
2026-08-08T04:22:57+00:00 GET /008/maxage-86400/wk max_age=86400
2026-08-08T04:22:58+00:00 GET /008/maxage-86400/ff max_age=86400
2026-08-08T04:23:26+00:00 GET /008/maxage-86400/cr max_age=86400
2026-08-08T04:23:27+00:00 GET /008/maxage-86400/wk max_age=86400
2026-08-08T04:23:28+00:00 GET /008/maxage-86400/ff max_age=86400
2026-08-08T04:23:56+00:00 GET /008/maxage-86400/cr max_age=86400
2026-08-08T04:23:57+00:00 GET /008/maxage-86400/wk max_age=86400
2026-08-08T04:23:58+00:00 GET /008/maxage-86400/ff max_age=86400
2026-08-08T04:24:26+00:00 GET /008/maxage-86400/cr max_age=86400
2026-08-08T04:24:27+00:00 GET /008/maxage-86400/wk max_age=86400
2026-08-08T04:24:28+00:00 GET /008/maxage-86400/ff max_age=86400
2026-08-08T04:24:56+00:00 GET /008/maxage-86400/cr max_age=86400
2026-08-08T04:24:57+00:00 GET /008/maxage-86400/wk max_age=86400
2026-08-08T04:24:58+00:00 GET /008/maxage-86400/ff max_age=86400
2026-08-08T04:25:26+00:00 GET /008/maxage-86400/cr max_age=86400
2026-08-08T04:25:28+00:00 GET /008/maxage-86400/wk max_age=86400
2026-08-08T04:25:28+00:00 GET /008/maxage-86400/ff max_age=86400
2026-08-08T04:25:56+00:00 GET /008/maxage-86400/cr max_age=86400
2026-08-08T04:25:58+00:00 GET /008/maxage-86400/wk max_age=86400
2026-08-08T04:25:58+00:00 GET /008/maxage-86400/ff max_age=86400
2026-08-08T04:26:26+00:00 GET /008/maxage-86400/cr max_age=86400
2026-08-08T04:26:28+00:00 GET /008/maxage-86400/wk max_age=86400
2026-08-08T04:26:28+00:00 GET /008/maxage-86400/ff max_age=86400
2026-08-08T04:26:56+00:00 GET /008/maxage-86400/cr max_age=86400
2026-08-08T04:26:58+00:00 GET /008/maxage-86400/wk max_age=86400
2026-08-08T04:26:58+00:00 GET /008/maxage-86400/ff max_age=86400
2026-08-08T04:27:26+00:00 GET /008/maxage-86400/cr max_age=86400
2026-08-08T04:27:28+00:00 GET /008/maxage-86400/wk max_age=86400
2026-08-08T04:27:28+00:00 GET /008/maxage-86400/ff max_age=86400
2026-08-08T04:27:56+00:00 GET /008/maxage-86400/cr max_age=86400
2026-08-08T04:27:58+00:00 GET /008/maxage-86400/wk max_age=86400
2026-08-08T04:27:58+00:00 GET /008/maxage-86400/ff max_age=86400
2026-08-08T04:28:26+00:00 GET /008/maxage-86400/cr max_age=86400
2026-08-08T04:28:28+00:00 GET /008/maxage-86400/wk max_age=86400
2026-08-08T04:28:28+00:00 GET /008/maxage-86400/ff max_age=86400
2026-08-08T04:28:56+00:00 GET /008/maxage-86400/cr max_age=86400
2026-08-08T04:28:58+00:00 OPTIONS /008/maxage-86400/wk max_age=86400
2026-08-08T04:28:58+00:00 GET /008/maxage-86400/wk max_age=86400
2026-08-08T04:28:58+00:00 GET /008/maxage-86400/ff max_age=86400
2026-08-08T04:29:26+00:00 GET /008/maxage-86400/cr max_age=86400
2026-08-08T04:29:28+00:00 GET /008/maxage-86400/wk max_age=86400
2026-08-08T04:29:28+00:00 GET /008/maxage-86400/ff max_age=86400
2026-08-08T04:29:56+00:00 GET /008/maxage-86400/cr max_age=86400
2026-08-08T04:29:58+00:00 GET /008/maxage-86400/wk max_age=86400
2026-08-08T04:29:58+00:00 GET /008/maxage-86400/ff max_age=86400
2026-08-08T04:30:26+00:00 GET /008/maxage-86400/cr max_age=86400
2026-08-08T04:30:28+00:00 GET /008/maxage-86400/wk max_age=86400
2026-08-08T04:30:28+00:00 GET /008/maxage-86400/ff max_age=86400
2026-08-08T04:30:56+00:00 GET /008/maxage-86400/cr max_age=86400
2026-08-08T04:30:58+00:00 GET /008/maxage-86400/wk max_age=86400
2026-08-08T04:30:58+00:00 GET /008/maxage-86400/ff max_age=86400
2026-08-08T04:31:26+00:00 GET /008/maxage-86400/cr max_age=86400
2026-08-08T04:31:28+00:00 GET /008/maxage-86400/wk max_age=86400
2026-08-08T04:31:28+00:00 GET /008/maxage-86400/ff max_age=86400
2026-08-08T04:31:56+00:00 GET /008/maxage-86400/cr max_age=86400
2026-08-08T04:31:58+00:00 GET /008/maxage-86400/wk max_age=86400
2026-08-08T04:31:58+00:00 GET /008/maxage-86400/ff max_age=86400
2026-08-08T04:32:26+00:00 GET /008/maxage-86400/cr max_age=86400
2026-08-08T04:32:28+00:00 GET /008/maxage-86400/wk max_age=86400
2026-08-08T04:32:28+00:00 GET /008/maxage-86400/ff max_age=86400
2026-08-08T04:32:56+00:00 GET /008/maxage-86400/cr max_age=86400
2026-08-08T04:32:58+00:00 GET /008/maxage-86400/wk max_age=86400
2026-08-08T04:32:58+00:00 GET /008/maxage-86400/ff max_age=86400
2026-08-08T04:33:26+00:00 GET /008/maxage-86400/cr max_age=86400
2026-08-08T04:33:28+00:00 GET /008/maxage-86400/wk max_age=86400
2026-08-08T04:33:28+00:00 GET /008/maxage-86400/ff max_age=86400
2026-08-08T04:33:56+00:00 GET /008/maxage-86400/cr max_age=86400
2026-08-08T04:33:58+00:00 GET /008/maxage-86400/wk max_age=86400
2026-08-08T04:33:58+00:00 GET /008/maxage-86400/ff max_age=86400
2026-08-08T04:34:26+00:00 GET /008/maxage-86400/cr max_age=86400
2026-08-08T04:34:28+00:00 GET /008/maxage-86400/wk max_age=86400
2026-08-08T04:34:28+00:00 GET /008/maxage-86400/ff max_age=86400
2026-08-08T04:34:56+00:00 GET /008/maxage-86400/cr max_age=86400
2026-08-08T04:34:58+00:00 GET /008/maxage-86400/wk max_age=86400
2026-08-08T04:34:58+00:00 GET /008/maxage-86400/ff max_age=86400
2026-08-08T04:35:27+00:00 GET /008/maxage-86400/cr max_age=86400
2026-08-08T04:35:28+00:00 GET /008/maxage-86400/wk max_age=86400
2026-08-08T04:35:28+00:00 GET /008/maxage-86400/ff max_age=86400
2026-08-08T04:35:57+00:00 GET /008/maxage-86400/cr max_age=86400
2026-08-08T04:35:58+00:00 GET /008/maxage-86400/wk max_age=86400
2026-08-08T04:35:58+00:00 GET /008/maxage-86400/ff max_age=86400
2026-08-08T04:36:27+00:00 GET /008/maxage-86400/cr max_age=86400
2026-08-08T04:36:28+00:00 GET /008/maxage-86400/wk max_age=86400
2026-08-08T04:36:28+00:00 GET /008/maxage-86400/ff max_age=86400
2026-08-08T04:36:57+00:00 GET /008/maxage-86400/cr max_age=86400
2026-08-08T04:36:58+00:00 GET /008/maxage-86400/wk max_age=86400
2026-08-08T04:36:58+00:00 GET /008/maxage-86400/ff max_age=86400
2026-08-08T04:37:27+00:00 GET /008/maxage-86400/cr max_age=86400
2026-08-08T04:37:28+00:00 GET /008/maxage-86400/wk max_age=86400
2026-08-08T04:37:28+00:00 GET /008/maxage-86400/ff max_age=86400
2026-08-08T04:37:57+00:00 GET /008/maxage-86400/cr max_age=86400
2026-08-08T04:37:58+00:00 GET /008/maxage-86400/wk max_age=86400
2026-08-08T04:37:58+00:00 GET /008/maxage-86400/ff max_age=86400
2026-08-08T04:38:27+00:00 GET /008/maxage-86400/cr max_age=86400
2026-08-08T04:38:28+00:00 GET /008/maxage-86400/wk max_age=86400
2026-08-08T04:38:28+00:00 GET /008/maxage-86400/ff max_age=86400
2026-08-08T04:38:57+00:00 GET /008/maxage-86400/cr max_age=86400
2026-08-08T04:38:58+00:00 OPTIONS /008/maxage-86400/wk max_age=86400
2026-08-08T04:38:58+00:00 GET /008/maxage-86400/wk max_age=86400
2026-08-08T04:38:58+00:00 GET /008/maxage-86400/ff max_age=86400
2026-08-08T04:39:27+00:00 GET /008/maxage-86400/cr max_age=86400
2026-08-08T04:39:28+00:00 GET /008/maxage-86400/wk max_age=86400
2026-08-08T04:39:28+00:00 GET /008/maxage-86400/ff max_age=86400
2026-08-08T04:39:57+00:00 GET /008/maxage-86400/cr max_age=86400
2026-08-08T04:39:58+00:00 GET /008/maxage-86400/wk max_age=86400
2026-08-08T04:39:58+00:00 GET /008/maxage-86400/ff max_age=86400
2026-08-08T04:40:27+00:00 GET /008/maxage-86400/cr max_age=86400
2026-08-08T04:40:28+00:00 GET /008/maxage-86400/wk max_age=86400
2026-08-08T04:40:28+00:00 GET /008/maxage-86400/ff max_age=86400
2026-08-08T04:40:57+00:00 GET /008/maxage-86400/cr max_age=86400
2026-08-08T04:40:58+00:00 GET /008/maxage-86400/wk max_age=86400
2026-08-08T04:40:58+00:00 GET /008/maxage-86400/ff max_age=86400
2026-08-08T04:41:27+00:00 GET /008/maxage-86400/cr max_age=86400
2026-08-08T04:41:28+00:00 GET /008/maxage-86400/wk max_age=86400
2026-08-08T04:41:28+00:00 GET /008/maxage-86400/ff max_age=86400
2026-08-08T04:41:57+00:00 GET /008/maxage-86400/cr max_age=86400
2026-08-08T04:41:58+00:00 GET /008/maxage-86400/wk max_age=86400
2026-08-08T04:41:58+00:00 GET /008/maxage-86400/ff max_age=86400
2026-08-08T04:42:27+00:00 GET /008/maxage-86400/cr max_age=86400
2026-08-08T04:42:28+00:00 GET /008/maxage-86400/ff max_age=86400
2026-08-08T04:42:28+00:00 GET /008/maxage-86400/wk max_age=86400
2026-08-08T04:42:57+00:00 GET /008/maxage-86400/cr max_age=86400
2026-08-08T04:42:58+00:00 GET /008/maxage-86400/ff max_age=86400
2026-08-08T04:42:58+00:00 GET /008/maxage-86400/wk max_age=86400
2026-08-08T04:43:27+00:00 GET /008/maxage-86400/cr max_age=86400
2026-08-08T04:43:28+00:00 GET /008/maxage-86400/ff max_age=86400
2026-08-08T04:43:28+00:00 GET /008/maxage-86400/wk max_age=86400
2026-08-08T04:43:57+00:00 GET /008/maxage-86400/cr max_age=86400
2026-08-08T04:43:58+00:00 GET /008/maxage-86400/ff max_age=86400
2026-08-08T04:43:58+00:00 GET /008/maxage-86400/wk max_age=86400
2026-08-08T04:44:27+00:00 GET /008/maxage-86400/cr max_age=86400
2026-08-08T04:44:28+00:00 GET /008/maxage-86400/ff max_age=86400
2026-08-08T04:44:28+00:00 GET /008/maxage-86400/wk max_age=86400
2026-08-08T04:44:57+00:00 GET /008/maxage-86400/cr max_age=86400
2026-08-08T04:44:58+00:00 GET /008/maxage-86400/ff max_age=86400
2026-08-08T04:44:58+00:00 GET /008/maxage-86400/wk max_age=86400
2026-08-08T04:45:27+00:00 GET /008/maxage-86400/cr max_age=86400
2026-08-08T04:45:28+00:00 GET /008/maxage-86400/ff max_age=86400
2026-08-08T04:45:28+00:00 GET /008/maxage-86400/wk max_age=86400
2026-08-08T04:45:57+00:00 GET /008/maxage-86400/cr max_age=86400
2026-08-08T04:45:58+00:00 GET /008/maxage-86400/ff max_age=86400
2026-08-08T04:45:58+00:00 GET /008/maxage-86400/wk max_age=86400
2026-08-08T04:46:27+00:00 GET /008/maxage-86400/cr max_age=86400
2026-08-08T04:46:28+00:00 GET /008/maxage-86400/ff max_age=86400
2026-08-08T04:46:28+00:00 GET /008/maxage-86400/wk max_age=86400
2026-08-08T04:46:57+00:00 GET /008/maxage-86400/cr max_age=86400
2026-08-08T04:46:58+00:00 GET /008/maxage-86400/ff max_age=86400
2026-08-08T04:46:58+00:00 GET /008/maxage-86400/wk max_age=86400
2026-08-08T04:47:27+00:00 GET /008/maxage-86400/cr max_age=86400
2026-08-08T04:47:28+00:00 GET /008/maxage-86400/ff max_age=86400
2026-08-08T04:47:28+00:00 GET /008/maxage-86400/wk max_age=86400
2026-08-08T04:47:57+00:00 GET /008/maxage-86400/cr max_age=86400
2026-08-08T04:47:58+00:00 GET /008/maxage-86400/ff max_age=86400
2026-08-08T04:47:58+00:00 GET /008/maxage-86400/wk max_age=86400
2026-08-08T04:48:27+00:00 GET /008/maxage-86400/cr max_age=86400
2026-08-08T04:48:28+00:00 GET /008/maxage-86400/ff max_age=86400
2026-08-08T04:48:28+00:00 GET /008/maxage-86400/wk max_age=86400
2026-08-08T04:48:57+00:00 GET /008/maxage-86400/cr max_age=86400
2026-08-08T04:48:58+00:00 GET /008/maxage-86400/ff max_age=86400
2026-08-08T04:48:58+00:00 OPTIONS /008/maxage-86400/wk max_age=86400
2026-08-08T04:48:58+00:00 GET /008/maxage-86400/wk max_age=86400
2026-08-08T04:49:27+00:00 GET /008/maxage-86400/cr max_age=86400
2026-08-08T04:49:28+00:00 GET /008/maxage-86400/ff max_age=86400
2026-08-08T04:49:28+00:00 GET /008/maxage-86400/wk max_age=86400
2026-08-08T04:49:57+00:00 GET /008/maxage-86400/cr max_age=86400
2026-08-08T04:49:58+00:00 GET /008/maxage-86400/ff max_age=86400
2026-08-08T04:49:58+00:00 GET /008/maxage-86400/wk max_age=86400
2026-08-08T04:50:27+00:00 GET /008/maxage-86400/cr max_age=86400
2026-08-08T04:50:28+00:00 GET /008/maxage-86400/ff max_age=86400
2026-08-08T04:50:28+00:00 GET /008/maxage-86400/wk max_age=86400
2026-08-08T04:50:57+00:00 GET /008/maxage-86400/cr max_age=86400
2026-08-08T04:50:58+00:00 GET /008/maxage-86400/ff max_age=86400
2026-08-08T04:50:58+00:00 GET /008/maxage-86400/wk max_age=86400
2026-08-08T04:51:27+00:00 GET /008/maxage-86400/cr max_age=86400
2026-08-08T04:51:28+00:00 GET /008/maxage-86400/ff max_age=86400
2026-08-08T04:51:28+00:00 GET /008/maxage-86400/wk max_age=86400
2026-08-08T04:51:57+00:00 GET /008/maxage-86400/cr max_age=86400
2026-08-08T04:51:58+00:00 GET /008/maxage-86400/ff max_age=86400
2026-08-08T04:51:58+00:00 GET /008/maxage-86400/wk max_age=86400
2026-08-08T04:52:27+00:00 GET /008/maxage-86400/cr max_age=86400
2026-08-08T04:52:28+00:00 GET /008/maxage-86400/ff max_age=86400
2026-08-08T04:52:28+00:00 GET /008/maxage-86400/wk max_age=86400
2026-08-08T04:52:57+00:00 GET /008/maxage-86400/cr max_age=86400
2026-08-08T04:52:58+00:00 GET /008/maxage-86400/ff max_age=86400
2026-08-08T04:52:58+00:00 GET /008/maxage-86400/wk max_age=86400
2026-08-08T04:53:27+00:00 GET /008/maxage-86400/cr max_age=86400
2026-08-08T04:53:28+00:00 GET /008/maxage-86400/ff max_age=86400
2026-08-08T04:53:28+00:00 GET /008/maxage-86400/wk max_age=86400
2026-08-08T04:53:57+00:00 GET /008/maxage-86400/cr max_age=86400
2026-08-08T04:53:58+00:00 GET /008/maxage-86400/ff max_age=86400
2026-08-08T04:53:58+00:00 GET /008/maxage-86400/wk max_age=86400
2026-08-08T04:54:27+00:00 GET /008/maxage-86400/cr max_age=86400
2026-08-08T04:54:28+00:00 GET /008/maxage-86400/ff max_age=86400
2026-08-08T04:54:28+00:00 GET /008/maxage-86400/wk max_age=86400
2026-08-08T04:54:57+00:00 GET /008/maxage-86400/cr max_age=86400
2026-08-08T04:54:58+00:00 GET /008/maxage-86400/ff max_age=86400
2026-08-08T04:54:58+00:00 GET /008/maxage-86400/wk max_age=86400
2026-08-08T04:55:27+00:00 GET /008/maxage-86400/cr max_age=86400
2026-08-08T04:55:28+00:00 GET /008/maxage-86400/ff max_age=86400
2026-08-08T04:55:28+00:00 GET /008/maxage-86400/wk max_age=86400
2026-08-08T04:55:57+00:00 GET /008/maxage-86400/cr max_age=86400
2026-08-08T04:55:58+00:00 GET /008/maxage-86400/ff max_age=86400
2026-08-08T04:55:58+00:00 GET /008/maxage-86400/wk max_age=86400
2026-08-08T04:56:27+00:00 GET /008/maxage-86400/cr max_age=86400
2026-08-08T04:56:28+00:00 GET /008/maxage-86400/ff max_age=86400
2026-08-08T04:56:28+00:00 GET /008/maxage-86400/wk max_age=86400
2026-08-08T04:56:57+00:00 GET /008/maxage-86400/cr max_age=86400
2026-08-08T04:56:58+00:00 GET /008/maxage-86400/ff max_age=86400
2026-08-08T04:56:58+00:00 GET /008/maxage-86400/wk max_age=86400
2026-08-08T04:57:27+00:00 GET /008/maxage-86400/cr max_age=86400
2026-08-08T04:57:28+00:00 GET /008/maxage-86400/ff max_age=86400
2026-08-08T04:57:28+00:00 GET /008/maxage-86400/wk max_age=86400
2026-08-08T04:57:57+00:00 GET /008/maxage-86400/cr max_age=86400
2026-08-08T04:57:58+00:00 GET /008/maxage-86400/ff max_age=86400
2026-08-08T04:57:58+00:00 GET /008/maxage-86400/wk max_age=86400
2026-08-08T04:58:27+00:00 GET /008/maxage-86400/cr max_age=86400
2026-08-08T04:58:28+00:00 GET /008/maxage-86400/ff max_age=86400
2026-08-08T04:58:28+00:00 GET /008/maxage-86400/wk max_age=86400
2026-08-08T04:58:57+00:00 GET /008/maxage-86400/cr max_age=86400
2026-08-08T04:58:58+00:00 GET /008/maxage-86400/ff max_age=86400
2026-08-08T04:58:58+00:00 OPTIONS /008/maxage-86400/wk max_age=86400
2026-08-08T04:58:58+00:00 GET /008/maxage-86400/wk max_age=86400
2026-08-08T04:59:27+00:00 GET /008/maxage-86400/cr max_age=86400
2026-08-08T04:59:28+00:00 GET /008/maxage-86400/ff max_age=86400
2026-08-08T04:59:28+00:00 GET /008/maxage-86400/wk max_age=86400
2026-08-08T04:59:57+00:00 GET /008/maxage-86400/cr max_age=86400
2026-08-08T04:59:58+00:00 GET /008/maxage-86400/ff max_age=86400
2026-08-08T04:59:58+00:00 GET /008/maxage-86400/wk max_age=86400
2026-08-08T05:00:27+00:00 GET /008/maxage-86400/cr max_age=86400
2026-08-08T05:00:28+00:00 GET /008/maxage-86400/ff max_age=86400
2026-08-08T05:00:28+00:00 GET /008/maxage-86400/wk max_age=86400
2026-08-08T05:00:57+00:00 GET /008/maxage-86400/cr max_age=86400
2026-08-08T05:00:58+00:00 GET /008/maxage-86400/ff max_age=86400
2026-08-08T05:00:58+00:00 GET /008/maxage-86400/wk max_age=86400
2026-08-08T05:01:27+00:00 GET /008/maxage-86400/cr max_age=86400
2026-08-08T05:01:28+00:00 GET /008/maxage-86400/ff max_age=86400
2026-08-08T05:01:28+00:00 GET /008/maxage-86400/wk max_age=86400
2026-08-08T05:01:57+00:00 GET /008/maxage-86400/cr max_age=86400
2026-08-08T05:01:58+00:00 GET /008/maxage-86400/ff max_age=86400
2026-08-08T05:01:58+00:00 GET /008/maxage-86400/wk max_age=86400
2026-08-08T05:02:27+00:00 GET /008/maxage-86400/cr max_age=86400
2026-08-08T05:02:28+00:00 GET /008/maxage-86400/ff max_age=86400
2026-08-08T05:02:28+00:00 GET /008/maxage-86400/wk max_age=86400
2026-08-08T05:02:57+00:00 GET /008/maxage-86400/cr max_age=86400
2026-08-08T05:02:58+00:00 GET /008/maxage-86400/ff max_age=86400
2026-08-08T05:02:58+00:00 GET /008/maxage-86400/wk max_age=86400
2026-08-08T05:03:27+00:00 GET /008/maxage-86400/cr max_age=86400
2026-08-08T05:03:28+00:00 GET /008/maxage-86400/ff max_age=86400
2026-08-08T05:03:28+00:00 GET /008/maxage-86400/wk max_age=86400
2026-08-08T05:03:57+00:00 GET /008/maxage-86400/cr max_age=86400
2026-08-08T05:03:58+00:00 GET /008/maxage-86400/ff max_age=86400
2026-08-08T05:03:58+00:00 GET /008/maxage-86400/wk max_age=86400
2026-08-08T05:04:27+00:00 GET /008/maxage-86400/cr max_age=86400
2026-08-08T05:04:28+00:00 GET /008/maxage-86400/ff max_age=86400
2026-08-08T05:04:28+00:00 GET /008/maxage-86400/wk max_age=86400
2026-08-08T05:04:57+00:00 GET /008/maxage-86400/cr max_age=86400
2026-08-08T05:04:58+00:00 GET /008/maxage-86400/ff max_age=86400
2026-08-08T05:04:58+00:00 GET /008/maxage-86400/wk max_age=86400
2026-08-08T05:05:27+00:00 GET /008/maxage-86400/cr max_age=86400
2026-08-08T05:05:28+00:00 GET /008/maxage-86400/ff max_age=86400
2026-08-08T05:05:28+00:00 GET /008/maxage-86400/wk max_age=86400
2026-08-08T05:05:57+00:00 GET /008/maxage-86400/cr max_age=86400
2026-08-08T05:05:58+00:00 GET /008/maxage-86400/ff max_age=86400
2026-08-08T05:05:58+00:00 GET /008/maxage-86400/wk max_age=86400
2026-08-08T05:06:27+00:00 GET /008/maxage-86400/cr max_age=86400
2026-08-08T05:06:28+00:00 GET /008/maxage-86400/ff max_age=86400
2026-08-08T05:06:28+00:00 GET /008/maxage-86400/wk max_age=86400
2026-08-08T05:06:57+00:00 GET /008/maxage-86400/cr max_age=86400
2026-08-08T05:06:58+00:00 GET /008/maxage-86400/ff max_age=86400
2026-08-08T05:06:58+00:00 GET /008/maxage-86400/wk max_age=86400
2026-08-08T05:07:27+00:00 GET /008/maxage-86400/cr max_age=86400
2026-08-08T05:07:28+00:00 GET /008/maxage-86400/ff max_age=86400
2026-08-08T05:07:28+00:00 GET /008/maxage-86400/wk max_age=86400
2026-08-08T05:07:57+00:00 GET /008/maxage-86400/cr max_age=86400
2026-08-08T05:07:58+00:00 GET /008/maxage-86400/ff max_age=86400
2026-08-08T05:07:58+00:00 GET /008/maxage-86400/wk max_age=86400
2026-08-08T05:08:27+00:00 GET /008/maxage-86400/cr max_age=86400
2026-08-08T05:08:29+00:00 GET /008/maxage-86400/ff max_age=86400
2026-08-08T05:08:29+00:00 GET /008/maxage-86400/wk max_age=86400
2026-08-08T05:08:57+00:00 OPTIONS /008/maxage-86400/cr max_age=86400
2026-08-08T05:08:57+00:00 GET /008/maxage-86400/cr max_age=86400
2026-08-08T05:08:59+00:00 GET /008/maxage-86400/ff max_age=86400
2026-08-08T05:08:59+00:00 OPTIONS /008/maxage-86400/wk max_age=86400
2026-08-08T05:08:59+00:00 GET /008/maxage-86400/wk max_age=86400
2026-08-08T05:09:27+00:00 GET /008/maxage-86400/cr max_age=86400
2026-08-08T05:09:29+00:00 GET /008/maxage-86400/ff max_age=86400
2026-08-08T05:09:29+00:00 GET /008/maxage-86400/wk max_age=86400
2026-08-08T05:09:57+00:00 GET /008/maxage-86400/cr max_age=86400
2026-08-08T05:09:59+00:00 GET /008/maxage-86400/ff max_age=86400
2026-08-08T05:09:59+00:00 GET /008/maxage-86400/wk max_age=86400
2026-08-08T05:10:27+00:00 GET /008/maxage-86400/cr max_age=86400
2026-08-08T05:10:29+00:00 GET /008/maxage-86400/ff max_age=86400
2026-08-08T05:10:29+00:00 GET /008/maxage-86400/wk max_age=86400
2026-08-08T05:10:57+00:00 GET /008/maxage-86400/cr max_age=86400
2026-08-08T05:10:59+00:00 GET /008/maxage-86400/ff max_age=86400
2026-08-08T05:10:59+00:00 GET /008/maxage-86400/wk max_age=86400
2026-08-08T05:11:27+00:00 GET /008/maxage-86400/cr max_age=86400
2026-08-08T05:11:29+00:00 GET /008/maxage-86400/ff max_age=86400
2026-08-08T05:11:29+00:00 GET /008/maxage-86400/wk max_age=86400
2026-08-08T05:11:57+00:00 GET /008/maxage-86400/cr max_age=86400
2026-08-08T05:11:59+00:00 GET /008/maxage-86400/ff max_age=86400
2026-08-08T05:11:59+00:00 GET /008/maxage-86400/wk max_age=86400
2026-08-08T05:12:27+00:00 GET /008/maxage-86400/cr max_age=86400
2026-08-08T05:12:29+00:00 GET /008/maxage-86400/ff max_age=86400
2026-08-08T05:12:29+00:00 GET /008/maxage-86400/wk max_age=86400
2026-08-08T05:12:57+00:00 GET /008/maxage-86400/cr max_age=86400
2026-08-08T05:12:59+00:00 GET /008/maxage-86400/ff max_age=86400
2026-08-08T05:12:59+00:00 GET /008/maxage-86400/wk max_age=86400
2026-08-08T05:13:27+00:00 GET /008/maxage-86400/cr max_age=86400
2026-08-08T05:13:29+00:00 GET /008/maxage-86400/ff max_age=86400
2026-08-08T05:13:29+00:00 GET /008/maxage-86400/wk max_age=86400
2026-08-08T05:20:19+00:00 OPTIONS /008/maxage-default/wk max_age=-
2026-08-08T05:20:19+00:00 GET /008/maxage-default/wk max_age=-
2026-08-08T05:20:20+00:00 GET /008/maxage-default/wk max_age=-
2026-08-08T05:20:21+00:00 GET /008/maxage-default/wk max_age=-
2026-08-08T05:20:22+00:00 GET /008/maxage-default/wk max_age=-
2026-08-08T05:20:23+00:00 GET /008/maxage-default/wk max_age=-
2026-08-08T05:20:24+00:00 OPTIONS /008/maxage-default/wk max_age=-
2026-08-08T05:20:24+00:00 GET /008/maxage-default/wk max_age=-
2026-08-08T05:20:25+00:00 GET /008/maxage-default/wk max_age=-
2026-08-08T05:20:26+00:00 GET /008/maxage-default/wk max_age=-
2026-08-08T05:20:27+00:00 GET /008/maxage-default/wk max_age=-
2026-08-08T05:20:28+00:00 GET /008/maxage-default/wk max_age=-
2026-08-08T05:20:29+00:00 OPTIONS /008/maxage-default/wk max_age=-
2026-08-08T05:20:29+00:00 GET /008/maxage-default/wk max_age=-
2026-08-08T05:20:30+00:00 GET /008/maxage-default/wk max_age=-
2026-08-08T05:20:31+00:00 GET /008/maxage-default/wk max_age=-
2026-08-08T05:20:32+00:00 GET /008/maxage-default/wk max_age=-
2026-08-08T05:20:33+00:00 GET /008/maxage-default/wk max_age=-
2026-08-08T05:20:34+00:00 OPTIONS /008/maxage-default/wk max_age=-
2026-08-08T05:20:34+00:00 GET /008/maxage-default/wk max_age=-
2026-08-08T05:20:35+00:00 GET /008/maxage-default/wk max_age=-
2026-08-08T05:20:36+00:00 GET /008/maxage-default/wk max_age=-
2026-08-08T05:20:37+00:00 GET /008/maxage-default/wk max_age=-
2026-08-08T05:20:38+00:00 GET /008/maxage-default/wk max_age=-
2026-08-08T05:20:39+00:00 OPTIONS /008/maxage-default/wk max_age=-
2026-08-08T05:20:39+00:00 GET /008/maxage-default/wk max_age=-
2026-08-08T05:20:40+00:00 GET /008/maxage-default/wk max_age=-
2026-08-08T05:20:41+00:00 GET /008/maxage-default/wk max_age=-
2026-08-08T05:20:42+00:00 GET /008/maxage-default/wk max_age=-
2026-08-08T05:20:43+00:00 GET /008/maxage-default/wk max_age=-
2026-08-08T05:20:44+00:00 OPTIONS /008/maxage-default/wk max_age=-
2026-08-08T05:20:44+00:00 GET /008/maxage-default/wk max_age=-
2026-08-08T05:20:45+00:00 GET /008/maxage-default/wk max_age=-
2026-08-08T05:20:46+00:00 GET /008/maxage-default/wk max_age=-
2026-08-08T05:20:47+00:00 GET /008/maxage-default/wk max_age=-
2026-08-08T05:20:48+00:00 GET /008/maxage-default/wk max_age=-
2026-08-08T05:20:50+00:00 OPTIONS /008/maxage-2/wk max_age=2
2026-08-08T05:20:50+00:00 GET /008/maxage-2/wk max_age=2
2026-08-08T05:20:51+00:00 GET /008/maxage-2/wk max_age=2
2026-08-08T05:20:52+00:00 OPTIONS /008/maxage-2/wk max_age=2
2026-08-08T05:20:52+00:00 GET /008/maxage-2/wk max_age=2
2026-08-08T05:20:53+00:00 GET /008/maxage-2/wk max_age=2
2026-08-08T05:20:54+00:00 OPTIONS /008/maxage-2/wk max_age=2
2026-08-08T05:20:54+00:00 GET /008/maxage-2/wk max_age=2
2026-08-08T05:20:55+00:00 GET /008/maxage-2/wk max_age=2
2026-08-08T05:20:56+00:00 OPTIONS /008/maxage-2/wk max_age=2
2026-08-08T05:20:56+00:00 GET /008/maxage-2/wk max_age=2
2026-08-08T05:20:57+00:00 GET /008/maxage-2/wk max_age=2
2026-08-08T05:20:58+00:00 OPTIONS /008/maxage-2/wk max_age=2
2026-08-08T05:20:58+00:00 GET /008/maxage-2/wk max_age=2
2026-08-08T05:20:59+00:00 GET /008/maxage-2/wk max_age=2
2026-08-08T05:21:00+00:00 OPTIONS /008/maxage-2/wk max_age=2
2026-08-08T05:21:00+00:00 GET /008/maxage-2/wk max_age=2
2026-08-08T05:21:01+00:00 GET /008/maxage-2/wk max_age=2
2026-08-08T05:21:02+00:00 OPTIONS /008/maxage-2/wk max_age=2
2026-08-08T05:21:02+00:00 GET /008/maxage-2/wk max_age=2
2026-08-08T05:21:03+00:00 GET /008/maxage-2/wk max_age=2
2026-08-08T05:21:04+00:00 OPTIONS /008/maxage-2/wk max_age=2
2026-08-08T05:21:04+00:00 GET /008/maxage-2/wk max_age=2
2026-08-08T05:21:05+00:00 GET /008/maxage-2/wk max_age=2
2026-08-08T05:21:06+00:00 OPTIONS /008/maxage-2/wk max_age=2
2026-08-08T05:21:06+00:00 GET /008/maxage-2/wk max_age=2
2026-08-08T05:21:07+00:00 GET /008/maxage-2/wk max_age=2
2026-08-08T05:21:08+00:00 OPTIONS /008/maxage-2/wk max_age=2
2026-08-08T05:21:08+00:00 GET /008/maxage-2/wk max_age=2
2026-08-08T05:21:09+00:00 GET /008/maxage-2/wk max_age=2
2026-08-08T05:21:10+00:00 OPTIONS /008/maxage-2/wk max_age=2
2026-08-08T05:21:10+00:00 GET /008/maxage-2/wk max_age=2
2026-08-08T05:21:11+00:00 GET /008/maxage-2/wk max_age=2
2026-08-08T05:21:12+00:00 OPTIONS /008/maxage-2/wk max_age=2
2026-08-08T05:21:12+00:00 GET /008/maxage-2/wk max_age=2
2026-08-08T05:21:13+00:00 GET /008/maxage-2/wk max_age=2
2026-08-08T05:21:14+00:00 OPTIONS /008/maxage-2/wk max_age=2
2026-08-08T05:21:14+00:00 GET /008/maxage-2/wk max_age=2
2026-08-08T05:21:15+00:00 GET /008/maxage-2/wk max_age=2
2026-08-08T05:21:16+00:00 OPTIONS /008/maxage-2/wk max_age=2
2026-08-08T05:21:16+00:00 GET /008/maxage-2/wk max_age=2
2026-08-08T05:21:17+00:00 GET /008/maxage-2/wk max_age=2
2026-08-08T05:21:18+00:00 OPTIONS /008/maxage-2/wk max_age=2
2026-08-08T05:21:18+00:00 GET /008/maxage-2/wk max_age=2
2026-08-08T05:21:19+00:00 GET /008/maxage-2/wk max_age=2
2026-08-20T04:23:03+00:00 GET /008/maxage-86400/cr max_age=86400
2026-08-20T04:23:04+00:00 OPTIONS /008/maxage-86400/wk max_age=86400
2026-08-20T04:23:04+00:00 GET /008/maxage-86400/wk max_age=86400
2026-08-20T04:23:04+00:00 OPTIONS /008/maxage-86400/ff max_age=86400
2026-08-20T04:23:04+00:00 GET /008/maxage-86400/ff max_age=86400
2026-08-20T04:23:33+00:00 GET /008/maxage-86400/cr max_age=86400
2026-08-20T04:23:34+00:00 GET /008/maxage-86400/wk max_age=86400
2026-08-20T04:23:34+00:00 GET /008/maxage-86400/ff max_age=86400
2026-08-20T04:24:03+00:00 GET /008/maxage-86400/cr max_age=86400
2026-08-20T04:24:04+00:00 GET /008/maxage-86400/wk max_age=86400
2026-08-20T04:24:04+00:00 GET /008/maxage-86400/ff max_age=86400
2026-08-20T04:24:33+00:00 GET /008/maxage-86400/cr max_age=86400
2026-08-20T04:24:34+00:00 GET /008/maxage-86400/wk max_age=86400
2026-08-20T04:24:34+00:00 GET /008/maxage-86400/ff max_age=86400
2026-08-20T04:25:03+00:00 GET /008/maxage-86400/cr max_age=86400
2026-08-20T04:25:04+00:00 GET /008/maxage-86400/wk max_age=86400
2026-08-20T04:25:04+00:00 GET /008/maxage-86400/ff max_age=86400
2026-08-23T13:41:47+00:00 OPTIONS /008/maxage-default/cr max_age=-
2026-08-23T13:41:47+00:00 GET /008/maxage-default/cr max_age=-
2026-08-23T13:41:48+00:00 GET /008/maxage-default/cr max_age=-
2026-08-23T13:41:49+00:00 GET /008/maxage-default/cr max_age=-
2026-08-23T13:41:50+00:00 GET /008/maxage-default/cr max_age=-
2026-08-23T13:41:51+00:00 GET /008/maxage-default/cr max_age=-
2026-08-23T13:41:52+00:00 OPTIONS /008/maxage-default/cr max_age=-
2026-08-23T13:41:52+00:00 GET /008/maxage-default/cr max_age=-
2026-08-23T13:41:53+00:00 GET /008/maxage-default/cr max_age=-
2026-08-23T13:41:54+00:00 GET /008/maxage-default/cr max_age=-
2026-08-23T13:41:55+00:00 GET /008/maxage-default/cr max_age=-
2026-08-23T13:41:56+00:00 GET /008/maxage-default/cr max_age=-
2026-08-23T13:41:57+00:00 OPTIONS /008/maxage-default/cr max_age=-
2026-08-23T13:41:57+00:00 GET /008/maxage-default/cr max_age=-
2026-08-23T13:41:58+00:00 GET /008/maxage-default/cr max_age=-
2026-08-23T13:41:59+00:00 GET /008/maxage-default/cr max_age=-
2026-08-23T13:42:00+00:00 GET /008/maxage-default/cr max_age=-
2026-08-23T13:42:01+00:00 GET /008/maxage-default/cr max_age=-
2026-08-23T13:42:02+00:00 OPTIONS /008/maxage-default/cr max_age=-
2026-08-23T13:42:02+00:00 GET /008/maxage-default/cr max_age=-
2026-08-23T13:42:03+00:00 GET /008/maxage-default/cr max_age=-
2026-08-23T13:42:04+00:00 GET /008/maxage-default/cr max_age=-
2026-08-23T13:42:05+00:00 GET /008/maxage-default/cr max_age=-
2026-08-23T13:42:06+00:00 GET /008/maxage-default/cr max_age=-
2026-08-23T13:42:07+00:00 OPTIONS /008/maxage-default/cr max_age=-
2026-08-23T13:42:07+00:00 GET /008/maxage-default/cr max_age=-
2026-08-23T13:42:08+00:00 GET /008/maxage-default/cr max_age=-
2026-08-23T13:42:09+00:00 GET /008/maxage-default/cr max_age=-
2026-08-23T13:42:10+00:00 GET /008/maxage-default/cr max_age=-
2026-08-23T13:42:13+00:00 OPTIONS /008/maxage-default/ff max_age=-
2026-08-23T13:42:13+00:00 GET /008/maxage-default/ff max_age=-
2026-08-23T13:42:14+00:00 GET /008/maxage-default/ff max_age=-
2026-08-23T13:42:15+00:00 GET /008/maxage-default/ff max_age=-
2026-08-23T13:42:16+00:00 GET /008/maxage-default/ff max_age=-
2026-08-23T13:42:17+00:00 GET /008/maxage-default/ff max_age=-
2026-08-23T13:42:18+00:00 OPTIONS /008/maxage-default/ff max_age=-
2026-08-23T13:42:18+00:00 GET /008/maxage-default/ff max_age=-
2026-08-23T13:42:19+00:00 GET /008/maxage-default/ff max_age=-
2026-08-23T13:42:20+00:00 GET /008/maxage-default/ff max_age=-
2026-08-23T13:42:21+00:00 GET /008/maxage-default/ff max_age=-
2026-08-23T13:42:22+00:00 GET /008/maxage-default/ff max_age=-
2026-08-23T13:42:23+00:00 OPTIONS /008/maxage-default/ff max_age=-
2026-08-23T13:42:23+00:00 GET /008/maxage-default/ff max_age=-
2026-08-23T13:42:24+00:00 GET /008/maxage-default/ff max_age=-
2026-08-23T13:42:25+00:00 GET /008/maxage-default/ff max_age=-
2026-08-23T13:42:26+00:00 GET /008/maxage-default/ff max_age=-
2026-08-23T13:42:27+00:00 GET /008/maxage-default/ff max_age=-
2026-08-23T13:42:28+00:00 OPTIONS /008/maxage-default/ff max_age=-
2026-08-23T13:42:28+00:00 GET /008/maxage-default/ff max_age=-
2026-08-23T13:42:29+00:00 GET /008/maxage-default/ff max_age=-
2026-08-23T13:42:30+00:00 GET /008/maxage-default/ff max_age=-
2026-08-23T13:42:31+00:00 GET /008/maxage-default/ff max_age=-
2026-08-23T13:42:32+00:00 GET /008/maxage-default/ff max_age=-
2026-08-23T13:42:33+00:00 OPTIONS /008/maxage-default/ff max_age=-
2026-08-23T13:42:33+00:00 GET /008/maxage-default/ff max_age=-
2026-08-23T13:42:34+00:00 GET /008/maxage-default/ff max_age=-
2026-08-23T13:42:35+00:00 GET /008/maxage-default/ff max_age=-
2026-08-23T13:42:36+00:00 GET /008/maxage-default/ff max_age=-
2026-08-23T13:42:38+00:00 OPTIONS /008/maxage-default/wk max_age=-
2026-08-23T13:42:38+00:00 GET /008/maxage-default/wk max_age=-
2026-08-23T13:42:39+00:00 GET /008/maxage-default/wk max_age=-
2026-08-23T13:42:40+00:00 GET /008/maxage-default/wk max_age=-
2026-08-23T13:42:41+00:00 GET /008/maxage-default/wk max_age=-
2026-08-23T13:42:42+00:00 GET /008/maxage-default/wk max_age=-
2026-08-23T13:42:43+00:00 OPTIONS /008/maxage-default/wk max_age=-
2026-08-23T13:42:43+00:00 GET /008/maxage-default/wk max_age=-
2026-08-23T13:42:44+00:00 GET /008/maxage-default/wk max_age=-
2026-08-23T13:42:45+00:00 GET /008/maxage-default/wk max_age=-
2026-08-23T13:42:46+00:00 GET /008/maxage-default/wk max_age=-
2026-08-23T13:42:47+00:00 GET /008/maxage-default/wk max_age=-
2026-08-23T13:42:48+00:00 OPTIONS /008/maxage-default/wk max_age=-
2026-08-23T13:42:48+00:00 GET /008/maxage-default/wk max_age=-
2026-08-23T13:42:49+00:00 GET /008/maxage-default/wk max_age=-
2026-08-23T13:42:50+00:00 GET /008/maxage-default/wk max_age=-
2026-08-23T13:42:51+00:00 GET /008/maxage-default/wk max_age=-
2026-08-23T13:42:52+00:00 GET /008/maxage-default/wk max_age=-
2026-08-23T13:42:53+00:00 OPTIONS /008/maxage-default/wk max_age=-
2026-08-23T13:42:53+00:00 GET /008/maxage-default/wk max_age=-
2026-08-23T13:42:54+00:00 GET /008/maxage-default/wk max_age=-
2026-08-23T13:42:55+00:00 GET /008/maxage-default/wk max_age=-
2026-08-23T13:42:56+00:00 GET /008/maxage-default/wk max_age=-
2026-08-23T13:42:57+00:00 GET /008/maxage-default/wk max_age=-
2026-08-23T13:42:58+00:00 OPTIONS /008/maxage-default/wk max_age=-
2026-08-23T13:42:58+00:00 GET /008/maxage-default/wk max_age=-
2026-08-23T13:42:59+00:00 GET /008/maxage-default/wk max_age=-
2026-08-23T13:43:00+00:00 GET /008/maxage-default/wk max_age=-
2026-08-23T13:43:01+00:00 GET /008/maxage-default/wk max_age=-
2026-08-23T13:43:02+00:00 GET /008/maxage-default/wk max_age=-
2026-08-23T13:43:03+00:00 OPTIONS /008/maxage-default/wk max_age=-
2026-08-23T13:43:03+00:00 GET /008/maxage-default/wk max_age=-
2026-08-23T13:43:04+00:00 GET /008/maxage-default/wk max_age=-
2026-08-23T13:43:05+00:00 GET /008/maxage-default/wk max_age=-
2026-08-23T13:43:06+00:00 GET /008/maxage-default/wk max_age=-
2026-08-23T13:43:07+00:00 GET /008/maxage-default/wk max_age=-
2026-08-23T13:43:09+00:00 OPTIONS /008/maxage-2/cr max_age=2
2026-08-23T13:43:09+00:00 GET /008/maxage-2/cr max_age=2
2026-08-23T13:43:10+00:00 GET /008/maxage-2/cr max_age=2
2026-08-23T13:43:11+00:00 OPTIONS /008/maxage-2/cr max_age=2
2026-08-23T13:43:11+00:00 GET /008/maxage-2/cr max_age=2
2026-08-23T13:43:12+00:00 GET /008/maxage-2/cr max_age=2
2026-08-23T13:43:13+00:00 OPTIONS /008/maxage-2/cr max_age=2
2026-08-23T13:43:13+00:00 GET /008/maxage-2/cr max_age=2
2026-08-23T13:43:14+00:00 GET /008/maxage-2/cr max_age=2
2026-08-23T13:43:15+00:00 OPTIONS /008/maxage-2/cr max_age=2
2026-08-23T13:43:15+00:00 GET /008/maxage-2/cr max_age=2
2026-08-23T13:43:16+00:00 GET /008/maxage-2/cr max_age=2
2026-08-23T13:43:17+00:00 OPTIONS /008/maxage-2/cr max_age=2
2026-08-23T13:43:17+00:00 GET /008/maxage-2/cr max_age=2
2026-08-23T13:43:18+00:00 GET /008/maxage-2/cr max_age=2
2026-08-23T13:43:19+00:00 OPTIONS /008/maxage-2/cr max_age=2
2026-08-23T13:43:19+00:00 GET /008/maxage-2/cr max_age=2
2026-08-23T13:43:20+00:00 GET /008/maxage-2/cr max_age=2
2026-08-23T13:43:21+00:00 OPTIONS /008/maxage-2/cr max_age=2
2026-08-23T13:43:21+00:00 GET /008/maxage-2/cr max_age=2
2026-08-23T13:43:22+00:00 GET /008/maxage-2/cr max_age=2
2026-08-23T13:43:24+00:00 OPTIONS /008/maxage-2/ff max_age=2
2026-08-23T13:43:24+00:00 GET /008/maxage-2/ff max_age=2
2026-08-23T13:43:25+00:00 GET /008/maxage-2/ff max_age=2
2026-08-23T13:43:26+00:00 OPTIONS /008/maxage-2/ff max_age=2
2026-08-23T13:43:26+00:00 GET /008/maxage-2/ff max_age=2
2026-08-23T13:43:27+00:00 GET /008/maxage-2/ff max_age=2
2026-08-23T13:43:28+00:00 OPTIONS /008/maxage-2/ff max_age=2
2026-08-23T13:43:28+00:00 GET /008/maxage-2/ff max_age=2
2026-08-23T13:43:29+00:00 GET /008/maxage-2/ff max_age=2
2026-08-23T13:43:30+00:00 OPTIONS /008/maxage-2/ff max_age=2
2026-08-23T13:43:30+00:00 GET /008/maxage-2/ff max_age=2
2026-08-23T13:43:31+00:00 GET /008/maxage-2/ff max_age=2
2026-08-23T13:43:32+00:00 OPTIONS /008/maxage-2/ff max_age=2
2026-08-23T13:43:32+00:00 GET /008/maxage-2/ff max_age=2
2026-08-23T13:43:33+00:00 GET /008/maxage-2/ff max_age=2
2026-08-23T13:43:34+00:00 OPTIONS /008/maxage-2/ff max_age=2
2026-08-23T13:43:34+00:00 GET /008/maxage-2/ff max_age=2
2026-08-23T13:43:35+00:00 GET /008/maxage-2/ff max_age=2
2026-08-23T13:43:36+00:00 OPTIONS /008/maxage-2/ff max_age=2
2026-08-23T13:43:36+00:00 GET /008/maxage-2/ff max_age=2
2026-08-23T13:43:37+00:00 GET /008/maxage-2/ff max_age=2
2026-08-23T13:43:39+00:00 OPTIONS /008/maxage-2/wk max_age=2
2026-08-23T13:43:39+00:00 GET /008/maxage-2/wk max_age=2
2026-08-23T13:43:40+00:00 GET /008/maxage-2/wk max_age=2
2026-08-23T13:43:41+00:00 OPTIONS /008/maxage-2/wk max_age=2
2026-08-23T13:43:41+00:00 GET /008/maxage-2/wk max_age=2
2026-08-23T13:43:42+00:00 GET /008/maxage-2/wk max_age=2
2026-08-23T13:43:43+00:00 OPTIONS /008/maxage-2/wk max_age=2
2026-08-23T13:43:43+00:00 GET /008/maxage-2/wk max_age=2
2026-08-23T13:43:44+00:00 GET /008/maxage-2/wk max_age=2
2026-08-23T13:43:45+00:00 OPTIONS /008/maxage-2/wk max_age=2
2026-08-23T13:43:45+00:00 GET /008/maxage-2/wk max_age=2
2026-08-23T13:43:46+00:00 GET /008/maxage-2/wk max_age=2
2026-08-23T13:43:47+00:00 OPTIONS /008/maxage-2/wk max_age=2
2026-08-23T13:43:47+00:00 GET /008/maxage-2/wk max_age=2
2026-08-23T13:43:48+00:00 GET /008/maxage-2/wk max_age=2
2026-08-23T13:43:49+00:00 OPTIONS /008/maxage-2/wk max_age=2
2026-08-23T13:43:49+00:00 GET /008/maxage-2/wk max_age=2
2026-08-23T13:43:50+00:00 GET /008/maxage-2/wk max_age=2
2026-08-23T13:43:51+00:00 OPTIONS /008/maxage-2/wk max_age=2
2026-08-23T13:43:51+00:00 GET /008/maxage-2/wk max_age=2
2026-08-23T13:43:52+00:00 GET /008/maxage-2/wk max_age=2
2026-08-23T13:43:53+00:00 OPTIONS /008/maxage-2/wk max_age=2
2026-08-23T13:43:53+00:00 GET /008/maxage-2/wk max_age=2
2026-08-23T13:43:54+00:00 GET /008/maxage-2/wk max_age=2
2026-08-23T13:43:55+00:00 OPTIONS /008/maxage-2/wk max_age=2
2026-08-23T13:43:55+00:00 GET /008/maxage-2/wk max_age=2
2026-08-23T13:43:56+00:00 GET /008/maxage-2/wk max_age=2
2026-08-23T13:43:57+00:00 OPTIONS /008/maxage-2/wk max_age=2
2026-08-23T13:43:57+00:00 GET /008/maxage-2/wk max_age=2
2026-08-23T13:43:58+00:00 GET /008/maxage-2/wk max_age=2
2026-08-23T13:43:59+00:00 OPTIONS /008/maxage-2/wk max_age=2
2026-08-23T13:43:59+00:00 GET /008/maxage-2/wk max_age=2
2026-08-23T13:44:00+00:00 GET /008/maxage-2/wk max_age=2
2026-08-23T13:44:01+00:00 OPTIONS /008/maxage-2/wk max_age=2
2026-08-23T13:44:01+00:00 GET /008/maxage-2/wk max_age=2
2026-08-23T13:44:02+00:00 GET /008/maxage-2/wk max_age=2
2026-08-23T13:44:03+00:00 OPTIONS /008/maxage-2/wk max_age=2
2026-08-23T13:44:03+00:00 GET /008/maxage-2/wk max_age=2
2026-08-23T13:44:04+00:00 GET /008/maxage-2/wk max_age=2
2026-08-23T13:44:05+00:00 OPTIONS /008/maxage-2/wk max_age=2
2026-08-23T13:44:05+00:00 GET /008/maxage-2/wk max_age=2
2026-08-23T13:44:06+00:00 GET /008/maxage-2/wk max_age=2
2026-08-23T13:44:07+00:00 OPTIONS /008/maxage-2/wk max_age=2
2026-08-23T13:44:07+00:00 GET /008/maxage-2/wk max_age=2
2026-08-23T13:44:08+00:00 GET /008/maxage-2/wk max_age=2
2026-08-23T13:44:10+00:00 OPTIONS /008/maxage-86400/cr max_age=86400
2026-08-23T13:44:10+00:00 GET /008/maxage-86400/cr max_age=86400
2026-08-23T13:44:10+00:00 OPTIONS /008/maxage-86400/wk max_age=86400
2026-08-23T13:44:10+00:00 GET /008/maxage-86400/wk max_age=86400
2026-08-23T13:44:11+00:00 OPTIONS /008/maxage-86400/ff max_age=86400
2026-08-23T13:44:11+00:00 GET /008/maxage-86400/ff max_age=86400
2026-08-23T13:44:40+00:00 GET /008/maxage-86400/cr max_age=86400
2026-08-23T13:44:40+00:00 GET /008/maxage-86400/wk max_age=86400
2026-08-23T13:44:41+00:00 GET /008/maxage-86400/ff max_age=86400
2026-08-23T13:45:10+00:00 GET /008/maxage-86400/cr max_age=86400
2026-08-23T13:45:10+00:00 GET /008/maxage-86400/wk max_age=86400
2026-08-23T13:45:11+00:00 GET /008/maxage-86400/ff max_age=86400
2026-08-23T13:45:40+00:00 GET /008/maxage-86400/cr max_age=86400
2026-08-23T13:45:40+00:00 GET /008/maxage-86400/wk max_age=86400
2026-08-23T13:45:41+00:00 GET /008/maxage-86400/ff max_age=86400
2026-08-23T13:46:10+00:00 GET /008/maxage-86400/cr max_age=86400
2026-08-23T13:46:10+00:00 GET /008/maxage-86400/wk max_age=86400
2026-08-23T13:46:11+00:00 GET /008/maxage-86400/ff max_age=86400
2026-08-23T13:46:40+00:00 GET /008/maxage-86400/cr max_age=86400
2026-08-23T13:46:40+00:00 GET /008/maxage-86400/wk max_age=86400
2026-08-23T13:46:41+00:00 GET /008/maxage-86400/ff max_age=86400
2026-08-23T13:47:10+00:00 GET /008/maxage-86400/cr max_age=86400
2026-08-23T13:47:10+00:00 GET /008/maxage-86400/wk max_age=86400
2026-08-23T13:47:11+00:00 GET /008/maxage-86400/ff max_age=86400
2026-08-23T13:49:18+00:00 GET /008/boundary/get-plain max_age=-
2026-08-23T13:49:18+00:00 OPTIONS /008/boundary/get-custom-header max_age=-
2026-08-23T13:49:18+00:00 GET /008/boundary/get-custom-header max_age=-
2026-08-23T13:49:19+00:00 POST /008/boundary/post-text-plain max_age=-
2026-08-23T13:49:19+00:00 POST /008/boundary/post-form-urlencoded max_age=-
2026-08-23T13:49:19+00:00 POST /008/boundary/post-multipart max_age=-
2026-08-23T13:49:20+00:00 OPTIONS /008/boundary/post-json max_age=-
2026-08-23T13:49:20+00:00 POST /008/boundary/post-json max_age=-
2026-08-23T13:49:20+00:00 OPTIONS /008/boundary/put-plain max_age=-
2026-08-23T13:49:20+00:00 PUT /008/boundary/put-plain max_age=-
2026-08-23T13:49:20+00:00 OPTIONS /008/boundary/delete-plain max_age=-
2026-08-23T13:49:20+00:00 DELETE /008/boundary/delete-plain max_age=-
2026-08-23T13:49:22+00:00 GET /008/boundary/get-plain max_age=-
2026-08-23T13:49:22+00:00 OPTIONS /008/boundary/get-custom-header max_age=-
2026-08-23T13:49:22+00:00 GET /008/boundary/get-custom-header max_age=-
2026-08-23T13:49:23+00:00 POST /008/boundary/post-text-plain max_age=-
2026-08-23T13:49:23+00:00 POST /008/boundary/post-form-urlencoded max_age=-
2026-08-23T13:49:24+00:00 POST /008/boundary/post-multipart max_age=-
2026-08-23T13:49:24+00:00 OPTIONS /008/boundary/post-json max_age=-
2026-08-23T13:49:24+00:00 POST /008/boundary/post-json max_age=-
2026-08-23T13:49:25+00:00 OPTIONS /008/boundary/put-plain max_age=-
2026-08-23T13:49:25+00:00 PUT /008/boundary/put-plain max_age=-
2026-08-23T13:49:25+00:00 OPTIONS /008/boundary/delete-plain max_age=-
2026-08-23T13:49:25+00:00 DELETE /008/boundary/delete-plain max_age=-
2026-08-23T13:49:26+00:00 GET /008/boundary/get-plain max_age=-
2026-08-23T13:49:27+00:00 OPTIONS /008/boundary/get-custom-header max_age=-
2026-08-23T13:49:27+00:00 GET /008/boundary/get-custom-header max_age=-
2026-08-23T13:49:27+00:00 POST /008/boundary/post-text-plain max_age=-
2026-08-23T13:49:28+00:00 POST /008/boundary/post-form-urlencoded max_age=-
2026-08-23T13:49:28+00:00 POST /008/boundary/post-multipart max_age=-
2026-08-23T13:49:29+00:00 OPTIONS /008/boundary/post-json max_age=-
2026-08-23T13:49:29+00:00 POST /008/boundary/post-json max_age=-
2026-08-23T13:49:29+00:00 OPTIONS /008/boundary/put-plain max_age=-
2026-08-23T13:49:29+00:00 PUT /008/boundary/put-plain max_age=-
2026-08-23T13:49:30+00:00 OPTIONS /008/boundary/delete-plain max_age=-
2026-08-23T13:49:30+00:00 DELETE /008/boundary/delete-plain max_age=-
