1787193024.348 2026-08-20T02:30:24+00:00 GET 200 uri="/004/page/" cs=- cl=- wa="-" ra="-" cache=-
1787193024.405 2026-08-20T02:30:24+00:00 GET 401 uri="/004/api/auth/basic" cs=- cl=- wa="Basic realm=\x22004\x22" ra="-" cache=-
1787193024.444 2026-08-20T02:30:24+00:00 GET 401 uri="/004/nginx/basic/index.html" cs=- cl=- wa="Basic realm=\x22004\x22" ra="-" cache=-
1787193024.479 2026-08-20T02:30:24+00:00 GET 403 uri="/004/nginx/deny/index.html" cs=- cl=- wa="-" ra="-" cache=-
1787193031.404 2026-08-20T02:30:31+00:00 GET 401 uri="/004/api/auth/basic?cs=auth&cl=curl" cs=auth cl=curl wa="Basic realm=\x22004\x22" ra="-" cache=-
1787193031.442 2026-08-20T02:30:31+00:00 GET 401 uri="/004/stripped/auth/basic?cs=auth&cl=curl" cs=auth cl=curl wa="-" ra="-" cache=-
1787193031.476 2026-08-20T02:30:31+00:00 GET 401 uri="/004/nginx/basic/index.html?cs=auth&cl=curl" cs=auth cl=curl wa="Basic realm=\x22004\x22" ra="-" cache=-
1787193031.510 2026-08-20T02:30:31+00:00 GET 403 uri="/004/nginx/deny/index.html?cs=auth&cl=curl" cs=auth cl=curl wa="-" ra="-" cache=-
1787193038.154 2026-08-20T02:30:38+00:00 POST 204 uri="/004/api/__reset" cs=- cl=- wa="-" ra="-" cache=-
1787193038.188 2026-08-20T02:30:38+00:00 GET 429 uri="/004/api/limited?cs=retry&cl=curl-plain&after=0&ra=3" cs=retry cl=curl-plain wa="-" ra="3" cache=-
1787193038.222 2026-08-20T02:30:38+00:00 GET 429 uri="/004/api/limited?cs=retry&cl=curl-retry&after=0&ra=3" cs=retry cl=curl-retry wa="-" ra="3" cache=-
1787193041.232 2026-08-20T02:30:41+00:00 GET 429 uri="/004/api/limited?cs=retry&cl=curl-retry&after=0&ra=3" cs=retry cl=curl-retry wa="-" ra="3" cache=-
1787193044.242 2026-08-20T02:30:44+00:00 GET 429 uri="/004/api/limited?cs=retry&cl=curl-retry&after=0&ra=3" cs=retry cl=curl-retry wa="-" ra="3" cache=-
1787193044.272 2026-08-20T02:30:44+00:00 GET 429 uri="/004/api/limited?cs=retry&cl=node-fetch&after=0&ra=3" cs=retry cl=node-fetch wa="-" ra="3" cache=-
1787193044.281 2026-08-20T02:30:44+00:00 GET 429 uri="/004/api/limited?cs=retry&cl=undici-retry&after=0&ra=3" cs=retry cl=undici-retry wa="-" ra="3" cache=-
1787193047.290 2026-08-20T02:30:47+00:00 GET 429 uri="/004/api/limited?cs=retry&cl=undici-retry&after=0&ra=3" cs=retry cl=undici-retry wa="-" ra="3" cache=-
1787193050.300 2026-08-20T02:30:50+00:00 GET 429 uri="/004/api/limited?cs=retry&cl=undici-retry&after=0&ra=3" cs=retry cl=undici-retry wa="-" ra="3" cache=-
1787193059.143 2026-08-20T02:30:59+00:00 GET 403 uri="/004/api/problem?cs=intercept&cl=curl" cs=intercept cl=curl wa="-" ra="-" cache=-
1787193059.179 2026-08-20T02:30:59+00:00 GET 403 uri="/004/intercept/problem?cs=intercept&cl=curl" cs=- cl=- wa="-" ra="-" cache=-
1787193059.215 2026-08-20T02:30:59+00:00 GET 403 uri="/004/api/problem?mismatch=1&cs=intercept&cl=curl" cs=intercept cl=curl wa="-" ra="-" cache=-
1787193059.489 2026-08-20T02:30:59+00:00 GET 200 uri="/004/cached/codes/200?n=1787193059467200&cs=cache&cl=curl" cs=cache cl=curl wa="-" ra="-" cache=MISS
1787193059.523 2026-08-20T02:30:59+00:00 GET 200 uri="/004/cached/codes/200?n=1787193059467200&cs=cache&cl=curl" cs=cache cl=curl wa="-" ra="-" cache=HIT
1787193059.555 2026-08-20T02:30:59+00:00 GET 404 uri="/004/cached/codes/404?n=1787193059538404&cs=cache&cl=curl" cs=cache cl=curl wa="-" ra="-" cache=MISS
1787193059.586 2026-08-20T02:30:59+00:00 GET 404 uri="/004/cached/codes/404?n=1787193059538404&cs=cache&cl=curl" cs=cache cl=curl wa="-" ra="-" cache=HIT
1787193059.617 2026-08-20T02:30:59+00:00 GET 429 uri="/004/cached/codes/429?n=1787193059602429&cs=cache&cl=curl" cs=cache cl=curl wa="-" ra="3" cache=MISS
1787193059.648 2026-08-20T02:30:59+00:00 GET 429 uri="/004/cached/codes/429?n=1787193059602429&cs=cache&cl=curl" cs=cache cl=curl wa="-" ra="3" cache=HIT
1787193059.679 2026-08-20T02:30:59+00:00 GET 503 uri="/004/cached/codes/503?n=1787193059664503&cs=cache&cl=curl" cs=cache cl=curl wa="-" ra="3" cache=MISS
1787193059.708 2026-08-20T02:30:59+00:00 GET 503 uri="/004/cached/codes/503?n=1787193059664503&cs=cache&cl=curl" cs=cache cl=curl wa="-" ra="3" cache=HIT
1787193119.811 2026-08-20T02:31:59+00:00 GET 200 uri="/004/cached/codes/200?n=1787193119774200&cs=cache&cl=curl" cs=cache cl=curl wa="-" ra="-" cache=MISS
1787193119.846 2026-08-20T02:31:59+00:00 GET 200 uri="/004/cached/codes/200?n=1787193119774200&cs=cache&cl=curl" cs=cache cl=curl wa="-" ra="-" cache=HIT
1787193119.881 2026-08-20T02:31:59+00:00 GET 404 uri="/004/cached/codes/404?n=1787193119852404&cs=cache&cl=curl" cs=cache cl=curl wa="-" ra="-" cache=MISS
1787193119.913 2026-08-20T02:31:59+00:00 GET 404 uri="/004/cached/codes/404?n=1787193119852404&cs=cache&cl=curl" cs=cache cl=curl wa="-" ra="-" cache=HIT
1787193119.946 2026-08-20T02:31:59+00:00 GET 429 uri="/004/cached/codes/429?n=1787193119918429&cs=cache&cl=curl" cs=cache cl=curl wa="-" ra="3" cache=MISS
1787193119.979 2026-08-20T02:31:59+00:00 GET 429 uri="/004/cached/codes/429?n=1787193119918429&cs=cache&cl=curl" cs=cache cl=curl wa="-" ra="3" cache=HIT
1787193120.013 2026-08-20T02:32:00+00:00 GET 503 uri="/004/cached/codes/503?n=1787193119984503&cs=cache&cl=curl" cs=cache cl=curl wa="-" ra="3" cache=MISS
1787193120.049 2026-08-20T02:32:00+00:00 GET 503 uri="/004/cached/codes/503?n=1787193119984503&cs=cache&cl=curl" cs=cache cl=curl wa="-" ra="3" cache=HIT
1787193120.083 2026-08-20T02:32:00+00:00 GET 200 uri="/004/cached-cc/codes/200?cc=1&n=1787193120055200&cs=cachecc&cl=curl" cs=cachecc cl=curl wa="-" ra="-" cache=MISS
1787193120.119 2026-08-20T02:32:00+00:00 GET 200 uri="/004/cached-cc/codes/200?cc=1&n=1787193120055200&cs=cachecc&cl=curl" cs=cachecc cl=curl wa="-" ra="-" cache=MISS
1787193120.154 2026-08-20T02:32:00+00:00 GET 429 uri="/004/cached-cc/codes/429?cc=1&n=1787193120125429&cs=cachecc&cl=curl" cs=cachecc cl=curl wa="-" ra="3" cache=MISS
1787193120.187 2026-08-20T02:32:00+00:00 GET 429 uri="/004/cached-cc/codes/429?cc=1&n=1787193120125429&cs=cachecc&cl=curl" cs=cachecc cl=curl wa="-" ra="3" cache=MISS
1787193137.725 2026-08-20T02:32:17+00:00 GET 429 uri="/004/api/codes/429?cc=1" cs=- cl=- wa="-" ra="3" cache=-
1787193144.208 2026-08-20T02:32:24+00:00 GET 429 uri="/004/api/codes/429?cc=1" cs=- cl=- wa="-" ra="3" cache=-
1787193150.224 2026-08-20T02:32:30+00:00 GET 200 uri="/004/cached/codes/200?n=1787193150186200&cs=cache&cl=curl" cs=cache cl=curl wa="-" ra="-" cache=MISS
1787193150.258 2026-08-20T02:32:30+00:00 GET 200 uri="/004/cached/codes/200?n=1787193150186200&cs=cache&cl=curl" cs=cache cl=curl wa="-" ra="-" cache=HIT
1787193150.293 2026-08-20T02:32:30+00:00 GET 404 uri="/004/cached/codes/404?n=1787193150262404&cs=cache&cl=curl" cs=cache cl=curl wa="-" ra="-" cache=MISS
1787193150.327 2026-08-20T02:32:30+00:00 GET 404 uri="/004/cached/codes/404?n=1787193150262404&cs=cache&cl=curl" cs=cache cl=curl wa="-" ra="-" cache=HIT
1787193150.361 2026-08-20T02:32:30+00:00 GET 429 uri="/004/cached/codes/429?n=1787193150330429&cs=cache&cl=curl" cs=cache cl=curl wa="-" ra="3" cache=MISS
1787193150.403 2026-08-20T02:32:30+00:00 GET 429 uri="/004/cached/codes/429?n=1787193150330429&cs=cache&cl=curl" cs=cache cl=curl wa="-" ra="3" cache=HIT
1787193150.441 2026-08-20T02:32:30+00:00 GET 503 uri="/004/cached/codes/503?n=1787193150408503&cs=cache&cl=curl" cs=cache cl=curl wa="-" ra="3" cache=MISS
1787193150.473 2026-08-20T02:32:30+00:00 GET 503 uri="/004/cached/codes/503?n=1787193150408503&cs=cache&cl=curl" cs=cache cl=curl wa="-" ra="3" cache=HIT
1787193150.507 2026-08-20T02:32:30+00:00 GET 200 uri="/004/cached-cc/codes/200?cc=1&n=1787193150478200&cs=cachecc&cl=curl" cs=cachecc cl=curl wa="-" ra="-" cache=MISS
1787193150.542 2026-08-20T02:32:30+00:00 GET 200 uri="/004/cached-cc/codes/200?cc=1&n=1787193150478200&cs=cachecc&cl=curl" cs=cachecc cl=curl wa="-" ra="-" cache=HIT
1787193150.577 2026-08-20T02:32:30+00:00 GET 429 uri="/004/cached-cc/codes/429?cc=1&n=1787193150548429&cs=cachecc&cl=curl" cs=cachecc cl=curl wa="-" ra="3" cache=MISS
1787193150.611 2026-08-20T02:32:30+00:00 GET 429 uri="/004/cached-cc/codes/429?cc=1&n=1787193150548429&cs=cachecc&cl=curl" cs=cachecc cl=curl wa="-" ra="3" cache=HIT
1787193225.313 2026-08-20T02:33:45+00:00 GET 200 uri="/004/api/codes/200?cs=render&cl=browser-chromium" cs=render cl=browser-chromium wa="-" ra="-" cache=-
1787193225.338 2026-08-20T02:33:45+00:00 GET 403 uri="/004/api/codes/403?cs=render&cl=browser-chromium" cs=render cl=browser-chromium wa="-" ra="-" cache=-
1787193225.353 2026-08-20T02:33:45+00:00 GET 404 uri="/004/api/codes/404?cs=render&cl=browser-chromium" cs=render cl=browser-chromium wa="-" ra="-" cache=-
1787193225.368 2026-08-20T02:33:45+00:00 GET 410 uri="/004/api/codes/410?cs=render&cl=browser-chromium" cs=render cl=browser-chromium wa="-" ra="-" cache=-
1787193225.381 2026-08-20T02:33:45+00:00 GET 429 uri="/004/api/codes/429?cs=render&cl=browser-chromium" cs=render cl=browser-chromium wa="-" ra="3" cache=-
1787193225.394 2026-08-20T02:33:45+00:00 GET 500 uri="/004/api/codes/500?cs=render&cl=browser-chromium" cs=render cl=browser-chromium wa="-" ra="-" cache=-
1787193225.409 2026-08-20T02:33:45+00:00 GET 503 uri="/004/api/codes/503?cs=render&cl=browser-chromium" cs=render cl=browser-chromium wa="-" ra="3" cache=-
1787193228.572 2026-08-20T02:33:48+00:00 GET 200 uri="/004/api/codes/200?cs=render&cl=browser-firefox" cs=render cl=browser-firefox wa="-" ra="-" cache=-
1787193228.649 2026-08-20T02:33:48+00:00 GET 404 uri="/favicon.ico" cs=- cl=- wa="-" ra="-" cache=-
1787193228.707 2026-08-20T02:33:48+00:00 GET 403 uri="/004/api/codes/403?cs=render&cl=browser-firefox" cs=render cl=browser-firefox wa="-" ra="-" cache=-
1787193228.745 2026-08-20T02:33:48+00:00 GET 404 uri="/004/api/codes/404?cs=render&cl=browser-firefox" cs=render cl=browser-firefox wa="-" ra="-" cache=-
1787193228.781 2026-08-20T02:33:48+00:00 GET 410 uri="/004/api/codes/410?cs=render&cl=browser-firefox" cs=render cl=browser-firefox wa="-" ra="-" cache=-
1787193228.811 2026-08-20T02:33:48+00:00 GET 429 uri="/004/api/codes/429?cs=render&cl=browser-firefox" cs=render cl=browser-firefox wa="-" ra="3" cache=-
1787193228.833 2026-08-20T02:33:48+00:00 GET 500 uri="/004/api/codes/500?cs=render&cl=browser-firefox" cs=render cl=browser-firefox wa="-" ra="-" cache=-
1787193228.860 2026-08-20T02:33:48+00:00 GET 503 uri="/004/api/codes/503?cs=render&cl=browser-firefox" cs=render cl=browser-firefox wa="-" ra="3" cache=-
1787193231.794 2026-08-20T02:33:51+00:00 GET 200 uri="/004/api/codes/200?cs=render&cl=browser-webkit" cs=render cl=browser-webkit wa="-" ra="-" cache=-
1787193231.818 2026-08-20T02:33:51+00:00 GET 403 uri="/004/api/codes/403?cs=render&cl=browser-webkit" cs=render cl=browser-webkit wa="-" ra="-" cache=-
1787193231.834 2026-08-20T02:33:51+00:00 GET 404 uri="/004/api/codes/404?cs=render&cl=browser-webkit" cs=render cl=browser-webkit wa="-" ra="-" cache=-
1787193231.860 2026-08-20T02:33:51+00:00 GET 410 uri="/004/api/codes/410?cs=render&cl=browser-webkit" cs=render cl=browser-webkit wa="-" ra="-" cache=-
1787193231.876 2026-08-20T02:33:51+00:00 GET 429 uri="/004/api/codes/429?cs=render&cl=browser-webkit" cs=render cl=browser-webkit wa="-" ra="3" cache=-
1787193231.892 2026-08-20T02:33:51+00:00 GET 500 uri="/004/api/codes/500?cs=render&cl=browser-webkit" cs=render cl=browser-webkit wa="-" ra="-" cache=-
1787193231.908 2026-08-20T02:33:51+00:00 GET 503 uri="/004/api/codes/503?cs=render&cl=browser-webkit" cs=render cl=browser-webkit wa="-" ra="3" cache=-
1787193237.806 2026-08-20T02:33:57+00:00 GET 200 uri="/004/page/" cs=- cl=- wa="-" ra="-" cache=-
1787193237.817 2026-08-20T02:33:57+00:00 GET 401 uri="/004/api/auth/none?cs=authb&cl=browser-chromium" cs=authb cl=browser-chromium wa="-" ra="-" cache=-
1787193237.820 2026-08-20T02:33:57+00:00 GET 401 uri="/004/api/auth/none?cs=authnav&cl=browser-chromium" cs=authnav cl=browser-chromium wa="-" ra="-" cache=-
1787193237.839 2026-08-20T02:33:57+00:00 GET 401 uri="/004/api/auth/basic?cs=authb&cl=browser-chromium" cs=authb cl=browser-chromium wa="Basic realm=\x22004\x22" ra="-" cache=-
1787193237.842 2026-08-20T02:33:57+00:00 GET 401 uri="/004/api/auth/basic?cs=authnav&cl=browser-chromium" cs=authnav cl=browser-chromium wa="Basic realm=\x22004\x22" ra="-" cache=-
1787193237.850 2026-08-20T02:33:57+00:00 GET 401 uri="/004/api/auth/bearer?cs=authb&cl=browser-chromium" cs=authb cl=browser-chromium wa="Bearer realm=\x22004\x22" ra="-" cache=-
1787193237.854 2026-08-20T02:33:57+00:00 GET 401 uri="/004/api/auth/bearer?cs=authnav&cl=browser-chromium" cs=authnav cl=browser-chromium wa="Bearer realm=\x22004\x22" ra="-" cache=-
1787193237.863 2026-08-20T02:33:57+00:00 GET 403 uri="/004/api/auth/forbidden?cs=authb&cl=browser-chromium" cs=authb cl=browser-chromium wa="-" ra="-" cache=-
1787193237.868 2026-08-20T02:33:57+00:00 GET 403 uri="/004/api/auth/forbidden?cs=authnav&cl=browser-chromium" cs=authnav cl=browser-chromium wa="-" ra="-" cache=-
1787193237.878 2026-08-20T02:33:57+00:00 GET 401 uri="/004/stripped/auth/basic?cs=authb&cl=browser-chromium" cs=authb cl=browser-chromium wa="-" ra="-" cache=-
1787193237.882 2026-08-20T02:33:57+00:00 GET 401 uri="/004/stripped/auth/basic?cs=authnav&cl=browser-chromium" cs=authnav cl=browser-chromium wa="-" ra="-" cache=-
1787193238.880 2026-08-20T02:33:58+00:00 GET 200 uri="/004/page/" cs=- cl=- wa="-" ra="-" cache=-
1787193238.953 2026-08-20T02:33:58+00:00 GET 404 uri="/favicon.ico" cs=- cl=- wa="-" ra="-" cache=-
1787193238.958 2026-08-20T02:33:58+00:00 GET 401 uri="/004/api/auth/none?cs=authb&cl=browser-firefox" cs=authb cl=browser-firefox wa="-" ra="-" cache=-
1787193238.966 2026-08-20T02:33:58+00:00 GET 401 uri="/004/api/auth/none?cs=authnav&cl=browser-firefox" cs=authnav cl=browser-firefox wa="-" ra="-" cache=-
1787193239.031 2026-08-20T02:33:59+00:00 GET 401 uri="/004/api/auth/basic?cs=authb&cl=browser-firefox" cs=authb cl=browser-firefox wa="Basic realm=\x22004\x22" ra="-" cache=-
1787193239.042 2026-08-20T02:33:59+00:00 GET 401 uri="/004/api/auth/basic?cs=authnav&cl=browser-firefox" cs=authnav cl=browser-firefox wa="Basic realm=\x22004\x22" ra="-" cache=-
1787193239.058 2026-08-20T02:33:59+00:00 GET 401 uri="/004/api/auth/bearer?cs=authb&cl=browser-firefox" cs=authb cl=browser-firefox wa="Bearer realm=\x22004\x22" ra="-" cache=-
1787193239.065 2026-08-20T02:33:59+00:00 GET 401 uri="/004/api/auth/bearer?cs=authnav&cl=browser-firefox" cs=authnav cl=browser-firefox wa="Bearer realm=\x22004\x22" ra="-" cache=-
1787193239.092 2026-08-20T02:33:59+00:00 GET 403 uri="/004/api/auth/forbidden?cs=authb&cl=browser-firefox" cs=authb cl=browser-firefox wa="-" ra="-" cache=-
1787193239.097 2026-08-20T02:33:59+00:00 GET 403 uri="/004/api/auth/forbidden?cs=authnav&cl=browser-firefox" cs=authnav cl=browser-firefox wa="-" ra="-" cache=-
1787193239.130 2026-08-20T02:33:59+00:00 GET 401 uri="/004/stripped/auth/basic?cs=authb&cl=browser-firefox" cs=authb cl=browser-firefox wa="-" ra="-" cache=-
1787193239.137 2026-08-20T02:33:59+00:00 GET 401 uri="/004/stripped/auth/basic?cs=authnav&cl=browser-firefox" cs=authnav cl=browser-firefox wa="-" ra="-" cache=-
1787193239.929 2026-08-20T02:33:59+00:00 GET 200 uri="/004/page/" cs=- cl=- wa="-" ra="-" cache=-
1787193239.941 2026-08-20T02:33:59+00:00 GET 401 uri="/004/api/auth/none?cs=authb&cl=browser-webkit" cs=authb cl=browser-webkit wa="-" ra="-" cache=-
1787193239.946 2026-08-20T02:33:59+00:00 GET 401 uri="/004/api/auth/none?cs=authnav&cl=browser-webkit" cs=authnav cl=browser-webkit wa="-" ra="-" cache=-
1787193239.956 2026-08-20T02:33:59+00:00 GET 401 uri="/004/api/auth/basic?cs=authb&cl=browser-webkit" cs=authb cl=browser-webkit wa="Basic realm=\x22004\x22" ra="-" cache=-
1787193239.959 2026-08-20T02:33:59+00:00 GET 401 uri="/004/api/auth/basic?cs=authb&cl=browser-webkit" cs=authb cl=browser-webkit wa="Basic realm=\x22004\x22" ra="-" cache=-
1787193239.962 2026-08-20T02:33:59+00:00 GET 401 uri="/004/api/auth/basic?cs=authnav&cl=browser-webkit" cs=authnav cl=browser-webkit wa="Basic realm=\x22004\x22" ra="-" cache=-
1787193239.966 2026-08-20T02:33:59+00:00 GET 401 uri="/004/api/auth/basic?cs=authnav&cl=browser-webkit" cs=authnav cl=browser-webkit wa="Basic realm=\x22004\x22" ra="-" cache=-
1787193239.973 2026-08-20T02:33:59+00:00 GET 401 uri="/004/api/auth/bearer?cs=authb&cl=browser-webkit" cs=authb cl=browser-webkit wa="Bearer realm=\x22004\x22" ra="-" cache=-
1787193239.977 2026-08-20T02:33:59+00:00 GET 401 uri="/004/api/auth/bearer?cs=authnav&cl=browser-webkit" cs=authnav cl=browser-webkit wa="Bearer realm=\x22004\x22" ra="-" cache=-
1787193239.990 2026-08-20T02:33:59+00:00 GET 403 uri="/004/api/auth/forbidden?cs=authb&cl=browser-webkit" cs=authb cl=browser-webkit wa="-" ra="-" cache=-
1787193239.993 2026-08-20T02:33:59+00:00 GET 403 uri="/004/api/auth/forbidden?cs=authnav&cl=browser-webkit" cs=authnav cl=browser-webkit wa="-" ra="-" cache=-
1787193240.000 2026-08-20T02:34:00+00:00 GET 401 uri="/004/stripped/auth/basic?cs=authb&cl=browser-webkit" cs=authb cl=browser-webkit wa="-" ra="-" cache=-
1787193240.005 2026-08-20T02:34:00+00:00 GET 401 uri="/004/stripped/auth/basic?cs=authnav&cl=browser-webkit" cs=authnav cl=browser-webkit wa="-" ra="-" cache=-
1787193257.091 2026-08-20T02:34:17+00:00 GET 200 uri="/004/page/" cs=- cl=- wa="-" ra="-" cache=-
1787193257.104 2026-08-20T02:34:17+00:00 GET 429 uri="/004/api/limited?cs=retryb&cl=browser-retry-chromium&after=0&ra=3" cs=retryb cl=browser-retry-chromium wa="-" ra="3" cache=-
1787193267.103 2026-08-20T02:34:27+00:00 GET 200 uri="/004/page/" cs=- cl=- wa="-" ra="-" cache=-
1787193267.166 2026-08-20T02:34:27+00:00 GET 404 uri="/favicon.ico" cs=- cl=- wa="-" ra="-" cache=-
1787193267.171 2026-08-20T02:34:27+00:00 GET 429 uri="/004/api/limited?cs=retryb&cl=browser-retry-firefox&after=0&ra=3" cs=retryb cl=browser-retry-firefox wa="-" ra="3" cache=-
1787193276.823 2026-08-20T02:34:36+00:00 GET 200 uri="/004/page/" cs=- cl=- wa="-" ra="-" cache=-
1787193276.835 2026-08-20T02:34:36+00:00 GET 429 uri="/004/api/limited?cs=retryb&cl=browser-retry-webkit&after=0&ra=3" cs=retryb cl=browser-retry-webkit wa="-" ra="3" cache=-
1787193310.121 2026-08-20T02:35:10+00:00 GET 401 uri="/004/api/auth/basic?cs=dialog&cl=headed" cs=dialog cl=headed wa="Basic realm=\x22004\x22" ra="-" cache=-
1787193310.430 2026-08-20T02:35:10+00:00 GET 401 uri="/004/api/auth/bearer?cs=dialog&cl=headed" cs=dialog cl=headed wa="Bearer realm=\x22004\x22" ra="-" cache=-
1787193310.442 2026-08-20T02:35:10+00:00 GET 404 uri="/favicon.ico" cs=- cl=- wa="-" ra="-" cache=-
1787193310.663 2026-08-20T02:35:10+00:00 GET 401 uri="/004/api/auth/none?cs=dialog&cl=headed" cs=dialog cl=headed wa="-" ra="-" cache=-
1787193310.684 2026-08-20T02:35:10+00:00 GET 404 uri="/favicon.ico" cs=- cl=- wa="-" ra="-" cache=-
1787193310.900 2026-08-20T02:35:10+00:00 GET 401 uri="/004/stripped/auth/basic?cs=dialog&cl=headed" cs=dialog cl=headed wa="-" ra="-" cache=-
1787193310.912 2026-08-20T02:35:10+00:00 GET 404 uri="/favicon.ico" cs=- cl=- wa="-" ra="-" cache=-
1787193330.653 2026-08-20T02:35:30+00:00 GET 401 uri="/004/api/auth/basic?cs=dialog&cl=headed" cs=dialog cl=headed wa="Basic realm=\x22004\x22" ra="-" cache=-
1787193330.697 2026-08-20T02:35:30+00:00 GET 401 uri="/004/api/auth/bearer?cs=dialog&cl=headed" cs=dialog cl=headed wa="Bearer realm=\x22004\x22" ra="-" cache=-
1787193330.740 2026-08-20T02:35:30+00:00 GET 401 uri="/004/api/auth/none?cs=dialog&cl=headed" cs=dialog cl=headed wa="-" ra="-" cache=-
1787193330.782 2026-08-20T02:35:30+00:00 GET 401 uri="/004/stripped/auth/basic?cs=dialog&cl=headed" cs=dialog cl=headed wa="-" ra="-" cache=-
1787193331.629 2026-08-20T02:35:31+00:00 GET 401 uri="/004/api/auth/basic?cs=dialog&cl=headed" cs=dialog cl=headed wa="Basic realm=\x22004\x22" ra="-" cache=-
1787193331.903 2026-08-20T02:35:31+00:00 GET 401 uri="/004/api/auth/bearer?cs=dialog&cl=headed" cs=dialog cl=headed wa="Bearer realm=\x22004\x22" ra="-" cache=-
1787193331.913 2026-08-20T02:35:31+00:00 GET 404 uri="/favicon.ico" cs=- cl=- wa="-" ra="-" cache=-
1787193332.704 2026-08-20T02:35:32+00:00 GET 401 uri="/004/api/auth/none?cs=dialog&cl=headed" cs=dialog cl=headed wa="-" ra="-" cache=-
1787193332.954 2026-08-20T02:35:32+00:00 GET 401 uri="/004/stripped/auth/basic?cs=dialog&cl=headed" cs=dialog cl=headed wa="-" ra="-" cache=-
1787193334.083 2026-08-20T02:35:34+00:00 GET 401 uri="/004/api/auth/basic?cs=dialog&cl=headed" cs=dialog cl=headed wa="Basic realm=\x22004\x22" ra="-" cache=-
1787193334.147 2026-08-20T02:35:34+00:00 GET 404 uri="/favicon.ico" cs=- cl=- wa="-" ra="-" cache=-
1787193334.295 2026-08-20T02:35:34+00:00 GET 401 uri="/004/api/auth/bearer?cs=dialog&cl=headed" cs=dialog cl=headed wa="Bearer realm=\x22004\x22" ra="-" cache=-
1787193334.306 2026-08-20T02:35:34+00:00 GET 404 uri="/favicon.ico" cs=- cl=- wa="-" ra="-" cache=-
1787193334.432 2026-08-20T02:35:34+00:00 GET 401 uri="/004/api/auth/none?cs=dialog&cl=headed" cs=dialog cl=headed wa="-" ra="-" cache=-
1787193334.449 2026-08-20T02:35:34+00:00 GET 404 uri="/favicon.ico" cs=- cl=- wa="-" ra="-" cache=-
1787193334.559 2026-08-20T02:35:34+00:00 GET 401 uri="/004/stripped/auth/basic?cs=dialog&cl=headed" cs=dialog cl=headed wa="-" ra="-" cache=-
1787193334.566 2026-08-20T02:35:34+00:00 GET 404 uri="/favicon.ico" cs=- cl=- wa="-" ra="-" cache=-
1787193336.192 2026-08-20T02:35:36+00:00 GET 401 uri="/004/api/auth/basic?cs=dialog&cl=headed" cs=dialog cl=headed wa="Basic realm=\x22004\x22" ra="-" cache=-
1787193336.281 2026-08-20T02:35:36+00:00 GET 404 uri="/favicon.ico" cs=- cl=- wa="-" ra="-" cache=-
1787193336.524 2026-08-20T02:35:36+00:00 GET 401 uri="/004/api/auth/bearer?cs=dialog&cl=headed" cs=dialog cl=headed wa="Bearer realm=\x22004\x22" ra="-" cache=-
1787193336.576 2026-08-20T02:35:36+00:00 GET 404 uri="/favicon.ico" cs=- cl=- wa="-" ra="-" cache=-
1787193336.803 2026-08-20T02:35:36+00:00 GET 401 uri="/004/api/auth/none?cs=dialog&cl=headed" cs=dialog cl=headed wa="-" ra="-" cache=-
1787193336.848 2026-08-20T02:35:36+00:00 GET 404 uri="/favicon.ico" cs=- cl=- wa="-" ra="-" cache=-
1787193337.054 2026-08-20T02:35:37+00:00 GET 401 uri="/004/stripped/auth/basic?cs=dialog&cl=headed" cs=dialog cl=headed wa="-" ra="-" cache=-
1787193337.068 2026-08-20T02:35:37+00:00 GET 404 uri="/favicon.ico" cs=- cl=- wa="-" ra="-" cache=-
1787193337.761 2026-08-20T02:35:37+00:00 GET 401 uri="/004/api/auth/basic?cs=dialog&cl=headed" cs=dialog cl=headed wa="Basic realm=\x22004\x22" ra="-" cache=-
1787193337.764 2026-08-20T02:35:37+00:00 GET 401 uri="/004/api/auth/basic?cs=dialog&cl=headed" cs=dialog cl=headed wa="Basic realm=\x22004\x22" ra="-" cache=-
1787193337.926 2026-08-20T02:35:37+00:00 GET 401 uri="/004/api/auth/bearer?cs=dialog&cl=headed" cs=dialog cl=headed wa="Bearer realm=\x22004\x22" ra="-" cache=-
1787193338.081 2026-08-20T02:35:38+00:00 GET 401 uri="/004/api/auth/none?cs=dialog&cl=headed" cs=dialog cl=headed wa="-" ra="-" cache=-
1787193338.230 2026-08-20T02:35:38+00:00 GET 401 uri="/004/stripped/auth/basic?cs=dialog&cl=headed" cs=dialog cl=headed wa="-" ra="-" cache=-
1787193338.826 2026-08-20T02:35:38+00:00 GET 401 uri="/004/api/auth/basic?cs=dialog&cl=headed" cs=dialog cl=headed wa="Basic realm=\x22004\x22" ra="-" cache=-
1787193338.831 2026-08-20T02:35:38+00:00 GET 401 uri="/004/api/auth/basic?cs=dialog&cl=headed" cs=dialog cl=headed wa="Basic realm=\x22004\x22" ra="-" cache=-
1787193339.107 2026-08-20T02:35:39+00:00 GET 401 uri="/004/api/auth/bearer?cs=dialog&cl=headed" cs=dialog cl=headed wa="Bearer realm=\x22004\x22" ra="-" cache=-
1787193339.291 2026-08-20T02:35:39+00:00 GET 401 uri="/004/api/auth/none?cs=dialog&cl=headed" cs=dialog cl=headed wa="-" ra="-" cache=-
1787193339.481 2026-08-20T02:35:39+00:00 GET 401 uri="/004/stripped/auth/basic?cs=dialog&cl=headed" cs=dialog cl=headed wa="-" ra="-" cache=-
1787193389.794 2026-08-20T02:36:29+00:00 GET 401 uri="/004/api/auth/none?cs=headed&cl=headed-chromium" cs=headed cl=headed-chromium wa="-" ra="-" cache=-
1787193389.839 2026-08-20T02:36:29+00:00 GET 401 uri="/004/api/auth/basic?cs=headed&cl=headed-chromium" cs=headed cl=headed-chromium wa="Basic realm=\x22004\x22" ra="-" cache=-
1787193389.881 2026-08-20T02:36:29+00:00 GET 401 uri="/004/api/auth/bearer?cs=headed&cl=headed-chromium" cs=headed cl=headed-chromium wa="Bearer realm=\x22004\x22" ra="-" cache=-
1787193389.924 2026-08-20T02:36:29+00:00 GET 403 uri="/004/api/auth/forbidden?cs=headed&cl=headed-chromium" cs=headed cl=headed-chromium wa="-" ra="-" cache=-
1787193389.967 2026-08-20T02:36:29+00:00 GET 401 uri="/004/stripped/auth/basic?cs=headed&cl=headed-chromium" cs=headed cl=headed-chromium wa="-" ra="-" cache=-
1787193390.665 2026-08-20T02:36:30+00:00 GET 401 uri="/004/api/auth/none?cs=headed&cl=headed-chromium" cs=headed cl=headed-chromium wa="-" ra="-" cache=-
1787193390.917 2026-08-20T02:36:30+00:00 GET 401 uri="/004/api/auth/basic?cs=headed&cl=headed-chromium" cs=headed cl=headed-chromium wa="Basic realm=\x22004\x22" ra="-" cache=-
1787193391.147 2026-08-20T02:36:31+00:00 GET 401 uri="/004/api/auth/bearer?cs=headed&cl=headed-chromium" cs=headed cl=headed-chromium wa="Bearer realm=\x22004\x22" ra="-" cache=-
1787193391.407 2026-08-20T02:36:31+00:00 GET 403 uri="/004/api/auth/forbidden?cs=headed&cl=headed-chromium" cs=headed cl=headed-chromium wa="-" ra="-" cache=-
1787193391.628 2026-08-20T02:36:31+00:00 GET 401 uri="/004/stripped/auth/basic?cs=headed&cl=headed-chromium" cs=headed cl=headed-chromium wa="-" ra="-" cache=-
1787193392.734 2026-08-20T02:36:32+00:00 GET 401 uri="/004/api/auth/none?cs=headed&cl=headed-firefox" cs=headed cl=headed-firefox wa="-" ra="-" cache=-
1787193392.809 2026-08-20T02:36:32+00:00 GET 404 uri="/favicon.ico" cs=- cl=- wa="-" ra="-" cache=-
1787193392.961 2026-08-20T02:36:32+00:00 GET 401 uri="/004/api/auth/basic?cs=headed&cl=headed-firefox" cs=headed cl=headed-firefox wa="Basic realm=\x22004\x22" ra="-" cache=-
1787193392.969 2026-08-20T02:36:32+00:00 GET 404 uri="/favicon.ico" cs=- cl=- wa="-" ra="-" cache=-
1787193393.086 2026-08-20T02:36:33+00:00 GET 401 uri="/004/api/auth/bearer?cs=headed&cl=headed-firefox" cs=headed cl=headed-firefox wa="Bearer realm=\x22004\x22" ra="-" cache=-
1787193393.100 2026-08-20T02:36:33+00:00 GET 404 uri="/favicon.ico" cs=- cl=- wa="-" ra="-" cache=-
1787193393.213 2026-08-20T02:36:33+00:00 GET 403 uri="/004/api/auth/forbidden?cs=headed&cl=headed-firefox" cs=headed cl=headed-firefox wa="-" ra="-" cache=-
1787193393.245 2026-08-20T02:36:33+00:00 GET 404 uri="/favicon.ico" cs=- cl=- wa="-" ra="-" cache=-
1787193393.444 2026-08-20T02:36:33+00:00 GET 401 uri="/004/stripped/auth/basic?cs=headed&cl=headed-firefox" cs=headed cl=headed-firefox wa="-" ra="-" cache=-
1787193393.452 2026-08-20T02:36:33+00:00 GET 404 uri="/favicon.ico" cs=- cl=- wa="-" ra="-" cache=-
1787193394.805 2026-08-20T02:36:34+00:00 GET 401 uri="/004/api/auth/none?cs=headed&cl=headed-firefox" cs=headed cl=headed-firefox wa="-" ra="-" cache=-
1787193394.884 2026-08-20T02:36:34+00:00 GET 404 uri="/favicon.ico" cs=- cl=- wa="-" ra="-" cache=-
1787193395.103 2026-08-20T02:36:35+00:00 GET 401 uri="/004/api/auth/basic?cs=headed&cl=headed-firefox" cs=headed cl=headed-firefox wa="Basic realm=\x22004\x22" ra="-" cache=-
1787193395.184 2026-08-20T02:36:35+00:00 GET 404 uri="/favicon.ico" cs=- cl=- wa="-" ra="-" cache=-
1787193395.392 2026-08-20T02:36:35+00:00 GET 401 uri="/004/api/auth/bearer?cs=headed&cl=headed-firefox" cs=headed cl=headed-firefox wa="Bearer realm=\x22004\x22" ra="-" cache=-
1787193395.400 2026-08-20T02:36:35+00:00 GET 404 uri="/favicon.ico" cs=- cl=- wa="-" ra="-" cache=-
1787193395.631 2026-08-20T02:36:35+00:00 GET 403 uri="/004/api/auth/forbidden?cs=headed&cl=headed-firefox" cs=headed cl=headed-firefox wa="-" ra="-" cache=-
1787193395.649 2026-08-20T02:36:35+00:00 GET 404 uri="/favicon.ico" cs=- cl=- wa="-" ra="-" cache=-
1787193395.874 2026-08-20T02:36:35+00:00 GET 401 uri="/004/stripped/auth/basic?cs=headed&cl=headed-firefox" cs=headed cl=headed-firefox wa="-" ra="-" cache=-
1787193395.883 2026-08-20T02:36:35+00:00 GET 404 uri="/favicon.ico" cs=- cl=- wa="-" ra="-" cache=-
1787193396.538 2026-08-20T02:36:36+00:00 GET 401 uri="/004/api/auth/none?cs=headed&cl=headed-webkit" cs=headed cl=headed-webkit wa="-" ra="-" cache=-
1787193396.689 2026-08-20T02:36:36+00:00 GET 401 uri="/004/api/auth/basic?cs=headed&cl=headed-webkit" cs=headed cl=headed-webkit wa="Basic realm=\x22004\x22" ra="-" cache=-
1787193396.692 2026-08-20T02:36:36+00:00 GET 401 uri="/004/api/auth/basic?cs=headed&cl=headed-webkit" cs=headed cl=headed-webkit wa="Basic realm=\x22004\x22" ra="-" cache=-
1787193396.845 2026-08-20T02:36:36+00:00 GET 401 uri="/004/api/auth/bearer?cs=headed&cl=headed-webkit" cs=headed cl=headed-webkit wa="Bearer realm=\x22004\x22" ra="-" cache=-
1787193396.994 2026-08-20T02:36:36+00:00 GET 403 uri="/004/api/auth/forbidden?cs=headed&cl=headed-webkit" cs=headed cl=headed-webkit wa="-" ra="-" cache=-
1787193397.147 2026-08-20T02:36:37+00:00 GET 401 uri="/004/stripped/auth/basic?cs=headed&cl=headed-webkit" cs=headed cl=headed-webkit wa="-" ra="-" cache=-
1787193397.733 2026-08-20T02:36:37+00:00 GET 401 uri="/004/api/auth/none?cs=headed&cl=headed-webkit" cs=headed cl=headed-webkit wa="-" ra="-" cache=-
1787193398.004 2026-08-20T02:36:38+00:00 GET 401 uri="/004/api/auth/basic?cs=headed&cl=headed-webkit" cs=headed cl=headed-webkit wa="Basic realm=\x22004\x22" ra="-" cache=-
1787193398.007 2026-08-20T02:36:38+00:00 GET 401 uri="/004/api/auth/basic?cs=headed&cl=headed-webkit" cs=headed cl=headed-webkit wa="Basic realm=\x22004\x22" ra="-" cache=-
1787193398.204 2026-08-20T02:36:38+00:00 GET 401 uri="/004/api/auth/bearer?cs=headed&cl=headed-webkit" cs=headed cl=headed-webkit wa="Bearer realm=\x22004\x22" ra="-" cache=-
1787193398.390 2026-08-20T02:36:38+00:00 GET 403 uri="/004/api/auth/forbidden?cs=headed&cl=headed-webkit" cs=headed cl=headed-webkit wa="-" ra="-" cache=-
1787193398.563 2026-08-20T02:36:38+00:00 GET 401 uri="/004/stripped/auth/basic?cs=headed&cl=headed-webkit" cs=headed cl=headed-webkit wa="-" ra="-" cache=-
1787193794.735 2026-08-20T02:43:14+00:00 POST 204 uri="/004/api/__reset" cs=- cl=- wa="-" ra="-" cache=-
1787193794.769 2026-08-20T02:43:14+00:00 GET 429 uri="/004/api/limited?cs=retry&cl=curl-plain&after=0&ra=3" cs=retry cl=curl-plain wa="-" ra="3" cache=-
1787193794.799 2026-08-20T02:43:14+00:00 GET 429 uri="/004/api/limited?cs=retry&cl=curl-retry&after=0&ra=3" cs=retry cl=curl-retry wa="-" ra="3" cache=-
1787193797.808 2026-08-20T02:43:17+00:00 GET 429 uri="/004/api/limited?cs=retry&cl=curl-retry&after=0&ra=3" cs=retry cl=curl-retry wa="-" ra="3" cache=-
1787193800.816 2026-08-20T02:43:20+00:00 GET 429 uri="/004/api/limited?cs=retry&cl=curl-retry&after=0&ra=3" cs=retry cl=curl-retry wa="-" ra="3" cache=-
1787193800.841 2026-08-20T02:43:20+00:00 GET 429 uri="/004/api/limited?cs=retry&cl=node-fetch&after=0&ra=3" cs=retry cl=node-fetch wa="-" ra="3" cache=-
1787193800.848 2026-08-20T02:43:20+00:00 GET 429 uri="/004/api/limited?cs=retry&cl=undici-retry&after=0&ra=3" cs=retry cl=undici-retry wa="-" ra="3" cache=-
1787193803.855 2026-08-20T02:43:23+00:00 GET 429 uri="/004/api/limited?cs=retry&cl=undici-retry&after=0&ra=3" cs=retry cl=undici-retry wa="-" ra="3" cache=-
1787193806.865 2026-08-20T02:43:26+00:00 GET 429 uri="/004/api/limited?cs=retry&cl=undici-retry&after=0&ra=3" cs=retry cl=undici-retry wa="-" ra="3" cache=-
1787194203.170 2026-08-20T02:50:03+00:00 POST 204 uri="/004/api/__reset" cs=- cl=- wa="-" ra="-" cache=-
1787194203.237 2026-08-20T02:50:03+00:00 GET 429 uri="/004/api/limited?cs=cl&cl=smoke1&after=0&ra=3" cs=cl cl=smoke1 wa="-" ra="3" cache=-
1787194206.247 2026-08-20T02:50:06+00:00 GET 429 uri="/004/api/limited?cs=cl&cl=smoke1&after=0&ra=3" cs=cl cl=smoke1 wa="-" ra="3" cache=-
1787194209.255 2026-08-20T02:50:09+00:00 GET 429 uri="/004/api/limited?cs=cl&cl=smoke1&after=0&ra=3" cs=cl cl=smoke1 wa="-" ra="3" cache=-
1787194216.466 2026-08-20T02:50:16+00:00 GET 429 uri="/004/api/limited?cs=cl&cl=smoke2&after=0&ra=3" cs=cl cl=smoke2 wa="-" ra="3" cache=-
1787194217.013 2026-08-20T02:50:17+00:00 GET 429 uri="/004/api/limited?cs=cl&cl=smoke2&after=0&ra=3" cs=cl cl=smoke2 wa="-" ra="3" cache=-
1787194222.815 2026-08-20T02:50:22+00:00 GET 429 uri="/004/api/limited?cs=cl&cl=smoke2&after=0&ra=3" cs=cl cl=smoke2 wa="-" ra="3" cache=-
1787194224.426 2026-08-20T02:50:24+00:00 GET 429 uri="/004/api/limited?cs=cl&cl=smoke2&after=0&ra=3" cs=cl cl=smoke2 wa="-" ra="3" cache=-
1787194224.468 2026-08-20T02:50:24+00:00 GET 429 uri="/004/api/limited?cs=cl&cl=smoke2&after=0&ra=3" cs=cl cl=smoke2 wa="-" ra="3" cache=-
1787194256.550 2026-08-20T02:50:56+00:00 POST 204 uri="/004/api/__reset" cs=- cl=- wa="-" ra="-" cache=-
1787194256.614 2026-08-20T02:50:56+00:00 GET 429 uri="/004/api/limited?cs=clients&cl=python-urllib3-retry&after=0&ra=3" cs=clients cl=python-urllib3-retry wa="-" ra="3" cache=-
1787194259.623 2026-08-20T02:50:59+00:00 GET 429 uri="/004/api/limited?cs=clients&cl=python-urllib3-retry&after=0&ra=3" cs=clients cl=python-urllib3-retry wa="-" ra="3" cache=-
1787194262.631 2026-08-20T02:51:02+00:00 GET 429 uri="/004/api/limited?cs=clients&cl=python-urllib3-retry&after=0&ra=3" cs=clients cl=python-urllib3-retry wa="-" ra="3" cache=-
1787194262.774 2026-08-20T02:51:02+00:00 GET 429 uri="/004/api/limited?cs=clients&cl=python-requests&after=0&ra=3" cs=clients cl=python-requests wa="-" ra="3" cache=-
1787194263.101 2026-08-20T02:51:03+00:00 GET 429 uri="/004/api/limited?cs=clients&cl=java-httpclient&after=0&ra=3" cs=clients cl=java-httpclient wa="-" ra="3" cache=-
1787194263.952 2026-08-20T02:51:03+00:00 GET 429 uri="/004/api/limited?cs=clients&cl=go-nethttp&after=0&ra=3" cs=clients cl=go-nethttp wa="-" ra="3" cache=-
1787194264.357 2026-08-20T02:51:04+00:00 GET 429 uri="/004/api/limited?cs=clients&cl=ruby-nethttp&after=0&ra=3" cs=clients cl=ruby-nethttp wa="-" ra="3" cache=-
1787194264.383 2026-08-20T02:51:04+00:00 GET 429 uri="/004/api/limited?cs=clients&cl=bun-fetch&after=0&ra=3" cs=clients cl=bun-fetch wa="-" ra="3" cache=-
1787194280.400 2026-08-20T02:51:20+00:00 POST 204 uri="/004/api/__reset" cs=- cl=- wa="-" ra="-" cache=-
1787194280.463 2026-08-20T02:51:20+00:00 GET 429 uri="/004/api/limited?cs=clients&cl=python-urllib3-retry&after=0&ra=3" cs=clients cl=python-urllib3-retry wa="-" ra="3" cache=-
1787194283.472 2026-08-20T02:51:23+00:00 GET 429 uri="/004/api/limited?cs=clients&cl=python-urllib3-retry&after=0&ra=3" cs=clients cl=python-urllib3-retry wa="-" ra="3" cache=-
1787194286.483 2026-08-20T02:51:26+00:00 GET 429 uri="/004/api/limited?cs=clients&cl=python-urllib3-retry&after=0&ra=3" cs=clients cl=python-urllib3-retry wa="-" ra="3" cache=-
1787194286.608 2026-08-20T02:51:26+00:00 GET 429 uri="/004/api/limited?cs=clients&cl=python-requests&after=0&ra=3" cs=clients cl=python-requests wa="-" ra="3" cache=-
1787194286.924 2026-08-20T02:51:26+00:00 GET 429 uri="/004/api/limited?cs=clients&cl=java-httpclient&after=0&ra=3" cs=clients cl=java-httpclient wa="-" ra="3" cache=-
1787194287.372 2026-08-20T02:51:27+00:00 GET 429 uri="/004/api/limited?cs=clients&cl=go-nethttp&after=0&ra=3" cs=clients cl=go-nethttp wa="-" ra="3" cache=-
1787194287.591 2026-08-20T02:51:27+00:00 GET 429 uri="/004/api/limited?cs=clients&cl=ruby-nethttp&after=0&ra=3" cs=clients cl=ruby-nethttp wa="-" ra="3" cache=-
1787194287.616 2026-08-20T02:51:27+00:00 GET 429 uri="/004/api/limited?cs=clients&cl=bun-fetch&after=0&ra=3" cs=clients cl=bun-fetch wa="-" ra="3" cache=-
1787194346.076 2026-08-20T02:52:26+00:00 GET 401 uri="/004/api/auth/basic?cs=dialog&cl=realchrome-basic" cs=dialog cl=realchrome-basic wa="Basic realm=\x22004\x22" ra="-" cache=-
1787194374.607 2026-08-20T02:52:54+00:00 GET 401 uri="/004/api/auth/bearer?cs=dialog&cl=realchrome-bearer" cs=dialog cl=realchrome-bearer wa="Bearer realm=\x22004\x22" ra="-" cache=-
1787194374.624 2026-08-20T02:52:54+00:00 GET 404 uri="/favicon.ico" cs=- cl=- wa="-" ra="-" cache=-
1787194382.925 2026-08-20T02:53:02+00:00 GET 401 uri="/004/stripped/auth/basic?cs=dialog&cl=realchrome-stripped" cs=dialog cl=realchrome-stripped wa="-" ra="-" cache=-
1787194382.943 2026-08-20T02:53:02+00:00 GET 404 uri="/favicon.ico" cs=- cl=- wa="-" ra="-" cache=-
1787194420.050 2026-08-20T02:53:40+00:00 GET 401 uri="/004/api/auth/basic?cs=dialog&cl=realsafari-basic" cs=dialog cl=realsafari-basic wa="Basic realm=\x22004\x22" ra="-" cache=-
1787194460.585 2026-08-20T02:54:20+00:00 GET 401 uri="/004/api/auth/basic?cs=dialog&cl=realsafari-basic" cs=dialog cl=realsafari-basic wa="Basic realm=\x22004\x22" ra="-" cache=-
1787194460.633 2026-08-20T02:54:20+00:00 GET 404 uri="/favicon.ico" cs=- cl=- wa="-" ra="-" cache=-
1787194462.752 2026-08-20T02:54:22+00:00 GET 401 uri="/004/api/auth/bearer?cs=dialog&cl=realsafari-bearer" cs=dialog cl=realsafari-bearer wa="Bearer realm=\x22004\x22" ra="-" cache=-
1787194561.705 2026-08-20T02:56:01+00:00 GET 401 uri="/004/api/auth/basic?cs=dialog&cl=realfirefox-basic" cs=dialog cl=realfirefox-basic wa="Basic realm=\x22004\x22" ra="-" cache=-
1787194598.805 2026-08-20T02:56:38+00:00 GET 401 uri="/004/api/auth/bearer?cs=dialog&cl=realfirefox-bearer" cs=dialog cl=realfirefox-bearer wa="Bearer realm=\x22004\x22" ra="-" cache=-
1787194598.892 2026-08-20T02:56:38+00:00 GET 404 uri="/favicon.ico" cs=- cl=- wa="-" ra="-" cache=-
1787195051.468 2026-08-20T03:04:11+00:00 GET 200 uri="/004/cached-cc/codes/200?cc=1&n=1787195051363200&cs=cachecmp&cl=curl" cs=cachecmp cl=curl wa="-" ra="-" cache=MISS
1787195051.500 2026-08-20T03:04:11+00:00 GET 200 uri="/004/cached-cc/codes/200?cc=1&n=1787195051363200&cs=cachecmp&cl=curl" cs=cachecmp cl=curl wa="-" ra="-" cache=HIT
1787195051.601 2026-08-20T03:04:11+00:00 GET 201 uri="/004/cached-cc/codes/201?cc=1&n=1787195051503201&cs=cachecmp&cl=curl" cs=cachecmp cl=curl wa="-" ra="-" cache=MISS
1787195051.633 2026-08-20T03:04:11+00:00 GET 201 uri="/004/cached-cc/codes/201?cc=1&n=1787195051503201&cs=cachecmp&cl=curl" cs=cachecmp cl=curl wa="-" ra="-" cache=HIT
1787195051.741 2026-08-20T03:04:11+00:00 GET 400 uri="/004/cached-cc/codes/400?cc=1&n=1787195051636400&cs=cachecmp&cl=curl" cs=cachecmp cl=curl wa="-" ra="-" cache=MISS
1787195051.776 2026-08-20T03:04:11+00:00 GET 400 uri="/004/cached-cc/codes/400?cc=1&n=1787195051636400&cs=cachecmp&cl=curl" cs=cachecmp cl=curl wa="-" ra="-" cache=HIT
1787195051.883 2026-08-20T03:04:11+00:00 GET 401 uri="/004/cached-cc/codes/401?cc=1&n=1787195051779401&cs=cachecmp&cl=curl" cs=cachecmp cl=curl wa="Bearer realm=\x22004\x22" ra="-" cache=MISS
1787195051.920 2026-08-20T03:04:11+00:00 GET 401 uri="/004/cached-cc/codes/401?cc=1&n=1787195051779401&cs=cachecmp&cl=curl" cs=cachecmp cl=curl wa="Bearer realm=\x22004\x22" ra="-" cache=HIT
1787195052.025 2026-08-20T03:04:12+00:00 GET 403 uri="/004/cached-cc/codes/403?cc=1&n=1787195051923403&cs=cachecmp&cl=curl" cs=cachecmp cl=curl wa="-" ra="-" cache=MISS
1787195052.055 2026-08-20T03:04:12+00:00 GET 403 uri="/004/cached-cc/codes/403?cc=1&n=1787195051923403&cs=cachecmp&cl=curl" cs=cachecmp cl=curl wa="-" ra="-" cache=HIT
1787195052.156 2026-08-20T03:04:12+00:00 GET 404 uri="/004/cached-cc/codes/404?cc=1&n=1787195052058404&cs=cachecmp&cl=curl" cs=cachecmp cl=curl wa="-" ra="-" cache=MISS
1787195052.181 2026-08-20T03:04:12+00:00 GET 404 uri="/004/cached-cc/codes/404?cc=1&n=1787195052058404&cs=cachecmp&cl=curl" cs=cachecmp cl=curl wa="-" ra="-" cache=HIT
1787195052.265 2026-08-20T03:04:12+00:00 GET 410 uri="/004/cached-cc/codes/410?cc=1&n=1787195052184410&cs=cachecmp&cl=curl" cs=cachecmp cl=curl wa="-" ra="-" cache=MISS
1787195052.293 2026-08-20T03:04:12+00:00 GET 410 uri="/004/cached-cc/codes/410?cc=1&n=1787195052184410&cs=cachecmp&cl=curl" cs=cachecmp cl=curl wa="-" ra="-" cache=HIT
1787195052.380 2026-08-20T03:04:12+00:00 GET 418 uri="/004/cached-cc/codes/418?cc=1&n=1787195052297418&cs=cachecmp&cl=curl" cs=cachecmp cl=curl wa="-" ra="-" cache=MISS
1787195052.408 2026-08-20T03:04:12+00:00 GET 418 uri="/004/cached-cc/codes/418?cc=1&n=1787195052297418&cs=cachecmp&cl=curl" cs=cachecmp cl=curl wa="-" ra="-" cache=HIT
1787195052.490 2026-08-20T03:04:12+00:00 GET 422 uri="/004/cached-cc/codes/422?cc=1&n=1787195052412422&cs=cachecmp&cl=curl" cs=cachecmp cl=curl wa="-" ra="-" cache=MISS
1787195052.515 2026-08-20T03:04:12+00:00 GET 422 uri="/004/cached-cc/codes/422?cc=1&n=1787195052412422&cs=cachecmp&cl=curl" cs=cachecmp cl=curl wa="-" ra="-" cache=HIT
1787195052.594 2026-08-20T03:04:12+00:00 GET 429 uri="/004/cached-cc/codes/429?cc=1&n=1787195052518429&cs=cachecmp&cl=curl" cs=cachecmp cl=curl wa="-" ra="3" cache=MISS
1787195052.622 2026-08-20T03:04:12+00:00 GET 429 uri="/004/cached-cc/codes/429?cc=1&n=1787195052518429&cs=cachecmp&cl=curl" cs=cachecmp cl=curl wa="-" ra="3" cache=HIT
1787195052.704 2026-08-20T03:04:12+00:00 GET 451 uri="/004/cached-cc/codes/451?cc=1&n=1787195052625451&cs=cachecmp&cl=curl" cs=cachecmp cl=curl wa="-" ra="-" cache=MISS
1787195052.732 2026-08-20T03:04:12+00:00 GET 451 uri="/004/cached-cc/codes/451?cc=1&n=1787195052625451&cs=cachecmp&cl=curl" cs=cachecmp cl=curl wa="-" ra="-" cache=HIT
1787195052.819 2026-08-20T03:04:12+00:00 GET 500 uri="/004/cached-cc/codes/500?cc=1&n=1787195052735500&cs=cachecmp&cl=curl" cs=cachecmp cl=curl wa="-" ra="-" cache=MISS
1787195052.848 2026-08-20T03:04:12+00:00 GET 500 uri="/004/cached-cc/codes/500?cc=1&n=1787195052735500&cs=cachecmp&cl=curl" cs=cachecmp cl=curl wa="-" ra="-" cache=HIT
1787195052.927 2026-08-20T03:04:12+00:00 GET 502 uri="/004/cached-cc/codes/502?cc=1&n=1787195052851502&cs=cachecmp&cl=curl" cs=cachecmp cl=curl wa="-" ra="-" cache=MISS
1787195052.953 2026-08-20T03:04:12+00:00 GET 502 uri="/004/cached-cc/codes/502?cc=1&n=1787195052851502&cs=cachecmp&cl=curl" cs=cachecmp cl=curl wa="-" ra="-" cache=HIT
1787195053.031 2026-08-20T03:04:13+00:00 GET 503 uri="/004/cached-cc/codes/503?cc=1&n=1787195052955503&cs=cachecmp&cl=curl" cs=cachecmp cl=curl wa="-" ra="3" cache=MISS
1787195053.058 2026-08-20T03:04:13+00:00 GET 503 uri="/004/cached-cc/codes/503?cc=1&n=1787195052955503&cs=cachecmp&cl=curl" cs=cachecmp cl=curl wa="-" ra="3" cache=HIT
1787195217.545 2026-08-20T03:06:57+00:00 GET 403 uri="/004/api/auth/forbidden" cs=- cl=- wa="-" ra="-" cache=-
1787199815.664 2026-08-20T04:23:35+00:00 POST 204 uri="/004/api/__reset" cs=- cl=- wa="-" ra="-" cache=-
1787199815.700 2026-08-20T04:23:35+00:00 GET 429 uri="/004/api/limited?cs=retry&cl=curl-plain&after=0&ra=3" cs=retry cl=curl-plain wa="-" ra="3" cache=-
1787199815.732 2026-08-20T04:23:35+00:00 GET 429 uri="/004/api/limited?cs=retry&cl=curl-retry&after=0&ra=3" cs=retry cl=curl-retry wa="-" ra="3" cache=-
1787199818.746 2026-08-20T04:23:38+00:00 GET 429 uri="/004/api/limited?cs=retry&cl=curl-retry&after=0&ra=3" cs=retry cl=curl-retry wa="-" ra="3" cache=-
1787199821.763 2026-08-20T04:23:41+00:00 GET 429 uri="/004/api/limited?cs=retry&cl=curl-retry&after=0&ra=3" cs=retry cl=curl-retry wa="-" ra="3" cache=-
1787199821.793 2026-08-20T04:23:41+00:00 GET 429 uri="/004/api/limited?cs=retry&cl=node-fetch&after=0&ra=3" cs=retry cl=node-fetch wa="-" ra="3" cache=-
1787199821.801 2026-08-20T04:23:41+00:00 GET 429 uri="/004/api/limited?cs=retry&cl=undici-retry&after=0&ra=3" cs=retry cl=undici-retry wa="-" ra="3" cache=-
1787199824.811 2026-08-20T04:23:44+00:00 GET 429 uri="/004/api/limited?cs=retry&cl=undici-retry&after=0&ra=3" cs=retry cl=undici-retry wa="-" ra="3" cache=-
1787199827.823 2026-08-20T04:23:47+00:00 GET 429 uri="/004/api/limited?cs=retry&cl=undici-retry&after=0&ra=3" cs=retry cl=undici-retry wa="-" ra="3" cache=-
1787199828.226 2026-08-20T04:23:48+00:00 POST 204 uri="/004/api/__reset" cs=- cl=- wa="-" ra="-" cache=-
1787199828.239 2026-08-20T04:23:48+00:00 GET 429 uri="/004/api/limited?cs=retryu&cl=u-node-fetch&after=0&ra=3" cs=retryu cl=u-node-fetch wa="-" ra="3" cache=-
1787199828.244 2026-08-20T04:23:48+00:00 GET 429 uri="/004/api/limited?cs=retryu&cl=u-undici-retry&after=0&ra=3" cs=retryu cl=u-undici-retry wa="-" ra="3" cache=-
1787199831.249 2026-08-20T04:23:51+00:00 GET 429 uri="/004/api/limited?cs=retryu&cl=u-undici-retry&after=0&ra=3" cs=retryu cl=u-undici-retry wa="-" ra="3" cache=-
1787199834.259 2026-08-20T04:23:54+00:00 GET 429 uri="/004/api/limited?cs=retryu&cl=u-undici-retry&after=0&ra=3" cs=retryu cl=u-undici-retry wa="-" ra="3" cache=-
1787199888.425 2026-08-20T04:24:48+00:00 POST 204 uri="/004/api/__reset" cs=- cl=- wa="-" ra="-" cache=-
1787199888.439 2026-08-20T04:24:48+00:00 GET 429 uri="/004/api/limited?cs=retryu&cl=u-node-fetch&after=0&ra=3" cs=retryu cl=u-node-fetch wa="-" ra="3" cache=-
1787199888.443 2026-08-20T04:24:48+00:00 GET 429 uri="/004/api/limited?cs=retryu&cl=u-undici-retry&after=0&ra=3" cs=retryu cl=u-undici-retry wa="-" ra="3" cache=-
1787199891.452 2026-08-20T04:24:51+00:00 GET 429 uri="/004/api/limited?cs=retryu&cl=u-undici-retry&after=0&ra=3" cs=retryu cl=u-undici-retry wa="-" ra="3" cache=-
1787199894.459 2026-08-20T04:24:54+00:00 GET 429 uri="/004/api/limited?cs=retryu&cl=u-undici-retry&after=0&ra=3" cs=retryu cl=u-undici-retry wa="-" ra="3" cache=-
1787225681.873 2026-08-20T11:34:41+00:00 GET 401 uri="/004/api/auth/basic?cs=auth&cl=curl" cs=auth cl=curl wa="Basic realm=\x22004\x22" ra="-" cache=-
1787225681.912 2026-08-20T11:34:41+00:00 GET 401 uri="/004/stripped/auth/basic?cs=auth&cl=curl" cs=auth cl=curl wa="-" ra="-" cache=-
1787225681.948 2026-08-20T11:34:41+00:00 GET 401 uri="/004/nginx/basic/index.html?cs=auth&cl=curl" cs=auth cl=curl wa="Basic realm=\x22004\x22" ra="-" cache=-
1787225681.981 2026-08-20T11:34:41+00:00 GET 403 uri="/004/nginx/deny/index.html?cs=auth&cl=curl" cs=auth cl=curl wa="-" ra="-" cache=-
1787225683.069 2026-08-20T11:34:43+00:00 GET 403 uri="/004/api/problem?cs=intercept&cl=curl" cs=intercept cl=curl wa="-" ra="-" cache=-
1787225683.108 2026-08-20T11:34:43+00:00 GET 403 uri="/004/intercept/problem?cs=intercept&cl=curl" cs=- cl=- wa="-" ra="-" cache=-
1787225683.147 2026-08-20T11:34:43+00:00 GET 403 uri="/004/api/problem?mismatch=1&cs=intercept&cl=curl" cs=intercept cl=curl wa="-" ra="-" cache=-
1787225683.437 2026-08-20T11:34:43+00:00 GET 200 uri="/004/cached/codes/200?n=1787225683400200&cs=cache&cl=curl" cs=cache cl=curl wa="-" ra="-" cache=MISS
1787225683.471 2026-08-20T11:34:43+00:00 GET 200 uri="/004/cached/codes/200?n=1787225683400200&cs=cache&cl=curl" cs=cache cl=curl wa="-" ra="-" cache=HIT
1787225683.503 2026-08-20T11:34:43+00:00 GET 404 uri="/004/cached/codes/404?n=1787225683475404&cs=cache&cl=curl" cs=cache cl=curl wa="-" ra="-" cache=MISS
1787225683.536 2026-08-20T11:34:43+00:00 GET 404 uri="/004/cached/codes/404?n=1787225683475404&cs=cache&cl=curl" cs=cache cl=curl wa="-" ra="-" cache=HIT
1787225683.568 2026-08-20T11:34:43+00:00 GET 429 uri="/004/cached/codes/429?n=1787225683539429&cs=cache&cl=curl" cs=cache cl=curl wa="-" ra="3" cache=MISS
1787225683.600 2026-08-20T11:34:43+00:00 GET 429 uri="/004/cached/codes/429?n=1787225683539429&cs=cache&cl=curl" cs=cache cl=curl wa="-" ra="3" cache=HIT
1787225683.632 2026-08-20T11:34:43+00:00 GET 503 uri="/004/cached/codes/503?n=1787225683603503&cs=cache&cl=curl" cs=cache cl=curl wa="-" ra="3" cache=MISS
1787225683.663 2026-08-20T11:34:43+00:00 GET 503 uri="/004/cached/codes/503?n=1787225683603503&cs=cache&cl=curl" cs=cache cl=curl wa="-" ra="3" cache=HIT
1787225683.696 2026-08-20T11:34:43+00:00 GET 200 uri="/004/cached-cc/codes/200?cc=1&n=1787225683667200&cs=cachecc&cl=curl" cs=cachecc cl=curl wa="-" ra="-" cache=MISS
1787225683.728 2026-08-20T11:34:43+00:00 GET 200 uri="/004/cached-cc/codes/200?cc=1&n=1787225683667200&cs=cachecc&cl=curl" cs=cachecc cl=curl wa="-" ra="-" cache=HIT
1787225683.760 2026-08-20T11:34:43+00:00 GET 429 uri="/004/cached-cc/codes/429?cc=1&n=1787225683733429&cs=cachecc&cl=curl" cs=cachecc cl=curl wa="-" ra="3" cache=MISS
1787225683.792 2026-08-20T11:34:43+00:00 GET 429 uri="/004/cached-cc/codes/429?cc=1&n=1787225683733429&cs=cachecc&cl=curl" cs=cachecc cl=curl wa="-" ra="3" cache=HIT
1787225684.123 2026-08-20T11:34:44+00:00 GET 200 uri="/004/cached-cc/codes/200?cc=1&n=1787225684021200&cs=cachecmp&cl=curl" cs=cachecmp cl=curl wa="-" ra="-" cache=MISS
1787225684.153 2026-08-20T11:34:44+00:00 GET 200 uri="/004/cached-cc/codes/200?cc=1&n=1787225684021200&cs=cachecmp&cl=curl" cs=cachecmp cl=curl wa="-" ra="-" cache=HIT
1787225684.244 2026-08-20T11:34:44+00:00 GET 201 uri="/004/cached-cc/codes/201?cc=1&n=1787225684156201&cs=cachecmp&cl=curl" cs=cachecmp cl=curl wa="-" ra="-" cache=MISS
1787225684.273 2026-08-20T11:34:44+00:00 GET 201 uri="/004/cached-cc/codes/201?cc=1&n=1787225684156201&cs=cachecmp&cl=curl" cs=cachecmp cl=curl wa="-" ra="-" cache=HIT
1787225684.364 2026-08-20T11:34:44+00:00 GET 400 uri="/004/cached-cc/codes/400?cc=1&n=1787225684277400&cs=cachecmp&cl=curl" cs=cachecmp cl=curl wa="-" ra="-" cache=MISS
1787225684.396 2026-08-20T11:34:44+00:00 GET 400 uri="/004/cached-cc/codes/400?cc=1&n=1787225684277400&cs=cachecmp&cl=curl" cs=cachecmp cl=curl wa="-" ra="-" cache=HIT
1787225684.486 2026-08-20T11:34:44+00:00 GET 401 uri="/004/cached-cc/codes/401?cc=1&n=1787225684399401&cs=cachecmp&cl=curl" cs=cachecmp cl=curl wa="Bearer realm=\x22004\x22" ra="-" cache=MISS
1787225684.517 2026-08-20T11:34:44+00:00 GET 401 uri="/004/cached-cc/codes/401?cc=1&n=1787225684399401&cs=cachecmp&cl=curl" cs=cachecmp cl=curl wa="Bearer realm=\x22004\x22" ra="-" cache=HIT
1787225684.609 2026-08-20T11:34:44+00:00 GET 403 uri="/004/cached-cc/codes/403?cc=1&n=1787225684520403&cs=cachecmp&cl=curl" cs=cachecmp cl=curl wa="-" ra="-" cache=MISS
1787225684.639 2026-08-20T11:34:44+00:00 GET 403 uri="/004/cached-cc/codes/403?cc=1&n=1787225684520403&cs=cachecmp&cl=curl" cs=cachecmp cl=curl wa="-" ra="-" cache=HIT
1787225684.735 2026-08-20T11:34:44+00:00 GET 404 uri="/004/cached-cc/codes/404?cc=1&n=1787225684642404&cs=cachecmp&cl=curl" cs=cachecmp cl=curl wa="-" ra="-" cache=MISS
1787225684.766 2026-08-20T11:34:44+00:00 GET 404 uri="/004/cached-cc/codes/404?cc=1&n=1787225684642404&cs=cachecmp&cl=curl" cs=cachecmp cl=curl wa="-" ra="-" cache=HIT
1787225684.856 2026-08-20T11:34:44+00:00 GET 410 uri="/004/cached-cc/codes/410?cc=1&n=1787225684769410&cs=cachecmp&cl=curl" cs=cachecmp cl=curl wa="-" ra="-" cache=MISS
1787225684.886 2026-08-20T11:34:44+00:00 GET 410 uri="/004/cached-cc/codes/410?cc=1&n=1787225684769410&cs=cachecmp&cl=curl" cs=cachecmp cl=curl wa="-" ra="-" cache=HIT
1787225684.975 2026-08-20T11:34:44+00:00 GET 418 uri="/004/cached-cc/codes/418?cc=1&n=1787225684890418&cs=cachecmp&cl=curl" cs=cachecmp cl=curl wa="-" ra="-" cache=MISS
1787225685.003 2026-08-20T11:34:45+00:00 GET 418 uri="/004/cached-cc/codes/418?cc=1&n=1787225684890418&cs=cachecmp&cl=curl" cs=cachecmp cl=curl wa="-" ra="-" cache=HIT
1787225685.089 2026-08-20T11:34:45+00:00 GET 422 uri="/004/cached-cc/codes/422?cc=1&n=1787225685006422&cs=cachecmp&cl=curl" cs=cachecmp cl=curl wa="-" ra="-" cache=MISS
1787225685.115 2026-08-20T11:34:45+00:00 GET 422 uri="/004/cached-cc/codes/422?cc=1&n=1787225685006422&cs=cachecmp&cl=curl" cs=cachecmp cl=curl wa="-" ra="-" cache=HIT
1787225685.198 2026-08-20T11:34:45+00:00 GET 429 uri="/004/cached-cc/codes/429?cc=1&n=1787225685119429&cs=cachecmp&cl=curl" cs=cachecmp cl=curl wa="-" ra="3" cache=MISS
1787225685.233 2026-08-20T11:34:45+00:00 GET 429 uri="/004/cached-cc/codes/429?cc=1&n=1787225685119429&cs=cachecmp&cl=curl" cs=cachecmp cl=curl wa="-" ra="3" cache=HIT
1787225685.316 2026-08-20T11:34:45+00:00 GET 451 uri="/004/cached-cc/codes/451?cc=1&n=1787225685236451&cs=cachecmp&cl=curl" cs=cachecmp cl=curl wa="-" ra="-" cache=MISS
1787225685.344 2026-08-20T11:34:45+00:00 GET 451 uri="/004/cached-cc/codes/451?cc=1&n=1787225685236451&cs=cachecmp&cl=curl" cs=cachecmp cl=curl wa="-" ra="-" cache=HIT
1787225685.428 2026-08-20T11:34:45+00:00 GET 500 uri="/004/cached-cc/codes/500?cc=1&n=1787225685348500&cs=cachecmp&cl=curl" cs=cachecmp cl=curl wa="-" ra="-" cache=MISS
1787225685.455 2026-08-20T11:34:45+00:00 GET 500 uri="/004/cached-cc/codes/500?cc=1&n=1787225685348500&cs=cachecmp&cl=curl" cs=cachecmp cl=curl wa="-" ra="-" cache=HIT
1787225685.537 2026-08-20T11:34:45+00:00 GET 502 uri="/004/cached-cc/codes/502?cc=1&n=1787225685458502&cs=cachecmp&cl=curl" cs=cachecmp cl=curl wa="-" ra="-" cache=MISS
1787225685.563 2026-08-20T11:34:45+00:00 GET 502 uri="/004/cached-cc/codes/502?cc=1&n=1787225685458502&cs=cachecmp&cl=curl" cs=cachecmp cl=curl wa="-" ra="-" cache=HIT
1787225685.645 2026-08-20T11:34:45+00:00 GET 503 uri="/004/cached-cc/codes/503?cc=1&n=1787225685567503&cs=cachecmp&cl=curl" cs=cachecmp cl=curl wa="-" ra="3" cache=MISS
1787225685.671 2026-08-20T11:34:45+00:00 GET 503 uri="/004/cached-cc/codes/503?cc=1&n=1787225685567503&cs=cachecmp&cl=curl" cs=cachecmp cl=curl wa="-" ra="3" cache=HIT
1787225686.512 2026-08-20T11:34:46+00:00 POST 204 uri="/004/api/__reset" cs=- cl=- wa="-" ra="-" cache=-
1787225686.535 2026-08-20T11:34:46+00:00 GET 429 uri="/004/api/limited?cs=retryu&cl=u-node-fetch&after=0&ra=3" cs=retryu cl=u-node-fetch wa="-" ra="3" cache=-
1787225686.540 2026-08-20T11:34:46+00:00 GET 429 uri="/004/api/limited?cs=retryu&cl=u-undici-retry&after=0&ra=3" cs=retryu cl=u-undici-retry wa="-" ra="3" cache=-
1787225689.547 2026-08-20T11:34:49+00:00 GET 429 uri="/004/api/limited?cs=retryu&cl=u-undici-retry&after=0&ra=3" cs=retryu cl=u-undici-retry wa="-" ra="3" cache=-
1787225692.555 2026-08-20T11:34:52+00:00 GET 429 uri="/004/api/limited?cs=retryu&cl=u-undici-retry&after=0&ra=3" cs=retryu cl=u-undici-retry wa="-" ra="3" cache=-
1787225752.071 2026-08-20T11:35:52+00:00 GET 200 uri="/004/cached-cc/codes/200?cc=1&n=1787225751969200&cs=cachecmp&cl=curl" cs=cachecmp cl=curl wa="-" ra="-" cache=MISS
1787225752.102 2026-08-20T11:35:52+00:00 GET 200 uri="/004/cached-cc/codes/200?cc=1&n=1787225751969200&cs=cachecmp&cl=curl" cs=cachecmp cl=curl wa="-" ra="-" cache=HIT
1787225752.201 2026-08-20T11:35:52+00:00 GET 201 uri="/004/cached-cc/codes/201?cc=1&n=1787225752106201&cs=cachecmp&cl=curl" cs=cachecmp cl=curl wa="-" ra="-" cache=MISS
1787225752.233 2026-08-20T11:35:52+00:00 GET 201 uri="/004/cached-cc/codes/201?cc=1&n=1787225752106201&cs=cachecmp&cl=curl" cs=cachecmp cl=curl wa="-" ra="-" cache=HIT
1787225752.340 2026-08-20T11:35:52+00:00 GET 400 uri="/004/cached-cc/codes/400?cc=1&n=1787225752237400&cs=cachecmp&cl=curl" cs=cachecmp cl=curl wa="-" ra="-" cache=MISS
1787225752.373 2026-08-20T11:35:52+00:00 GET 400 uri="/004/cached-cc/codes/400?cc=1&n=1787225752237400&cs=cachecmp&cl=curl" cs=cachecmp cl=curl wa="-" ra="-" cache=HIT
1787225752.459 2026-08-20T11:35:52+00:00 GET 401 uri="/004/cached-cc/codes/401?cc=1&n=1787225752377401&cs=cachecmp&cl=curl" cs=cachecmp cl=curl wa="Bearer realm=\x22004\x22" ra="-" cache=MISS
1787225752.486 2026-08-20T11:35:52+00:00 GET 401 uri="/004/cached-cc/codes/401?cc=1&n=1787225752377401&cs=cachecmp&cl=curl" cs=cachecmp cl=curl wa="Bearer realm=\x22004\x22" ra="-" cache=HIT
1787225752.569 2026-08-20T11:35:52+00:00 GET 403 uri="/004/cached-cc/codes/403?cc=1&n=1787225752490403&cs=cachecmp&cl=curl" cs=cachecmp cl=curl wa="-" ra="-" cache=MISS
1787225752.595 2026-08-20T11:35:52+00:00 GET 403 uri="/004/cached-cc/codes/403?cc=1&n=1787225752490403&cs=cachecmp&cl=curl" cs=cachecmp cl=curl wa="-" ra="-" cache=HIT
1787225752.676 2026-08-20T11:35:52+00:00 GET 404 uri="/004/cached-cc/codes/404?cc=1&n=1787225752599404&cs=cachecmp&cl=curl" cs=cachecmp cl=curl wa="-" ra="-" cache=MISS
1787225752.702 2026-08-20T11:35:52+00:00 GET 404 uri="/004/cached-cc/codes/404?cc=1&n=1787225752599404&cs=cachecmp&cl=curl" cs=cachecmp cl=curl wa="-" ra="-" cache=HIT
1787225752.783 2026-08-20T11:35:52+00:00 GET 410 uri="/004/cached-cc/codes/410?cc=1&n=1787225752706410&cs=cachecmp&cl=curl" cs=cachecmp cl=curl wa="-" ra="-" cache=MISS
1787225752.810 2026-08-20T11:35:52+00:00 GET 410 uri="/004/cached-cc/codes/410?cc=1&n=1787225752706410&cs=cachecmp&cl=curl" cs=cachecmp cl=curl wa="-" ra="-" cache=HIT
1787225752.882 2026-08-20T11:35:52+00:00 GET 418 uri="/004/cached-cc/codes/418?cc=1&n=1787225752813418&cs=cachecmp&cl=curl" cs=cachecmp cl=curl wa="-" ra="-" cache=MISS
1787225752.905 2026-08-20T11:35:52+00:00 GET 418 uri="/004/cached-cc/codes/418?cc=1&n=1787225752813418&cs=cachecmp&cl=curl" cs=cachecmp cl=curl wa="-" ra="-" cache=HIT
1787225752.972 2026-08-20T11:35:52+00:00 GET 422 uri="/004/cached-cc/codes/422?cc=1&n=1787225752908422&cs=cachecmp&cl=curl" cs=cachecmp cl=curl wa="-" ra="-" cache=MISS
1787225752.993 2026-08-20T11:35:52+00:00 GET 422 uri="/004/cached-cc/codes/422?cc=1&n=1787225752908422&cs=cachecmp&cl=curl" cs=cachecmp cl=curl wa="-" ra="-" cache=HIT
1787225753.060 2026-08-20T11:35:53+00:00 GET 429 uri="/004/cached-cc/codes/429?cc=1&n=1787225752996429&cs=cachecmp&cl=curl" cs=cachecmp cl=curl wa="-" ra="3" cache=MISS
1787225753.083 2026-08-20T11:35:53+00:00 GET 429 uri="/004/cached-cc/codes/429?cc=1&n=1787225752996429&cs=cachecmp&cl=curl" cs=cachecmp cl=curl wa="-" ra="3" cache=HIT
1787225753.146 2026-08-20T11:35:53+00:00 GET 451 uri="/004/cached-cc/codes/451?cc=1&n=1787225753086451&cs=cachecmp&cl=curl" cs=cachecmp cl=curl wa="-" ra="-" cache=MISS
1787225753.168 2026-08-20T11:35:53+00:00 GET 451 uri="/004/cached-cc/codes/451?cc=1&n=1787225753086451&cs=cachecmp&cl=curl" cs=cachecmp cl=curl wa="-" ra="-" cache=HIT
1787225753.235 2026-08-20T11:35:53+00:00 GET 500 uri="/004/cached-cc/codes/500?cc=1&n=1787225753171500&cs=cachecmp&cl=curl" cs=cachecmp cl=curl wa="-" ra="-" cache=MISS
1787225753.258 2026-08-20T11:35:53+00:00 GET 500 uri="/004/cached-cc/codes/500?cc=1&n=1787225753171500&cs=cachecmp&cl=curl" cs=cachecmp cl=curl wa="-" ra="-" cache=HIT
1787225753.329 2026-08-20T11:35:53+00:00 GET 502 uri="/004/cached-cc/codes/502?cc=1&n=1787225753261502&cs=cachecmp&cl=curl" cs=cachecmp cl=curl wa="-" ra="-" cache=MISS
1787225753.353 2026-08-20T11:35:53+00:00 GET 502 uri="/004/cached-cc/codes/502?cc=1&n=1787225753261502&cs=cachecmp&cl=curl" cs=cachecmp cl=curl wa="-" ra="-" cache=HIT
1787225753.433 2026-08-20T11:35:53+00:00 GET 503 uri="/004/cached-cc/codes/503?cc=1&n=1787225753356503&cs=cachecmp&cl=curl" cs=cachecmp cl=curl wa="-" ra="3" cache=MISS
1787225753.460 2026-08-20T11:35:53+00:00 GET 503 uri="/004/cached-cc/codes/503?cc=1&n=1787225753356503&cs=cachecmp&cl=curl" cs=cachecmp cl=curl wa="-" ra="3" cache=HIT
1787225843.006 2026-08-20T11:37:23+00:00 GET 200 uri="/004/cached-cc/codes/200?cc=1&n=1787225842903200&cs=cachecmp&cl=curl" cs=cachecmp cl=curl wa="-" ra="-" cache=MISS
1787225843.037 2026-08-20T11:37:23+00:00 GET 200 uri="/004/cached-cc/codes/200?cc=1&n=1787225842903200&cs=cachecmp&cl=curl" cs=cachecmp cl=curl wa="-" ra="-" cache=HIT
1787225843.133 2026-08-20T11:37:23+00:00 GET 201 uri="/004/cached-cc/codes/201?cc=1&n=1787225843039201&cs=cachecmp&cl=curl" cs=cachecmp cl=curl wa="-" ra="-" cache=MISS
1787225843.162 2026-08-20T11:37:23+00:00 GET 201 uri="/004/cached-cc/codes/201?cc=1&n=1787225843039201&cs=cachecmp&cl=curl" cs=cachecmp cl=curl wa="-" ra="-" cache=HIT
1787225843.252 2026-08-20T11:37:23+00:00 GET 400 uri="/004/cached-cc/codes/400?cc=1&n=1787225843165400&cs=cachecmp&cl=curl" cs=cachecmp cl=curl wa="-" ra="-" cache=MISS
1787225843.281 2026-08-20T11:37:23+00:00 GET 400 uri="/004/cached-cc/codes/400?cc=1&n=1787225843165400&cs=cachecmp&cl=curl" cs=cachecmp cl=curl wa="-" ra="-" cache=HIT
1787225843.367 2026-08-20T11:37:23+00:00 GET 401 uri="/004/cached-cc/codes/401?cc=1&n=1787225843283401&cs=cachecmp&cl=curl" cs=cachecmp cl=curl wa="Bearer realm=\x22004\x22" ra="-" cache=MISS
1787225843.396 2026-08-20T11:37:23+00:00 GET 401 uri="/004/cached-cc/codes/401?cc=1&n=1787225843283401&cs=cachecmp&cl=curl" cs=cachecmp cl=curl wa="Bearer realm=\x22004\x22" ra="-" cache=HIT
1787225843.480 2026-08-20T11:37:23+00:00 GET 403 uri="/004/cached-cc/codes/403?cc=1&n=1787225843399403&cs=cachecmp&cl=curl" cs=cachecmp cl=curl wa="-" ra="-" cache=MISS
1787225843.508 2026-08-20T11:37:23+00:00 GET 403 uri="/004/cached-cc/codes/403?cc=1&n=1787225843399403&cs=cachecmp&cl=curl" cs=cachecmp cl=curl wa="-" ra="-" cache=HIT
1787225843.594 2026-08-20T11:37:23+00:00 GET 404 uri="/004/cached-cc/codes/404?cc=1&n=1787225843511404&cs=cachecmp&cl=curl" cs=cachecmp cl=curl wa="-" ra="-" cache=MISS
1787225843.623 2026-08-20T11:37:23+00:00 GET 404 uri="/004/cached-cc/codes/404?cc=1&n=1787225843511404&cs=cachecmp&cl=curl" cs=cachecmp cl=curl wa="-" ra="-" cache=HIT
1787225843.708 2026-08-20T11:37:23+00:00 GET 410 uri="/004/cached-cc/codes/410?cc=1&n=1787225843626410&cs=cachecmp&cl=curl" cs=cachecmp cl=curl wa="-" ra="-" cache=MISS
1787225843.736 2026-08-20T11:37:23+00:00 GET 410 uri="/004/cached-cc/codes/410?cc=1&n=1787225843626410&cs=cachecmp&cl=curl" cs=cachecmp cl=curl wa="-" ra="-" cache=HIT
1787225843.820 2026-08-20T11:37:23+00:00 GET 418 uri="/004/cached-cc/codes/418?cc=1&n=1787225843739418&cs=cachecmp&cl=curl" cs=cachecmp cl=curl wa="-" ra="-" cache=MISS
1787225843.847 2026-08-20T11:37:23+00:00 GET 418 uri="/004/cached-cc/codes/418?cc=1&n=1787225843739418&cs=cachecmp&cl=curl" cs=cachecmp cl=curl wa="-" ra="-" cache=HIT
1787225843.928 2026-08-20T11:37:23+00:00 GET 422 uri="/004/cached-cc/codes/422?cc=1&n=1787225843850422&cs=cachecmp&cl=curl" cs=cachecmp cl=curl wa="-" ra="-" cache=MISS
1787225843.963 2026-08-20T11:37:23+00:00 GET 422 uri="/004/cached-cc/codes/422?cc=1&n=1787225843850422&cs=cachecmp&cl=curl" cs=cachecmp cl=curl wa="-" ra="-" cache=HIT
1787225844.037 2026-08-20T11:37:24+00:00 GET 429 uri="/004/cached-cc/codes/429?cc=1&n=1787225843966429&cs=cachecmp&cl=curl" cs=cachecmp cl=curl wa="-" ra="3" cache=MISS
1787225844.060 2026-08-20T11:37:24+00:00 GET 429 uri="/004/cached-cc/codes/429?cc=1&n=1787225843966429&cs=cachecmp&cl=curl" cs=cachecmp cl=curl wa="-" ra="3" cache=HIT
1787225844.133 2026-08-20T11:37:24+00:00 GET 451 uri="/004/cached-cc/codes/451?cc=1&n=1787225844063451&cs=cachecmp&cl=curl" cs=cachecmp cl=curl wa="-" ra="-" cache=MISS
1787225844.157 2026-08-20T11:37:24+00:00 GET 451 uri="/004/cached-cc/codes/451?cc=1&n=1787225844063451&cs=cachecmp&cl=curl" cs=cachecmp cl=curl wa="-" ra="-" cache=HIT
1787225844.235 2026-08-20T11:37:24+00:00 GET 500 uri="/004/cached-cc/codes/500?cc=1&n=1787225844160500&cs=cachecmp&cl=curl" cs=cachecmp cl=curl wa="-" ra="-" cache=MISS
1787225844.260 2026-08-20T11:37:24+00:00 GET 500 uri="/004/cached-cc/codes/500?cc=1&n=1787225844160500&cs=cachecmp&cl=curl" cs=cachecmp cl=curl wa="-" ra="-" cache=HIT
1787225844.341 2026-08-20T11:37:24+00:00 GET 502 uri="/004/cached-cc/codes/502?cc=1&n=1787225844263502&cs=cachecmp&cl=curl" cs=cachecmp cl=curl wa="-" ra="-" cache=MISS
1787225844.367 2026-08-20T11:37:24+00:00 GET 502 uri="/004/cached-cc/codes/502?cc=1&n=1787225844263502&cs=cachecmp&cl=curl" cs=cachecmp cl=curl wa="-" ra="-" cache=HIT
1787225844.446 2026-08-20T11:37:24+00:00 GET 503 uri="/004/cached-cc/codes/503?cc=1&n=1787225844370503&cs=cachecmp&cl=curl" cs=cachecmp cl=curl wa="-" ra="3" cache=MISS
1787225844.472 2026-08-20T11:37:24+00:00 GET 503 uri="/004/cached-cc/codes/503?cc=1&n=1787225844370503&cs=cachecmp&cl=curl" cs=cachecmp cl=curl wa="-" ra="3" cache=HIT
1787225935.680 2026-08-20T11:38:55+00:00 POST 204 uri="/004/api/__reset" cs=- cl=- wa="-" ra="-" cache=-
1787225935.713 2026-08-20T11:38:55+00:00 GET 429 uri="/004/api/limited?cs=retry&cl=curl-plain&after=0&ra=3" cs=retry cl=curl-plain wa="-" ra="3" cache=-
1787225935.743 2026-08-20T11:38:55+00:00 GET 429 uri="/004/api/limited?cs=retry&cl=curl-retry&after=0&ra=3" cs=retry cl=curl-retry wa="-" ra="3" cache=-
1787225938.751 2026-08-20T11:38:58+00:00 GET 429 uri="/004/api/limited?cs=retry&cl=curl-retry&after=0&ra=3" cs=retry cl=curl-retry wa="-" ra="3" cache=-
1787225941.758 2026-08-20T11:39:01+00:00 GET 429 uri="/004/api/limited?cs=retry&cl=curl-retry&after=0&ra=3" cs=retry cl=curl-retry wa="-" ra="3" cache=-
1787225941.781 2026-08-20T11:39:01+00:00 GET 429 uri="/004/api/limited?cs=retry&cl=node-fetch&after=0&ra=3" cs=retry cl=node-fetch wa="-" ra="3" cache=-
1787225941.790 2026-08-20T11:39:01+00:00 GET 429 uri="/004/api/limited?cs=retry&cl=undici-retry&after=0&ra=3" cs=retry cl=undici-retry wa="-" ra="3" cache=-
1787225944.798 2026-08-20T11:39:04+00:00 GET 429 uri="/004/api/limited?cs=retry&cl=undici-retry&after=0&ra=3" cs=retry cl=undici-retry wa="-" ra="3" cache=-
1787225947.804 2026-08-20T11:39:07+00:00 GET 429 uri="/004/api/limited?cs=retry&cl=undici-retry&after=0&ra=3" cs=retry cl=undici-retry wa="-" ra="3" cache=-
1787225947.979 2026-08-20T11:39:07+00:00 POST 204 uri="/004/api/__reset" cs=- cl=- wa="-" ra="-" cache=-
1787225948.044 2026-08-20T11:39:08+00:00 GET 429 uri="/004/api/limited?cs=clients&cl=python-urllib3-retry&after=0&ra=3" cs=clients cl=python-urllib3-retry wa="-" ra="3" cache=-
1787225951.053 2026-08-20T11:39:11+00:00 GET 429 uri="/004/api/limited?cs=clients&cl=python-urllib3-retry&after=0&ra=3" cs=clients cl=python-urllib3-retry wa="-" ra="3" cache=-
1787225954.063 2026-08-20T11:39:14+00:00 GET 429 uri="/004/api/limited?cs=clients&cl=python-urllib3-retry&after=0&ra=3" cs=clients cl=python-urllib3-retry wa="-" ra="3" cache=-
1787225954.216 2026-08-20T11:39:14+00:00 GET 429 uri="/004/api/limited?cs=clients&cl=python-requests&after=0&ra=3" cs=clients cl=python-requests wa="-" ra="3" cache=-
1787225954.790 2026-08-20T11:39:14+00:00 GET 429 uri="/004/api/limited?cs=clients&cl=java-httpclient&after=0&ra=3" cs=clients cl=java-httpclient wa="-" ra="3" cache=-
1787225955.880 2026-08-20T11:39:15+00:00 GET 429 uri="/004/api/limited?cs=clients&cl=go-nethttp&after=0&ra=3" cs=clients cl=go-nethttp wa="-" ra="3" cache=-
1787225957.126 2026-08-20T11:39:17+00:00 GET 429 uri="/004/api/limited?cs=clients&cl=ruby-nethttp&after=0&ra=3" cs=clients cl=ruby-nethttp wa="-" ra="3" cache=-
1787225957.313 2026-08-20T11:39:17+00:00 GET 429 uri="/004/api/limited?cs=clients&cl=bun-fetch&after=0&ra=3" cs=clients cl=bun-fetch wa="-" ra="3" cache=-
1787225964.736 2026-08-20T11:39:24+00:00 GET 200 uri="/004/api/codes/200?cs=render&cl=browser-chromium" cs=render cl=browser-chromium wa="-" ra="-" cache=-
1787225964.755 2026-08-20T11:39:24+00:00 GET 403 uri="/004/api/codes/403?cs=render&cl=browser-chromium" cs=render cl=browser-chromium wa="-" ra="-" cache=-
1787225964.772 2026-08-20T11:39:24+00:00 GET 404 uri="/004/api/codes/404?cs=render&cl=browser-chromium" cs=render cl=browser-chromium wa="-" ra="-" cache=-
1787225964.785 2026-08-20T11:39:24+00:00 GET 410 uri="/004/api/codes/410?cs=render&cl=browser-chromium" cs=render cl=browser-chromium wa="-" ra="-" cache=-
1787225964.798 2026-08-20T11:39:24+00:00 GET 429 uri="/004/api/codes/429?cs=render&cl=browser-chromium" cs=render cl=browser-chromium wa="-" ra="3" cache=-
1787225964.811 2026-08-20T11:39:24+00:00 GET 500 uri="/004/api/codes/500?cs=render&cl=browser-chromium" cs=render cl=browser-chromium wa="-" ra="-" cache=-
1787225964.824 2026-08-20T11:39:24+00:00 GET 503 uri="/004/api/codes/503?cs=render&cl=browser-chromium" cs=render cl=browser-chromium wa="-" ra="3" cache=-
1787225968.062 2026-08-20T11:39:28+00:00 GET 200 uri="/004/api/codes/200?cs=render&cl=browser-firefox" cs=render cl=browser-firefox wa="-" ra="-" cache=-
1787225968.139 2026-08-20T11:39:28+00:00 GET 404 uri="/favicon.ico" cs=- cl=- wa="-" ra="-" cache=-
1787225968.156 2026-08-20T11:39:28+00:00 GET 403 uri="/004/api/codes/403?cs=render&cl=browser-firefox" cs=render cl=browser-firefox wa="-" ra="-" cache=-
1787225968.229 2026-08-20T11:39:28+00:00 GET 404 uri="/004/api/codes/404?cs=render&cl=browser-firefox" cs=render cl=browser-firefox wa="-" ra="-" cache=-
1787225968.260 2026-08-20T11:39:28+00:00 GET 410 uri="/004/api/codes/410?cs=render&cl=browser-firefox" cs=render cl=browser-firefox wa="-" ra="-" cache=-
1787225968.295 2026-08-20T11:39:28+00:00 GET 429 uri="/004/api/codes/429?cs=render&cl=browser-firefox" cs=render cl=browser-firefox wa="-" ra="3" cache=-
1787225968.322 2026-08-20T11:39:28+00:00 GET 500 uri="/004/api/codes/500?cs=render&cl=browser-firefox" cs=render cl=browser-firefox wa="-" ra="-" cache=-
1787225968.341 2026-08-20T11:39:28+00:00 GET 503 uri="/004/api/codes/503?cs=render&cl=browser-firefox" cs=render cl=browser-firefox wa="-" ra="3" cache=-
1787225971.120 2026-08-20T11:39:31+00:00 GET 200 uri="/004/api/codes/200?cs=render&cl=browser-webkit" cs=render cl=browser-webkit wa="-" ra="-" cache=-
1787225971.142 2026-08-20T11:39:31+00:00 GET 403 uri="/004/api/codes/403?cs=render&cl=browser-webkit" cs=render cl=browser-webkit wa="-" ra="-" cache=-
1787225971.158 2026-08-20T11:39:31+00:00 GET 404 uri="/004/api/codes/404?cs=render&cl=browser-webkit" cs=render cl=browser-webkit wa="-" ra="-" cache=-
1787225971.179 2026-08-20T11:39:31+00:00 GET 410 uri="/004/api/codes/410?cs=render&cl=browser-webkit" cs=render cl=browser-webkit wa="-" ra="-" cache=-
1787225971.197 2026-08-20T11:39:31+00:00 GET 429 uri="/004/api/codes/429?cs=render&cl=browser-webkit" cs=render cl=browser-webkit wa="-" ra="3" cache=-
1787225971.212 2026-08-20T11:39:31+00:00 GET 500 uri="/004/api/codes/500?cs=render&cl=browser-webkit" cs=render cl=browser-webkit wa="-" ra="-" cache=-
1787225971.227 2026-08-20T11:39:31+00:00 GET 503 uri="/004/api/codes/503?cs=render&cl=browser-webkit" cs=render cl=browser-webkit wa="-" ra="3" cache=-
1787225997.483 2026-08-20T11:39:57+00:00 POST 204 uri="/004/api/__reset" cs=- cl=- wa="-" ra="-" cache=-
1787225997.518 2026-08-20T11:39:57+00:00 GET 429 uri="/004/api/limited?cs=retry&cl=curl-plain&after=0&ra=3" cs=retry cl=curl-plain wa="-" ra="3" cache=-
1787225997.552 2026-08-20T11:39:57+00:00 GET 429 uri="/004/api/limited?cs=retry&cl=curl-retry&after=0&ra=3" cs=retry cl=curl-retry wa="-" ra="3" cache=-
1787226000.560 2026-08-20T11:40:00+00:00 GET 429 uri="/004/api/limited?cs=retry&cl=curl-retry&after=0&ra=3" cs=retry cl=curl-retry wa="-" ra="3" cache=-
1787226003.567 2026-08-20T11:40:03+00:00 GET 429 uri="/004/api/limited?cs=retry&cl=curl-retry&after=0&ra=3" cs=retry cl=curl-retry wa="-" ra="3" cache=-
1787226003.593 2026-08-20T11:40:03+00:00 GET 429 uri="/004/api/limited?cs=retry&cl=node-fetch&after=0&ra=3" cs=retry cl=node-fetch wa="-" ra="3" cache=-
1787226003.602 2026-08-20T11:40:03+00:00 GET 429 uri="/004/api/limited?cs=retry&cl=undici-retry&after=0&ra=3" cs=retry cl=undici-retry wa="-" ra="3" cache=-
1787226006.607 2026-08-20T11:40:06+00:00 GET 429 uri="/004/api/limited?cs=retry&cl=undici-retry&after=0&ra=3" cs=retry cl=undici-retry wa="-" ra="3" cache=-
1787226009.612 2026-08-20T11:40:09+00:00 GET 429 uri="/004/api/limited?cs=retry&cl=undici-retry&after=0&ra=3" cs=retry cl=undici-retry wa="-" ra="3" cache=-
1787226075.328 2026-08-20T11:41:15+00:00 GET 403 uri="/004/intercept/problem?cs=verify&cl=curl" cs=- cl=- wa="-" ra="-" cache=-
1787269819.456 2026-08-20T23:50:19+00:00 GET 403 uri="/004/api/oauth/insufficient-scope?cs=oauth&cl=curl" cs=oauth cl=curl wa="Bearer realm=\x22004\x22, error=\x22insufficient_scope\x22, scope=\x22msgs:read msgs:write\x22" ra="-" cache=-
1787269819.531 2026-08-20T23:50:19+00:00 GET 403 uri="/004/stripped/oauth/insufficient-scope?cs=oauth&cl=curl" cs=oauth cl=curl wa="-" ra="-" cache=-
1787490273.499 2026-08-23T13:04:33+00:00 GET 401 uri="/004/api/auth/basic?cs=auth&cl=curl" cs=auth cl=curl wa="Basic realm=\x22004\x22" ra="-" cache=-
1787490273.530 2026-08-23T13:04:33+00:00 GET 401 uri="/004/stripped/auth/basic?cs=auth&cl=curl" cs=auth cl=curl wa="-" ra="-" cache=-
1787490273.558 2026-08-23T13:04:33+00:00 GET 401 uri="/004/nginx/basic/index.html?cs=auth&cl=curl" cs=auth cl=curl wa="Basic realm=\x22004\x22" ra="-" cache=-
1787490273.587 2026-08-23T13:04:33+00:00 GET 403 uri="/004/nginx/deny/index.html?cs=auth&cl=curl" cs=auth cl=curl wa="-" ra="-" cache=-
1787490273.954 2026-08-23T13:04:33+00:00 GET 403 uri="/004/api/oauth/insufficient-scope?cs=oauth&cl=curl" cs=oauth cl=curl wa="Bearer realm=\x22004\x22, error=\x22insufficient_scope\x22, scope=\x22msgs:read msgs:write\x22" ra="-" cache=-
1787490274.022 2026-08-23T13:04:34+00:00 GET 403 uri="/004/stripped/oauth/insufficient-scope?cs=oauth&cl=curl" cs=oauth cl=curl wa="-" ra="-" cache=-
1787490274.433 2026-08-23T13:04:34+00:00 GET 200 uri="/004/cached-cc/codes/200?cc=1&n=1787490274333200&cs=cachecmp&cl=curl" cs=cachecmp cl=curl wa="-" ra="-" cache=MISS
1787490274.466 2026-08-23T13:04:34+00:00 GET 200 uri="/004/cached-cc/codes/200?cc=1&n=1787490274333200&cs=cachecmp&cl=curl" cs=cachecmp cl=curl wa="-" ra="-" cache=HIT
1787490274.568 2026-08-23T13:04:34+00:00 GET 201 uri="/004/cached-cc/codes/201?cc=1&n=1787490274469201&cs=cachecmp&cl=curl" cs=cachecmp cl=curl wa="-" ra="-" cache=MISS
1787490274.597 2026-08-23T13:04:34+00:00 GET 201 uri="/004/cached-cc/codes/201?cc=1&n=1787490274469201&cs=cachecmp&cl=curl" cs=cachecmp cl=curl wa="-" ra="-" cache=HIT
1787490274.689 2026-08-23T13:04:34+00:00 GET 400 uri="/004/cached-cc/codes/400?cc=1&n=1787490274600400&cs=cachecmp&cl=curl" cs=cachecmp cl=curl wa="-" ra="-" cache=MISS
1787490274.719 2026-08-23T13:04:34+00:00 GET 400 uri="/004/cached-cc/codes/400?cc=1&n=1787490274600400&cs=cachecmp&cl=curl" cs=cachecmp cl=curl wa="-" ra="-" cache=HIT
1787490274.813 2026-08-23T13:04:34+00:00 GET 401 uri="/004/cached-cc/codes/401?cc=1&n=1787490274723401&cs=cachecmp&cl=curl" cs=cachecmp cl=curl wa="Bearer realm=\x22004\x22" ra="-" cache=MISS
1787490274.843 2026-08-23T13:04:34+00:00 GET 401 uri="/004/cached-cc/codes/401?cc=1&n=1787490274723401&cs=cachecmp&cl=curl" cs=cachecmp cl=curl wa="Bearer realm=\x22004\x22" ra="-" cache=HIT
1787490274.934 2026-08-23T13:04:34+00:00 GET 403 uri="/004/cached-cc/codes/403?cc=1&n=1787490274847403&cs=cachecmp&cl=curl" cs=cachecmp cl=curl wa="-" ra="-" cache=MISS
1787490274.961 2026-08-23T13:04:34+00:00 GET 403 uri="/004/cached-cc/codes/403?cc=1&n=1787490274847403&cs=cachecmp&cl=curl" cs=cachecmp cl=curl wa="-" ra="-" cache=HIT
1787490275.045 2026-08-23T13:04:35+00:00 GET 404 uri="/004/cached-cc/codes/404?cc=1&n=1787490274965404&cs=cachecmp&cl=curl" cs=cachecmp cl=curl wa="-" ra="-" cache=MISS
1787490275.072 2026-08-23T13:04:35+00:00 GET 404 uri="/004/cached-cc/codes/404?cc=1&n=1787490274965404&cs=cachecmp&cl=curl" cs=cachecmp cl=curl wa="-" ra="-" cache=HIT
1787490275.155 2026-08-23T13:04:35+00:00 GET 410 uri="/004/cached-cc/codes/410?cc=1&n=1787490275076410&cs=cachecmp&cl=curl" cs=cachecmp cl=curl wa="-" ra="-" cache=MISS
1787490275.182 2026-08-23T13:04:35+00:00 GET 410 uri="/004/cached-cc/codes/410?cc=1&n=1787490275076410&cs=cachecmp&cl=curl" cs=cachecmp cl=curl wa="-" ra="-" cache=HIT
1787490275.265 2026-08-23T13:04:35+00:00 GET 418 uri="/004/cached-cc/codes/418?cc=1&n=1787490275186418&cs=cachecmp&cl=curl" cs=cachecmp cl=curl wa="-" ra="-" cache=MISS
1787490275.290 2026-08-23T13:04:35+00:00 GET 418 uri="/004/cached-cc/codes/418?cc=1&n=1787490275186418&cs=cachecmp&cl=curl" cs=cachecmp cl=curl wa="-" ra="-" cache=HIT
1787490275.367 2026-08-23T13:04:35+00:00 GET 422 uri="/004/cached-cc/codes/422?cc=1&n=1787490275293422&cs=cachecmp&cl=curl" cs=cachecmp cl=curl wa="-" ra="-" cache=MISS
1787490275.392 2026-08-23T13:04:35+00:00 GET 422 uri="/004/cached-cc/codes/422?cc=1&n=1787490275293422&cs=cachecmp&cl=curl" cs=cachecmp cl=curl wa="-" ra="-" cache=HIT
1787490275.473 2026-08-23T13:04:35+00:00 GET 429 uri="/004/cached-cc/codes/429?cc=1&n=1787490275396429&cs=cachecmp&cl=curl" cs=cachecmp cl=curl wa="-" ra="3" cache=MISS
1787490275.500 2026-08-23T13:04:35+00:00 GET 429 uri="/004/cached-cc/codes/429?cc=1&n=1787490275396429&cs=cachecmp&cl=curl" cs=cachecmp cl=curl wa="-" ra="3" cache=HIT
1787490275.579 2026-08-23T13:04:35+00:00 GET 451 uri="/004/cached-cc/codes/451?cc=1&n=1787490275504451&cs=cachecmp&cl=curl" cs=cachecmp cl=curl wa="-" ra="-" cache=MISS
1787490275.601 2026-08-23T13:04:35+00:00 GET 451 uri="/004/cached-cc/codes/451?cc=1&n=1787490275504451&cs=cachecmp&cl=curl" cs=cachecmp cl=curl wa="-" ra="-" cache=HIT
1787490275.679 2026-08-23T13:04:35+00:00 GET 500 uri="/004/cached-cc/codes/500?cc=1&n=1787490275605500&cs=cachecmp&cl=curl" cs=cachecmp cl=curl wa="-" ra="-" cache=MISS
1787490275.705 2026-08-23T13:04:35+00:00 GET 500 uri="/004/cached-cc/codes/500?cc=1&n=1787490275605500&cs=cachecmp&cl=curl" cs=cachecmp cl=curl wa="-" ra="-" cache=HIT
1787490275.787 2026-08-23T13:04:35+00:00 GET 502 uri="/004/cached-cc/codes/502?cc=1&n=1787490275709502&cs=cachecmp&cl=curl" cs=cachecmp cl=curl wa="-" ra="-" cache=MISS
1787490275.821 2026-08-23T13:04:35+00:00 GET 502 uri="/004/cached-cc/codes/502?cc=1&n=1787490275709502&cs=cachecmp&cl=curl" cs=cachecmp cl=curl wa="-" ra="-" cache=HIT
1787490275.896 2026-08-23T13:04:35+00:00 GET 503 uri="/004/cached-cc/codes/503?cc=1&n=1787490275824503&cs=cachecmp&cl=curl" cs=cachecmp cl=curl wa="-" ra="3" cache=MISS
1787490275.920 2026-08-23T13:04:35+00:00 GET 503 uri="/004/cached-cc/codes/503?cc=1&n=1787490275824503&cs=cachecmp&cl=curl" cs=cachecmp cl=curl wa="-" ra="3" cache=HIT
1787490276.247 2026-08-23T13:04:36+00:00 GET 200 uri="/004/cached/codes/200?n=1787490276216200&cs=cache&cl=curl" cs=cache cl=curl wa="-" ra="-" cache=MISS
1787490276.279 2026-08-23T13:04:36+00:00 GET 200 uri="/004/cached/codes/200?n=1787490276216200&cs=cache&cl=curl" cs=cache cl=curl wa="-" ra="-" cache=HIT
1787490276.309 2026-08-23T13:04:36+00:00 GET 404 uri="/004/cached/codes/404?n=1787490276282404&cs=cache&cl=curl" cs=cache cl=curl wa="-" ra="-" cache=MISS
1787490276.337 2026-08-23T13:04:36+00:00 GET 404 uri="/004/cached/codes/404?n=1787490276282404&cs=cache&cl=curl" cs=cache cl=curl wa="-" ra="-" cache=HIT
1787490276.367 2026-08-23T13:04:36+00:00 GET 429 uri="/004/cached/codes/429?n=1787490276340429&cs=cache&cl=curl" cs=cache cl=curl wa="-" ra="3" cache=MISS
1787490276.396 2026-08-23T13:04:36+00:00 GET 429 uri="/004/cached/codes/429?n=1787490276340429&cs=cache&cl=curl" cs=cache cl=curl wa="-" ra="3" cache=HIT
1787490276.426 2026-08-23T13:04:36+00:00 GET 503 uri="/004/cached/codes/503?n=1787490276400503&cs=cache&cl=curl" cs=cache cl=curl wa="-" ra="3" cache=MISS
1787490276.454 2026-08-23T13:04:36+00:00 GET 503 uri="/004/cached/codes/503?n=1787490276400503&cs=cache&cl=curl" cs=cache cl=curl wa="-" ra="3" cache=HIT
1787490276.485 2026-08-23T13:04:36+00:00 GET 200 uri="/004/cached-cc/codes/200?cc=1&n=1787490276458200&cs=cachecc&cl=curl" cs=cachecc cl=curl wa="-" ra="-" cache=MISS
1787490276.514 2026-08-23T13:04:36+00:00 GET 200 uri="/004/cached-cc/codes/200?cc=1&n=1787490276458200&cs=cachecc&cl=curl" cs=cachecc cl=curl wa="-" ra="-" cache=HIT
1787490276.547 2026-08-23T13:04:36+00:00 GET 429 uri="/004/cached-cc/codes/429?cc=1&n=1787490276518429&cs=cachecc&cl=curl" cs=cachecc cl=curl wa="-" ra="3" cache=MISS
1787490276.575 2026-08-23T13:04:36+00:00 GET 429 uri="/004/cached-cc/codes/429?cc=1&n=1787490276518429&cs=cachecc&cl=curl" cs=cachecc cl=curl wa="-" ra="3" cache=HIT
1787490276.844 2026-08-23T13:04:36+00:00 GET 403 uri="/004/api/problem?cs=intercept&cl=curl" cs=intercept cl=curl wa="-" ra="-" cache=-
1787490276.876 2026-08-23T13:04:36+00:00 GET 403 uri="/004/intercept/problem?cs=intercept&cl=curl" cs=- cl=- wa="-" ra="-" cache=-
1787490276.907 2026-08-23T13:04:36+00:00 GET 403 uri="/004/api/problem?mismatch=1&cs=intercept&cl=curl" cs=intercept cl=curl wa="-" ra="-" cache=-
1787490277.269 2026-08-23T13:04:37+00:00 POST 204 uri="/004/api/__reset" cs=- cl=- wa="-" ra="-" cache=-
1787490277.292 2026-08-23T13:04:37+00:00 GET 429 uri="/004/api/limited?cs=retryu&cl=u-node-fetch&after=0&ra=3" cs=retryu cl=u-node-fetch wa="-" ra="3" cache=-
1787490277.297 2026-08-23T13:04:37+00:00 GET 429 uri="/004/api/limited?cs=retryu&cl=u-undici-retry&after=0&ra=3" cs=retryu cl=u-undici-retry wa="-" ra="3" cache=-
1787490280.304 2026-08-23T13:04:40+00:00 GET 429 uri="/004/api/limited?cs=retryu&cl=u-undici-retry&after=0&ra=3" cs=retryu cl=u-undici-retry wa="-" ra="3" cache=-
1787490283.312 2026-08-23T13:04:43+00:00 GET 429 uri="/004/api/limited?cs=retryu&cl=u-undici-retry&after=0&ra=3" cs=retryu cl=u-undici-retry wa="-" ra="3" cache=-
1787491558.155 2026-08-23T13:25:58+00:00 GET 200 uri="/004/page/" cs=- cl=- wa="-" ra="-" cache=-
1787491558.165 2026-08-23T13:25:58+00:00 GET 401 uri="/004/api/auth/none?cs=authb&cl=browser-chromium" cs=authb cl=browser-chromium wa="-" ra="-" cache=-
1787491558.170 2026-08-23T13:25:58+00:00 GET 401 uri="/004/api/auth/none?cs=authnav&cl=browser-chromium" cs=authnav cl=browser-chromium wa="-" ra="-" cache=-
1787491558.183 2026-08-23T13:25:58+00:00 GET 401 uri="/004/api/auth/basic?cs=authb&cl=browser-chromium" cs=authb cl=browser-chromium wa="Basic realm=\x22004\x22" ra="-" cache=-
1787491558.187 2026-08-23T13:25:58+00:00 GET 401 uri="/004/api/auth/basic?cs=authnav&cl=browser-chromium" cs=authnav cl=browser-chromium wa="Basic realm=\x22004\x22" ra="-" cache=-
1787491558.194 2026-08-23T13:25:58+00:00 GET 401 uri="/004/api/auth/bearer?cs=authb&cl=browser-chromium" cs=authb cl=browser-chromium wa="Bearer realm=\x22004\x22" ra="-" cache=-
1787491558.197 2026-08-23T13:25:58+00:00 GET 401 uri="/004/api/auth/bearer?cs=authnav&cl=browser-chromium" cs=authnav cl=browser-chromium wa="Bearer realm=\x22004\x22" ra="-" cache=-
1787491558.205 2026-08-23T13:25:58+00:00 GET 403 uri="/004/api/auth/forbidden?cs=authb&cl=browser-chromium" cs=authb cl=browser-chromium wa="-" ra="-" cache=-
1787491558.208 2026-08-23T13:25:58+00:00 GET 403 uri="/004/api/auth/forbidden?cs=authnav&cl=browser-chromium" cs=authnav cl=browser-chromium wa="-" ra="-" cache=-
1787491558.215 2026-08-23T13:25:58+00:00 GET 401 uri="/004/stripped/auth/basic?cs=authb&cl=browser-chromium" cs=authb cl=browser-chromium wa="-" ra="-" cache=-
1787491558.217 2026-08-23T13:25:58+00:00 GET 401 uri="/004/stripped/auth/basic?cs=authnav&cl=browser-chromium" cs=authnav cl=browser-chromium wa="-" ra="-" cache=-
1787491559.245 2026-08-23T13:25:59+00:00 GET 200 uri="/004/page/" cs=- cl=- wa="-" ra="-" cache=-
1787491559.318 2026-08-23T13:25:59+00:00 GET 404 uri="/favicon.ico" cs=- cl=- wa="-" ra="-" cache=-
1787491559.323 2026-08-23T13:25:59+00:00 GET 401 uri="/004/api/auth/none?cs=authb&cl=browser-firefox" cs=authb cl=browser-firefox wa="-" ra="-" cache=-
1787491559.328 2026-08-23T13:25:59+00:00 GET 401 uri="/004/api/auth/none?cs=authnav&cl=browser-firefox" cs=authnav cl=browser-firefox wa="-" ra="-" cache=-
1787491559.388 2026-08-23T13:25:59+00:00 GET 401 uri="/004/api/auth/basic?cs=authb&cl=browser-firefox" cs=authb cl=browser-firefox wa="Basic realm=\x22004\x22" ra="-" cache=-
1787491559.394 2026-08-23T13:25:59+00:00 GET 401 uri="/004/api/auth/basic?cs=authnav&cl=browser-firefox" cs=authnav cl=browser-firefox wa="Basic realm=\x22004\x22" ra="-" cache=-
1787491559.413 2026-08-23T13:25:59+00:00 GET 401 uri="/004/api/auth/bearer?cs=authb&cl=browser-firefox" cs=authb cl=browser-firefox wa="Bearer realm=\x22004\x22" ra="-" cache=-
1787491559.421 2026-08-23T13:25:59+00:00 GET 401 uri="/004/api/auth/bearer?cs=authnav&cl=browser-firefox" cs=authnav cl=browser-firefox wa="Bearer realm=\x22004\x22" ra="-" cache=-
1787491559.437 2026-08-23T13:25:59+00:00 GET 403 uri="/004/api/auth/forbidden?cs=authb&cl=browser-firefox" cs=authb cl=browser-firefox wa="-" ra="-" cache=-
1787491559.444 2026-08-23T13:25:59+00:00 GET 403 uri="/004/api/auth/forbidden?cs=authnav&cl=browser-firefox" cs=authnav cl=browser-firefox wa="-" ra="-" cache=-
1787491559.462 2026-08-23T13:25:59+00:00 GET 401 uri="/004/stripped/auth/basic?cs=authb&cl=browser-firefox" cs=authb cl=browser-firefox wa="-" ra="-" cache=-
1787491559.469 2026-08-23T13:25:59+00:00 GET 401 uri="/004/stripped/auth/basic?cs=authnav&cl=browser-firefox" cs=authnav cl=browser-firefox wa="-" ra="-" cache=-
1787491560.123 2026-08-23T13:26:00+00:00 GET 200 uri="/004/page/" cs=- cl=- wa="-" ra="-" cache=-
1787491560.134 2026-08-23T13:26:00+00:00 GET 401 uri="/004/api/auth/none?cs=authb&cl=browser-webkit" cs=authb cl=browser-webkit wa="-" ra="-" cache=-
1787491560.139 2026-08-23T13:26:00+00:00 GET 401 uri="/004/api/auth/none?cs=authnav&cl=browser-webkit" cs=authnav cl=browser-webkit wa="-" ra="-" cache=-
1787491560.151 2026-08-23T13:26:00+00:00 GET 401 uri="/004/api/auth/basic?cs=authb&cl=browser-webkit" cs=authb cl=browser-webkit wa="Basic realm=\x22004\x22" ra="-" cache=-
1787491560.154 2026-08-23T13:26:00+00:00 GET 401 uri="/004/api/auth/basic?cs=authb&cl=browser-webkit" cs=authb cl=browser-webkit wa="Basic realm=\x22004\x22" ra="-" cache=-
1787491560.157 2026-08-23T13:26:00+00:00 GET 401 uri="/004/api/auth/basic?cs=authnav&cl=browser-webkit" cs=authnav cl=browser-webkit wa="Basic realm=\x22004\x22" ra="-" cache=-
1787491560.163 2026-08-23T13:26:00+00:00 GET 401 uri="/004/api/auth/basic?cs=authnav&cl=browser-webkit" cs=authnav cl=browser-webkit wa="Basic realm=\x22004\x22" ra="-" cache=-
1787491560.170 2026-08-23T13:26:00+00:00 GET 401 uri="/004/api/auth/bearer?cs=authb&cl=browser-webkit" cs=authb cl=browser-webkit wa="Bearer realm=\x22004\x22" ra="-" cache=-
1787491560.179 2026-08-23T13:26:00+00:00 GET 401 uri="/004/api/auth/bearer?cs=authnav&cl=browser-webkit" cs=authnav cl=browser-webkit wa="Bearer realm=\x22004\x22" ra="-" cache=-
1787491560.188 2026-08-23T13:26:00+00:00 GET 403 uri="/004/api/auth/forbidden?cs=authb&cl=browser-webkit" cs=authb cl=browser-webkit wa="-" ra="-" cache=-
1787491560.192 2026-08-23T13:26:00+00:00 GET 403 uri="/004/api/auth/forbidden?cs=authnav&cl=browser-webkit" cs=authnav cl=browser-webkit wa="-" ra="-" cache=-
1787491560.199 2026-08-23T13:26:00+00:00 GET 401 uri="/004/stripped/auth/basic?cs=authb&cl=browser-webkit" cs=authb cl=browser-webkit wa="-" ra="-" cache=-
1787491560.202 2026-08-23T13:26:00+00:00 GET 401 uri="/004/stripped/auth/basic?cs=authnav&cl=browser-webkit" cs=authnav cl=browser-webkit wa="-" ra="-" cache=-
1787491560.526 2026-08-23T13:26:00+00:00 GET 401 uri="/004/api/auth/none?cs=headed&cl=headed-chromium" cs=headed cl=headed-chromium wa="-" ra="-" cache=-
1787491560.575 2026-08-23T13:26:00+00:00 GET 401 uri="/004/api/auth/basic?cs=headed&cl=headed-chromium" cs=headed cl=headed-chromium wa="Basic realm=\x22004\x22" ra="-" cache=-
1787491560.621 2026-08-23T13:26:00+00:00 GET 401 uri="/004/api/auth/bearer?cs=headed&cl=headed-chromium" cs=headed cl=headed-chromium wa="Bearer realm=\x22004\x22" ra="-" cache=-
1787491560.666 2026-08-23T13:26:00+00:00 GET 403 uri="/004/api/auth/forbidden?cs=headed&cl=headed-chromium" cs=headed cl=headed-chromium wa="-" ra="-" cache=-
1787491560.710 2026-08-23T13:26:00+00:00 GET 401 uri="/004/stripped/auth/basic?cs=headed&cl=headed-chromium" cs=headed cl=headed-chromium wa="-" ra="-" cache=-
1787491561.903 2026-08-23T13:26:01+00:00 GET 401 uri="/004/api/auth/none?cs=headed&cl=headed-chromium" cs=headed cl=headed-chromium wa="-" ra="-" cache=-
1787491562.192 2026-08-23T13:26:02+00:00 GET 401 uri="/004/api/auth/basic?cs=headed&cl=headed-chromium" cs=headed cl=headed-chromium wa="Basic realm=\x22004\x22" ra="-" cache=-
1787491562.430 2026-08-23T13:26:02+00:00 GET 401 uri="/004/api/auth/bearer?cs=headed&cl=headed-chromium" cs=headed cl=headed-chromium wa="Bearer realm=\x22004\x22" ra="-" cache=-
1787491562.673 2026-08-23T13:26:02+00:00 GET 403 uri="/004/api/auth/forbidden?cs=headed&cl=headed-chromium" cs=headed cl=headed-chromium wa="-" ra="-" cache=-
1787491562.906 2026-08-23T13:26:02+00:00 GET 401 uri="/004/stripped/auth/basic?cs=headed&cl=headed-chromium" cs=headed cl=headed-chromium wa="-" ra="-" cache=-
1787491564.022 2026-08-23T13:26:04+00:00 GET 401 uri="/004/api/auth/none?cs=headed&cl=headed-firefox" cs=headed cl=headed-firefox wa="-" ra="-" cache=-
1787491564.088 2026-08-23T13:26:04+00:00 GET 404 uri="/favicon.ico" cs=- cl=- wa="-" ra="-" cache=-
1787491564.235 2026-08-23T13:26:04+00:00 GET 401 uri="/004/api/auth/basic?cs=headed&cl=headed-firefox" cs=headed cl=headed-firefox wa="Basic realm=\x22004\x22" ra="-" cache=-
1787491564.245 2026-08-23T13:26:04+00:00 GET 404 uri="/favicon.ico" cs=- cl=- wa="-" ra="-" cache=-
1787491564.378 2026-08-23T13:26:04+00:00 GET 401 uri="/004/api/auth/bearer?cs=headed&cl=headed-firefox" cs=headed cl=headed-firefox wa="Bearer realm=\x22004\x22" ra="-" cache=-
1787491564.395 2026-08-23T13:26:04+00:00 GET 404 uri="/favicon.ico" cs=- cl=- wa="-" ra="-" cache=-
1787491564.511 2026-08-23T13:26:04+00:00 GET 403 uri="/004/api/auth/forbidden?cs=headed&cl=headed-firefox" cs=headed cl=headed-firefox wa="-" ra="-" cache=-
1787491564.517 2026-08-23T13:26:04+00:00 GET 404 uri="/favicon.ico" cs=- cl=- wa="-" ra="-" cache=-
1787491564.756 2026-08-23T13:26:04+00:00 GET 401 uri="/004/stripped/auth/basic?cs=headed&cl=headed-firefox" cs=headed cl=headed-firefox wa="-" ra="-" cache=-
1787491564.762 2026-08-23T13:26:04+00:00 GET 404 uri="/favicon.ico" cs=- cl=- wa="-" ra="-" cache=-
1787491566.123 2026-08-23T13:26:06+00:00 GET 401 uri="/004/api/auth/none?cs=headed&cl=headed-firefox" cs=headed cl=headed-firefox wa="-" ra="-" cache=-
1787491566.206 2026-08-23T13:26:06+00:00 GET 404 uri="/favicon.ico" cs=- cl=- wa="-" ra="-" cache=-
1787491566.498 2026-08-23T13:26:06+00:00 GET 401 uri="/004/api/auth/basic?cs=headed&cl=headed-firefox" cs=headed cl=headed-firefox wa="Basic realm=\x22004\x22" ra="-" cache=-
1787491566.512 2026-08-23T13:26:06+00:00 GET 404 uri="/favicon.ico" cs=- cl=- wa="-" ra="-" cache=-
1787491566.747 2026-08-23T13:26:06+00:00 GET 401 uri="/004/api/auth/bearer?cs=headed&cl=headed-firefox" cs=headed cl=headed-firefox wa="Bearer realm=\x22004\x22" ra="-" cache=-
1787491566.756 2026-08-23T13:26:06+00:00 GET 404 uri="/favicon.ico" cs=- cl=- wa="-" ra="-" cache=-
1787491566.980 2026-08-23T13:26:06+00:00 GET 403 uri="/004/api/auth/forbidden?cs=headed&cl=headed-firefox" cs=headed cl=headed-firefox wa="-" ra="-" cache=-
1787491566.989 2026-08-23T13:26:06+00:00 GET 404 uri="/favicon.ico" cs=- cl=- wa="-" ra="-" cache=-
1787491567.213 2026-08-23T13:26:07+00:00 GET 401 uri="/004/stripped/auth/basic?cs=headed&cl=headed-firefox" cs=headed cl=headed-firefox wa="-" ra="-" cache=-
1787491567.220 2026-08-23T13:26:07+00:00 GET 404 uri="/favicon.ico" cs=- cl=- wa="-" ra="-" cache=-
1787491567.872 2026-08-23T13:26:07+00:00 GET 401 uri="/004/api/auth/none?cs=headed&cl=headed-webkit" cs=headed cl=headed-webkit wa="-" ra="-" cache=-
1787491568.031 2026-08-23T13:26:08+00:00 GET 401 uri="/004/api/auth/basic?cs=headed&cl=headed-webkit" cs=headed cl=headed-webkit wa="Basic realm=\x22004\x22" ra="-" cache=-
1787491568.035 2026-08-23T13:26:08+00:00 GET 401 uri="/004/api/auth/basic?cs=headed&cl=headed-webkit" cs=headed cl=headed-webkit wa="Basic realm=\x22004\x22" ra="-" cache=-
1787491568.192 2026-08-23T13:26:08+00:00 GET 401 uri="/004/api/auth/bearer?cs=headed&cl=headed-webkit" cs=headed cl=headed-webkit wa="Bearer realm=\x22004\x22" ra="-" cache=-
1787491568.348 2026-08-23T13:26:08+00:00 GET 403 uri="/004/api/auth/forbidden?cs=headed&cl=headed-webkit" cs=headed cl=headed-webkit wa="-" ra="-" cache=-
1787491568.502 2026-08-23T13:26:08+00:00 GET 401 uri="/004/stripped/auth/basic?cs=headed&cl=headed-webkit" cs=headed cl=headed-webkit wa="-" ra="-" cache=-
1787491569.109 2026-08-23T13:26:09+00:00 GET 401 uri="/004/api/auth/none?cs=headed&cl=headed-webkit" cs=headed cl=headed-webkit wa="-" ra="-" cache=-
1787491569.391 2026-08-23T13:26:09+00:00 GET 401 uri="/004/api/auth/basic?cs=headed&cl=headed-webkit" cs=headed cl=headed-webkit wa="Basic realm=\x22004\x22" ra="-" cache=-
1787491569.394 2026-08-23T13:26:09+00:00 GET 401 uri="/004/api/auth/basic?cs=headed&cl=headed-webkit" cs=headed cl=headed-webkit wa="Basic realm=\x22004\x22" ra="-" cache=-
1787491569.583 2026-08-23T13:26:09+00:00 GET 401 uri="/004/api/auth/bearer?cs=headed&cl=headed-webkit" cs=headed cl=headed-webkit wa="Bearer realm=\x22004\x22" ra="-" cache=-
1787491569.777 2026-08-23T13:26:09+00:00 GET 403 uri="/004/api/auth/forbidden?cs=headed&cl=headed-webkit" cs=headed cl=headed-webkit wa="-" ra="-" cache=-
1787491569.961 2026-08-23T13:26:09+00:00 GET 401 uri="/004/stripped/auth/basic?cs=headed&cl=headed-webkit" cs=headed cl=headed-webkit wa="-" ra="-" cache=-
1787491570.289 2026-08-23T13:26:10+00:00 GET 200 uri="/004/api/codes/200?cs=render&cl=browser-chromium" cs=render cl=browser-chromium wa="-" ra="-" cache=-
1787491570.315 2026-08-23T13:26:10+00:00 GET 403 uri="/004/api/codes/403?cs=render&cl=browser-chromium" cs=render cl=browser-chromium wa="-" ra="-" cache=-
1787491570.328 2026-08-23T13:26:10+00:00 GET 404 uri="/004/api/codes/404?cs=render&cl=browser-chromium" cs=render cl=browser-chromium wa="-" ra="-" cache=-
1787491570.343 2026-08-23T13:26:10+00:00 GET 410 uri="/004/api/codes/410?cs=render&cl=browser-chromium" cs=render cl=browser-chromium wa="-" ra="-" cache=-
1787491570.358 2026-08-23T13:26:10+00:00 GET 429 uri="/004/api/codes/429?cs=render&cl=browser-chromium" cs=render cl=browser-chromium wa="-" ra="3" cache=-
1787491570.370 2026-08-23T13:26:10+00:00 GET 500 uri="/004/api/codes/500?cs=render&cl=browser-chromium" cs=render cl=browser-chromium wa="-" ra="-" cache=-
1787491570.387 2026-08-23T13:26:10+00:00 GET 503 uri="/004/api/codes/503?cs=render&cl=browser-chromium" cs=render cl=browser-chromium wa="-" ra="3" cache=-
1787491571.371 2026-08-23T13:26:11+00:00 GET 200 uri="/004/api/codes/200?cs=render&cl=browser-firefox" cs=render cl=browser-firefox wa="-" ra="-" cache=-
1787491571.434 2026-08-23T13:26:11+00:00 GET 404 uri="/favicon.ico" cs=- cl=- wa="-" ra="-" cache=-
1787491571.490 2026-08-23T13:26:11+00:00 GET 403 uri="/004/api/codes/403?cs=render&cl=browser-firefox" cs=render cl=browser-firefox wa="-" ra="-" cache=-
1787491571.526 2026-08-23T13:26:11+00:00 GET 404 uri="/004/api/codes/404?cs=render&cl=browser-firefox" cs=render cl=browser-firefox wa="-" ra="-" cache=-
1787491571.565 2026-08-23T13:26:11+00:00 GET 410 uri="/004/api/codes/410?cs=render&cl=browser-firefox" cs=render cl=browser-firefox wa="-" ra="-" cache=-
1787491571.593 2026-08-23T13:26:11+00:00 GET 429 uri="/004/api/codes/429?cs=render&cl=browser-firefox" cs=render cl=browser-firefox wa="-" ra="3" cache=-
1787491571.618 2026-08-23T13:26:11+00:00 GET 500 uri="/004/api/codes/500?cs=render&cl=browser-firefox" cs=render cl=browser-firefox wa="-" ra="-" cache=-
1787491571.638 2026-08-23T13:26:11+00:00 GET 503 uri="/004/api/codes/503?cs=render&cl=browser-firefox" cs=render cl=browser-firefox wa="-" ra="3" cache=-
1787491572.344 2026-08-23T13:26:12+00:00 GET 200 uri="/004/api/codes/200?cs=render&cl=browser-webkit" cs=render cl=browser-webkit wa="-" ra="-" cache=-
1787491572.368 2026-08-23T13:26:12+00:00 GET 403 uri="/004/api/codes/403?cs=render&cl=browser-webkit" cs=render cl=browser-webkit wa="-" ra="-" cache=-
1787491572.384 2026-08-23T13:26:12+00:00 GET 404 uri="/004/api/codes/404?cs=render&cl=browser-webkit" cs=render cl=browser-webkit wa="-" ra="-" cache=-
1787491572.402 2026-08-23T13:26:12+00:00 GET 410 uri="/004/api/codes/410?cs=render&cl=browser-webkit" cs=render cl=browser-webkit wa="-" ra="-" cache=-
1787491572.417 2026-08-23T13:26:12+00:00 GET 429 uri="/004/api/codes/429?cs=render&cl=browser-webkit" cs=render cl=browser-webkit wa="-" ra="3" cache=-
1787491572.431 2026-08-23T13:26:12+00:00 GET 500 uri="/004/api/codes/500?cs=render&cl=browser-webkit" cs=render cl=browser-webkit wa="-" ra="-" cache=-
1787491572.444 2026-08-23T13:26:12+00:00 GET 503 uri="/004/api/codes/503?cs=render&cl=browser-webkit" cs=render cl=browser-webkit wa="-" ra="3" cache=-
1787491572.783 2026-08-23T13:26:12+00:00 POST 204 uri="/004/api/__reset" cs=- cl=- wa="-" ra="-" cache=-
1787491572.817 2026-08-23T13:26:12+00:00 GET 429 uri="/004/api/limited?cs=retry&cl=curl-plain&after=0&ra=3" cs=retry cl=curl-plain wa="-" ra="3" cache=-
1787491572.850 2026-08-23T13:26:12+00:00 GET 429 uri="/004/api/limited?cs=retry&cl=curl-retry&after=0&ra=3" cs=retry cl=curl-retry wa="-" ra="3" cache=-
1787491575.856 2026-08-23T13:26:15+00:00 GET 429 uri="/004/api/limited?cs=retry&cl=curl-retry&after=0&ra=3" cs=retry cl=curl-retry wa="-" ra="3" cache=-
1787491578.866 2026-08-23T13:26:18+00:00 GET 429 uri="/004/api/limited?cs=retry&cl=curl-retry&after=0&ra=3" cs=retry cl=curl-retry wa="-" ra="3" cache=-
1787491578.895 2026-08-23T13:26:18+00:00 GET 429 uri="/004/api/limited?cs=retry&cl=node-fetch&after=0&ra=3" cs=retry cl=node-fetch wa="-" ra="3" cache=-
1787491578.902 2026-08-23T13:26:18+00:00 GET 429 uri="/004/api/limited?cs=retry&cl=undici-retry&after=0&ra=3" cs=retry cl=undici-retry wa="-" ra="3" cache=-
1787491581.912 2026-08-23T13:26:21+00:00 GET 429 uri="/004/api/limited?cs=retry&cl=undici-retry&after=0&ra=3" cs=retry cl=undici-retry wa="-" ra="3" cache=-
1787491584.919 2026-08-23T13:26:24+00:00 GET 429 uri="/004/api/limited?cs=retry&cl=undici-retry&after=0&ra=3" cs=retry cl=undici-retry wa="-" ra="3" cache=-
1787491585.365 2026-08-23T13:26:25+00:00 GET 200 uri="/004/page/" cs=- cl=- wa="-" ra="-" cache=-
1787491585.375 2026-08-23T13:26:25+00:00 GET 429 uri="/004/api/limited?cs=retryb&cl=browser-retry-chromium&after=0&ra=3" cs=retryb cl=browser-retry-chromium wa="-" ra="3" cache=-
1787491595.374 2026-08-23T13:26:35+00:00 GET 200 uri="/004/page/" cs=- cl=- wa="-" ra="-" cache=-
1787491595.450 2026-08-23T13:26:35+00:00 GET 404 uri="/favicon.ico" cs=- cl=- wa="-" ra="-" cache=-
1787491595.454 2026-08-23T13:26:35+00:00 GET 429 uri="/004/api/limited?cs=retryb&cl=browser-retry-firefox&after=0&ra=3" cs=retryb cl=browser-retry-firefox wa="-" ra="3" cache=-
1787491605.111 2026-08-23T13:26:45+00:00 GET 200 uri="/004/page/" cs=- cl=- wa="-" ra="-" cache=-
1787491605.123 2026-08-23T13:26:45+00:00 GET 429 uri="/004/api/limited?cs=retryb&cl=browser-retry-webkit&after=0&ra=3" cs=retryb cl=browser-retry-webkit wa="-" ra="3" cache=-
1787491614.257 2026-08-23T13:26:54+00:00 POST 204 uri="/004/api/__reset" cs=- cl=- wa="-" ra="-" cache=-
1787491614.325 2026-08-23T13:26:54+00:00 GET 429 uri="/004/api/limited?cs=clients&cl=python-urllib3-retry&after=0&ra=3" cs=clients cl=python-urllib3-retry wa="-" ra="3" cache=-
1787491617.333 2026-08-23T13:26:57+00:00 GET 429 uri="/004/api/limited?cs=clients&cl=python-urllib3-retry&after=0&ra=3" cs=clients cl=python-urllib3-retry wa="-" ra="3" cache=-
1787491620.343 2026-08-23T13:27:00+00:00 GET 429 uri="/004/api/limited?cs=clients&cl=python-urllib3-retry&after=0&ra=3" cs=clients cl=python-urllib3-retry wa="-" ra="3" cache=-
1787491620.477 2026-08-23T13:27:00+00:00 GET 429 uri="/004/api/limited?cs=clients&cl=python-requests&after=0&ra=3" cs=clients cl=python-requests wa="-" ra="3" cache=-
1787491620.787 2026-08-23T13:27:00+00:00 GET 429 uri="/004/api/limited?cs=clients&cl=java-httpclient&after=0&ra=3" cs=clients cl=java-httpclient wa="-" ra="3" cache=-
1787491622.302 2026-08-23T13:27:02+00:00 GET 429 uri="/004/api/limited?cs=clients&cl=go-nethttp&after=0&ra=3" cs=clients cl=go-nethttp wa="-" ra="3" cache=-
1787491622.663 2026-08-23T13:27:02+00:00 GET 429 uri="/004/api/limited?cs=clients&cl=ruby-nethttp&after=0&ra=3" cs=clients cl=ruby-nethttp wa="-" ra="3" cache=-
1787491622.680 2026-08-23T13:27:02+00:00 GET 429 uri="/004/api/limited?cs=clients&cl=bun-fetch&after=0&ra=3" cs=clients cl=bun-fetch wa="-" ra="3" cache=-
1789549294.785 2026-09-16T09:01:34+00:00 POST 204 uri="/004/api/__reset" cs=- cl=- wa="-" ra="-" cache=-
1789549294.823 2026-09-16T09:01:34+00:00 GET 429 uri="/004/api/limited?cs=retry&cl=curl-plain&after=0&ra=3" cs=retry cl=curl-plain wa="-" ra="3" cache=-
1789549294.863 2026-09-16T09:01:34+00:00 GET 429 uri="/004/api/limited?cs=retry&cl=curl-retry&after=0&ra=3" cs=retry cl=curl-retry wa="-" ra="3" cache=-
1789549297.868 2026-09-16T09:01:37+00:00 GET 429 uri="/004/api/limited?cs=retry&cl=curl-retry&after=0&ra=3" cs=retry cl=curl-retry wa="-" ra="3" cache=-
1789549300.875 2026-09-16T09:01:40+00:00 GET 429 uri="/004/api/limited?cs=retry&cl=curl-retry&after=0&ra=3" cs=retry cl=curl-retry wa="-" ra="3" cache=-
1789549300.915 2026-09-16T09:01:40+00:00 GET 429 uri="/004/api/limited?cs=retry&cl=node-fetch&after=0&ra=3" cs=retry cl=node-fetch wa="-" ra="3" cache=-
1789549300.922 2026-09-16T09:01:40+00:00 GET 429 uri="/004/api/limited?cs=retry&cl=undici-retry&after=0&ra=3" cs=retry cl=undici-retry wa="-" ra="3" cache=-
1789549303.930 2026-09-16T09:01:43+00:00 GET 429 uri="/004/api/limited?cs=retry&cl=undici-retry&after=0&ra=3" cs=retry cl=undici-retry wa="-" ra="3" cache=-
1789549306.937 2026-09-16T09:01:46+00:00 GET 429 uri="/004/api/limited?cs=retry&cl=undici-retry&after=0&ra=3" cs=retry cl=undici-retry wa="-" ra="3" cache=-
1789555201.550 2026-09-16T10:40:01+00:00 GET 401 uri="/004/api/auth/basic?cs=auth&cl=curl" cs=auth cl=curl wa="Basic realm=\x22004\x22" ra="-" cache=-
1789555201.579 2026-09-16T10:40:01+00:00 GET 401 uri="/004/stripped/auth/basic?cs=auth&cl=curl" cs=auth cl=curl wa="-" ra="-" cache=-
1789555201.606 2026-09-16T10:40:01+00:00 GET 401 uri="/004/nginx/basic/index.html?cs=auth&cl=curl" cs=auth cl=curl wa="Basic realm=\x22004\x22" ra="-" cache=-
1789555201.635 2026-09-16T10:40:01+00:00 GET 403 uri="/004/nginx/deny/index.html?cs=auth&cl=curl" cs=auth cl=curl wa="-" ra="-" cache=-
1789555202.025 2026-09-16T10:40:02+00:00 GET 403 uri="/004/api/oauth/insufficient-scope?cs=oauth&cl=curl" cs=oauth cl=curl wa="Bearer realm=\x22004\x22, error=\x22insufficient_scope\x22, scope=\x22msgs:read msgs:write\x22" ra="-" cache=-
1789555202.093 2026-09-16T10:40:02+00:00 GET 403 uri="/004/stripped/oauth/insufficient-scope?cs=oauth&cl=curl" cs=oauth cl=curl wa="-" ra="-" cache=-
1789555202.494 2026-09-16T10:40:02+00:00 GET 200 uri="/004/cached-cc/codes/200?cc=1&n=1789555202390200&cs=cachecmp&cl=curl" cs=cachecmp cl=curl wa="-" ra="-" cache=MISS
1789555202.527 2026-09-16T10:40:02+00:00 GET 200 uri="/004/cached-cc/codes/200?cc=1&n=1789555202390200&cs=cachecmp&cl=curl" cs=cachecmp cl=curl wa="-" ra="-" cache=HIT
1789555202.637 2026-09-16T10:40:02+00:00 GET 201 uri="/004/cached-cc/codes/201?cc=1&n=1789555202529201&cs=cachecmp&cl=curl" cs=cachecmp cl=curl wa="-" ra="-" cache=MISS
1789555202.672 2026-09-16T10:40:02+00:00 GET 201 uri="/004/cached-cc/codes/201?cc=1&n=1789555202529201&cs=cachecmp&cl=curl" cs=cachecmp cl=curl wa="-" ra="-" cache=HIT
1789555202.770 2026-09-16T10:40:02+00:00 GET 400 uri="/004/cached-cc/codes/400?cc=1&n=1789555202675400&cs=cachecmp&cl=curl" cs=cachecmp cl=curl wa="-" ra="-" cache=MISS
1789555202.803 2026-09-16T10:40:02+00:00 GET 400 uri="/004/cached-cc/codes/400?cc=1&n=1789555202675400&cs=cachecmp&cl=curl" cs=cachecmp cl=curl wa="-" ra="-" cache=HIT
1789555202.899 2026-09-16T10:40:02+00:00 GET 401 uri="/004/cached-cc/codes/401?cc=1&n=1789555202806401&cs=cachecmp&cl=curl" cs=cachecmp cl=curl wa="Bearer realm=\x22004\x22" ra="-" cache=MISS
1789555202.932 2026-09-16T10:40:02+00:00 GET 401 uri="/004/cached-cc/codes/401?cc=1&n=1789555202806401&cs=cachecmp&cl=curl" cs=cachecmp cl=curl wa="Bearer realm=\x22004\x22" ra="-" cache=HIT
1789555203.026 2026-09-16T10:40:03+00:00 GET 403 uri="/004/cached-cc/codes/403?cc=1&n=1789555202935403&cs=cachecmp&cl=curl" cs=cachecmp cl=curl wa="-" ra="-" cache=MISS
1789555203.055 2026-09-16T10:40:03+00:00 GET 403 uri="/004/cached-cc/codes/403?cc=1&n=1789555202935403&cs=cachecmp&cl=curl" cs=cachecmp cl=curl wa="-" ra="-" cache=HIT
1789555203.138 2026-09-16T10:40:03+00:00 GET 404 uri="/004/cached-cc/codes/404?cc=1&n=1789555203058404&cs=cachecmp&cl=curl" cs=cachecmp cl=curl wa="-" ra="-" cache=MISS
1789555203.164 2026-09-16T10:40:03+00:00 GET 404 uri="/004/cached-cc/codes/404?cc=1&n=1789555203058404&cs=cachecmp&cl=curl" cs=cachecmp cl=curl wa="-" ra="-" cache=HIT
1789555203.248 2026-09-16T10:40:03+00:00 GET 410 uri="/004/cached-cc/codes/410?cc=1&n=1789555203166410&cs=cachecmp&cl=curl" cs=cachecmp cl=curl wa="-" ra="-" cache=MISS
1789555203.272 2026-09-16T10:40:03+00:00 GET 410 uri="/004/cached-cc/codes/410?cc=1&n=1789555203166410&cs=cachecmp&cl=curl" cs=cachecmp cl=curl wa="-" ra="-" cache=HIT
1789555203.348 2026-09-16T10:40:03+00:00 GET 418 uri="/004/cached-cc/codes/418?cc=1&n=1789555203275418&cs=cachecmp&cl=curl" cs=cachecmp cl=curl wa="-" ra="-" cache=MISS
1789555203.373 2026-09-16T10:40:03+00:00 GET 418 uri="/004/cached-cc/codes/418?cc=1&n=1789555203275418&cs=cachecmp&cl=curl" cs=cachecmp cl=curl wa="-" ra="-" cache=HIT
1789555203.441 2026-09-16T10:40:03+00:00 GET 422 uri="/004/cached-cc/codes/422?cc=1&n=1789555203376422&cs=cachecmp&cl=curl" cs=cachecmp cl=curl wa="-" ra="-" cache=MISS
1789555203.465 2026-09-16T10:40:03+00:00 GET 422 uri="/004/cached-cc/codes/422?cc=1&n=1789555203376422&cs=cachecmp&cl=curl" cs=cachecmp cl=curl wa="-" ra="-" cache=HIT
1789555203.536 2026-09-16T10:40:03+00:00 GET 429 uri="/004/cached-cc/codes/429?cc=1&n=1789555203467429&cs=cachecmp&cl=curl" cs=cachecmp cl=curl wa="-" ra="3" cache=MISS
1789555203.561 2026-09-16T10:40:03+00:00 GET 429 uri="/004/cached-cc/codes/429?cc=1&n=1789555203467429&cs=cachecmp&cl=curl" cs=cachecmp cl=curl wa="-" ra="3" cache=HIT
1789555203.637 2026-09-16T10:40:03+00:00 GET 451 uri="/004/cached-cc/codes/451?cc=1&n=1789555203563451&cs=cachecmp&cl=curl" cs=cachecmp cl=curl wa="-" ra="-" cache=MISS
1789555203.660 2026-09-16T10:40:03+00:00 GET 451 uri="/004/cached-cc/codes/451?cc=1&n=1789555203563451&cs=cachecmp&cl=curl" cs=cachecmp cl=curl wa="-" ra="-" cache=HIT
1789555203.733 2026-09-16T10:40:03+00:00 GET 500 uri="/004/cached-cc/codes/500?cc=1&n=1789555203662500&cs=cachecmp&cl=curl" cs=cachecmp cl=curl wa="-" ra="-" cache=MISS
1789555203.758 2026-09-16T10:40:03+00:00 GET 500 uri="/004/cached-cc/codes/500?cc=1&n=1789555203662500&cs=cachecmp&cl=curl" cs=cachecmp cl=curl wa="-" ra="-" cache=HIT
1789555203.831 2026-09-16T10:40:03+00:00 GET 502 uri="/004/cached-cc/codes/502?cc=1&n=1789555203760502&cs=cachecmp&cl=curl" cs=cachecmp cl=curl wa="-" ra="-" cache=MISS
1789555203.856 2026-09-16T10:40:03+00:00 GET 502 uri="/004/cached-cc/codes/502?cc=1&n=1789555203760502&cs=cachecmp&cl=curl" cs=cachecmp cl=curl wa="-" ra="-" cache=HIT
1789555203.934 2026-09-16T10:40:03+00:00 GET 503 uri="/004/cached-cc/codes/503?cc=1&n=1789555203858503&cs=cachecmp&cl=curl" cs=cachecmp cl=curl wa="-" ra="3" cache=MISS
1789555203.959 2026-09-16T10:40:03+00:00 GET 503 uri="/004/cached-cc/codes/503?cc=1&n=1789555203858503&cs=cachecmp&cl=curl" cs=cachecmp cl=curl wa="-" ra="3" cache=HIT
1789555204.260 2026-09-16T10:40:04+00:00 GET 200 uri="/004/cached/codes/200?n=1789555204232200&cs=cache&cl=curl" cs=cache cl=curl wa="-" ra="-" cache=MISS
1789555204.291 2026-09-16T10:40:04+00:00 GET 200 uri="/004/cached/codes/200?n=1789555204232200&cs=cache&cl=curl" cs=cache cl=curl wa="-" ra="-" cache=HIT
1789555204.321 2026-09-16T10:40:04+00:00 GET 404 uri="/004/cached/codes/404?n=1789555204293404&cs=cache&cl=curl" cs=cache cl=curl wa="-" ra="-" cache=MISS
1789555204.349 2026-09-16T10:40:04+00:00 GET 404 uri="/004/cached/codes/404?n=1789555204293404&cs=cache&cl=curl" cs=cache cl=curl wa="-" ra="-" cache=HIT
1789555204.377 2026-09-16T10:40:04+00:00 GET 429 uri="/004/cached/codes/429?n=1789555204351429&cs=cache&cl=curl" cs=cache cl=curl wa="-" ra="3" cache=MISS
1789555204.405 2026-09-16T10:40:04+00:00 GET 429 uri="/004/cached/codes/429?n=1789555204351429&cs=cache&cl=curl" cs=cache cl=curl wa="-" ra="3" cache=HIT
1789555204.430 2026-09-16T10:40:04+00:00 GET 503 uri="/004/cached/codes/503?n=1789555204407503&cs=cache&cl=curl" cs=cache cl=curl wa="-" ra="3" cache=MISS
1789555204.460 2026-09-16T10:40:04+00:00 GET 503 uri="/004/cached/codes/503?n=1789555204407503&cs=cache&cl=curl" cs=cache cl=curl wa="-" ra="3" cache=HIT
1789555204.487 2026-09-16T10:40:04+00:00 GET 200 uri="/004/cached-cc/codes/200?cc=1&n=1789555204462200&cs=cachecc&cl=curl" cs=cachecc cl=curl wa="-" ra="-" cache=MISS
1789555204.514 2026-09-16T10:40:04+00:00 GET 200 uri="/004/cached-cc/codes/200?cc=1&n=1789555204462200&cs=cachecc&cl=curl" cs=cachecc cl=curl wa="-" ra="-" cache=HIT
1789555204.541 2026-09-16T10:40:04+00:00 GET 429 uri="/004/cached-cc/codes/429?cc=1&n=1789555204516429&cs=cachecc&cl=curl" cs=cachecc cl=curl wa="-" ra="3" cache=MISS
1789555204.568 2026-09-16T10:40:04+00:00 GET 429 uri="/004/cached-cc/codes/429?cc=1&n=1789555204516429&cs=cachecc&cl=curl" cs=cachecc cl=curl wa="-" ra="3" cache=HIT
1789555204.826 2026-09-16T10:40:04+00:00 GET 403 uri="/004/api/problem?cs=intercept&cl=curl" cs=intercept cl=curl wa="-" ra="-" cache=-
1789555204.858 2026-09-16T10:40:04+00:00 GET 403 uri="/004/intercept/problem?cs=intercept&cl=curl" cs=- cl=- wa="-" ra="-" cache=-
1789555204.891 2026-09-16T10:40:04+00:00 GET 403 uri="/004/api/problem?mismatch=1&cs=intercept&cl=curl" cs=intercept cl=curl wa="-" ra="-" cache=-
1789555205.264 2026-09-16T10:40:05+00:00 POST 204 uri="/004/api/__reset" cs=- cl=- wa="-" ra="-" cache=-
1789555205.274 2026-09-16T10:40:05+00:00 GET 429 uri="/004/api/limited?cs=retryu&cl=u-node-fetch&after=0&ra=3" cs=retryu cl=u-node-fetch wa="-" ra="3" cache=-
1789555205.278 2026-09-16T10:40:05+00:00 GET 429 uri="/004/api/limited?cs=retryu&cl=u-undici-retry&after=0&ra=3" cs=retryu cl=u-undici-retry wa="-" ra="3" cache=-
1789555208.285 2026-09-16T10:40:08+00:00 GET 429 uri="/004/api/limited?cs=retryu&cl=u-undici-retry&after=0&ra=3" cs=retryu cl=u-undici-retry wa="-" ra="3" cache=-
1789555211.293 2026-09-16T10:40:11+00:00 GET 429 uri="/004/api/limited?cs=retryu&cl=u-undici-retry&after=0&ra=3" cs=retryu cl=u-undici-retry wa="-" ra="3" cache=-
1789555383.081 2026-09-16T10:43:03+00:00 POST 204 uri="/004/api/__reset" cs=- cl=- wa="-" ra="-" cache=-
1789555383.116 2026-09-16T10:43:03+00:00 GET 429 uri="/004/api/limited?cs=retry&cl=curl-plain&after=0&ra=3" cs=retry cl=curl-plain wa="-" ra="3" cache=-
1789555383.149 2026-09-16T10:43:03+00:00 GET 429 uri="/004/api/limited?cs=retry&cl=curl-retry&after=0&ra=3" cs=retry cl=curl-retry wa="-" ra="3" cache=-
1789555386.158 2026-09-16T10:43:06+00:00 GET 429 uri="/004/api/limited?cs=retry&cl=curl-retry&after=0&ra=3" cs=retry cl=curl-retry wa="-" ra="3" cache=-
1789555389.167 2026-09-16T10:43:09+00:00 GET 429 uri="/004/api/limited?cs=retry&cl=curl-retry&after=0&ra=3" cs=retry cl=curl-retry wa="-" ra="3" cache=-
1789555389.193 2026-09-16T10:43:09+00:00 GET 429 uri="/004/api/limited?cs=retry&cl=node-fetch&after=0&ra=3" cs=retry cl=node-fetch wa="-" ra="3" cache=-
1789555389.200 2026-09-16T10:43:09+00:00 GET 429 uri="/004/api/limited?cs=retry&cl=undici-retry&after=0&ra=3" cs=retry cl=undici-retry wa="-" ra="3" cache=-
1789555392.208 2026-09-16T10:43:12+00:00 GET 429 uri="/004/api/limited?cs=retry&cl=undici-retry&after=0&ra=3" cs=retry cl=undici-retry wa="-" ra="3" cache=-
1789555395.217 2026-09-16T10:43:15+00:00 GET 429 uri="/004/api/limited?cs=retry&cl=undici-retry&after=0&ra=3" cs=retry cl=undici-retry wa="-" ra="3" cache=-
1789736632.227 2026-09-18T13:03:52+00:00 GET 401 uri="/004/api/auth/basic?cs=auth&cl=curl" cs=auth cl=curl wa="Basic realm=\x22004\x22" ra="-" cache=-
1789736632.259 2026-09-18T13:03:52+00:00 GET 401 uri="/004/stripped/auth/basic?cs=auth&cl=curl" cs=auth cl=curl wa="-" ra="-" cache=-
1789736632.290 2026-09-18T13:03:52+00:00 GET 401 uri="/004/nginx/basic/index.html?cs=auth&cl=curl" cs=auth cl=curl wa="Basic realm=\x22004\x22" ra="-" cache=-
1789736632.320 2026-09-18T13:03:52+00:00 GET 403 uri="/004/nginx/deny/index.html?cs=auth&cl=curl" cs=auth cl=curl wa="-" ra="-" cache=-
1789736632.671 2026-09-18T13:03:52+00:00 GET 403 uri="/004/api/oauth/insufficient-scope?cs=oauth&cl=curl" cs=oauth cl=curl wa="Bearer realm=\x22004\x22, error=\x22insufficient_scope\x22, scope=\x22msgs:read msgs:write\x22" ra="-" cache=-
1789736632.734 2026-09-18T13:03:52+00:00 GET 403 uri="/004/stripped/oauth/insufficient-scope?cs=oauth&cl=curl" cs=oauth cl=curl wa="-" ra="-" cache=-
1789736633.122 2026-09-18T13:03:53+00:00 GET 200 uri="/004/cached-cc/codes/200?cc=1&n=1789736633014200&cs=cachecmp&cl=curl" cs=cachecmp cl=curl wa="-" ra="-" cache=MISS
1789736633.152 2026-09-18T13:03:53+00:00 GET 200 uri="/004/cached-cc/codes/200?cc=1&n=1789736633014200&cs=cachecmp&cl=curl" cs=cachecmp cl=curl wa="-" ra="-" cache=HIT
1789736633.238 2026-09-18T13:03:53+00:00 GET 201 uri="/004/cached-cc/codes/201?cc=1&n=1789736633154201&cs=cachecmp&cl=curl" cs=cachecmp cl=curl wa="-" ra="-" cache=MISS
1789736633.267 2026-09-18T13:03:53+00:00 GET 201 uri="/004/cached-cc/codes/201?cc=1&n=1789736633154201&cs=cachecmp&cl=curl" cs=cachecmp cl=curl wa="-" ra="-" cache=HIT
1789736633.350 2026-09-18T13:03:53+00:00 GET 400 uri="/004/cached-cc/codes/400?cc=1&n=1789736633269400&cs=cachecmp&cl=curl" cs=cachecmp cl=curl wa="-" ra="-" cache=MISS
1789736633.375 2026-09-18T13:03:53+00:00 GET 400 uri="/004/cached-cc/codes/400?cc=1&n=1789736633269400&cs=cachecmp&cl=curl" cs=cachecmp cl=curl wa="-" ra="-" cache=HIT
1789736633.454 2026-09-18T13:03:53+00:00 GET 401 uri="/004/cached-cc/codes/401?cc=1&n=1789736633377401&cs=cachecmp&cl=curl" cs=cachecmp cl=curl wa="Bearer realm=\x22004\x22" ra="-" cache=MISS
1789736633.479 2026-09-18T13:03:53+00:00 GET 401 uri="/004/cached-cc/codes/401?cc=1&n=1789736633377401&cs=cachecmp&cl=curl" cs=cachecmp cl=curl wa="Bearer realm=\x22004\x22" ra="-" cache=HIT
1789736633.558 2026-09-18T13:03:53+00:00 GET 403 uri="/004/cached-cc/codes/403?cc=1&n=1789736633481403&cs=cachecmp&cl=curl" cs=cachecmp cl=curl wa="-" ra="-" cache=MISS
1789736633.585 2026-09-18T13:03:53+00:00 GET 403 uri="/004/cached-cc/codes/403?cc=1&n=1789736633481403&cs=cachecmp&cl=curl" cs=cachecmp cl=curl wa="-" ra="-" cache=HIT
1789736633.662 2026-09-18T13:03:53+00:00 GET 404 uri="/004/cached-cc/codes/404?cc=1&n=1789736633586404&cs=cachecmp&cl=curl" cs=cachecmp cl=curl wa="-" ra="-" cache=MISS
1789736633.688 2026-09-18T13:03:53+00:00 GET 404 uri="/004/cached-cc/codes/404?cc=1&n=1789736633586404&cs=cachecmp&cl=curl" cs=cachecmp cl=curl wa="-" ra="-" cache=HIT
1789736633.769 2026-09-18T13:03:53+00:00 GET 410 uri="/004/cached-cc/codes/410?cc=1&n=1789736633690410&cs=cachecmp&cl=curl" cs=cachecmp cl=curl wa="-" ra="-" cache=MISS
1789736633.794 2026-09-18T13:03:53+00:00 GET 410 uri="/004/cached-cc/codes/410?cc=1&n=1789736633690410&cs=cachecmp&cl=curl" cs=cachecmp cl=curl wa="-" ra="-" cache=HIT
1789736633.870 2026-09-18T13:03:53+00:00 GET 418 uri="/004/cached-cc/codes/418?cc=1&n=1789736633795418&cs=cachecmp&cl=curl" cs=cachecmp cl=curl wa="-" ra="-" cache=MISS
1789736633.895 2026-09-18T13:03:53+00:00 GET 418 uri="/004/cached-cc/codes/418?cc=1&n=1789736633795418&cs=cachecmp&cl=curl" cs=cachecmp cl=curl wa="-" ra="-" cache=HIT
1789736633.967 2026-09-18T13:03:53+00:00 GET 422 uri="/004/cached-cc/codes/422?cc=1&n=1789736633897422&cs=cachecmp&cl=curl" cs=cachecmp cl=curl wa="-" ra="-" cache=MISS
1789736633.991 2026-09-18T13:03:53+00:00 GET 422 uri="/004/cached-cc/codes/422?cc=1&n=1789736633897422&cs=cachecmp&cl=curl" cs=cachecmp cl=curl wa="-" ra="-" cache=HIT
1789736634.063 2026-09-18T13:03:54+00:00 GET 429 uri="/004/cached-cc/codes/429?cc=1&n=1789736633993429&cs=cachecmp&cl=curl" cs=cachecmp cl=curl wa="-" ra="3" cache=MISS
1789736634.087 2026-09-18T13:03:54+00:00 GET 429 uri="/004/cached-cc/codes/429?cc=1&n=1789736633993429&cs=cachecmp&cl=curl" cs=cachecmp cl=curl wa="-" ra="3" cache=HIT
1789736634.166 2026-09-18T13:03:54+00:00 GET 451 uri="/004/cached-cc/codes/451?cc=1&n=1789736634089451&cs=cachecmp&cl=curl" cs=cachecmp cl=curl wa="-" ra="-" cache=MISS
1789736634.193 2026-09-18T13:03:54+00:00 GET 451 uri="/004/cached-cc/codes/451?cc=1&n=1789736634089451&cs=cachecmp&cl=curl" cs=cachecmp cl=curl wa="-" ra="-" cache=HIT
1789736634.269 2026-09-18T13:03:54+00:00 GET 500 uri="/004/cached-cc/codes/500?cc=1&n=1789736634194500&cs=cachecmp&cl=curl" cs=cachecmp cl=curl wa="-" ra="-" cache=MISS
1789736634.293 2026-09-18T13:03:54+00:00 GET 500 uri="/004/cached-cc/codes/500?cc=1&n=1789736634194500&cs=cachecmp&cl=curl" cs=cachecmp cl=curl wa="-" ra="-" cache=HIT
1789736634.365 2026-09-18T13:03:54+00:00 GET 502 uri="/004/cached-cc/codes/502?cc=1&n=1789736634295502&cs=cachecmp&cl=curl" cs=cachecmp cl=curl wa="-" ra="-" cache=MISS
1789736634.387 2026-09-18T13:03:54+00:00 GET 502 uri="/004/cached-cc/codes/502?cc=1&n=1789736634295502&cs=cachecmp&cl=curl" cs=cachecmp cl=curl wa="-" ra="-" cache=HIT
1789736634.456 2026-09-18T13:03:54+00:00 GET 503 uri="/004/cached-cc/codes/503?cc=1&n=1789736634388503&cs=cachecmp&cl=curl" cs=cachecmp cl=curl wa="-" ra="3" cache=MISS
1789736634.479 2026-09-18T13:03:54+00:00 GET 503 uri="/004/cached-cc/codes/503?cc=1&n=1789736634388503&cs=cachecmp&cl=curl" cs=cachecmp cl=curl wa="-" ra="3" cache=HIT
1789736634.772 2026-09-18T13:03:54+00:00 GET 200 uri="/004/cached/codes/200?n=1789736634740200&cs=cache&cl=curl" cs=cache cl=curl wa="-" ra="-" cache=MISS
1789736634.802 2026-09-18T13:03:54+00:00 GET 200 uri="/004/cached/codes/200?n=1789736634740200&cs=cache&cl=curl" cs=cache cl=curl wa="-" ra="-" cache=HIT
1789736634.831 2026-09-18T13:03:54+00:00 GET 404 uri="/004/cached/codes/404?n=1789736634804404&cs=cache&cl=curl" cs=cache cl=curl wa="-" ra="-" cache=MISS
1789736634.859 2026-09-18T13:03:54+00:00 GET 404 uri="/004/cached/codes/404?n=1789736634804404&cs=cache&cl=curl" cs=cache cl=curl wa="-" ra="-" cache=HIT
1789736634.886 2026-09-18T13:03:54+00:00 GET 429 uri="/004/cached/codes/429?n=1789736634860429&cs=cache&cl=curl" cs=cache cl=curl wa="-" ra="3" cache=MISS
1789736634.914 2026-09-18T13:03:54+00:00 GET 429 uri="/004/cached/codes/429?n=1789736634860429&cs=cache&cl=curl" cs=cache cl=curl wa="-" ra="3" cache=HIT
1789736634.942 2026-09-18T13:03:54+00:00 GET 503 uri="/004/cached/codes/503?n=1789736634916503&cs=cache&cl=curl" cs=cache cl=curl wa="-" ra="3" cache=MISS
1789736634.969 2026-09-18T13:03:54+00:00 GET 503 uri="/004/cached/codes/503?n=1789736634916503&cs=cache&cl=curl" cs=cache cl=curl wa="-" ra="3" cache=HIT
1789736634.995 2026-09-18T13:03:54+00:00 GET 200 uri="/004/cached-cc/codes/200?cc=1&n=1789736634971200&cs=cachecc&cl=curl" cs=cachecc cl=curl wa="-" ra="-" cache=MISS
1789736635.023 2026-09-18T13:03:55+00:00 GET 200 uri="/004/cached-cc/codes/200?cc=1&n=1789736634971200&cs=cachecc&cl=curl" cs=cachecc cl=curl wa="-" ra="-" cache=HIT
1789736635.051 2026-09-18T13:03:55+00:00 GET 429 uri="/004/cached-cc/codes/429?cc=1&n=1789736635025429&cs=cachecc&cl=curl" cs=cachecc cl=curl wa="-" ra="3" cache=MISS
1789736635.077 2026-09-18T13:03:55+00:00 GET 429 uri="/004/cached-cc/codes/429?cc=1&n=1789736635025429&cs=cachecc&cl=curl" cs=cachecc cl=curl wa="-" ra="3" cache=HIT
1789736635.331 2026-09-18T13:03:55+00:00 GET 403 uri="/004/api/problem?cs=intercept&cl=curl" cs=intercept cl=curl wa="-" ra="-" cache=-
1789736635.361 2026-09-18T13:03:55+00:00 GET 403 uri="/004/intercept/problem?cs=intercept&cl=curl" cs=- cl=- wa="-" ra="-" cache=-
1789736635.389 2026-09-18T13:03:55+00:00 GET 403 uri="/004/api/problem?mismatch=1&cs=intercept&cl=curl" cs=intercept cl=curl wa="-" ra="-" cache=-
1789736635.713 2026-09-18T13:03:55+00:00 POST 204 uri="/004/api/__reset" cs=- cl=- wa="-" ra="-" cache=-
1789736635.734 2026-09-18T13:03:55+00:00 GET 429 uri="/004/api/limited?cs=retryu&cl=u-node-fetch&after=0&ra=3" cs=retryu cl=u-node-fetch wa="-" ra="3" cache=-
1789736635.739 2026-09-18T13:03:55+00:00 GET 429 uri="/004/api/limited?cs=retryu&cl=u-undici-retry&after=0&ra=3" cs=retryu cl=u-undici-retry wa="-" ra="3" cache=-
1789736638.746 2026-09-18T13:03:58+00:00 GET 429 uri="/004/api/limited?cs=retryu&cl=u-undici-retry&after=0&ra=3" cs=retryu cl=u-undici-retry wa="-" ra="3" cache=-
1789736641.753 2026-09-18T13:04:01+00:00 GET 429 uri="/004/api/limited?cs=retryu&cl=u-undici-retry&after=0&ra=3" cs=retryu cl=u-undici-retry wa="-" ra="3" cache=-
1789737968.769 2026-09-18T13:26:08+00:00 POST 204 uri="/004/api/__reset" cs=- cl=- wa="-" ra="-" cache=-
1789737968.804 2026-09-18T13:26:08+00:00 GET 429 uri="/004/api/limited?cs=retry&cl=curl-plain&after=0&ra=3" cs=retry cl=curl-plain wa="-" ra="3" cache=-
1789737968.836 2026-09-18T13:26:08+00:00 GET 429 uri="/004/api/limited?cs=retry&cl=curl-retry&after=0&ra=3" cs=retry cl=curl-retry wa="-" ra="3" cache=-
1789737971.843 2026-09-18T13:26:11+00:00 GET 429 uri="/004/api/limited?cs=retry&cl=curl-retry&after=0&ra=3" cs=retry cl=curl-retry wa="-" ra="3" cache=-
1789737974.851 2026-09-18T13:26:14+00:00 GET 429 uri="/004/api/limited?cs=retry&cl=curl-retry&after=0&ra=3" cs=retry cl=curl-retry wa="-" ra="3" cache=-
1789737974.878 2026-09-18T13:26:14+00:00 GET 429 uri="/004/api/limited?cs=retry&cl=node-fetch&after=0&ra=3" cs=retry cl=node-fetch wa="-" ra="3" cache=-
1789737974.885 2026-09-18T13:26:14+00:00 GET 429 uri="/004/api/limited?cs=retry&cl=undici-retry&after=0&ra=3" cs=retry cl=undici-retry wa="-" ra="3" cache=-
1789737977.891 2026-09-18T13:26:17+00:00 GET 429 uri="/004/api/limited?cs=retry&cl=undici-retry&after=0&ra=3" cs=retry cl=undici-retry wa="-" ra="3" cache=-
1789737980.898 2026-09-18T13:26:20+00:00 GET 429 uri="/004/api/limited?cs=retry&cl=undici-retry&after=0&ra=3" cs=retry cl=undici-retry wa="-" ra="3" cache=-
1789737981.164 2026-09-18T13:26:21+00:00 POST 204 uri="/004/api/__reset" cs=- cl=- wa="-" ra="-" cache=-
1789737981.515 2026-09-18T13:26:21+00:00 GET 429 uri="/004/api/limited?cs=clients&cl=python-urllib3-retry&after=0&ra=3" cs=clients cl=python-urllib3-retry wa="-" ra="3" cache=-
1789737984.521 2026-09-18T13:26:24+00:00 GET 429 uri="/004/api/limited?cs=clients&cl=python-urllib3-retry&after=0&ra=3" cs=clients cl=python-urllib3-retry wa="-" ra="3" cache=-
1789737987.531 2026-09-18T13:26:27+00:00 GET 429 uri="/004/api/limited?cs=clients&cl=python-urllib3-retry&after=0&ra=3" cs=clients cl=python-urllib3-retry wa="-" ra="3" cache=-
1789737988.032 2026-09-18T13:26:28+00:00 GET 429 uri="/004/api/limited?cs=clients&cl=python-requests&after=0&ra=3" cs=clients cl=python-requests wa="-" ra="3" cache=-
1789737988.663 2026-09-18T13:26:28+00:00 GET 429 uri="/004/api/limited?cs=clients&cl=java-httpclient&after=0&ra=3" cs=clients cl=java-httpclient wa="-" ra="3" cache=-
1789737990.723 2026-09-18T13:26:30+00:00 GET 429 uri="/004/api/limited?cs=clients&cl=go-nethttp&after=0&ra=3" cs=clients cl=go-nethttp wa="-" ra="3" cache=-
1789737991.797 2026-09-18T13:26:31+00:00 GET 429 uri="/004/api/limited?cs=clients&cl=ruby-nethttp&after=0&ra=3" cs=clients cl=ruby-nethttp wa="-" ra="3" cache=-
1789737991.831 2026-09-18T13:26:31+00:00 GET 429 uri="/004/api/limited?cs=clients&cl=bun-fetch&after=0&ra=3" cs=clients cl=bun-fetch wa="-" ra="3" cache=-
1789737992.149 2026-09-18T13:26:32+00:00 GET 200 uri="/004/api/codes/200?cs=render&cl=browser-chromium" cs=render cl=browser-chromium wa="-" ra="-" cache=-
1789737992.174 2026-09-18T13:26:32+00:00 GET 403 uri="/004/api/codes/403?cs=render&cl=browser-chromium" cs=render cl=browser-chromium wa="-" ra="-" cache=-
1789737992.188 2026-09-18T13:26:32+00:00 GET 404 uri="/004/api/codes/404?cs=render&cl=browser-chromium" cs=render cl=browser-chromium wa="-" ra="-" cache=-
1789737992.200 2026-09-18T13:26:32+00:00 GET 410 uri="/004/api/codes/410?cs=render&cl=browser-chromium" cs=render cl=browser-chromium wa="-" ra="-" cache=-
1789737992.213 2026-09-18T13:26:32+00:00 GET 429 uri="/004/api/codes/429?cs=render&cl=browser-chromium" cs=render cl=browser-chromium wa="-" ra="3" cache=-
1789737992.227 2026-09-18T13:26:32+00:00 GET 500 uri="/004/api/codes/500?cs=render&cl=browser-chromium" cs=render cl=browser-chromium wa="-" ra="-" cache=-
1789737992.239 2026-09-18T13:26:32+00:00 GET 503 uri="/004/api/codes/503?cs=render&cl=browser-chromium" cs=render cl=browser-chromium wa="-" ra="3" cache=-
1789737993.237 2026-09-18T13:26:33+00:00 GET 200 uri="/004/api/codes/200?cs=render&cl=browser-firefox" cs=render cl=browser-firefox wa="-" ra="-" cache=-
1789737993.309 2026-09-18T13:26:33+00:00 GET 404 uri="/favicon.ico" cs=- cl=- wa="-" ra="-" cache=-
1789737993.366 2026-09-18T13:26:33+00:00 GET 403 uri="/004/api/codes/403?cs=render&cl=browser-firefox" cs=render cl=browser-firefox wa="-" ra="-" cache=-
1789737993.397 2026-09-18T13:26:33+00:00 GET 404 uri="/004/api/codes/404?cs=render&cl=browser-firefox" cs=render cl=browser-firefox wa="-" ra="-" cache=-
1789737993.441 2026-09-18T13:26:33+00:00 GET 410 uri="/004/api/codes/410?cs=render&cl=browser-firefox" cs=render cl=browser-firefox wa="-" ra="-" cache=-
1789737993.469 2026-09-18T13:26:33+00:00 GET 429 uri="/004/api/codes/429?cs=render&cl=browser-firefox" cs=render cl=browser-firefox wa="-" ra="3" cache=-
1789737993.489 2026-09-18T13:26:33+00:00 GET 500 uri="/004/api/codes/500?cs=render&cl=browser-firefox" cs=render cl=browser-firefox wa="-" ra="-" cache=-
1789737993.511 2026-09-18T13:26:33+00:00 GET 503 uri="/004/api/codes/503?cs=render&cl=browser-firefox" cs=render cl=browser-firefox wa="-" ra="3" cache=-
1789737994.204 2026-09-18T13:26:34+00:00 GET 200 uri="/004/api/codes/200?cs=render&cl=browser-webkit" cs=render cl=browser-webkit wa="-" ra="-" cache=-
1789737994.224 2026-09-18T13:26:34+00:00 GET 403 uri="/004/api/codes/403?cs=render&cl=browser-webkit" cs=render cl=browser-webkit wa="-" ra="-" cache=-
1789737994.239 2026-09-18T13:26:34+00:00 GET 404 uri="/004/api/codes/404?cs=render&cl=browser-webkit" cs=render cl=browser-webkit wa="-" ra="-" cache=-
1789737994.257 2026-09-18T13:26:34+00:00 GET 410 uri="/004/api/codes/410?cs=render&cl=browser-webkit" cs=render cl=browser-webkit wa="-" ra="-" cache=-
1789737994.272 2026-09-18T13:26:34+00:00 GET 429 uri="/004/api/codes/429?cs=render&cl=browser-webkit" cs=render cl=browser-webkit wa="-" ra="3" cache=-
1789737994.287 2026-09-18T13:26:34+00:00 GET 500 uri="/004/api/codes/500?cs=render&cl=browser-webkit" cs=render cl=browser-webkit wa="-" ra="-" cache=-
1789737994.302 2026-09-18T13:26:34+00:00 GET 503 uri="/004/api/codes/503?cs=render&cl=browser-webkit" cs=render cl=browser-webkit wa="-" ra="3" cache=-
1789737994.606 2026-09-18T13:26:34+00:00 GET 200 uri="/004/page/" cs=- cl=- wa="-" ra="-" cache=-
1789737994.617 2026-09-18T13:26:34+00:00 GET 401 uri="/004/api/auth/none?cs=authb&cl=browser-chromium" cs=authb cl=browser-chromium wa="-" ra="-" cache=-
1789737994.619 2026-09-18T13:26:34+00:00 GET 401 uri="/004/api/auth/none?cs=authnav&cl=browser-chromium" cs=authnav cl=browser-chromium wa="-" ra="-" cache=-
1789737994.630 2026-09-18T13:26:34+00:00 GET 401 uri="/004/api/auth/basic?cs=authb&cl=browser-chromium" cs=authb cl=browser-chromium wa="Basic realm=\x22004\x22" ra="-" cache=-
1789737994.633 2026-09-18T13:26:34+00:00 GET 401 uri="/004/api/auth/basic?cs=authnav&cl=browser-chromium" cs=authnav cl=browser-chromium wa="Basic realm=\x22004\x22" ra="-" cache=-
1789737994.640 2026-09-18T13:26:34+00:00 GET 401 uri="/004/api/auth/bearer?cs=authb&cl=browser-chromium" cs=authb cl=browser-chromium wa="Bearer realm=\x22004\x22" ra="-" cache=-
1789737994.645 2026-09-18T13:26:34+00:00 GET 401 uri="/004/api/auth/bearer?cs=authnav&cl=browser-chromium" cs=authnav cl=browser-chromium wa="Bearer realm=\x22004\x22" ra="-" cache=-
1789737994.653 2026-09-18T13:26:34+00:00 GET 403 uri="/004/api/auth/forbidden?cs=authb&cl=browser-chromium" cs=authb cl=browser-chromium wa="-" ra="-" cache=-
1789737994.655 2026-09-18T13:26:34+00:00 GET 403 uri="/004/api/auth/forbidden?cs=authnav&cl=browser-chromium" cs=authnav cl=browser-chromium wa="-" ra="-" cache=-
1789737994.666 2026-09-18T13:26:34+00:00 GET 401 uri="/004/stripped/auth/basic?cs=authb&cl=browser-chromium" cs=authb cl=browser-chromium wa="-" ra="-" cache=-
1789737994.668 2026-09-18T13:26:34+00:00 GET 401 uri="/004/stripped/auth/basic?cs=authnav&cl=browser-chromium" cs=authnav cl=browser-chromium wa="-" ra="-" cache=-
1789737995.741 2026-09-18T13:26:35+00:00 GET 200 uri="/004/page/" cs=- cl=- wa="-" ra="-" cache=-
1789737995.814 2026-09-18T13:26:35+00:00 GET 404 uri="/favicon.ico" cs=- cl=- wa="-" ra="-" cache=-
1789737995.817 2026-09-18T13:26:35+00:00 GET 401 uri="/004/api/auth/none?cs=authb&cl=browser-firefox" cs=authb cl=browser-firefox wa="-" ra="-" cache=-
1789737995.823 2026-09-18T13:26:35+00:00 GET 401 uri="/004/api/auth/none?cs=authnav&cl=browser-firefox" cs=authnav cl=browser-firefox wa="-" ra="-" cache=-
1789737995.884 2026-09-18T13:26:35+00:00 GET 401 uri="/004/api/auth/basic?cs=authb&cl=browser-firefox" cs=authb cl=browser-firefox wa="Basic realm=\x22004\x22" ra="-" cache=-
1789737995.888 2026-09-18T13:26:35+00:00 GET 401 uri="/004/api/auth/basic?cs=authnav&cl=browser-firefox" cs=authnav cl=browser-firefox wa="Basic realm=\x22004\x22" ra="-" cache=-
1789737995.914 2026-09-18T13:26:35+00:00 GET 401 uri="/004/api/auth/bearer?cs=authb&cl=browser-firefox" cs=authb cl=browser-firefox wa="Bearer realm=\x22004\x22" ra="-" cache=-
1789737995.919 2026-09-18T13:26:35+00:00 GET 401 uri="/004/api/auth/bearer?cs=authnav&cl=browser-firefox" cs=authnav cl=browser-firefox wa="Bearer realm=\x22004\x22" ra="-" cache=-
1789737995.933 2026-09-18T13:26:35+00:00 GET 403 uri="/004/api/auth/forbidden?cs=authb&cl=browser-firefox" cs=authb cl=browser-firefox wa="-" ra="-" cache=-
1789737995.938 2026-09-18T13:26:35+00:00 GET 403 uri="/004/api/auth/forbidden?cs=authnav&cl=browser-firefox" cs=authnav cl=browser-firefox wa="-" ra="-" cache=-
1789737995.962 2026-09-18T13:26:35+00:00 GET 401 uri="/004/stripped/auth/basic?cs=authb&cl=browser-firefox" cs=authb cl=browser-firefox wa="-" ra="-" cache=-
1789737995.969 2026-09-18T13:26:35+00:00 GET 401 uri="/004/stripped/auth/basic?cs=authnav&cl=browser-firefox" cs=authnav cl=browser-firefox wa="-" ra="-" cache=-
1789737996.615 2026-09-18T13:26:36+00:00 GET 200 uri="/004/page/" cs=- cl=- wa="-" ra="-" cache=-
1789737996.626 2026-09-18T13:26:36+00:00 GET 401 uri="/004/api/auth/none?cs=authb&cl=browser-webkit" cs=authb cl=browser-webkit wa="-" ra="-" cache=-
1789737996.631 2026-09-18T13:26:36+00:00 GET 401 uri="/004/api/auth/none?cs=authnav&cl=browser-webkit" cs=authnav cl=browser-webkit wa="-" ra="-" cache=-
1789737996.640 2026-09-18T13:26:36+00:00 GET 401 uri="/004/api/auth/basic?cs=authb&cl=browser-webkit" cs=authb cl=browser-webkit wa="Basic realm=\x22004\x22" ra="-" cache=-
1789737996.643 2026-09-18T13:26:36+00:00 GET 401 uri="/004/api/auth/basic?cs=authb&cl=browser-webkit" cs=authb cl=browser-webkit wa="Basic realm=\x22004\x22" ra="-" cache=-
1789737996.646 2026-09-18T13:26:36+00:00 GET 401 uri="/004/api/auth/basic?cs=authnav&cl=browser-webkit" cs=authnav cl=browser-webkit wa="Basic realm=\x22004\x22" ra="-" cache=-
1789737996.650 2026-09-18T13:26:36+00:00 GET 401 uri="/004/api/auth/basic?cs=authnav&cl=browser-webkit" cs=authnav cl=browser-webkit wa="Basic realm=\x22004\x22" ra="-" cache=-
1789737996.657 2026-09-18T13:26:36+00:00 GET 401 uri="/004/api/auth/bearer?cs=authb&cl=browser-webkit" cs=authb cl=browser-webkit wa="Bearer realm=\x22004\x22" ra="-" cache=-
1789737996.663 2026-09-18T13:26:36+00:00 GET 401 uri="/004/api/auth/bearer?cs=authnav&cl=browser-webkit" cs=authnav cl=browser-webkit wa="Bearer realm=\x22004\x22" ra="-" cache=-
1789737996.672 2026-09-18T13:26:36+00:00 GET 403 uri="/004/api/auth/forbidden?cs=authb&cl=browser-webkit" cs=authb cl=browser-webkit wa="-" ra="-" cache=-
1789737996.675 2026-09-18T13:26:36+00:00 GET 403 uri="/004/api/auth/forbidden?cs=authnav&cl=browser-webkit" cs=authnav cl=browser-webkit wa="-" ra="-" cache=-
1789737996.683 2026-09-18T13:26:36+00:00 GET 401 uri="/004/stripped/auth/basic?cs=authb&cl=browser-webkit" cs=authb cl=browser-webkit wa="-" ra="-" cache=-
1789737996.685 2026-09-18T13:26:36+00:00 GET 401 uri="/004/stripped/auth/basic?cs=authnav&cl=browser-webkit" cs=authnav cl=browser-webkit wa="-" ra="-" cache=-
1789738000.943 2026-09-18T13:26:40+00:00 GET 401 uri="/004/api/auth/none?cs=headed&cl=headed-chromium" cs=headed cl=headed-chromium wa="-" ra="-" cache=-
1789738000.987 2026-09-18T13:26:40+00:00 GET 401 uri="/004/api/auth/basic?cs=headed&cl=headed-chromium" cs=headed cl=headed-chromium wa="Basic realm=\x22004\x22" ra="-" cache=-
1789738001.030 2026-09-18T13:26:41+00:00 GET 401 uri="/004/api/auth/bearer?cs=headed&cl=headed-chromium" cs=headed cl=headed-chromium wa="Bearer realm=\x22004\x22" ra="-" cache=-
1789738001.072 2026-09-18T13:26:41+00:00 GET 403 uri="/004/api/auth/forbidden?cs=headed&cl=headed-chromium" cs=headed cl=headed-chromium wa="-" ra="-" cache=-
1789738001.120 2026-09-18T13:26:41+00:00 GET 401 uri="/004/stripped/auth/basic?cs=headed&cl=headed-chromium" cs=headed cl=headed-chromium wa="-" ra="-" cache=-
1789738001.784 2026-09-18T13:26:41+00:00 GET 401 uri="/004/api/auth/none?cs=headed&cl=headed-chromium" cs=headed cl=headed-chromium wa="-" ra="-" cache=-
1789738002.022 2026-09-18T13:26:42+00:00 GET 401 uri="/004/api/auth/basic?cs=headed&cl=headed-chromium" cs=headed cl=headed-chromium wa="Basic realm=\x22004\x22" ra="-" cache=-
1789738002.238 2026-09-18T13:26:42+00:00 GET 401 uri="/004/api/auth/bearer?cs=headed&cl=headed-chromium" cs=headed cl=headed-chromium wa="Bearer realm=\x22004\x22" ra="-" cache=-
1789738002.681 2026-09-18T13:26:42+00:00 GET 403 uri="/004/api/auth/forbidden?cs=headed&cl=headed-chromium" cs=headed cl=headed-chromium wa="-" ra="-" cache=-
1789738002.690 2026-09-18T13:26:42+00:00 GET 404 uri="/favicon.ico" cs=- cl=- wa="-" ra="-" cache=-
1789738002.910 2026-09-18T13:26:42+00:00 GET 401 uri="/004/stripped/auth/basic?cs=headed&cl=headed-chromium" cs=headed cl=headed-chromium wa="-" ra="-" cache=-
1789738002.919 2026-09-18T13:26:42+00:00 GET 404 uri="/favicon.ico" cs=- cl=- wa="-" ra="-" cache=-
1789738004.058 2026-09-18T13:26:44+00:00 GET 401 uri="/004/api/auth/none?cs=headed&cl=headed-firefox" cs=headed cl=headed-firefox wa="-" ra="-" cache=-
1789738004.129 2026-09-18T13:26:44+00:00 GET 404 uri="/favicon.ico" cs=- cl=- wa="-" ra="-" cache=-
1789738004.275 2026-09-18T13:26:44+00:00 GET 401 uri="/004/api/auth/basic?cs=headed&cl=headed-firefox" cs=headed cl=headed-firefox wa="Basic realm=\x22004\x22" ra="-" cache=-
1789738004.291 2026-09-18T13:26:44+00:00 GET 404 uri="/favicon.ico" cs=- cl=- wa="-" ra="-" cache=-
1789738004.404 2026-09-18T13:26:44+00:00 GET 401 uri="/004/api/auth/bearer?cs=headed&cl=headed-firefox" cs=headed cl=headed-firefox wa="Bearer realm=\x22004\x22" ra="-" cache=-
1789738004.419 2026-09-18T13:26:44+00:00 GET 404 uri="/favicon.ico" cs=- cl=- wa="-" ra="-" cache=-
1789738004.529 2026-09-18T13:26:44+00:00 GET 403 uri="/004/api/auth/forbidden?cs=headed&cl=headed-firefox" cs=headed cl=headed-firefox wa="-" ra="-" cache=-
1789738004.536 2026-09-18T13:26:44+00:00 GET 404 uri="/favicon.ico" cs=- cl=- wa="-" ra="-" cache=-
1789738004.794 2026-09-18T13:26:44+00:00 GET 401 uri="/004/stripped/auth/basic?cs=headed&cl=headed-firefox" cs=headed cl=headed-firefox wa="-" ra="-" cache=-
1789738004.801 2026-09-18T13:26:44+00:00 GET 404 uri="/favicon.ico" cs=- cl=- wa="-" ra="-" cache=-
1789738006.189 2026-09-18T13:26:46+00:00 GET 401 uri="/004/api/auth/none?cs=headed&cl=headed-firefox" cs=headed cl=headed-firefox wa="-" ra="-" cache=-
1789738006.271 2026-09-18T13:26:46+00:00 GET 404 uri="/favicon.ico" cs=- cl=- wa="-" ra="-" cache=-
1789738006.553 2026-09-18T13:26:46+00:00 GET 401 uri="/004/api/auth/basic?cs=headed&cl=headed-firefox" cs=headed cl=headed-firefox wa="Basic realm=\x22004\x22" ra="-" cache=-
1789738006.607 2026-09-18T13:26:46+00:00 GET 404 uri="/favicon.ico" cs=- cl=- wa="-" ra="-" cache=-
1789738006.783 2026-09-18T13:26:46+00:00 GET 401 uri="/004/api/auth/bearer?cs=headed&cl=headed-firefox" cs=headed cl=headed-firefox wa="Bearer realm=\x22004\x22" ra="-" cache=-
1789738006.793 2026-09-18T13:26:46+00:00 GET 404 uri="/favicon.ico" cs=- cl=- wa="-" ra="-" cache=-
1789738007.023 2026-09-18T13:26:47+00:00 GET 403 uri="/004/api/auth/forbidden?cs=headed&cl=headed-firefox" cs=headed cl=headed-firefox wa="-" ra="-" cache=-
1789738007.035 2026-09-18T13:26:47+00:00 GET 404 uri="/favicon.ico" cs=- cl=- wa="-" ra="-" cache=-
1789738007.255 2026-09-18T13:26:47+00:00 GET 401 uri="/004/stripped/auth/basic?cs=headed&cl=headed-firefox" cs=headed cl=headed-firefox wa="-" ra="-" cache=-
1789738007.262 2026-09-18T13:26:47+00:00 GET 404 uri="/favicon.ico" cs=- cl=- wa="-" ra="-" cache=-
1789738007.925 2026-09-18T13:26:47+00:00 GET 401 uri="/004/api/auth/none?cs=headed&cl=headed-webkit" cs=headed cl=headed-webkit wa="-" ra="-" cache=-
1789738008.080 2026-09-18T13:26:48+00:00 GET 401 uri="/004/api/auth/basic?cs=headed&cl=headed-webkit" cs=headed cl=headed-webkit wa="Basic realm=\x22004\x22" ra="-" cache=-
1789738008.084 2026-09-18T13:26:48+00:00 GET 401 uri="/004/api/auth/basic?cs=headed&cl=headed-webkit" cs=headed cl=headed-webkit wa="Basic realm=\x22004\x22" ra="-" cache=-
1789738008.234 2026-09-18T13:26:48+00:00 GET 401 uri="/004/api/auth/bearer?cs=headed&cl=headed-webkit" cs=headed cl=headed-webkit wa="Bearer realm=\x22004\x22" ra="-" cache=-
1789738008.380 2026-09-18T13:26:48+00:00 GET 403 uri="/004/api/auth/forbidden?cs=headed&cl=headed-webkit" cs=headed cl=headed-webkit wa="-" ra="-" cache=-
1789738008.530 2026-09-18T13:26:48+00:00 GET 401 uri="/004/stripped/auth/basic?cs=headed&cl=headed-webkit" cs=headed cl=headed-webkit wa="-" ra="-" cache=-
1789738009.130 2026-09-18T13:26:49+00:00 GET 401 uri="/004/api/auth/none?cs=headed&cl=headed-webkit" cs=headed cl=headed-webkit wa="-" ra="-" cache=-
1789738009.410 2026-09-18T13:26:49+00:00 GET 401 uri="/004/api/auth/basic?cs=headed&cl=headed-webkit" cs=headed cl=headed-webkit wa="Basic realm=\x22004\x22" ra="-" cache=-
1789738009.414 2026-09-18T13:26:49+00:00 GET 401 uri="/004/api/auth/basic?cs=headed&cl=headed-webkit" cs=headed cl=headed-webkit wa="Basic realm=\x22004\x22" ra="-" cache=-
1789738009.604 2026-09-18T13:26:49+00:00 GET 401 uri="/004/api/auth/bearer?cs=headed&cl=headed-webkit" cs=headed cl=headed-webkit wa="Bearer realm=\x22004\x22" ra="-" cache=-
1789738009.803 2026-09-18T13:26:49+00:00 GET 403 uri="/004/api/auth/forbidden?cs=headed&cl=headed-webkit" cs=headed cl=headed-webkit wa="-" ra="-" cache=-
1789738010.010 2026-09-18T13:26:50+00:00 GET 401 uri="/004/stripped/auth/basic?cs=headed&cl=headed-webkit" cs=headed cl=headed-webkit wa="-" ra="-" cache=-
1789738010.319 2026-09-18T13:26:50+00:00 GET 200 uri="/004/page/" cs=- cl=- wa="-" ra="-" cache=-
1789738010.329 2026-09-18T13:26:50+00:00 GET 429 uri="/004/api/limited?cs=retryb&cl=browser-retry-chromium&after=0&ra=3" cs=retryb cl=browser-retry-chromium wa="-" ra="3" cache=-
1789738020.328 2026-09-18T13:27:00+00:00 GET 200 uri="/004/page/" cs=- cl=- wa="-" ra="-" cache=-
1789738020.402 2026-09-18T13:27:00+00:00 GET 404 uri="/favicon.ico" cs=- cl=- wa="-" ra="-" cache=-
1789738020.408 2026-09-18T13:27:00+00:00 GET 429 uri="/004/api/limited?cs=retryb&cl=browser-retry-firefox&after=0&ra=3" cs=retryb cl=browser-retry-firefox wa="-" ra="3" cache=-
1789738030.089 2026-09-18T13:27:10+00:00 GET 200 uri="/004/page/" cs=- cl=- wa="-" ra="-" cache=-
1789738030.101 2026-09-18T13:27:10+00:00 GET 429 uri="/004/api/limited?cs=retryb&cl=browser-retry-webkit&after=0&ra=3" cs=retryb cl=browser-retry-webkit wa="-" ra="3" cache=-
1789738051.242 2026-09-18T13:27:31+00:00 GET 401 uri="/004/api/auth/basic?cs=dialog&cl=realchrome-basic" cs=dialog cl=realchrome-basic wa="Basic realm=\x22004\x22" ra="-" cache=-
1789738059.559 2026-09-18T13:27:39+00:00 GET 401 uri="/004/api/auth/bearer?cs=dialog&cl=realchrome-bearer" cs=dialog cl=realchrome-bearer wa="Bearer realm=\x22004\x22" ra="-" cache=-
1789738059.572 2026-09-18T13:27:39+00:00 GET 404 uri="/favicon.ico" cs=- cl=- wa="-" ra="-" cache=-
1789738067.823 2026-09-18T13:27:47+00:00 GET 401 uri="/004/stripped/auth/basic?cs=dialog&cl=realchrome-stripped" cs=dialog cl=realchrome-stripped wa="-" ra="-" cache=-
1789738067.841 2026-09-18T13:27:47+00:00 GET 404 uri="/favicon.ico" cs=- cl=- wa="-" ra="-" cache=-
1789738078.176 2026-09-18T13:27:58+00:00 GET 401 uri="/004/api/auth/basic?cs=dialog&cl=realfirefox-basic" cs=dialog cl=realfirefox-basic wa="Basic realm=\x22004\x22" ra="-" cache=-
1789738099.829 2026-09-18T13:28:19+00:00 GET 401 uri="/004/api/auth/bearer?cs=dialog&cl=realfirefox-bearer" cs=dialog cl=realfirefox-bearer wa="Bearer realm=\x22004\x22" ra="-" cache=-
1789738099.885 2026-09-18T13:28:19+00:00 GET 404 uri="/favicon.ico" cs=- cl=- wa="-" ra="-" cache=-
1789738110.866 2026-09-18T13:28:30+00:00 GET 401 uri="/004/api/auth/basic?cs=dialog&cl=realsafari-basic" cs=dialog cl=realsafari-basic wa="Basic realm=\x22004\x22" ra="-" cache=-
1789738118.190 2026-09-18T13:28:38+00:00 GET 401 uri="/004/api/auth/basic?cs=dialog&cl=realsafari-basic" cs=dialog cl=realsafari-basic wa="Basic realm=\x22004\x22" ra="-" cache=-
1789738118.205 2026-09-18T13:28:38+00:00 GET 404 uri="/favicon.ico" cs=- cl=- wa="-" ra="-" cache=-
1789738120.363 2026-09-18T13:28:40+00:00 GET 401 uri="/004/api/auth/bearer?cs=dialog&cl=realsafari-bearer" cs=dialog cl=realsafari-bearer wa="Bearer realm=\x22004\x22" ra="-" cache=-
