2026-08-10T04:56:22+00:00 "GET /006/asset/app.css?v=immutable&sc=probe HTTP/1.1" status=200 sc=probe v=immutable cs=- br=- rt=- inm="-" ims="-" ccreq="-"
2026-08-10T04:56:22+00:00 "GET /006/asset/app.css?v=plain&sc=probe HTTP/1.1" status=200 sc=probe v=plain cs=- br=- rt=- inm="-" ims="-" ccreq="-"
2026-08-10T04:56:22+00:00 "GET /006/page?asset=/006/asset/app.css&n=1 HTTP/1.1" status=200 sc=- v=- cs=- br=- rt=- inm="-" ims="-" ccreq="-"
2026-08-10T04:57:02+00:00 "GET /006/page?asset=%2F006%2Fasset%2Fapp.css%3Fv%3Dplain%26sc%3Dbfprobe%26cs%3Dchromium-default&cc=no-cache&sc=bfprobe&cs=chromium-default&n=1 HTTP/1.1" status=200 sc=bfprobe v=- cs=chromium-default br=- rt=- inm="-" ims="-" ccreq="-"
2026-08-10T04:57:02+00:00 "GET /006/asset/app.css?v=plain&sc=bfprobe&cs=chromium-default HTTP/1.1" status=200 sc=bfprobe v=plain cs=chromium-default br=- rt=- inm="-" ims="-" ccreq="-"
2026-08-10T04:57:02+00:00 "GET /006/page?asset=%2F006%2Fasset%2Fapp.css%3Fv%3Dplain%26sc%3Dbfprobe%26cs%3Dchromium-default&cc=no-cache&sc=bfprobe&cs=chromium-default&n=2 HTTP/1.1" status=200 sc=bfprobe v=- cs=chromium-default br=- rt=- inm="-" ims="-" ccreq="-"
2026-08-10T04:57:03+00:00 "GET /006/page?asset=%2F006%2Fasset%2Fapp.css%3Fv%3Dplain%26sc%3Dbfprobe%26cs%3Dchromium-bfcache-on&cc=no-cache&sc=bfprobe&cs=chromium-bfcache-on&n=1 HTTP/1.1" status=200 sc=bfprobe v=- cs=chromium-bfcache-on br=- rt=- inm="-" ims="-" ccreq="-"
2026-08-10T04:57:03+00:00 "GET /006/asset/app.css?v=plain&sc=bfprobe&cs=chromium-bfcache-on HTTP/1.1" status=200 sc=bfprobe v=plain cs=chromium-bfcache-on br=- rt=- inm="-" ims="-" ccreq="-"
2026-08-10T04:57:03+00:00 "GET /006/page?asset=%2F006%2Fasset%2Fapp.css%3Fv%3Dplain%26sc%3Dbfprobe%26cs%3Dchromium-bfcache-on&cc=no-cache&sc=bfprobe&cs=chromium-bfcache-on&n=2 HTTP/1.1" status=200 sc=bfprobe v=- cs=chromium-bfcache-on br=- rt=- inm="-" ims="-" ccreq="-"
2026-08-10T04:57:05+00:00 "GET /006/page?asset=%2F006%2Fasset%2Fapp.css%3Fv%3Dplain%26sc%3Dbfprobe%26cs%3Dfirefox-default&cc=no-cache&sc=bfprobe&cs=firefox-default&n=1 HTTP/1.1" status=200 sc=bfprobe v=- cs=firefox-default br=- rt=- inm="-" ims="-" ccreq="-"
2026-08-10T04:57:05+00:00 "GET /006/asset/app.css?v=plain&sc=bfprobe&cs=firefox-default HTTP/1.1" status=200 sc=bfprobe v=plain cs=firefox-default br=- rt=- inm="-" ims="-" ccreq="-"
2026-08-10T04:57:05+00:00 "GET /006/page?asset=%2F006%2Fasset%2Fapp.css%3Fv%3Dplain%26sc%3Dbfprobe%26cs%3Dfirefox-default&cc=no-cache&sc=bfprobe&cs=firefox-default&n=2 HTTP/1.1" status=200 sc=bfprobe v=- cs=firefox-default br=- rt=- inm="-" ims="-" ccreq="-"
2026-08-10T04:57:07+00:00 "GET /006/page?asset=%2F006%2Fasset%2Fapp.css%3Fv%3Dplain%26sc%3Dbfprobe%26cs%3Dfirefox-bfcache-on&cc=no-cache&sc=bfprobe&cs=firefox-bfcache-on&n=1 HTTP/1.1" status=200 sc=bfprobe v=- cs=firefox-bfcache-on br=- rt=- inm="-" ims="-" ccreq="-"
2026-08-10T04:57:07+00:00 "GET /006/asset/app.css?v=plain&sc=bfprobe&cs=firefox-bfcache-on HTTP/1.1" status=200 sc=bfprobe v=plain cs=firefox-bfcache-on br=- rt=- inm="-" ims="-" ccreq="-"
2026-08-10T04:57:07+00:00 "GET /006/page?asset=%2F006%2Fasset%2Fapp.css%3Fv%3Dplain%26sc%3Dbfprobe%26cs%3Dfirefox-bfcache-on&cc=no-cache&sc=bfprobe&cs=firefox-bfcache-on&n=2 HTTP/1.1" status=200 sc=bfprobe v=- cs=firefox-bfcache-on br=- rt=- inm="-" ims="-" ccreq="-"
2026-08-10T04:57:09+00:00 "GET /006/page?asset=%2F006%2Fasset%2Fapp.css%3Fv%3Dplain%26sc%3Dbfprobe%26cs%3Dwebkit-default&cc=no-cache&sc=bfprobe&cs=webkit-default&n=1 HTTP/1.1" status=200 sc=bfprobe v=- cs=webkit-default br=- rt=- inm="-" ims="-" ccreq="-"
2026-08-10T04:57:09+00:00 "GET /006/asset/app.css?v=plain&sc=bfprobe&cs=webkit-default HTTP/1.1" status=200 sc=bfprobe v=plain cs=webkit-default br=- rt=- inm="-" ims="-" ccreq="-"
2026-08-10T04:57:09+00:00 "GET /006/page?asset=%2F006%2Fasset%2Fapp.css%3Fv%3Dplain%26sc%3Dbfprobe%26cs%3Dwebkit-default&cc=no-cache&sc=bfprobe&cs=webkit-default&n=2 HTTP/1.1" status=200 sc=bfprobe v=- cs=webkit-default br=- rt=- inm="-" ims="-" ccreq="-"
2026-08-10T04:58:26+00:00 "GET /006/page?asset=%2F006%2Fasset%2Fapp.css%3Fv%3Dplain%26sc%3Dbfreason&cc=no-cache&sc=bfreason&n=1 HTTP/1.1" status=200 sc=bfreason v=- cs=- br=- rt=- inm="-" ims="-" ccreq="-"
2026-08-10T04:58:26+00:00 "GET /006/asset/app.css?v=plain&sc=bfreason HTTP/1.1" status=200 sc=bfreason v=plain cs=- br=- rt=- inm="-" ims="-" ccreq="-"
2026-08-10T04:58:26+00:00 "GET /006/page?asset=%2F006%2Fasset%2Fapp.css%3Fv%3Dplain%26sc%3Dbfreason&cc=no-cache&sc=bfreason&n=2 HTTP/1.1" status=200 sc=bfreason v=- cs=- br=- rt=- inm="-" ims="-" ccreq="-"
2026-08-10T04:58:29+00:00 "GET /006/page?asset=%2F006%2Fasset%2Fapp.css%3Fv%3Dplain%26sc%3Dbfreason&cc=no-cache&sc=bfreason&n=1 HTTP/1.1" status=200 sc=bfreason v=- cs=- br=- rt=- inm="-" ims="-" ccreq="-"
2026-08-10T04:58:29+00:00 "GET /006/asset/app.css?v=plain&sc=bfreason HTTP/1.1" status=200 sc=bfreason v=plain cs=- br=- rt=- inm="-" ims="-" ccreq="-"
2026-08-10T04:58:29+00:00 "GET /006/page?asset=%2F006%2Fasset%2Fapp.css%3Fv%3Dplain%26sc%3Dbfreason&cc=no-cache&sc=bfreason&n=2 HTTP/1.1" status=200 sc=bfreason v=- cs=- br=- rt=- inm="-" ims="-" ccreq="-"
2026-08-10T04:59:21+00:00 "GET /006/page?asset=%2F006%2Fasset%2Fapp.css%3Fv%3Dplain%26sc%3Dbfmcp&cc=no-cache&sc=bfmcp&n=1 HTTP/1.1" status=200 sc=bfmcp v=- cs=- br=- rt=- inm="-" ims="-" ccreq="-"
2026-08-10T04:59:21+00:00 "GET /006/asset/app.css?v=plain&sc=bfmcp HTTP/1.1" status=200 sc=bfmcp v=plain cs=- br=- rt=- inm="-" ims="-" ccreq="-"
2026-08-10T04:59:26+00:00 "GET /006/page?asset=%2F006%2Fasset%2Fapp.css%3Fv%3Dplain%26sc%3Dbfmcp&cc=no-cache&sc=bfmcp&n=2 HTTP/1.1" status=200 sc=bfmcp v=- cs=- br=- rt=- inm="-" ims="-" ccreq="-"
2026-08-10T05:07:54+00:00 "GET /006/page?asset=%2F006%2Fasset%2Fapp.css%3Fv%3Dplain%26sc%3D006%26cs%3Dchromium-http-plain-nav%26br%3Dchromium%26rt%3Dnav&cc=no-store&sc=006&cs=chromium-http-plain-nav&n=1 HTTP/1.1" status=200 sc=006 v=- cs=chromium-http-plain-nav br=- rt=- inm="-" ims="-" ccreq="-"
2026-08-10T05:07:54+00:00 "GET /006/asset/app.css?v=plain&sc=006&cs=chromium-http-plain-nav&br=chromium&rt=nav HTTP/1.1" status=200 sc=006 v=plain cs=chromium-http-plain-nav br=chromium rt=nav inm="-" ims="-" ccreq="-"
2026-08-10T05:07:55+00:00 "GET /006/page?asset=%2F006%2Fasset%2Fapp.css%3Fv%3Dplain%26sc%3D006%26cs%3Dchromium-http-plain-nav%26br%3Dchromium%26rt%3Dnav&cc=no-store&sc=006&cs=chromium-http-plain-nav&n=2 HTTP/1.1" status=200 sc=006 v=- cs=chromium-http-plain-nav br=- rt=- inm="-" ims="-" ccreq="-"
2026-08-10T05:07:56+00:00 "GET /006/page?asset=%2F006%2Fasset%2Fapp.css%3Fv%3Dnostore%26sc%3D006%26cs%3Dchromium-http-nostore-nav%26br%3Dchromium%26rt%3Dnav&cc=no-store&sc=006&cs=chromium-http-nostore-nav&n=1 HTTP/1.1" status=200 sc=006 v=- cs=chromium-http-nostore-nav br=- rt=- inm="-" ims="-" ccreq="-"
2026-08-10T05:07:56+00:00 "GET /006/asset/app.css?v=nostore&sc=006&cs=chromium-http-nostore-nav&br=chromium&rt=nav HTTP/1.1" status=200 sc=006 v=nostore cs=chromium-http-nostore-nav br=chromium rt=nav inm="-" ims="-" ccreq="-"
2026-08-10T05:07:56+00:00 "GET /006/page?asset=%2F006%2Fasset%2Fapp.css%3Fv%3Dnostore%26sc%3D006%26cs%3Dchromium-http-nostore-nav%26br%3Dchromium%26rt%3Dnav&cc=no-store&sc=006&cs=chromium-http-nostore-nav&n=2 HTTP/1.1" status=200 sc=006 v=- cs=chromium-http-nostore-nav br=- rt=- inm="-" ims="-" ccreq="-"
2026-08-10T05:07:56+00:00 "GET /006/asset/app.css?v=nostore&sc=006&cs=chromium-http-nostore-nav&br=chromium&rt=nav HTTP/1.1" status=200 sc=006 v=nostore cs=chromium-http-nostore-nav br=chromium rt=nav inm="-" ims="-" ccreq="-"
2026-08-10T05:07:57+00:00 "GET /006/page?asset=%2F006%2Fasset%2Fapp.css%3Fv%3Dplain%26sc%3D006%26cs%3Dchromium-https-plain-nav%26br%3Dchromium%26rt%3Dnav&cc=no-store&sc=006&cs=chromium-https-plain-nav&n=1 HTTP/1.1" status=200 sc=006 v=- cs=chromium-https-plain-nav br=- rt=- inm="-" ims="-" ccreq="-"
2026-08-10T05:07:57+00:00 "GET /006/asset/app.css?v=plain&sc=006&cs=chromium-https-plain-nav&br=chromium&rt=nav HTTP/1.1" status=200 sc=006 v=plain cs=chromium-https-plain-nav br=chromium rt=nav inm="-" ims="-" ccreq="-"
2026-08-10T05:07:58+00:00 "GET /006/page?asset=%2F006%2Fasset%2Fapp.css%3Fv%3Dplain%26sc%3D006%26cs%3Dchromium-https-plain-nav%26br%3Dchromium%26rt%3Dnav&cc=no-store&sc=006&cs=chromium-https-plain-nav&n=2 HTTP/1.1" status=200 sc=006 v=- cs=chromium-https-plain-nav br=- rt=- inm="-" ims="-" ccreq="-"
2026-08-10T05:07:59+00:00 "GET /006/page?asset=%2F006%2Fasset%2Fapp.css%3Fv%3Dnostore%26sc%3D006%26cs%3Dchromium-https-nostore-nav%26br%3Dchromium%26rt%3Dnav&cc=no-store&sc=006&cs=chromium-https-nostore-nav&n=1 HTTP/1.1" status=200 sc=006 v=- cs=chromium-https-nostore-nav br=- rt=- inm="-" ims="-" ccreq="-"
2026-08-10T05:07:59+00:00 "GET /006/asset/app.css?v=nostore&sc=006&cs=chromium-https-nostore-nav&br=chromium&rt=nav HTTP/1.1" status=200 sc=006 v=nostore cs=chromium-https-nostore-nav br=chromium rt=nav inm="-" ims="-" ccreq="-"
2026-08-10T05:08:00+00:00 "GET /006/page?asset=%2F006%2Fasset%2Fapp.css%3Fv%3Dnostore%26sc%3D006%26cs%3Dchromium-https-nostore-nav%26br%3Dchromium%26rt%3Dnav&cc=no-store&sc=006&cs=chromium-https-nostore-nav&n=2 HTTP/1.1" status=200 sc=006 v=- cs=chromium-https-nostore-nav br=- rt=- inm="-" ims="-" ccreq="-"
2026-08-10T05:08:00+00:00 "GET /006/asset/app.css?v=nostore&sc=006&cs=chromium-https-nostore-nav&br=chromium&rt=nav HTTP/1.1" status=200 sc=006 v=nostore cs=chromium-https-nostore-nav br=chromium rt=nav inm="-" ims="-" ccreq="-"
2026-08-10T05:08:01+00:00 "GET /006/page?asset=%2F006%2Fasset%2Fapp.css%3Fv%3Dplain%26sc%3D006%26cs%3Dchromium-http-plain-nav%26br%3Dchromium%26rt%3Dnav&cc=no-store&sc=006&cs=chromium-http-plain-nav&n=1 HTTP/1.1" status=200 sc=006 v=- cs=chromium-http-plain-nav br=- rt=- inm="-" ims="-" ccreq="-"
2026-08-10T05:08:01+00:00 "GET /006/asset/app.css?v=plain&sc=006&cs=chromium-http-plain-nav&br=chromium&rt=nav HTTP/1.1" status=200 sc=006 v=plain cs=chromium-http-plain-nav br=chromium rt=nav inm="-" ims="-" ccreq="-"
2026-08-10T05:08:02+00:00 "GET /006/page?asset=%2F006%2Fasset%2Fapp.css%3Fv%3Dplain%26sc%3D006%26cs%3Dchromium-http-plain-nav%26br%3Dchromium%26rt%3Dnav&cc=no-store&sc=006&cs=chromium-http-plain-nav&n=2 HTTP/1.1" status=200 sc=006 v=- cs=chromium-http-plain-nav br=- rt=- inm="-" ims="-" ccreq="-"
2026-08-10T05:08:03+00:00 "GET /006/page?asset=%2F006%2Fasset%2Fapp.css%3Fv%3Dplain%26sc%3D006%26cs%3Dchromium-http-plain-reload%26br%3Dchromium%26rt%3Dreload&cc=no-store&sc=006&cs=chromium-http-plain-reload&n=1 HTTP/1.1" status=200 sc=006 v=- cs=chromium-http-plain-reload br=- rt=- inm="-" ims="-" ccreq="-"
2026-08-10T05:08:03+00:00 "GET /006/asset/app.css?v=plain&sc=006&cs=chromium-http-plain-reload&br=chromium&rt=reload HTTP/1.1" status=200 sc=006 v=plain cs=chromium-http-plain-reload br=chromium rt=reload inm="-" ims="-" ccreq="-"
2026-08-10T05:08:04+00:00 "GET /006/page?asset=%2F006%2Fasset%2Fapp.css%3Fv%3Dplain%26sc%3D006%26cs%3Dchromium-http-plain-reload%26br%3Dchromium%26rt%3Dreload&cc=no-store&sc=006&cs=chromium-http-plain-reload&n=1 HTTP/1.1" status=200 sc=006 v=- cs=chromium-http-plain-reload br=- rt=- inm="-" ims="-" ccreq="max-age=0"
2026-08-10T05:08:05+00:00 "GET /006/page?asset=%2F006%2Fasset%2Fapp.css%3Fv%3Dimmutable%26sc%3D006%26cs%3Dchromium-http-immutable-nav%26br%3Dchromium%26rt%3Dnav&cc=no-store&sc=006&cs=chromium-http-immutable-nav&n=1 HTTP/1.1" status=200 sc=006 v=- cs=chromium-http-immutable-nav br=- rt=- inm="-" ims="-" ccreq="-"
2026-08-10T05:08:05+00:00 "GET /006/asset/app.css?v=immutable&sc=006&cs=chromium-http-immutable-nav&br=chromium&rt=nav HTTP/1.1" status=200 sc=006 v=immutable cs=chromium-http-immutable-nav br=chromium rt=nav inm="-" ims="-" ccreq="-"
2026-08-10T05:08:05+00:00 "GET /006/page?asset=%2F006%2Fasset%2Fapp.css%3Fv%3Dimmutable%26sc%3D006%26cs%3Dchromium-http-immutable-nav%26br%3Dchromium%26rt%3Dnav&cc=no-store&sc=006&cs=chromium-http-immutable-nav&n=2 HTTP/1.1" status=200 sc=006 v=- cs=chromium-http-immutable-nav br=- rt=- inm="-" ims="-" ccreq="-"
2026-08-10T05:08:06+00:00 "GET /006/page?asset=%2F006%2Fasset%2Fapp.css%3Fv%3Dimmutable%26sc%3D006%26cs%3Dchromium-http-immutable-reload%26br%3Dchromium%26rt%3Dreload&cc=no-store&sc=006&cs=chromium-http-immutable-reload&n=1 HTTP/1.1" status=200 sc=006 v=- cs=chromium-http-immutable-reload br=- rt=- inm="-" ims="-" ccreq="-"
2026-08-10T05:08:06+00:00 "GET /006/asset/app.css?v=immutable&sc=006&cs=chromium-http-immutable-reload&br=chromium&rt=reload HTTP/1.1" status=200 sc=006 v=immutable cs=chromium-http-immutable-reload br=chromium rt=reload inm="-" ims="-" ccreq="-"
2026-08-10T05:08:07+00:00 "GET /006/page?asset=%2F006%2Fasset%2Fapp.css%3Fv%3Dimmutable%26sc%3D006%26cs%3Dchromium-http-immutable-reload%26br%3Dchromium%26rt%3Dreload&cc=no-store&sc=006&cs=chromium-http-immutable-reload&n=1 HTTP/1.1" status=200 sc=006 v=- cs=chromium-http-immutable-reload br=- rt=- inm="-" ims="-" ccreq="max-age=0"
2026-08-10T05:08:08+00:00 "GET /006/page?asset=%2F006%2Fasset%2Fapp.css%3Fv%3Dplain%26sc%3D006%26cs%3Dchromium-https-plain-nav%26br%3Dchromium%26rt%3Dnav&cc=no-store&sc=006&cs=chromium-https-plain-nav&n=1 HTTP/1.1" status=200 sc=006 v=- cs=chromium-https-plain-nav br=- rt=- inm="-" ims="-" ccreq="-"
2026-08-10T05:08:08+00:00 "GET /006/asset/app.css?v=plain&sc=006&cs=chromium-https-plain-nav&br=chromium&rt=nav HTTP/1.1" status=200 sc=006 v=plain cs=chromium-https-plain-nav br=chromium rt=nav inm="-" ims="-" ccreq="-"
2026-08-10T05:08:09+00:00 "GET /006/page?asset=%2F006%2Fasset%2Fapp.css%3Fv%3Dplain%26sc%3D006%26cs%3Dchromium-https-plain-nav%26br%3Dchromium%26rt%3Dnav&cc=no-store&sc=006&cs=chromium-https-plain-nav&n=2 HTTP/1.1" status=200 sc=006 v=- cs=chromium-https-plain-nav br=- rt=- inm="-" ims="-" ccreq="-"
2026-08-10T05:08:10+00:00 "GET /006/page?asset=%2F006%2Fasset%2Fapp.css%3Fv%3Dplain%26sc%3D006%26cs%3Dchromium-https-plain-reload%26br%3Dchromium%26rt%3Dreload&cc=no-store&sc=006&cs=chromium-https-plain-reload&n=1 HTTP/1.1" status=200 sc=006 v=- cs=chromium-https-plain-reload br=- rt=- inm="-" ims="-" ccreq="-"
2026-08-10T05:08:10+00:00 "GET /006/asset/app.css?v=plain&sc=006&cs=chromium-https-plain-reload&br=chromium&rt=reload HTTP/1.1" status=200 sc=006 v=plain cs=chromium-https-plain-reload br=chromium rt=reload inm="-" ims="-" ccreq="-"
2026-08-10T05:08:11+00:00 "GET /006/page?asset=%2F006%2Fasset%2Fapp.css%3Fv%3Dplain%26sc%3D006%26cs%3Dchromium-https-plain-reload%26br%3Dchromium%26rt%3Dreload&cc=no-store&sc=006&cs=chromium-https-plain-reload&n=1 HTTP/1.1" status=200 sc=006 v=- cs=chromium-https-plain-reload br=- rt=- inm="-" ims="-" ccreq="max-age=0"
2026-08-10T05:08:12+00:00 "GET /006/page?asset=%2F006%2Fasset%2Fapp.css%3Fv%3Dimmutable%26sc%3D006%26cs%3Dchromium-https-immutable-nav%26br%3Dchromium%26rt%3Dnav&cc=no-store&sc=006&cs=chromium-https-immutable-nav&n=1 HTTP/1.1" status=200 sc=006 v=- cs=chromium-https-immutable-nav br=- rt=- inm="-" ims="-" ccreq="-"
2026-08-10T05:08:12+00:00 "GET /006/asset/app.css?v=immutable&sc=006&cs=chromium-https-immutable-nav&br=chromium&rt=nav HTTP/1.1" status=200 sc=006 v=immutable cs=chromium-https-immutable-nav br=chromium rt=nav inm="-" ims="-" ccreq="-"
2026-08-10T05:08:13+00:00 "GET /006/page?asset=%2F006%2Fasset%2Fapp.css%3Fv%3Dimmutable%26sc%3D006%26cs%3Dchromium-https-immutable-nav%26br%3Dchromium%26rt%3Dnav&cc=no-store&sc=006&cs=chromium-https-immutable-nav&n=2 HTTP/1.1" status=200 sc=006 v=- cs=chromium-https-immutable-nav br=- rt=- inm="-" ims="-" ccreq="-"
2026-08-10T05:08:14+00:00 "GET /006/page?asset=%2F006%2Fasset%2Fapp.css%3Fv%3Dimmutable%26sc%3D006%26cs%3Dchromium-https-immutable-reload%26br%3Dchromium%26rt%3Dreload&cc=no-store&sc=006&cs=chromium-https-immutable-reload&n=1 HTTP/1.1" status=200 sc=006 v=- cs=chromium-https-immutable-reload br=- rt=- inm="-" ims="-" ccreq="-"
2026-08-10T05:08:14+00:00 "GET /006/asset/app.css?v=immutable&sc=006&cs=chromium-https-immutable-reload&br=chromium&rt=reload HTTP/1.1" status=200 sc=006 v=immutable cs=chromium-https-immutable-reload br=chromium rt=reload inm="-" ims="-" ccreq="-"
2026-08-10T05:08:14+00:00 "GET /006/page?asset=%2F006%2Fasset%2Fapp.css%3Fv%3Dimmutable%26sc%3D006%26cs%3Dchromium-https-immutable-reload%26br%3Dchromium%26rt%3Dreload&cc=no-store&sc=006&cs=chromium-https-immutable-reload&n=1 HTTP/1.1" status=200 sc=006 v=- cs=chromium-https-immutable-reload br=- rt=- inm="-" ims="-" ccreq="max-age=0"
2026-08-10T05:08:26+00:00 "GET /006/page?asset=%2F006%2Fasset%2Fapp.css%3Fv%3Dplain%26sc%3D006%26cs%3Dfirefox-http-plain-nav%26br%3Dfirefox%26rt%3Dnav&cc=no-store&sc=006&cs=firefox-http-plain-nav&n=1 HTTP/1.1" status=200 sc=006 v=- cs=firefox-http-plain-nav br=- rt=- inm="-" ims="-" ccreq="-"
2026-08-10T05:08:26+00:00 "GET /006/asset/app.css?v=plain&sc=006&cs=firefox-http-plain-nav&br=firefox&rt=nav HTTP/1.1" status=200 sc=006 v=plain cs=firefox-http-plain-nav br=firefox rt=nav inm="-" ims="-" ccreq="-"
2026-08-10T05:08:27+00:00 "GET /006/page?asset=%2F006%2Fasset%2Fapp.css%3Fv%3Dplain%26sc%3D006%26cs%3Dfirefox-http-plain-nav%26br%3Dfirefox%26rt%3Dnav&cc=no-store&sc=006&cs=firefox-http-plain-nav&n=2 HTTP/1.1" status=200 sc=006 v=- cs=firefox-http-plain-nav br=- rt=- inm="-" ims="-" ccreq="-"
2026-08-10T05:08:29+00:00 "GET /006/page?asset=%2F006%2Fasset%2Fapp.css%3Fv%3Dnostore%26sc%3D006%26cs%3Dfirefox-http-nostore-nav%26br%3Dfirefox%26rt%3Dnav&cc=no-store&sc=006&cs=firefox-http-nostore-nav&n=1 HTTP/1.1" status=200 sc=006 v=- cs=firefox-http-nostore-nav br=- rt=- inm="-" ims="-" ccreq="-"
2026-08-10T05:08:29+00:00 "GET /006/asset/app.css?v=nostore&sc=006&cs=firefox-http-nostore-nav&br=firefox&rt=nav HTTP/1.1" status=200 sc=006 v=nostore cs=firefox-http-nostore-nav br=firefox rt=nav inm="-" ims="-" ccreq="-"
2026-08-10T05:08:30+00:00 "GET /006/page?asset=%2F006%2Fasset%2Fapp.css%3Fv%3Dnostore%26sc%3D006%26cs%3Dfirefox-http-nostore-nav%26br%3Dfirefox%26rt%3Dnav&cc=no-store&sc=006&cs=firefox-http-nostore-nav&n=2 HTTP/1.1" status=200 sc=006 v=- cs=firefox-http-nostore-nav br=- rt=- inm="-" ims="-" ccreq="-"
2026-08-10T05:08:30+00:00 "GET /006/asset/app.css?v=nostore&sc=006&cs=firefox-http-nostore-nav&br=firefox&rt=nav HTTP/1.1" status=200 sc=006 v=nostore cs=firefox-http-nostore-nav br=firefox rt=nav inm="-" ims="-" ccreq="-"
2026-08-10T05:08:32+00:00 "GET /006/page?asset=%2F006%2Fasset%2Fapp.css%3Fv%3Dplain%26sc%3D006%26cs%3Dfirefox-https-plain-nav%26br%3Dfirefox%26rt%3Dnav&cc=no-store&sc=006&cs=firefox-https-plain-nav&n=1 HTTP/1.1" status=200 sc=006 v=- cs=firefox-https-plain-nav br=- rt=- inm="-" ims="-" ccreq="-"
2026-08-10T05:08:32+00:00 "GET /006/asset/app.css?v=plain&sc=006&cs=firefox-https-plain-nav&br=firefox&rt=nav HTTP/1.1" status=200 sc=006 v=plain cs=firefox-https-plain-nav br=firefox rt=nav inm="-" ims="-" ccreq="-"
2026-08-10T05:08:32+00:00 "GET /006/page?asset=%2F006%2Fasset%2Fapp.css%3Fv%3Dplain%26sc%3D006%26cs%3Dfirefox-https-plain-nav%26br%3Dfirefox%26rt%3Dnav&cc=no-store&sc=006&cs=firefox-https-plain-nav&n=2 HTTP/1.1" status=200 sc=006 v=- cs=firefox-https-plain-nav br=- rt=- inm="-" ims="-" ccreq="-"
2026-08-10T05:08:34+00:00 "GET /006/page?asset=%2F006%2Fasset%2Fapp.css%3Fv%3Dnostore%26sc%3D006%26cs%3Dfirefox-https-nostore-nav%26br%3Dfirefox%26rt%3Dnav&cc=no-store&sc=006&cs=firefox-https-nostore-nav&n=1 HTTP/1.1" status=200 sc=006 v=- cs=firefox-https-nostore-nav br=- rt=- inm="-" ims="-" ccreq="-"
2026-08-10T05:08:34+00:00 "GET /006/asset/app.css?v=nostore&sc=006&cs=firefox-https-nostore-nav&br=firefox&rt=nav HTTP/1.1" status=200 sc=006 v=nostore cs=firefox-https-nostore-nav br=firefox rt=nav inm="-" ims="-" ccreq="-"
2026-08-10T05:08:35+00:00 "GET /006/page?asset=%2F006%2Fasset%2Fapp.css%3Fv%3Dnostore%26sc%3D006%26cs%3Dfirefox-https-nostore-nav%26br%3Dfirefox%26rt%3Dnav&cc=no-store&sc=006&cs=firefox-https-nostore-nav&n=2 HTTP/1.1" status=200 sc=006 v=- cs=firefox-https-nostore-nav br=- rt=- inm="-" ims="-" ccreq="-"
2026-08-10T05:08:35+00:00 "GET /006/asset/app.css?v=nostore&sc=006&cs=firefox-https-nostore-nav&br=firefox&rt=nav HTTP/1.1" status=200 sc=006 v=nostore cs=firefox-https-nostore-nav br=firefox rt=nav inm="-" ims="-" ccreq="-"
2026-08-10T05:08:37+00:00 "GET /006/page?asset=%2F006%2Fasset%2Fapp.css%3Fv%3Dplain%26sc%3D006%26cs%3Dfirefox-http-plain-nav%26br%3Dfirefox%26rt%3Dnav&cc=no-store&sc=006&cs=firefox-http-plain-nav&n=1 HTTP/1.1" status=200 sc=006 v=- cs=firefox-http-plain-nav br=- rt=- inm="-" ims="-" ccreq="-"
2026-08-10T05:08:37+00:00 "GET /006/asset/app.css?v=plain&sc=006&cs=firefox-http-plain-nav&br=firefox&rt=nav HTTP/1.1" status=200 sc=006 v=plain cs=firefox-http-plain-nav br=firefox rt=nav inm="-" ims="-" ccreq="-"
2026-08-10T05:08:38+00:00 "GET /006/page?asset=%2F006%2Fasset%2Fapp.css%3Fv%3Dplain%26sc%3D006%26cs%3Dfirefox-http-plain-nav%26br%3Dfirefox%26rt%3Dnav&cc=no-store&sc=006&cs=firefox-http-plain-nav&n=2 HTTP/1.1" status=200 sc=006 v=- cs=firefox-http-plain-nav br=- rt=- inm="-" ims="-" ccreq="-"
2026-08-10T05:08:40+00:00 "GET /006/page?asset=%2F006%2Fasset%2Fapp.css%3Fv%3Dplain%26sc%3D006%26cs%3Dfirefox-http-plain-reload%26br%3Dfirefox%26rt%3Dreload&cc=no-store&sc=006&cs=firefox-http-plain-reload&n=1 HTTP/1.1" status=200 sc=006 v=- cs=firefox-http-plain-reload br=- rt=- inm="-" ims="-" ccreq="-"
2026-08-10T05:08:40+00:00 "GET /006/asset/app.css?v=plain&sc=006&cs=firefox-http-plain-reload&br=firefox&rt=reload HTTP/1.1" status=200 sc=006 v=plain cs=firefox-http-plain-reload br=firefox rt=reload inm="-" ims="-" ccreq="-"
2026-08-10T05:08:41+00:00 "GET /006/page?asset=%2F006%2Fasset%2Fapp.css%3Fv%3Dplain%26sc%3D006%26cs%3Dfirefox-http-plain-reload%26br%3Dfirefox%26rt%3Dreload&cc=no-store&sc=006&cs=firefox-http-plain-reload&n=1 HTTP/1.1" status=200 sc=006 v=- cs=firefox-http-plain-reload br=- rt=- inm="-" ims="-" ccreq="-"
2026-08-10T05:08:43+00:00 "GET /006/page?asset=%2F006%2Fasset%2Fapp.css%3Fv%3Dimmutable%26sc%3D006%26cs%3Dfirefox-http-immutable-nav%26br%3Dfirefox%26rt%3Dnav&cc=no-store&sc=006&cs=firefox-http-immutable-nav&n=1 HTTP/1.1" status=200 sc=006 v=- cs=firefox-http-immutable-nav br=- rt=- inm="-" ims="-" ccreq="-"
2026-08-10T05:08:43+00:00 "GET /006/asset/app.css?v=immutable&sc=006&cs=firefox-http-immutable-nav&br=firefox&rt=nav HTTP/1.1" status=200 sc=006 v=immutable cs=firefox-http-immutable-nav br=firefox rt=nav inm="-" ims="-" ccreq="-"
2026-08-10T05:08:44+00:00 "GET /006/page?asset=%2F006%2Fasset%2Fapp.css%3Fv%3Dimmutable%26sc%3D006%26cs%3Dfirefox-http-immutable-nav%26br%3Dfirefox%26rt%3Dnav&cc=no-store&sc=006&cs=firefox-http-immutable-nav&n=2 HTTP/1.1" status=200 sc=006 v=- cs=firefox-http-immutable-nav br=- rt=- inm="-" ims="-" ccreq="-"
2026-08-10T05:08:46+00:00 "GET /006/page?asset=%2F006%2Fasset%2Fapp.css%3Fv%3Dimmutable%26sc%3D006%26cs%3Dfirefox-http-immutable-reload%26br%3Dfirefox%26rt%3Dreload&cc=no-store&sc=006&cs=firefox-http-immutable-reload&n=1 HTTP/1.1" status=200 sc=006 v=- cs=firefox-http-immutable-reload br=- rt=- inm="-" ims="-" ccreq="-"
2026-08-10T05:08:46+00:00 "GET /006/asset/app.css?v=immutable&sc=006&cs=firefox-http-immutable-reload&br=firefox&rt=reload HTTP/1.1" status=200 sc=006 v=immutable cs=firefox-http-immutable-reload br=firefox rt=reload inm="-" ims="-" ccreq="-"
2026-08-10T05:08:47+00:00 "GET /006/page?asset=%2F006%2Fasset%2Fapp.css%3Fv%3Dimmutable%26sc%3D006%26cs%3Dfirefox-http-immutable-reload%26br%3Dfirefox%26rt%3Dreload&cc=no-store&sc=006&cs=firefox-http-immutable-reload&n=1 HTTP/1.1" status=200 sc=006 v=- cs=firefox-http-immutable-reload br=- rt=- inm="-" ims="-" ccreq="-"
2026-08-10T05:08:49+00:00 "GET /006/page?asset=%2F006%2Fasset%2Fapp.css%3Fv%3Dplain%26sc%3D006%26cs%3Dfirefox-https-plain-nav%26br%3Dfirefox%26rt%3Dnav&cc=no-store&sc=006&cs=firefox-https-plain-nav&n=1 HTTP/1.1" status=200 sc=006 v=- cs=firefox-https-plain-nav br=- rt=- inm="-" ims="-" ccreq="-"
2026-08-10T05:08:49+00:00 "GET /006/asset/app.css?v=plain&sc=006&cs=firefox-https-plain-nav&br=firefox&rt=nav HTTP/1.1" status=200 sc=006 v=plain cs=firefox-https-plain-nav br=firefox rt=nav inm="-" ims="-" ccreq="-"
2026-08-10T05:08:50+00:00 "GET /006/page?asset=%2F006%2Fasset%2Fapp.css%3Fv%3Dplain%26sc%3D006%26cs%3Dfirefox-https-plain-nav%26br%3Dfirefox%26rt%3Dnav&cc=no-store&sc=006&cs=firefox-https-plain-nav&n=2 HTTP/1.1" status=200 sc=006 v=- cs=firefox-https-plain-nav br=- rt=- inm="-" ims="-" ccreq="-"
2026-08-10T05:08:52+00:00 "GET /006/page?asset=%2F006%2Fasset%2Fapp.css%3Fv%3Dplain%26sc%3D006%26cs%3Dfirefox-https-plain-reload%26br%3Dfirefox%26rt%3Dreload&cc=no-store&sc=006&cs=firefox-https-plain-reload&n=1 HTTP/1.1" status=200 sc=006 v=- cs=firefox-https-plain-reload br=- rt=- inm="-" ims="-" ccreq="-"
2026-08-10T05:08:52+00:00 "GET /006/asset/app.css?v=plain&sc=006&cs=firefox-https-plain-reload&br=firefox&rt=reload HTTP/1.1" status=200 sc=006 v=plain cs=firefox-https-plain-reload br=firefox rt=reload inm="-" ims="-" ccreq="-"
2026-08-10T05:08:52+00:00 "GET /006/page?asset=%2F006%2Fasset%2Fapp.css%3Fv%3Dplain%26sc%3D006%26cs%3Dfirefox-https-plain-reload%26br%3Dfirefox%26rt%3Dreload&cc=no-store&sc=006&cs=firefox-https-plain-reload&n=1 HTTP/1.1" status=200 sc=006 v=- cs=firefox-https-plain-reload br=- rt=- inm="-" ims="-" ccreq="-"
2026-08-10T05:08:55+00:00 "GET /006/page?asset=%2F006%2Fasset%2Fapp.css%3Fv%3Dimmutable%26sc%3D006%26cs%3Dfirefox-https-immutable-nav%26br%3Dfirefox%26rt%3Dnav&cc=no-store&sc=006&cs=firefox-https-immutable-nav&n=1 HTTP/1.1" status=200 sc=006 v=- cs=firefox-https-immutable-nav br=- rt=- inm="-" ims="-" ccreq="-"
2026-08-10T05:08:55+00:00 "GET /006/asset/app.css?v=immutable&sc=006&cs=firefox-https-immutable-nav&br=firefox&rt=nav HTTP/1.1" status=200 sc=006 v=immutable cs=firefox-https-immutable-nav br=firefox rt=nav inm="-" ims="-" ccreq="-"
2026-08-10T05:08:55+00:00 "GET /006/page?asset=%2F006%2Fasset%2Fapp.css%3Fv%3Dimmutable%26sc%3D006%26cs%3Dfirefox-https-immutable-nav%26br%3Dfirefox%26rt%3Dnav&cc=no-store&sc=006&cs=firefox-https-immutable-nav&n=2 HTTP/1.1" status=200 sc=006 v=- cs=firefox-https-immutable-nav br=- rt=- inm="-" ims="-" ccreq="-"
2026-08-10T05:08:57+00:00 "GET /006/page?asset=%2F006%2Fasset%2Fapp.css%3Fv%3Dimmutable%26sc%3D006%26cs%3Dfirefox-https-immutable-reload%26br%3Dfirefox%26rt%3Dreload&cc=no-store&sc=006&cs=firefox-https-immutable-reload&n=1 HTTP/1.1" status=200 sc=006 v=- cs=firefox-https-immutable-reload br=- rt=- inm="-" ims="-" ccreq="-"
2026-08-10T05:08:57+00:00 "GET /006/asset/app.css?v=immutable&sc=006&cs=firefox-https-immutable-reload&br=firefox&rt=reload HTTP/1.1" status=200 sc=006 v=immutable cs=firefox-https-immutable-reload br=firefox rt=reload inm="-" ims="-" ccreq="-"
2026-08-10T05:08:58+00:00 "GET /006/page?asset=%2F006%2Fasset%2Fapp.css%3Fv%3Dimmutable%26sc%3D006%26cs%3Dfirefox-https-immutable-reload%26br%3Dfirefox%26rt%3Dreload&cc=no-store&sc=006&cs=firefox-https-immutable-reload&n=1 HTTP/1.1" status=200 sc=006 v=- cs=firefox-https-immutable-reload br=- rt=- inm="-" ims="-" ccreq="-"
2026-08-10T05:09:48+00:00 "GET /006/page?asset=%2F006%2Fasset%2Fapp.css%3Fv%3Dplain%26sc%3Drl%26cs%3Drl-firefox-api&cc=no-store&sc=rl&cs=rl-firefox-api&n=1 HTTP/1.1" status=200 sc=rl v=- cs=rl-firefox-api br=- rt=- inm="-" ims="-" ccreq="-"
2026-08-10T05:09:48+00:00 "GET /006/asset/app.css?v=plain&sc=rl&cs=rl-firefox-api HTTP/1.1" status=200 sc=rl v=plain cs=rl-firefox-api br=- rt=- inm="-" ims="-" ccreq="-"
2026-08-10T05:09:48+00:00 "GET /006/page?asset=%2F006%2Fasset%2Fapp.css%3Fv%3Dplain%26sc%3Drl%26cs%3Drl-firefox-api&cc=no-store&sc=rl&cs=rl-firefox-api&n=1 HTTP/1.1" status=200 sc=rl v=- cs=rl-firefox-api br=- rt=- inm="-" ims="-" ccreq="-"
2026-08-10T05:09:50+00:00 "GET /006/page?asset=%2F006%2Fasset%2Fapp.css%3Fv%3Dplain%26sc%3Drl%26cs%3Drl-firefox-f5&cc=no-store&sc=rl&cs=rl-firefox-f5&n=1 HTTP/1.1" status=200 sc=rl v=- cs=rl-firefox-f5 br=- rt=- inm="-" ims="-" ccreq="-"
2026-08-10T05:09:51+00:00 "GET /006/asset/app.css?v=plain&sc=rl&cs=rl-firefox-f5 HTTP/1.1" status=200 sc=rl v=plain cs=rl-firefox-f5 br=- rt=- inm="-" ims="-" ccreq="-"
2026-08-10T05:09:53+00:00 "GET /006/page?asset=%2F006%2Fasset%2Fapp.css%3Fv%3Dplain%26sc%3Drl%26cs%3Drl-firefox-cmdr&cc=no-store&sc=rl&cs=rl-firefox-cmdr&n=1 HTTP/1.1" status=200 sc=rl v=- cs=rl-firefox-cmdr br=- rt=- inm="-" ims="-" ccreq="-"
2026-08-10T05:09:53+00:00 "GET /006/asset/app.css?v=plain&sc=rl&cs=rl-firefox-cmdr HTTP/1.1" status=200 sc=rl v=plain cs=rl-firefox-cmdr br=- rt=- inm="-" ims="-" ccreq="-"
2026-08-10T05:09:55+00:00 "GET /006/page?asset=%2F006%2Fasset%2Fapp.css%3Fv%3Dplain%26sc%3Drl%26cs%3Drl-chromium-api&cc=no-store&sc=rl&cs=rl-chromium-api&n=1 HTTP/1.1" status=200 sc=rl v=- cs=rl-chromium-api br=- rt=- inm="-" ims="-" ccreq="-"
2026-08-10T05:09:55+00:00 "GET /006/asset/app.css?v=plain&sc=rl&cs=rl-chromium-api HTTP/1.1" status=200 sc=rl v=plain cs=rl-chromium-api br=- rt=- inm="-" ims="-" ccreq="-"
2026-08-10T05:09:56+00:00 "GET /006/page?asset=%2F006%2Fasset%2Fapp.css%3Fv%3Dplain%26sc%3Drl%26cs%3Drl-chromium-api&cc=no-store&sc=rl&cs=rl-chromium-api&n=1 HTTP/1.1" status=200 sc=rl v=- cs=rl-chromium-api br=- rt=- inm="-" ims="-" ccreq="max-age=0"
2026-08-10T05:09:57+00:00 "GET /006/page?asset=%2F006%2Fasset%2Fapp.css%3Fv%3Dplain%26sc%3Drl%26cs%3Drl-chromium-f5&cc=no-store&sc=rl&cs=rl-chromium-f5&n=1 HTTP/1.1" status=200 sc=rl v=- cs=rl-chromium-f5 br=- rt=- inm="-" ims="-" ccreq="-"
2026-08-10T05:09:57+00:00 "GET /006/asset/app.css?v=plain&sc=rl&cs=rl-chromium-f5 HTTP/1.1" status=200 sc=rl v=plain cs=rl-chromium-f5 br=- rt=- inm="-" ims="-" ccreq="-"
2026-08-10T05:10:33+00:00 "GET /006/page?asset=%2F006%2Fasset%2Fapp.css%3Fv%3Dplain%26sc%3Drl%26cs%3Dff-gui&cc=no-store&sc=rl&cs=ff-gui&n=1 HTTP/1.1" status=200 sc=rl v=- cs=ff-gui br=- rt=- inm="-" ims="-" ccreq="-"
2026-08-10T05:10:33+00:00 "GET /006/asset/app.css?v=plain&sc=rl&cs=ff-gui HTTP/1.1" status=200 sc=rl v=plain cs=ff-gui br=- rt=- inm="-" ims="-" ccreq="-"
2026-08-10T05:11:03+00:00 "GET /006/page?asset=%2F006%2Fasset%2Fapp.css%3Fv%3Dplain%26sc%3Drl%26cs%3Dff-gui2&cc=no-store&sc=rl&cs=ff-gui2&n=1 HTTP/1.1" status=200 sc=rl v=- cs=ff-gui2 br=- rt=- inm="-" ims="-" ccreq="-"
2026-08-10T05:11:03+00:00 "GET /006/asset/app.css?v=plain&sc=rl&cs=ff-gui2 HTTP/1.1" status=200 sc=rl v=plain cs=ff-gui2 br=- rt=- inm="-" ims="-" ccreq="-"
2026-08-10T05:11:29+00:00 "GET /006/page?asset=%2F006%2Fasset%2Fapp.css%3Fv%3Dplain%26sc%3Drl%26cs%3Dffg-plain&cc=no-store&sc=rl&cs=ffg-plain&n=1 HTTP/1.1" status=200 sc=rl v=- cs=ffg-plain br=- rt=- inm="-" ims="-" ccreq="-"
2026-08-10T05:11:29+00:00 "GET /006/asset/app.css?v=plain&sc=rl&cs=ffg-plain HTTP/1.1" status=200 sc=rl v=plain cs=ffg-plain br=- rt=- inm="-" ims="-" ccreq="-"
2026-08-10T05:11:32+00:00 "GET /006/page?asset=%2F006%2Fasset%2Fapp.css%3Fv%3Dplain%26sc%3Drl%26cs%3Dffg-plain&cc=no-store&sc=rl&cs=ffg-plain&n=1 HTTP/1.1" status=200 sc=rl v=- cs=ffg-plain br=- rt=- inm="-" ims="-" ccreq="-"
2026-08-10T05:11:36+00:00 "GET /006/page?asset=%2F006%2Fasset%2Fapp.css%3Fv%3Dimmutable%26sc%3Drl%26cs%3Dffg-immutable&cc=no-store&sc=rl&cs=ffg-immutable&n=1 HTTP/1.1" status=200 sc=rl v=- cs=ffg-immutable br=- rt=- inm="-" ims="-" ccreq="-"
2026-08-10T05:11:36+00:00 "GET /006/asset/app.css?v=immutable&sc=rl&cs=ffg-immutable HTTP/1.1" status=200 sc=rl v=immutable cs=ffg-immutable br=- rt=- inm="-" ims="-" ccreq="-"
2026-08-10T05:11:39+00:00 "GET /006/page?asset=%2F006%2Fasset%2Fapp.css%3Fv%3Dimmutable%26sc%3Drl%26cs%3Dffg-immutable&cc=no-store&sc=rl&cs=ffg-immutable&n=1 HTTP/1.1" status=200 sc=rl v=- cs=ffg-immutable br=- rt=- inm="-" ims="-" ccreq="-"
2026-08-10T05:12:04+00:00 "GET /006/page?asset=%2F006%2Fasset%2Fapp.css%3Fv%3Dplain%26sc%3D006%26cs%3Dwebkit-http-plain-nav%26br%3Dwebkit%26rt%3Dnav&cc=no-store&sc=006&cs=webkit-http-plain-nav&n=1 HTTP/1.1" status=200 sc=006 v=- cs=webkit-http-plain-nav br=- rt=- inm="-" ims="-" ccreq="-"
2026-08-10T05:12:04+00:00 "GET /006/asset/app.css?v=plain&sc=006&cs=webkit-http-plain-nav&br=webkit&rt=nav HTTP/1.1" status=200 sc=006 v=plain cs=webkit-http-plain-nav br=webkit rt=nav inm="-" ims="-" ccreq="-"
2026-08-10T05:12:04+00:00 "GET /006/page?asset=%2F006%2Fasset%2Fapp.css%3Fv%3Dplain%26sc%3D006%26cs%3Dwebkit-http-plain-nav%26br%3Dwebkit%26rt%3Dnav&cc=no-store&sc=006&cs=webkit-http-plain-nav&n=2 HTTP/1.1" status=200 sc=006 v=- cs=webkit-http-plain-nav br=- rt=- inm="-" ims="-" ccreq="-"
2026-08-10T05:12:06+00:00 "GET /006/page?asset=%2F006%2Fasset%2Fapp.css%3Fv%3Dnostore%26sc%3D006%26cs%3Dwebkit-http-nostore-nav%26br%3Dwebkit%26rt%3Dnav&cc=no-store&sc=006&cs=webkit-http-nostore-nav&n=1 HTTP/1.1" status=200 sc=006 v=- cs=webkit-http-nostore-nav br=- rt=- inm="-" ims="-" ccreq="-"
2026-08-10T05:12:06+00:00 "GET /006/asset/app.css?v=nostore&sc=006&cs=webkit-http-nostore-nav&br=webkit&rt=nav HTTP/1.1" status=200 sc=006 v=nostore cs=webkit-http-nostore-nav br=webkit rt=nav inm="-" ims="-" ccreq="-"
2026-08-10T05:12:06+00:00 "GET /006/page?asset=%2F006%2Fasset%2Fapp.css%3Fv%3Dnostore%26sc%3D006%26cs%3Dwebkit-http-nostore-nav%26br%3Dwebkit%26rt%3Dnav&cc=no-store&sc=006&cs=webkit-http-nostore-nav&n=2 HTTP/1.1" status=200 sc=006 v=- cs=webkit-http-nostore-nav br=- rt=- inm="-" ims="-" ccreq="-"
2026-08-10T05:12:07+00:00 "GET /006/asset/app.css?v=nostore&sc=006&cs=webkit-http-nostore-nav&br=webkit&rt=nav HTTP/1.1" status=200 sc=006 v=nostore cs=webkit-http-nostore-nav br=webkit rt=nav inm="-" ims="-" ccreq="-"
2026-08-10T05:12:08+00:00 "GET /006/page?asset=%2F006%2Fasset%2Fapp.css%3Fv%3Dplain%26sc%3D006%26cs%3Dwebkit-https-plain-nav%26br%3Dwebkit%26rt%3Dnav&cc=no-store&sc=006&cs=webkit-https-plain-nav&n=1 HTTP/1.1" status=200 sc=006 v=- cs=webkit-https-plain-nav br=- rt=- inm="-" ims="-" ccreq="-"
2026-08-10T05:12:08+00:00 "GET /006/asset/app.css?v=plain&sc=006&cs=webkit-https-plain-nav&br=webkit&rt=nav HTTP/1.1" status=200 sc=006 v=plain cs=webkit-https-plain-nav br=webkit rt=nav inm="-" ims="-" ccreq="-"
2026-08-10T05:12:09+00:00 "GET /006/page?asset=%2F006%2Fasset%2Fapp.css%3Fv%3Dplain%26sc%3D006%26cs%3Dwebkit-https-plain-nav%26br%3Dwebkit%26rt%3Dnav&cc=no-store&sc=006&cs=webkit-https-plain-nav&n=2 HTTP/1.1" status=200 sc=006 v=- cs=webkit-https-plain-nav br=- rt=- inm="-" ims="-" ccreq="-"
2026-08-10T05:12:10+00:00 "GET /006/page?asset=%2F006%2Fasset%2Fapp.css%3Fv%3Dnostore%26sc%3D006%26cs%3Dwebkit-https-nostore-nav%26br%3Dwebkit%26rt%3Dnav&cc=no-store&sc=006&cs=webkit-https-nostore-nav&n=1 HTTP/1.1" status=200 sc=006 v=- cs=webkit-https-nostore-nav br=- rt=- inm="-" ims="-" ccreq="-"
2026-08-10T05:12:10+00:00 "GET /006/asset/app.css?v=nostore&sc=006&cs=webkit-https-nostore-nav&br=webkit&rt=nav HTTP/1.1" status=200 sc=006 v=nostore cs=webkit-https-nostore-nav br=webkit rt=nav inm="-" ims="-" ccreq="-"
2026-08-10T05:12:11+00:00 "GET /006/page?asset=%2F006%2Fasset%2Fapp.css%3Fv%3Dnostore%26sc%3D006%26cs%3Dwebkit-https-nostore-nav%26br%3Dwebkit%26rt%3Dnav&cc=no-store&sc=006&cs=webkit-https-nostore-nav&n=2 HTTP/1.1" status=200 sc=006 v=- cs=webkit-https-nostore-nav br=- rt=- inm="-" ims="-" ccreq="-"
2026-08-10T05:12:11+00:00 "GET /006/asset/app.css?v=nostore&sc=006&cs=webkit-https-nostore-nav&br=webkit&rt=nav HTTP/1.1" status=200 sc=006 v=nostore cs=webkit-https-nostore-nav br=webkit rt=nav inm="-" ims="-" ccreq="-"
2026-08-10T05:12:12+00:00 "GET /006/page?asset=%2F006%2Fasset%2Fapp.css%3Fv%3Dplain%26sc%3D006%26cs%3Dwebkit-http-plain-nav%26br%3Dwebkit%26rt%3Dnav&cc=no-store&sc=006&cs=webkit-http-plain-nav&n=1 HTTP/1.1" status=200 sc=006 v=- cs=webkit-http-plain-nav br=- rt=- inm="-" ims="-" ccreq="-"
2026-08-10T05:12:12+00:00 "GET /006/asset/app.css?v=plain&sc=006&cs=webkit-http-plain-nav&br=webkit&rt=nav HTTP/1.1" status=200 sc=006 v=plain cs=webkit-http-plain-nav br=webkit rt=nav inm="-" ims="-" ccreq="-"
2026-08-10T05:12:13+00:00 "GET /006/page?asset=%2F006%2Fasset%2Fapp.css%3Fv%3Dplain%26sc%3D006%26cs%3Dwebkit-http-plain-nav%26br%3Dwebkit%26rt%3Dnav&cc=no-store&sc=006&cs=webkit-http-plain-nav&n=2 HTTP/1.1" status=200 sc=006 v=- cs=webkit-http-plain-nav br=- rt=- inm="-" ims="-" ccreq="-"
2026-08-10T05:12:14+00:00 "GET /006/page?asset=%2F006%2Fasset%2Fapp.css%3Fv%3Dplain%26sc%3D006%26cs%3Dwebkit-http-plain-reload%26br%3Dwebkit%26rt%3Dreload&cc=no-store&sc=006&cs=webkit-http-plain-reload&n=1 HTTP/1.1" status=200 sc=006 v=- cs=webkit-http-plain-reload br=- rt=- inm="-" ims="-" ccreq="-"
2026-08-10T05:12:14+00:00 "GET /006/asset/app.css?v=plain&sc=006&cs=webkit-http-plain-reload&br=webkit&rt=reload HTTP/1.1" status=200 sc=006 v=plain cs=webkit-http-plain-reload br=webkit rt=reload inm="-" ims="-" ccreq="-"
2026-08-10T05:12:15+00:00 "GET /006/page?asset=%2F006%2Fasset%2Fapp.css%3Fv%3Dplain%26sc%3D006%26cs%3Dwebkit-http-plain-reload%26br%3Dwebkit%26rt%3Dreload&cc=no-store&sc=006&cs=webkit-http-plain-reload&n=1 HTTP/1.1" status=200 sc=006 v=- cs=webkit-http-plain-reload br=- rt=- inm="-" ims="-" ccreq="-"
2026-08-10T05:12:17+00:00 "GET /006/page?asset=%2F006%2Fasset%2Fapp.css%3Fv%3Dimmutable%26sc%3D006%26cs%3Dwebkit-http-immutable-nav%26br%3Dwebkit%26rt%3Dnav&cc=no-store&sc=006&cs=webkit-http-immutable-nav&n=1 HTTP/1.1" status=200 sc=006 v=- cs=webkit-http-immutable-nav br=- rt=- inm="-" ims="-" ccreq="-"
2026-08-10T05:12:17+00:00 "GET /006/asset/app.css?v=immutable&sc=006&cs=webkit-http-immutable-nav&br=webkit&rt=nav HTTP/1.1" status=200 sc=006 v=immutable cs=webkit-http-immutable-nav br=webkit rt=nav inm="-" ims="-" ccreq="-"
2026-08-10T05:12:17+00:00 "GET /006/page?asset=%2F006%2Fasset%2Fapp.css%3Fv%3Dimmutable%26sc%3D006%26cs%3Dwebkit-http-immutable-nav%26br%3Dwebkit%26rt%3Dnav&cc=no-store&sc=006&cs=webkit-http-immutable-nav&n=2 HTTP/1.1" status=200 sc=006 v=- cs=webkit-http-immutable-nav br=- rt=- inm="-" ims="-" ccreq="-"
2026-08-10T05:12:19+00:00 "GET /006/page?asset=%2F006%2Fasset%2Fapp.css%3Fv%3Dimmutable%26sc%3D006%26cs%3Dwebkit-http-immutable-reload%26br%3Dwebkit%26rt%3Dreload&cc=no-store&sc=006&cs=webkit-http-immutable-reload&n=1 HTTP/1.1" status=200 sc=006 v=- cs=webkit-http-immutable-reload br=- rt=- inm="-" ims="-" ccreq="-"
2026-08-10T05:12:19+00:00 "GET /006/asset/app.css?v=immutable&sc=006&cs=webkit-http-immutable-reload&br=webkit&rt=reload HTTP/1.1" status=200 sc=006 v=immutable cs=webkit-http-immutable-reload br=webkit rt=reload inm="-" ims="-" ccreq="-"
2026-08-10T05:12:19+00:00 "GET /006/page?asset=%2F006%2Fasset%2Fapp.css%3Fv%3Dimmutable%26sc%3D006%26cs%3Dwebkit-http-immutable-reload%26br%3Dwebkit%26rt%3Dreload&cc=no-store&sc=006&cs=webkit-http-immutable-reload&n=1 HTTP/1.1" status=200 sc=006 v=- cs=webkit-http-immutable-reload br=- rt=- inm="-" ims="-" ccreq="-"
2026-08-10T05:12:21+00:00 "GET /006/page?asset=%2F006%2Fasset%2Fapp.css%3Fv%3Dplain%26sc%3D006%26cs%3Dwebkit-https-plain-nav%26br%3Dwebkit%26rt%3Dnav&cc=no-store&sc=006&cs=webkit-https-plain-nav&n=1 HTTP/1.1" status=200 sc=006 v=- cs=webkit-https-plain-nav br=- rt=- inm="-" ims="-" ccreq="-"
2026-08-10T05:12:21+00:00 "GET /006/asset/app.css?v=plain&sc=006&cs=webkit-https-plain-nav&br=webkit&rt=nav HTTP/1.1" status=200 sc=006 v=plain cs=webkit-https-plain-nav br=webkit rt=nav inm="-" ims="-" ccreq="-"
2026-08-10T05:12:22+00:00 "GET /006/page?asset=%2F006%2Fasset%2Fapp.css%3Fv%3Dplain%26sc%3D006%26cs%3Dwebkit-https-plain-nav%26br%3Dwebkit%26rt%3Dnav&cc=no-store&sc=006&cs=webkit-https-plain-nav&n=2 HTTP/1.1" status=200 sc=006 v=- cs=webkit-https-plain-nav br=- rt=- inm="-" ims="-" ccreq="-"
2026-08-10T05:12:23+00:00 "GET /006/page?asset=%2F006%2Fasset%2Fapp.css%3Fv%3Dplain%26sc%3D006%26cs%3Dwebkit-https-plain-reload%26br%3Dwebkit%26rt%3Dreload&cc=no-store&sc=006&cs=webkit-https-plain-reload&n=1 HTTP/1.1" status=200 sc=006 v=- cs=webkit-https-plain-reload br=- rt=- inm="-" ims="-" ccreq="-"
2026-08-10T05:12:23+00:00 "GET /006/asset/app.css?v=plain&sc=006&cs=webkit-https-plain-reload&br=webkit&rt=reload HTTP/1.1" status=200 sc=006 v=plain cs=webkit-https-plain-reload br=webkit rt=reload inm="-" ims="-" ccreq="-"
2026-08-10T05:12:24+00:00 "GET /006/page?asset=%2F006%2Fasset%2Fapp.css%3Fv%3Dplain%26sc%3D006%26cs%3Dwebkit-https-plain-reload%26br%3Dwebkit%26rt%3Dreload&cc=no-store&sc=006&cs=webkit-https-plain-reload&n=1 HTTP/1.1" status=200 sc=006 v=- cs=webkit-https-plain-reload br=- rt=- inm="-" ims="-" ccreq="-"
2026-08-10T05:12:25+00:00 "GET /006/page?asset=%2F006%2Fasset%2Fapp.css%3Fv%3Dimmutable%26sc%3D006%26cs%3Dwebkit-https-immutable-nav%26br%3Dwebkit%26rt%3Dnav&cc=no-store&sc=006&cs=webkit-https-immutable-nav&n=1 HTTP/1.1" status=200 sc=006 v=- cs=webkit-https-immutable-nav br=- rt=- inm="-" ims="-" ccreq="-"
2026-08-10T05:12:25+00:00 "GET /006/asset/app.css?v=immutable&sc=006&cs=webkit-https-immutable-nav&br=webkit&rt=nav HTTP/1.1" status=200 sc=006 v=immutable cs=webkit-https-immutable-nav br=webkit rt=nav inm="-" ims="-" ccreq="-"
2026-08-10T05:12:26+00:00 "GET /006/page?asset=%2F006%2Fasset%2Fapp.css%3Fv%3Dimmutable%26sc%3D006%26cs%3Dwebkit-https-immutable-nav%26br%3Dwebkit%26rt%3Dnav&cc=no-store&sc=006&cs=webkit-https-immutable-nav&n=2 HTTP/1.1" status=200 sc=006 v=- cs=webkit-https-immutable-nav br=- rt=- inm="-" ims="-" ccreq="-"
2026-08-10T05:12:27+00:00 "GET /006/page?asset=%2F006%2Fasset%2Fapp.css%3Fv%3Dimmutable%26sc%3D006%26cs%3Dwebkit-https-immutable-reload%26br%3Dwebkit%26rt%3Dreload&cc=no-store&sc=006&cs=webkit-https-immutable-reload&n=1 HTTP/1.1" status=200 sc=006 v=- cs=webkit-https-immutable-reload br=- rt=- inm="-" ims="-" ccreq="-"
2026-08-10T05:12:27+00:00 "GET /006/asset/app.css?v=immutable&sc=006&cs=webkit-https-immutable-reload&br=webkit&rt=reload HTTP/1.1" status=200 sc=006 v=immutable cs=webkit-https-immutable-reload br=webkit rt=reload inm="-" ims="-" ccreq="-"
2026-08-10T05:12:28+00:00 "GET /006/page?asset=%2F006%2Fasset%2Fapp.css%3Fv%3Dimmutable%26sc%3D006%26cs%3Dwebkit-https-immutable-reload%26br%3Dwebkit%26rt%3Dreload&cc=no-store&sc=006&cs=webkit-https-immutable-reload&n=1 HTTP/1.1" status=200 sc=006 v=- cs=webkit-https-immutable-reload br=- rt=- inm="-" ims="-" ccreq="-"
2026-08-10T05:12:29+00:00 "GET /006/page?asset=%2F006%2Fasset%2Fapp.css%3Fv%3Dplain%26sc%3D006%26cs%3Dchromium-http-plain-nav-persist%26br%3Dchromium%26rt%3Dnav&cc=no-store&sc=006&cs=chromium-http-plain-nav-persist&n=1 HTTP/1.1" status=200 sc=006 v=- cs=chromium-http-plain-nav-persist br=- rt=- inm="-" ims="-" ccreq="-"
2026-08-10T05:12:29+00:00 "GET /006/asset/app.css?v=plain&sc=006&cs=chromium-http-plain-nav-persist&br=chromium&rt=nav HTTP/1.1" status=200 sc=006 v=plain cs=chromium-http-plain-nav-persist br=chromium rt=nav inm="-" ims="-" ccreq="-"
2026-08-10T05:12:30+00:00 "GET /006/page?asset=%2F006%2Fasset%2Fapp.css%3Fv%3Dplain%26sc%3D006%26cs%3Dchromium-http-plain-nav-persist%26br%3Dchromium%26rt%3Dnav&cc=no-store&sc=006&cs=chromium-http-plain-nav-persist&n=2 HTTP/1.1" status=200 sc=006 v=- cs=chromium-http-plain-nav-persist br=- rt=- inm="-" ims="-" ccreq="-"
2026-08-10T05:12:31+00:00 "GET /006/page?asset=%2F006%2Fasset%2Fapp.css%3Fv%3Dnostore%26sc%3D006%26cs%3Dchromium-http-nostore-nav-persist%26br%3Dchromium%26rt%3Dnav&cc=no-store&sc=006&cs=chromium-http-nostore-nav-persist&n=1 HTTP/1.1" status=200 sc=006 v=- cs=chromium-http-nostore-nav-persist br=- rt=- inm="-" ims="-" ccreq="-"
2026-08-10T05:12:31+00:00 "GET /006/asset/app.css?v=nostore&sc=006&cs=chromium-http-nostore-nav-persist&br=chromium&rt=nav HTTP/1.1" status=200 sc=006 v=nostore cs=chromium-http-nostore-nav-persist br=chromium rt=nav inm="-" ims="-" ccreq="-"
2026-08-10T05:12:32+00:00 "GET /006/page?asset=%2F006%2Fasset%2Fapp.css%3Fv%3Dnostore%26sc%3D006%26cs%3Dchromium-http-nostore-nav-persist%26br%3Dchromium%26rt%3Dnav&cc=no-store&sc=006&cs=chromium-http-nostore-nav-persist&n=2 HTTP/1.1" status=200 sc=006 v=- cs=chromium-http-nostore-nav-persist br=- rt=- inm="-" ims="-" ccreq="-"
2026-08-10T05:12:32+00:00 "GET /006/asset/app.css?v=nostore&sc=006&cs=chromium-http-nostore-nav-persist&br=chromium&rt=nav HTTP/1.1" status=200 sc=006 v=nostore cs=chromium-http-nostore-nav-persist br=chromium rt=nav inm="-" ims="-" ccreq="-"
2026-08-10T05:12:33+00:00 "GET /006/page?asset=%2F006%2Fasset%2Fapp.css%3Fv%3Dplain%26sc%3D006%26cs%3Dchromium-https-plain-nav-persist%26br%3Dchromium%26rt%3Dnav&cc=no-store&sc=006&cs=chromium-https-plain-nav-persist&n=1 HTTP/1.1" status=200 sc=006 v=- cs=chromium-https-plain-nav-persist br=- rt=- inm="-" ims="-" ccreq="-"
2026-08-10T05:12:33+00:00 "GET /006/asset/app.css?v=plain&sc=006&cs=chromium-https-plain-nav-persist&br=chromium&rt=nav HTTP/1.1" status=200 sc=006 v=plain cs=chromium-https-plain-nav-persist br=chromium rt=nav inm="-" ims="-" ccreq="-"
2026-08-10T05:12:34+00:00 "GET /006/page?asset=%2F006%2Fasset%2Fapp.css%3Fv%3Dplain%26sc%3D006%26cs%3Dchromium-https-plain-nav-persist%26br%3Dchromium%26rt%3Dnav&cc=no-store&sc=006&cs=chromium-https-plain-nav-persist&n=2 HTTP/1.1" status=200 sc=006 v=- cs=chromium-https-plain-nav-persist br=- rt=- inm="-" ims="-" ccreq="-"
2026-08-10T05:12:35+00:00 "GET /006/page?asset=%2F006%2Fasset%2Fapp.css%3Fv%3Dnostore%26sc%3D006%26cs%3Dchromium-https-nostore-nav-persist%26br%3Dchromium%26rt%3Dnav&cc=no-store&sc=006&cs=chromium-https-nostore-nav-persist&n=1 HTTP/1.1" status=200 sc=006 v=- cs=chromium-https-nostore-nav-persist br=- rt=- inm="-" ims="-" ccreq="-"
2026-08-10T05:12:35+00:00 "GET /006/asset/app.css?v=nostore&sc=006&cs=chromium-https-nostore-nav-persist&br=chromium&rt=nav HTTP/1.1" status=200 sc=006 v=nostore cs=chromium-https-nostore-nav-persist br=chromium rt=nav inm="-" ims="-" ccreq="-"
2026-08-10T05:12:36+00:00 "GET /006/page?asset=%2F006%2Fasset%2Fapp.css%3Fv%3Dnostore%26sc%3D006%26cs%3Dchromium-https-nostore-nav-persist%26br%3Dchromium%26rt%3Dnav&cc=no-store&sc=006&cs=chromium-https-nostore-nav-persist&n=2 HTTP/1.1" status=200 sc=006 v=- cs=chromium-https-nostore-nav-persist br=- rt=- inm="-" ims="-" ccreq="-"
2026-08-10T05:12:36+00:00 "GET /006/asset/app.css?v=nostore&sc=006&cs=chromium-https-nostore-nav-persist&br=chromium&rt=nav HTTP/1.1" status=200 sc=006 v=nostore cs=chromium-https-nostore-nav-persist br=chromium rt=nav inm="-" ims="-" ccreq="-"
2026-08-10T05:12:37+00:00 "GET /006/page?asset=%2F006%2Fasset%2Fapp.css%3Fv%3Dplain%26sc%3D006%26cs%3Dchromium-http-plain-nav-persist%26br%3Dchromium%26rt%3Dnav&cc=no-store&sc=006&cs=chromium-http-plain-nav-persist&n=1 HTTP/1.1" status=200 sc=006 v=- cs=chromium-http-plain-nav-persist br=- rt=- inm="-" ims="-" ccreq="-"
2026-08-10T05:12:37+00:00 "GET /006/asset/app.css?v=plain&sc=006&cs=chromium-http-plain-nav-persist&br=chromium&rt=nav HTTP/1.1" status=200 sc=006 v=plain cs=chromium-http-plain-nav-persist br=chromium rt=nav inm="-" ims="-" ccreq="-"
2026-08-10T05:12:38+00:00 "GET /006/page?asset=%2F006%2Fasset%2Fapp.css%3Fv%3Dplain%26sc%3D006%26cs%3Dchromium-http-plain-nav-persist%26br%3Dchromium%26rt%3Dnav&cc=no-store&sc=006&cs=chromium-http-plain-nav-persist&n=2 HTTP/1.1" status=200 sc=006 v=- cs=chromium-http-plain-nav-persist br=- rt=- inm="-" ims="-" ccreq="-"
2026-08-10T05:12:39+00:00 "GET /006/page?asset=%2F006%2Fasset%2Fapp.css%3Fv%3Dplain%26sc%3D006%26cs%3Dchromium-http-plain-reload-persist%26br%3Dchromium%26rt%3Dreload&cc=no-store&sc=006&cs=chromium-http-plain-reload-persist&n=1 HTTP/1.1" status=200 sc=006 v=- cs=chromium-http-plain-reload-persist br=- rt=- inm="-" ims="-" ccreq="-"
2026-08-10T05:12:39+00:00 "GET /006/asset/app.css?v=plain&sc=006&cs=chromium-http-plain-reload-persist&br=chromium&rt=reload HTTP/1.1" status=200 sc=006 v=plain cs=chromium-http-plain-reload-persist br=chromium rt=reload inm="-" ims="-" ccreq="-"
2026-08-10T05:12:39+00:00 "GET /006/page?asset=%2F006%2Fasset%2Fapp.css%3Fv%3Dplain%26sc%3D006%26cs%3Dchromium-http-plain-reload-persist%26br%3Dchromium%26rt%3Dreload&cc=no-store&sc=006&cs=chromium-http-plain-reload-persist&n=1 HTTP/1.1" status=200 sc=006 v=- cs=chromium-http-plain-reload-persist br=- rt=- inm="-" ims="-" ccreq="max-age=0"
2026-08-10T05:12:41+00:00 "GET /006/page?asset=%2F006%2Fasset%2Fapp.css%3Fv%3Dimmutable%26sc%3D006%26cs%3Dchromium-http-immutable-nav-persist%26br%3Dchromium%26rt%3Dnav&cc=no-store&sc=006&cs=chromium-http-immutable-nav-persist&n=1 HTTP/1.1" status=200 sc=006 v=- cs=chromium-http-immutable-nav-persist br=- rt=- inm="-" ims="-" ccreq="-"
2026-08-10T05:12:41+00:00 "GET /006/asset/app.css?v=immutable&sc=006&cs=chromium-http-immutable-nav-persist&br=chromium&rt=nav HTTP/1.1" status=200 sc=006 v=immutable cs=chromium-http-immutable-nav-persist br=chromium rt=nav inm="-" ims="-" ccreq="-"
2026-08-10T05:12:41+00:00 "GET /006/page?asset=%2F006%2Fasset%2Fapp.css%3Fv%3Dimmutable%26sc%3D006%26cs%3Dchromium-http-immutable-nav-persist%26br%3Dchromium%26rt%3Dnav&cc=no-store&sc=006&cs=chromium-http-immutable-nav-persist&n=2 HTTP/1.1" status=200 sc=006 v=- cs=chromium-http-immutable-nav-persist br=- rt=- inm="-" ims="-" ccreq="-"
2026-08-10T05:12:42+00:00 "GET /006/page?asset=%2F006%2Fasset%2Fapp.css%3Fv%3Dimmutable%26sc%3D006%26cs%3Dchromium-http-immutable-reload-persist%26br%3Dchromium%26rt%3Dreload&cc=no-store&sc=006&cs=chromium-http-immutable-reload-persist&n=1 HTTP/1.1" status=200 sc=006 v=- cs=chromium-http-immutable-reload-persist br=- rt=- inm="-" ims="-" ccreq="-"
2026-08-10T05:12:42+00:00 "GET /006/asset/app.css?v=immutable&sc=006&cs=chromium-http-immutable-reload-persist&br=chromium&rt=reload HTTP/1.1" status=200 sc=006 v=immutable cs=chromium-http-immutable-reload-persist br=chromium rt=reload inm="-" ims="-" ccreq="-"
2026-08-10T05:12:43+00:00 "GET /006/page?asset=%2F006%2Fasset%2Fapp.css%3Fv%3Dimmutable%26sc%3D006%26cs%3Dchromium-http-immutable-reload-persist%26br%3Dchromium%26rt%3Dreload&cc=no-store&sc=006&cs=chromium-http-immutable-reload-persist&n=1 HTTP/1.1" status=200 sc=006 v=- cs=chromium-http-immutable-reload-persist br=- rt=- inm="-" ims="-" ccreq="max-age=0"
2026-08-10T05:12:44+00:00 "GET /006/page?asset=%2F006%2Fasset%2Fapp.css%3Fv%3Dplain%26sc%3D006%26cs%3Dchromium-https-plain-nav-persist%26br%3Dchromium%26rt%3Dnav&cc=no-store&sc=006&cs=chromium-https-plain-nav-persist&n=1 HTTP/1.1" status=200 sc=006 v=- cs=chromium-https-plain-nav-persist br=- rt=- inm="-" ims="-" ccreq="-"
2026-08-10T05:12:44+00:00 "GET /006/asset/app.css?v=plain&sc=006&cs=chromium-https-plain-nav-persist&br=chromium&rt=nav HTTP/1.1" status=200 sc=006 v=plain cs=chromium-https-plain-nav-persist br=chromium rt=nav inm="-" ims="-" ccreq="-"
2026-08-10T05:12:45+00:00 "GET /006/page?asset=%2F006%2Fasset%2Fapp.css%3Fv%3Dplain%26sc%3D006%26cs%3Dchromium-https-plain-nav-persist%26br%3Dchromium%26rt%3Dnav&cc=no-store&sc=006&cs=chromium-https-plain-nav-persist&n=2 HTTP/1.1" status=200 sc=006 v=- cs=chromium-https-plain-nav-persist br=- rt=- inm="-" ims="-" ccreq="-"
2026-08-10T05:12:46+00:00 "GET /006/page?asset=%2F006%2Fasset%2Fapp.css%3Fv%3Dplain%26sc%3D006%26cs%3Dchromium-https-plain-reload-persist%26br%3Dchromium%26rt%3Dreload&cc=no-store&sc=006&cs=chromium-https-plain-reload-persist&n=1 HTTP/1.1" status=200 sc=006 v=- cs=chromium-https-plain-reload-persist br=- rt=- inm="-" ims="-" ccreq="-"
2026-08-10T05:12:46+00:00 "GET /006/asset/app.css?v=plain&sc=006&cs=chromium-https-plain-reload-persist&br=chromium&rt=reload HTTP/1.1" status=200 sc=006 v=plain cs=chromium-https-plain-reload-persist br=chromium rt=reload inm="-" ims="-" ccreq="-"
2026-08-10T05:12:47+00:00 "GET /006/page?asset=%2F006%2Fasset%2Fapp.css%3Fv%3Dplain%26sc%3D006%26cs%3Dchromium-https-plain-reload-persist%26br%3Dchromium%26rt%3Dreload&cc=no-store&sc=006&cs=chromium-https-plain-reload-persist&n=1 HTTP/1.1" status=200 sc=006 v=- cs=chromium-https-plain-reload-persist br=- rt=- inm="-" ims="-" ccreq="max-age=0"
2026-08-10T05:12:48+00:00 "GET /006/page?asset=%2F006%2Fasset%2Fapp.css%3Fv%3Dimmutable%26sc%3D006%26cs%3Dchromium-https-immutable-nav-persist%26br%3Dchromium%26rt%3Dnav&cc=no-store&sc=006&cs=chromium-https-immutable-nav-persist&n=1 HTTP/1.1" status=200 sc=006 v=- cs=chromium-https-immutable-nav-persist br=- rt=- inm="-" ims="-" ccreq="-"
2026-08-10T05:12:48+00:00 "GET /006/asset/app.css?v=immutable&sc=006&cs=chromium-https-immutable-nav-persist&br=chromium&rt=nav HTTP/1.1" status=200 sc=006 v=immutable cs=chromium-https-immutable-nav-persist br=chromium rt=nav inm="-" ims="-" ccreq="-"
2026-08-10T05:12:49+00:00 "GET /006/page?asset=%2F006%2Fasset%2Fapp.css%3Fv%3Dimmutable%26sc%3D006%26cs%3Dchromium-https-immutable-nav-persist%26br%3Dchromium%26rt%3Dnav&cc=no-store&sc=006&cs=chromium-https-immutable-nav-persist&n=2 HTTP/1.1" status=200 sc=006 v=- cs=chromium-https-immutable-nav-persist br=- rt=- inm="-" ims="-" ccreq="-"
2026-08-10T05:12:50+00:00 "GET /006/page?asset=%2F006%2Fasset%2Fapp.css%3Fv%3Dimmutable%26sc%3D006%26cs%3Dchromium-https-immutable-reload-persist%26br%3Dchromium%26rt%3Dreload&cc=no-store&sc=006&cs=chromium-https-immutable-reload-persist&n=1 HTTP/1.1" status=200 sc=006 v=- cs=chromium-https-immutable-reload-persist br=- rt=- inm="-" ims="-" ccreq="-"
2026-08-10T05:12:50+00:00 "GET /006/asset/app.css?v=immutable&sc=006&cs=chromium-https-immutable-reload-persist&br=chromium&rt=reload HTTP/1.1" status=200 sc=006 v=immutable cs=chromium-https-immutable-reload-persist br=chromium rt=reload inm="-" ims="-" ccreq="-"
2026-08-10T05:12:51+00:00 "GET /006/page?asset=%2F006%2Fasset%2Fapp.css%3Fv%3Dimmutable%26sc%3D006%26cs%3Dchromium-https-immutable-reload-persist%26br%3Dchromium%26rt%3Dreload&cc=no-store&sc=006&cs=chromium-https-immutable-reload-persist&n=1 HTTP/1.1" status=200 sc=006 v=- cs=chromium-https-immutable-reload-persist br=- rt=- inm="-" ims="-" ccreq="max-age=0"
2026-08-10T05:13:14+00:00 "GET /006/page?asset=%2F006%2Fasset%2Fapp.css%3Fv%3Dplain%26sc%3D006%26cs%3Dchromium-https-plain-nav%26br%3Dchromium%26rt%3Dnav&cc=no-store&sc=006&cs=chromium-https-plain-nav&n=1 HTTP/1.1" status=200 sc=006 v=- cs=chromium-https-plain-nav br=- rt=- inm="-" ims="-" ccreq="-"
2026-08-10T05:13:14+00:00 "GET /006/asset/app.css?v=plain&sc=006&cs=chromium-https-plain-nav&br=chromium&rt=nav HTTP/1.1" status=200 sc=006 v=plain cs=chromium-https-plain-nav br=chromium rt=nav inm="-" ims="-" ccreq="-"
2026-08-10T05:13:15+00:00 "GET /006/page?asset=%2F006%2Fasset%2Fapp.css%3Fv%3Dplain%26sc%3D006%26cs%3Dchromium-https-plain-nav%26br%3Dchromium%26rt%3Dnav&cc=no-store&sc=006&cs=chromium-https-plain-nav&n=2 HTTP/1.1" status=200 sc=006 v=- cs=chromium-https-plain-nav br=- rt=- inm="-" ims="-" ccreq="-"
2026-08-10T05:13:16+00:00 "GET /006/page?asset=%2F006%2Fasset%2Fapp.css%3Fv%3Dnostore%26sc%3D006%26cs%3Dchromium-https-nostore-nav%26br%3Dchromium%26rt%3Dnav&cc=no-store&sc=006&cs=chromium-https-nostore-nav&n=1 HTTP/1.1" status=200 sc=006 v=- cs=chromium-https-nostore-nav br=- rt=- inm="-" ims="-" ccreq="-"
2026-08-10T05:13:16+00:00 "GET /006/asset/app.css?v=nostore&sc=006&cs=chromium-https-nostore-nav&br=chromium&rt=nav HTTP/1.1" status=200 sc=006 v=nostore cs=chromium-https-nostore-nav br=chromium rt=nav inm="-" ims="-" ccreq="-"
2026-08-10T05:13:16+00:00 "GET /006/page?asset=%2F006%2Fasset%2Fapp.css%3Fv%3Dnostore%26sc%3D006%26cs%3Dchromium-https-nostore-nav%26br%3Dchromium%26rt%3Dnav&cc=no-store&sc=006&cs=chromium-https-nostore-nav&n=2 HTTP/1.1" status=200 sc=006 v=- cs=chromium-https-nostore-nav br=- rt=- inm="-" ims="-" ccreq="-"
2026-08-10T05:13:16+00:00 "GET /006/asset/app.css?v=nostore&sc=006&cs=chromium-https-nostore-nav&br=chromium&rt=nav HTTP/1.1" status=200 sc=006 v=nostore cs=chromium-https-nostore-nav br=chromium rt=nav inm="-" ims="-" ccreq="-"
2026-08-10T05:13:18+00:00 "GET /006/page?asset=%2F006%2Fasset%2Fapp.css%3Fv%3Dplain%26sc%3D006%26cs%3Dchromium-https-plain-nav%26br%3Dchromium%26rt%3Dnav&cc=no-store&sc=006&cs=chromium-https-plain-nav&n=1 HTTP/1.1" status=200 sc=006 v=- cs=chromium-https-plain-nav br=- rt=- inm="-" ims="-" ccreq="-"
2026-08-10T05:13:18+00:00 "GET /006/asset/app.css?v=plain&sc=006&cs=chromium-https-plain-nav&br=chromium&rt=nav HTTP/1.1" status=200 sc=006 v=plain cs=chromium-https-plain-nav br=chromium rt=nav inm="-" ims="-" ccreq="-"
2026-08-10T05:13:18+00:00 "GET /006/page?asset=%2F006%2Fasset%2Fapp.css%3Fv%3Dplain%26sc%3D006%26cs%3Dchromium-https-plain-nav%26br%3Dchromium%26rt%3Dnav&cc=no-store&sc=006&cs=chromium-https-plain-nav&n=2 HTTP/1.1" status=200 sc=006 v=- cs=chromium-https-plain-nav br=- rt=- inm="-" ims="-" ccreq="-"
2026-08-10T05:13:19+00:00 "GET /006/page?asset=%2F006%2Fasset%2Fapp.css%3Fv%3Dplain%26sc%3D006%26cs%3Dchromium-https-plain-reload%26br%3Dchromium%26rt%3Dreload&cc=no-store&sc=006&cs=chromium-https-plain-reload&n=1 HTTP/1.1" status=200 sc=006 v=- cs=chromium-https-plain-reload br=- rt=- inm="-" ims="-" ccreq="-"
2026-08-10T05:13:19+00:00 "GET /006/asset/app.css?v=plain&sc=006&cs=chromium-https-plain-reload&br=chromium&rt=reload HTTP/1.1" status=200 sc=006 v=plain cs=chromium-https-plain-reload br=chromium rt=reload inm="-" ims="-" ccreq="-"
2026-08-10T05:13:20+00:00 "GET /006/page?asset=%2F006%2Fasset%2Fapp.css%3Fv%3Dplain%26sc%3D006%26cs%3Dchromium-https-plain-reload%26br%3Dchromium%26rt%3Dreload&cc=no-store&sc=006&cs=chromium-https-plain-reload&n=1 HTTP/1.1" status=200 sc=006 v=- cs=chromium-https-plain-reload br=- rt=- inm="-" ims="-" ccreq="max-age=0"
2026-08-10T05:13:21+00:00 "GET /006/page?asset=%2F006%2Fasset%2Fapp.css%3Fv%3Dmustrev%26sc%3D006%26cs%3Dchromium-https-mustrev-nav%26br%3Dchromium%26rt%3Dnav&cc=no-store&sc=006&cs=chromium-https-mustrev-nav&n=1 HTTP/1.1" status=200 sc=006 v=- cs=chromium-https-mustrev-nav br=- rt=- inm="-" ims="-" ccreq="-"
2026-08-10T05:13:21+00:00 "GET /006/asset/app.css?v=mustrev&sc=006&cs=chromium-https-mustrev-nav&br=chromium&rt=nav HTTP/1.1" status=200 sc=006 v=mustrev cs=chromium-https-mustrev-nav br=chromium rt=nav inm="-" ims="-" ccreq="-"
2026-08-10T05:13:22+00:00 "GET /006/page?asset=%2F006%2Fasset%2Fapp.css%3Fv%3Dmustrev%26sc%3D006%26cs%3Dchromium-https-mustrev-nav%26br%3Dchromium%26rt%3Dnav&cc=no-store&sc=006&cs=chromium-https-mustrev-nav&n=2 HTTP/1.1" status=200 sc=006 v=- cs=chromium-https-mustrev-nav br=- rt=- inm="-" ims="-" ccreq="-"
2026-08-10T05:13:23+00:00 "GET /006/page?asset=%2F006%2Fasset%2Fapp.css%3Fv%3Dmustrev%26sc%3D006%26cs%3Dchromium-https-mustrev-reload%26br%3Dchromium%26rt%3Dreload&cc=no-store&sc=006&cs=chromium-https-mustrev-reload&n=1 HTTP/1.1" status=200 sc=006 v=- cs=chromium-https-mustrev-reload br=- rt=- inm="-" ims="-" ccreq="-"
2026-08-10T05:13:23+00:00 "GET /006/asset/app.css?v=mustrev&sc=006&cs=chromium-https-mustrev-reload&br=chromium&rt=reload HTTP/1.1" status=200 sc=006 v=mustrev cs=chromium-https-mustrev-reload br=chromium rt=reload inm="-" ims="-" ccreq="-"
2026-08-10T05:13:24+00:00 "GET /006/page?asset=%2F006%2Fasset%2Fapp.css%3Fv%3Dmustrev%26sc%3D006%26cs%3Dchromium-https-mustrev-reload%26br%3Dchromium%26rt%3Dreload&cc=no-store&sc=006&cs=chromium-https-mustrev-reload&n=1 HTTP/1.1" status=200 sc=006 v=- cs=chromium-https-mustrev-reload br=- rt=- inm="-" ims="-" ccreq="max-age=0"
2026-08-10T05:13:25+00:00 "GET /006/page?asset=%2F006%2Fasset%2Fapp.css%3Fv%3Dnocache%26sc%3D006%26cs%3Dchromium-https-nocache-nav%26br%3Dchromium%26rt%3Dnav&cc=no-store&sc=006&cs=chromium-https-nocache-nav&n=1 HTTP/1.1" status=200 sc=006 v=- cs=chromium-https-nocache-nav br=- rt=- inm="-" ims="-" ccreq="-"
2026-08-10T05:13:25+00:00 "GET /006/asset/app.css?v=nocache&sc=006&cs=chromium-https-nocache-nav&br=chromium&rt=nav HTTP/1.1" status=200 sc=006 v=nocache cs=chromium-https-nocache-nav br=chromium rt=nav inm="-" ims="-" ccreq="-"
2026-08-10T05:13:26+00:00 "GET /006/page?asset=%2F006%2Fasset%2Fapp.css%3Fv%3Dnocache%26sc%3D006%26cs%3Dchromium-https-nocache-nav%26br%3Dchromium%26rt%3Dnav&cc=no-store&sc=006&cs=chromium-https-nocache-nav&n=2 HTTP/1.1" status=200 sc=006 v=- cs=chromium-https-nocache-nav br=- rt=- inm="-" ims="-" ccreq="-"
2026-08-10T05:13:26+00:00 "GET /006/asset/app.css?v=nocache&sc=006&cs=chromium-https-nocache-nav&br=chromium&rt=nav HTTP/1.1" status=304 sc=006 v=nocache cs=chromium-https-nocache-nav br=chromium rt=nav inm="\x226a79595e-156\x22" ims="Mon, 10 Aug 2026 04:53:50 GMT" ccreq="-"
2026-08-10T05:13:27+00:00 "GET /006/page?asset=%2F006%2Fasset%2Fapp.css%3Fv%3Dnocache%26sc%3D006%26cs%3Dchromium-https-nocache-reload%26br%3Dchromium%26rt%3Dreload&cc=no-store&sc=006&cs=chromium-https-nocache-reload&n=1 HTTP/1.1" status=200 sc=006 v=- cs=chromium-https-nocache-reload br=- rt=- inm="-" ims="-" ccreq="-"
2026-08-10T05:13:27+00:00 "GET /006/asset/app.css?v=nocache&sc=006&cs=chromium-https-nocache-reload&br=chromium&rt=reload HTTP/1.1" status=200 sc=006 v=nocache cs=chromium-https-nocache-reload br=chromium rt=reload inm="-" ims="-" ccreq="-"
2026-08-10T05:13:27+00:00 "GET /006/page?asset=%2F006%2Fasset%2Fapp.css%3Fv%3Dnocache%26sc%3D006%26cs%3Dchromium-https-nocache-reload%26br%3Dchromium%26rt%3Dreload&cc=no-store&sc=006&cs=chromium-https-nocache-reload&n=1 HTTP/1.1" status=200 sc=006 v=- cs=chromium-https-nocache-reload br=- rt=- inm="-" ims="-" ccreq="max-age=0"
2026-08-10T05:13:27+00:00 "GET /006/asset/app.css?v=nocache&sc=006&cs=chromium-https-nocache-reload&br=chromium&rt=reload HTTP/1.1" status=304 sc=006 v=nocache cs=chromium-https-nocache-reload br=chromium rt=reload inm="\x226a79595e-156\x22" ims="Mon, 10 Aug 2026 04:53:50 GMT" ccreq="-"
2026-08-10T05:14:15+00:00 "GET /006/page?asset=%2F006%2Fasset%2Fapp.css%3Fv%3Dplain%26sc%3D006%26cs%3Dchromium-http-plain-nav%26br%3Dchromium%26rt%3Dnav&cc=no-store&sc=006&cs=chromium-http-plain-nav&n=1 HTTP/1.1" status=200 sc=006 v=- cs=chromium-http-plain-nav br=- rt=- inm="-" ims="-" ccreq="-"
2026-08-10T05:14:15+00:00 "GET /006/asset/app.css?v=plain&sc=006&cs=chromium-http-plain-nav&br=chromium&rt=nav HTTP/1.1" status=200 sc=006 v=plain cs=chromium-http-plain-nav br=chromium rt=nav inm="-" ims="-" ccreq="-"
2026-08-10T05:14:16+00:00 "GET /006/page?asset=%2F006%2Fasset%2Fapp.css%3Fv%3Dplain%26sc%3D006%26cs%3Dchromium-http-plain-nav%26br%3Dchromium%26rt%3Dnav&cc=no-store&sc=006&cs=chromium-http-plain-nav&n=2 HTTP/1.1" status=200 sc=006 v=- cs=chromium-http-plain-nav br=- rt=- inm="-" ims="-" ccreq="-"
2026-08-10T05:14:17+00:00 "GET /006/page?asset=%2F006%2Fasset%2Fapp.css%3Fv%3Dnostore%26sc%3D006%26cs%3Dchromium-http-nostore-nav%26br%3Dchromium%26rt%3Dnav&cc=no-store&sc=006&cs=chromium-http-nostore-nav&n=1 HTTP/1.1" status=200 sc=006 v=- cs=chromium-http-nostore-nav br=- rt=- inm="-" ims="-" ccreq="-"
2026-08-10T05:14:17+00:00 "GET /006/asset/app.css?v=nostore&sc=006&cs=chromium-http-nostore-nav&br=chromium&rt=nav HTTP/1.1" status=200 sc=006 v=nostore cs=chromium-http-nostore-nav br=chromium rt=nav inm="-" ims="-" ccreq="-"
2026-08-10T05:14:18+00:00 "GET /006/page?asset=%2F006%2Fasset%2Fapp.css%3Fv%3Dnostore%26sc%3D006%26cs%3Dchromium-http-nostore-nav%26br%3Dchromium%26rt%3Dnav&cc=no-store&sc=006&cs=chromium-http-nostore-nav&n=2 HTTP/1.1" status=200 sc=006 v=- cs=chromium-http-nostore-nav br=- rt=- inm="-" ims="-" ccreq="-"
2026-08-10T05:14:18+00:00 "GET /006/asset/app.css?v=nostore&sc=006&cs=chromium-http-nostore-nav&br=chromium&rt=nav HTTP/1.1" status=200 sc=006 v=nostore cs=chromium-http-nostore-nav br=chromium rt=nav inm="-" ims="-" ccreq="-"
2026-08-10T05:14:19+00:00 "GET /006/page?asset=%2F006%2Fasset%2Fapp.css%3Fv%3Dnocache%26sc%3D006%26cs%3Dchromium-http-nocache-nav%26br%3Dchromium%26rt%3Dnav&cc=no-store&sc=006&cs=chromium-http-nocache-nav&n=1 HTTP/1.1" status=200 sc=006 v=- cs=chromium-http-nocache-nav br=- rt=- inm="-" ims="-" ccreq="-"
2026-08-10T05:14:19+00:00 "GET /006/asset/app.css?v=nocache&sc=006&cs=chromium-http-nocache-nav&br=chromium&rt=nav HTTP/1.1" status=200 sc=006 v=nocache cs=chromium-http-nocache-nav br=chromium rt=nav inm="-" ims="-" ccreq="-"
2026-08-10T05:14:20+00:00 "GET /006/page?asset=%2F006%2Fasset%2Fapp.css%3Fv%3Dnocache%26sc%3D006%26cs%3Dchromium-http-nocache-nav%26br%3Dchromium%26rt%3Dnav&cc=no-store&sc=006&cs=chromium-http-nocache-nav&n=2 HTTP/1.1" status=200 sc=006 v=- cs=chromium-http-nocache-nav br=- rt=- inm="-" ims="-" ccreq="-"
2026-08-10T05:14:20+00:00 "GET /006/asset/app.css?v=nocache&sc=006&cs=chromium-http-nocache-nav&br=chromium&rt=nav HTTP/1.1" status=304 sc=006 v=nocache cs=chromium-http-nocache-nav br=chromium rt=nav inm="\x226a79595e-156\x22" ims="Mon, 10 Aug 2026 04:53:50 GMT" ccreq="-"
2026-08-10T05:14:21+00:00 "GET /006/page?asset=%2F006%2Fasset%2Fapp.css%3Fv%3Dplain%26sc%3D006%26cs%3Dchromium-https-plain-nav%26br%3Dchromium%26rt%3Dnav&cc=no-store&sc=006&cs=chromium-https-plain-nav&n=1 HTTP/1.1" status=200 sc=006 v=- cs=chromium-https-plain-nav br=- rt=- inm="-" ims="-" ccreq="-"
2026-08-10T05:14:21+00:00 "GET /006/asset/app.css?v=plain&sc=006&cs=chromium-https-plain-nav&br=chromium&rt=nav HTTP/1.1" status=200 sc=006 v=plain cs=chromium-https-plain-nav br=chromium rt=nav inm="-" ims="-" ccreq="-"
2026-08-10T05:14:21+00:00 "GET /006/page?asset=%2F006%2Fasset%2Fapp.css%3Fv%3Dplain%26sc%3D006%26cs%3Dchromium-https-plain-nav%26br%3Dchromium%26rt%3Dnav&cc=no-store&sc=006&cs=chromium-https-plain-nav&n=2 HTTP/1.1" status=200 sc=006 v=- cs=chromium-https-plain-nav br=- rt=- inm="-" ims="-" ccreq="-"
2026-08-10T05:14:22+00:00 "GET /006/page?asset=%2F006%2Fasset%2Fapp.css%3Fv%3Dnostore%26sc%3D006%26cs%3Dchromium-https-nostore-nav%26br%3Dchromium%26rt%3Dnav&cc=no-store&sc=006&cs=chromium-https-nostore-nav&n=1 HTTP/1.1" status=200 sc=006 v=- cs=chromium-https-nostore-nav br=- rt=- inm="-" ims="-" ccreq="-"
2026-08-10T05:14:22+00:00 "GET /006/asset/app.css?v=nostore&sc=006&cs=chromium-https-nostore-nav&br=chromium&rt=nav HTTP/1.1" status=200 sc=006 v=nostore cs=chromium-https-nostore-nav br=chromium rt=nav inm="-" ims="-" ccreq="-"
2026-08-10T05:14:23+00:00 "GET /006/page?asset=%2F006%2Fasset%2Fapp.css%3Fv%3Dnostore%26sc%3D006%26cs%3Dchromium-https-nostore-nav%26br%3Dchromium%26rt%3Dnav&cc=no-store&sc=006&cs=chromium-https-nostore-nav&n=2 HTTP/1.1" status=200 sc=006 v=- cs=chromium-https-nostore-nav br=- rt=- inm="-" ims="-" ccreq="-"
2026-08-10T05:14:23+00:00 "GET /006/asset/app.css?v=nostore&sc=006&cs=chromium-https-nostore-nav&br=chromium&rt=nav HTTP/1.1" status=200 sc=006 v=nostore cs=chromium-https-nostore-nav br=chromium rt=nav inm="-" ims="-" ccreq="-"
2026-08-10T05:14:24+00:00 "GET /006/page?asset=%2F006%2Fasset%2Fapp.css%3Fv%3Dnocache%26sc%3D006%26cs%3Dchromium-https-nocache-nav%26br%3Dchromium%26rt%3Dnav&cc=no-store&sc=006&cs=chromium-https-nocache-nav&n=1 HTTP/1.1" status=200 sc=006 v=- cs=chromium-https-nocache-nav br=- rt=- inm="-" ims="-" ccreq="-"
2026-08-10T05:14:24+00:00 "GET /006/asset/app.css?v=nocache&sc=006&cs=chromium-https-nocache-nav&br=chromium&rt=nav HTTP/1.1" status=200 sc=006 v=nocache cs=chromium-https-nocache-nav br=chromium rt=nav inm="-" ims="-" ccreq="-"
2026-08-10T05:14:25+00:00 "GET /006/page?asset=%2F006%2Fasset%2Fapp.css%3Fv%3Dnocache%26sc%3D006%26cs%3Dchromium-https-nocache-nav%26br%3Dchromium%26rt%3Dnav&cc=no-store&sc=006&cs=chromium-https-nocache-nav&n=2 HTTP/1.1" status=200 sc=006 v=- cs=chromium-https-nocache-nav br=- rt=- inm="-" ims="-" ccreq="-"
2026-08-10T05:14:25+00:00 "GET /006/asset/app.css?v=nocache&sc=006&cs=chromium-https-nocache-nav&br=chromium&rt=nav HTTP/1.1" status=304 sc=006 v=nocache cs=chromium-https-nocache-nav br=chromium rt=nav inm="\x226a79595e-156\x22" ims="Mon, 10 Aug 2026 04:53:50 GMT" ccreq="-"
2026-08-10T05:14:26+00:00 "GET /006/page?asset=%2F006%2Fasset%2Fapp.css%3Fv%3Dplain%26sc%3D006%26cs%3Dchromium-http-plain-nav%26br%3Dchromium%26rt%3Dnav&cc=no-store&sc=006&cs=chromium-http-plain-nav&n=1 HTTP/1.1" status=200 sc=006 v=- cs=chromium-http-plain-nav br=- rt=- inm="-" ims="-" ccreq="-"
2026-08-10T05:14:26+00:00 "GET /006/asset/app.css?v=plain&sc=006&cs=chromium-http-plain-nav&br=chromium&rt=nav HTTP/1.1" status=200 sc=006 v=plain cs=chromium-http-plain-nav br=chromium rt=nav inm="-" ims="-" ccreq="-"
2026-08-10T05:14:27+00:00 "GET /006/page?asset=%2F006%2Fasset%2Fapp.css%3Fv%3Dplain%26sc%3D006%26cs%3Dchromium-http-plain-nav%26br%3Dchromium%26rt%3Dnav&cc=no-store&sc=006&cs=chromium-http-plain-nav&n=2 HTTP/1.1" status=200 sc=006 v=- cs=chromium-http-plain-nav br=- rt=- inm="-" ims="-" ccreq="-"
2026-08-10T05:14:28+00:00 "GET /006/page?asset=%2F006%2Fasset%2Fapp.css%3Fv%3Dplain%26sc%3D006%26cs%3Dchromium-http-plain-reload%26br%3Dchromium%26rt%3Dreload&cc=no-store&sc=006&cs=chromium-http-plain-reload&n=1 HTTP/1.1" status=200 sc=006 v=- cs=chromium-http-plain-reload br=- rt=- inm="-" ims="-" ccreq="-"
2026-08-10T05:14:28+00:00 "GET /006/asset/app.css?v=plain&sc=006&cs=chromium-http-plain-reload&br=chromium&rt=reload HTTP/1.1" status=200 sc=006 v=plain cs=chromium-http-plain-reload br=chromium rt=reload inm="-" ims="-" ccreq="-"
2026-08-10T05:14:29+00:00 "GET /006/page?asset=%2F006%2Fasset%2Fapp.css%3Fv%3Dplain%26sc%3D006%26cs%3Dchromium-http-plain-reload%26br%3Dchromium%26rt%3Dreload&cc=no-store&sc=006&cs=chromium-http-plain-reload&n=1 HTTP/1.1" status=200 sc=006 v=- cs=chromium-http-plain-reload br=- rt=- inm="-" ims="-" ccreq="max-age=0"
2026-08-10T05:14:30+00:00 "GET /006/page?asset=%2F006%2Fasset%2Fapp.css%3Fv%3Dimmutable%26sc%3D006%26cs%3Dchromium-http-immutable-nav%26br%3Dchromium%26rt%3Dnav&cc=no-store&sc=006&cs=chromium-http-immutable-nav&n=1 HTTP/1.1" status=200 sc=006 v=- cs=chromium-http-immutable-nav br=- rt=- inm="-" ims="-" ccreq="-"
2026-08-10T05:14:30+00:00 "GET /006/asset/app.css?v=immutable&sc=006&cs=chromium-http-immutable-nav&br=chromium&rt=nav HTTP/1.1" status=200 sc=006 v=immutable cs=chromium-http-immutable-nav br=chromium rt=nav inm="-" ims="-" ccreq="-"
2026-08-10T05:14:30+00:00 "GET /006/page?asset=%2F006%2Fasset%2Fapp.css%3Fv%3Dimmutable%26sc%3D006%26cs%3Dchromium-http-immutable-nav%26br%3Dchromium%26rt%3Dnav&cc=no-store&sc=006&cs=chromium-http-immutable-nav&n=2 HTTP/1.1" status=200 sc=006 v=- cs=chromium-http-immutable-nav br=- rt=- inm="-" ims="-" ccreq="-"
2026-08-10T05:14:31+00:00 "GET /006/page?asset=%2F006%2Fasset%2Fapp.css%3Fv%3Dimmutable%26sc%3D006%26cs%3Dchromium-http-immutable-reload%26br%3Dchromium%26rt%3Dreload&cc=no-store&sc=006&cs=chromium-http-immutable-reload&n=1 HTTP/1.1" status=200 sc=006 v=- cs=chromium-http-immutable-reload br=- rt=- inm="-" ims="-" ccreq="-"
2026-08-10T05:14:31+00:00 "GET /006/asset/app.css?v=immutable&sc=006&cs=chromium-http-immutable-reload&br=chromium&rt=reload HTTP/1.1" status=200 sc=006 v=immutable cs=chromium-http-immutable-reload br=chromium rt=reload inm="-" ims="-" ccreq="-"
2026-08-10T05:14:32+00:00 "GET /006/page?asset=%2F006%2Fasset%2Fapp.css%3Fv%3Dimmutable%26sc%3D006%26cs%3Dchromium-http-immutable-reload%26br%3Dchromium%26rt%3Dreload&cc=no-store&sc=006&cs=chromium-http-immutable-reload&n=1 HTTP/1.1" status=200 sc=006 v=- cs=chromium-http-immutable-reload br=- rt=- inm="-" ims="-" ccreq="max-age=0"
2026-08-10T05:14:33+00:00 "GET /006/page?asset=%2F006%2Fasset%2Fapp.css%3Fv%3Dplain%26sc%3D006%26cs%3Dchromium-https-plain-nav%26br%3Dchromium%26rt%3Dnav&cc=no-store&sc=006&cs=chromium-https-plain-nav&n=1 HTTP/1.1" status=200 sc=006 v=- cs=chromium-https-plain-nav br=- rt=- inm="-" ims="-" ccreq="-"
2026-08-10T05:14:33+00:00 "GET /006/asset/app.css?v=plain&sc=006&cs=chromium-https-plain-nav&br=chromium&rt=nav HTTP/1.1" status=200 sc=006 v=plain cs=chromium-https-plain-nav br=chromium rt=nav inm="-" ims="-" ccreq="-"
2026-08-10T05:14:34+00:00 "GET /006/page?asset=%2F006%2Fasset%2Fapp.css%3Fv%3Dplain%26sc%3D006%26cs%3Dchromium-https-plain-nav%26br%3Dchromium%26rt%3Dnav&cc=no-store&sc=006&cs=chromium-https-plain-nav&n=2 HTTP/1.1" status=200 sc=006 v=- cs=chromium-https-plain-nav br=- rt=- inm="-" ims="-" ccreq="-"
2026-08-10T05:14:35+00:00 "GET /006/page?asset=%2F006%2Fasset%2Fapp.css%3Fv%3Dplain%26sc%3D006%26cs%3Dchromium-https-plain-reload%26br%3Dchromium%26rt%3Dreload&cc=no-store&sc=006&cs=chromium-https-plain-reload&n=1 HTTP/1.1" status=200 sc=006 v=- cs=chromium-https-plain-reload br=- rt=- inm="-" ims="-" ccreq="-"
2026-08-10T05:14:35+00:00 "GET /006/asset/app.css?v=plain&sc=006&cs=chromium-https-plain-reload&br=chromium&rt=reload HTTP/1.1" status=200 sc=006 v=plain cs=chromium-https-plain-reload br=chromium rt=reload inm="-" ims="-" ccreq="-"
2026-08-10T05:14:36+00:00 "GET /006/page?asset=%2F006%2Fasset%2Fapp.css%3Fv%3Dplain%26sc%3D006%26cs%3Dchromium-https-plain-reload%26br%3Dchromium%26rt%3Dreload&cc=no-store&sc=006&cs=chromium-https-plain-reload&n=1 HTTP/1.1" status=200 sc=006 v=- cs=chromium-https-plain-reload br=- rt=- inm="-" ims="-" ccreq="max-age=0"
2026-08-10T05:14:37+00:00 "GET /006/page?asset=%2F006%2Fasset%2Fapp.css%3Fv%3Dimmutable%26sc%3D006%26cs%3Dchromium-https-immutable-nav%26br%3Dchromium%26rt%3Dnav&cc=no-store&sc=006&cs=chromium-https-immutable-nav&n=1 HTTP/1.1" status=200 sc=006 v=- cs=chromium-https-immutable-nav br=- rt=- inm="-" ims="-" ccreq="-"
2026-08-10T05:14:37+00:00 "GET /006/asset/app.css?v=immutable&sc=006&cs=chromium-https-immutable-nav&br=chromium&rt=nav HTTP/1.1" status=200 sc=006 v=immutable cs=chromium-https-immutable-nav br=chromium rt=nav inm="-" ims="-" ccreq="-"
2026-08-10T05:14:38+00:00 "GET /006/page?asset=%2F006%2Fasset%2Fapp.css%3Fv%3Dimmutable%26sc%3D006%26cs%3Dchromium-https-immutable-nav%26br%3Dchromium%26rt%3Dnav&cc=no-store&sc=006&cs=chromium-https-immutable-nav&n=2 HTTP/1.1" status=200 sc=006 v=- cs=chromium-https-immutable-nav br=- rt=- inm="-" ims="-" ccreq="-"
2026-08-10T05:14:39+00:00 "GET /006/page?asset=%2F006%2Fasset%2Fapp.css%3Fv%3Dimmutable%26sc%3D006%26cs%3Dchromium-https-immutable-reload%26br%3Dchromium%26rt%3Dreload&cc=no-store&sc=006&cs=chromium-https-immutable-reload&n=1 HTTP/1.1" status=200 sc=006 v=- cs=chromium-https-immutable-reload br=- rt=- inm="-" ims="-" ccreq="-"
2026-08-10T05:14:39+00:00 "GET /006/asset/app.css?v=immutable&sc=006&cs=chromium-https-immutable-reload&br=chromium&rt=reload HTTP/1.1" status=200 sc=006 v=immutable cs=chromium-https-immutable-reload br=chromium rt=reload inm="-" ims="-" ccreq="-"
2026-08-10T05:14:39+00:00 "GET /006/page?asset=%2F006%2Fasset%2Fapp.css%3Fv%3Dimmutable%26sc%3D006%26cs%3Dchromium-https-immutable-reload%26br%3Dchromium%26rt%3Dreload&cc=no-store&sc=006&cs=chromium-https-immutable-reload&n=1 HTTP/1.1" status=200 sc=006 v=- cs=chromium-https-immutable-reload br=- rt=- inm="-" ims="-" ccreq="max-age=0"
2026-08-10T05:14:42+00:00 "GET /006/page?asset=%2F006%2Fasset%2Fapp.css%3Fv%3Dplain%26sc%3D006%26cs%3Dfirefox-http-plain-nav%26br%3Dfirefox%26rt%3Dnav&cc=no-store&sc=006&cs=firefox-http-plain-nav&n=1 HTTP/1.1" status=200 sc=006 v=- cs=firefox-http-plain-nav br=- rt=- inm="-" ims="-" ccreq="-"
2026-08-10T05:14:42+00:00 "GET /006/asset/app.css?v=plain&sc=006&cs=firefox-http-plain-nav&br=firefox&rt=nav HTTP/1.1" status=200 sc=006 v=plain cs=firefox-http-plain-nav br=firefox rt=nav inm="-" ims="-" ccreq="-"
2026-08-10T05:14:43+00:00 "GET /006/page?asset=%2F006%2Fasset%2Fapp.css%3Fv%3Dplain%26sc%3D006%26cs%3Dfirefox-http-plain-nav%26br%3Dfirefox%26rt%3Dnav&cc=no-store&sc=006&cs=firefox-http-plain-nav&n=2 HTTP/1.1" status=200 sc=006 v=- cs=firefox-http-plain-nav br=- rt=- inm="-" ims="-" ccreq="-"
2026-08-10T05:14:45+00:00 "GET /006/page?asset=%2F006%2Fasset%2Fapp.css%3Fv%3Dnostore%26sc%3D006%26cs%3Dfirefox-http-nostore-nav%26br%3Dfirefox%26rt%3Dnav&cc=no-store&sc=006&cs=firefox-http-nostore-nav&n=1 HTTP/1.1" status=200 sc=006 v=- cs=firefox-http-nostore-nav br=- rt=- inm="-" ims="-" ccreq="-"
2026-08-10T05:14:45+00:00 "GET /006/asset/app.css?v=nostore&sc=006&cs=firefox-http-nostore-nav&br=firefox&rt=nav HTTP/1.1" status=200 sc=006 v=nostore cs=firefox-http-nostore-nav br=firefox rt=nav inm="-" ims="-" ccreq="-"
2026-08-10T05:14:46+00:00 "GET /006/page?asset=%2F006%2Fasset%2Fapp.css%3Fv%3Dnostore%26sc%3D006%26cs%3Dfirefox-http-nostore-nav%26br%3Dfirefox%26rt%3Dnav&cc=no-store&sc=006&cs=firefox-http-nostore-nav&n=2 HTTP/1.1" status=200 sc=006 v=- cs=firefox-http-nostore-nav br=- rt=- inm="-" ims="-" ccreq="-"
2026-08-10T05:14:46+00:00 "GET /006/asset/app.css?v=nostore&sc=006&cs=firefox-http-nostore-nav&br=firefox&rt=nav HTTP/1.1" status=200 sc=006 v=nostore cs=firefox-http-nostore-nav br=firefox rt=nav inm="-" ims="-" ccreq="-"
2026-08-10T05:14:48+00:00 "GET /006/page?asset=%2F006%2Fasset%2Fapp.css%3Fv%3Dnocache%26sc%3D006%26cs%3Dfirefox-http-nocache-nav%26br%3Dfirefox%26rt%3Dnav&cc=no-store&sc=006&cs=firefox-http-nocache-nav&n=1 HTTP/1.1" status=200 sc=006 v=- cs=firefox-http-nocache-nav br=- rt=- inm="-" ims="-" ccreq="-"
2026-08-10T05:14:48+00:00 "GET /006/asset/app.css?v=nocache&sc=006&cs=firefox-http-nocache-nav&br=firefox&rt=nav HTTP/1.1" status=200 sc=006 v=nocache cs=firefox-http-nocache-nav br=firefox rt=nav inm="-" ims="-" ccreq="-"
2026-08-10T05:14:49+00:00 "GET /006/page?asset=%2F006%2Fasset%2Fapp.css%3Fv%3Dnocache%26sc%3D006%26cs%3Dfirefox-http-nocache-nav%26br%3Dfirefox%26rt%3Dnav&cc=no-store&sc=006&cs=firefox-http-nocache-nav&n=2 HTTP/1.1" status=200 sc=006 v=- cs=firefox-http-nocache-nav br=- rt=- inm="-" ims="-" ccreq="-"
2026-08-10T05:14:49+00:00 "GET /006/asset/app.css?v=nocache&sc=006&cs=firefox-http-nocache-nav&br=firefox&rt=nav HTTP/1.1" status=304 sc=006 v=nocache cs=firefox-http-nocache-nav br=firefox rt=nav inm="\x226a79595e-156\x22" ims="Mon, 10 Aug 2026 04:53:50 GMT" ccreq="-"
2026-08-10T05:14:51+00:00 "GET /006/page?asset=%2F006%2Fasset%2Fapp.css%3Fv%3Dplain%26sc%3D006%26cs%3Dfirefox-https-plain-nav%26br%3Dfirefox%26rt%3Dnav&cc=no-store&sc=006&cs=firefox-https-plain-nav&n=1 HTTP/1.1" status=200 sc=006 v=- cs=firefox-https-plain-nav br=- rt=- inm="-" ims="-" ccreq="-"
2026-08-10T05:14:51+00:00 "GET /006/asset/app.css?v=plain&sc=006&cs=firefox-https-plain-nav&br=firefox&rt=nav HTTP/1.1" status=200 sc=006 v=plain cs=firefox-https-plain-nav br=firefox rt=nav inm="-" ims="-" ccreq="-"
2026-08-10T05:14:52+00:00 "GET /006/page?asset=%2F006%2Fasset%2Fapp.css%3Fv%3Dplain%26sc%3D006%26cs%3Dfirefox-https-plain-nav%26br%3Dfirefox%26rt%3Dnav&cc=no-store&sc=006&cs=firefox-https-plain-nav&n=2 HTTP/1.1" status=200 sc=006 v=- cs=firefox-https-plain-nav br=- rt=- inm="-" ims="-" ccreq="-"
2026-08-10T05:14:54+00:00 "GET /006/page?asset=%2F006%2Fasset%2Fapp.css%3Fv%3Dnostore%26sc%3D006%26cs%3Dfirefox-https-nostore-nav%26br%3Dfirefox%26rt%3Dnav&cc=no-store&sc=006&cs=firefox-https-nostore-nav&n=1 HTTP/1.1" status=200 sc=006 v=- cs=firefox-https-nostore-nav br=- rt=- inm="-" ims="-" ccreq="-"
2026-08-10T05:14:54+00:00 "GET /006/asset/app.css?v=nostore&sc=006&cs=firefox-https-nostore-nav&br=firefox&rt=nav HTTP/1.1" status=200 sc=006 v=nostore cs=firefox-https-nostore-nav br=firefox rt=nav inm="-" ims="-" ccreq="-"
2026-08-10T05:14:55+00:00 "GET /006/page?asset=%2F006%2Fasset%2Fapp.css%3Fv%3Dnostore%26sc%3D006%26cs%3Dfirefox-https-nostore-nav%26br%3Dfirefox%26rt%3Dnav&cc=no-store&sc=006&cs=firefox-https-nostore-nav&n=2 HTTP/1.1" status=200 sc=006 v=- cs=firefox-https-nostore-nav br=- rt=- inm="-" ims="-" ccreq="-"
2026-08-10T05:14:55+00:00 "GET /006/asset/app.css?v=nostore&sc=006&cs=firefox-https-nostore-nav&br=firefox&rt=nav HTTP/1.1" status=200 sc=006 v=nostore cs=firefox-https-nostore-nav br=firefox rt=nav inm="-" ims="-" ccreq="-"
2026-08-10T05:14:57+00:00 "GET /006/page?asset=%2F006%2Fasset%2Fapp.css%3Fv%3Dnocache%26sc%3D006%26cs%3Dfirefox-https-nocache-nav%26br%3Dfirefox%26rt%3Dnav&cc=no-store&sc=006&cs=firefox-https-nocache-nav&n=1 HTTP/1.1" status=200 sc=006 v=- cs=firefox-https-nocache-nav br=- rt=- inm="-" ims="-" ccreq="-"
2026-08-10T05:14:57+00:00 "GET /006/asset/app.css?v=nocache&sc=006&cs=firefox-https-nocache-nav&br=firefox&rt=nav HTTP/1.1" status=200 sc=006 v=nocache cs=firefox-https-nocache-nav br=firefox rt=nav inm="-" ims="-" ccreq="-"
2026-08-10T05:14:58+00:00 "GET /006/page?asset=%2F006%2Fasset%2Fapp.css%3Fv%3Dnocache%26sc%3D006%26cs%3Dfirefox-https-nocache-nav%26br%3Dfirefox%26rt%3Dnav&cc=no-store&sc=006&cs=firefox-https-nocache-nav&n=2 HTTP/1.1" status=200 sc=006 v=- cs=firefox-https-nocache-nav br=- rt=- inm="-" ims="-" ccreq="-"
2026-08-10T05:14:58+00:00 "GET /006/asset/app.css?v=nocache&sc=006&cs=firefox-https-nocache-nav&br=firefox&rt=nav HTTP/1.1" status=304 sc=006 v=nocache cs=firefox-https-nocache-nav br=firefox rt=nav inm="\x226a79595e-156\x22" ims="Mon, 10 Aug 2026 04:53:50 GMT" ccreq="-"
2026-08-10T05:15:00+00:00 "GET /006/page?asset=%2F006%2Fasset%2Fapp.css%3Fv%3Dplain%26sc%3D006%26cs%3Dfirefox-http-plain-nav%26br%3Dfirefox%26rt%3Dnav&cc=no-store&sc=006&cs=firefox-http-plain-nav&n=1 HTTP/1.1" status=200 sc=006 v=- cs=firefox-http-plain-nav br=- rt=- inm="-" ims="-" ccreq="-"
2026-08-10T05:15:00+00:00 "GET /006/asset/app.css?v=plain&sc=006&cs=firefox-http-plain-nav&br=firefox&rt=nav HTTP/1.1" status=200 sc=006 v=plain cs=firefox-http-plain-nav br=firefox rt=nav inm="-" ims="-" ccreq="-"
2026-08-10T05:15:01+00:00 "GET /006/page?asset=%2F006%2Fasset%2Fapp.css%3Fv%3Dplain%26sc%3D006%26cs%3Dfirefox-http-plain-nav%26br%3Dfirefox%26rt%3Dnav&cc=no-store&sc=006&cs=firefox-http-plain-nav&n=2 HTTP/1.1" status=200 sc=006 v=- cs=firefox-http-plain-nav br=- rt=- inm="-" ims="-" ccreq="-"
2026-08-10T05:15:03+00:00 "GET /006/page?asset=%2F006%2Fasset%2Fapp.css%3Fv%3Dplain%26sc%3D006%26cs%3Dfirefox-http-plain-reload%26br%3Dfirefox%26rt%3Dreload&cc=no-store&sc=006&cs=firefox-http-plain-reload&n=1 HTTP/1.1" status=200 sc=006 v=- cs=firefox-http-plain-reload br=- rt=- inm="-" ims="-" ccreq="-"
2026-08-10T05:15:03+00:00 "GET /006/asset/app.css?v=plain&sc=006&cs=firefox-http-plain-reload&br=firefox&rt=reload HTTP/1.1" status=200 sc=006 v=plain cs=firefox-http-plain-reload br=firefox rt=reload inm="-" ims="-" ccreq="-"
2026-08-10T05:15:03+00:00 "GET /006/page?asset=%2F006%2Fasset%2Fapp.css%3Fv%3Dplain%26sc%3D006%26cs%3Dfirefox-http-plain-reload%26br%3Dfirefox%26rt%3Dreload&cc=no-store&sc=006&cs=firefox-http-plain-reload&n=1 HTTP/1.1" status=200 sc=006 v=- cs=firefox-http-plain-reload br=- rt=- inm="-" ims="-" ccreq="-"
2026-08-10T05:15:06+00:00 "GET /006/page?asset=%2F006%2Fasset%2Fapp.css%3Fv%3Dimmutable%26sc%3D006%26cs%3Dfirefox-http-immutable-nav%26br%3Dfirefox%26rt%3Dnav&cc=no-store&sc=006&cs=firefox-http-immutable-nav&n=1 HTTP/1.1" status=200 sc=006 v=- cs=firefox-http-immutable-nav br=- rt=- inm="-" ims="-" ccreq="-"
2026-08-10T05:15:06+00:00 "GET /006/asset/app.css?v=immutable&sc=006&cs=firefox-http-immutable-nav&br=firefox&rt=nav HTTP/1.1" status=200 sc=006 v=immutable cs=firefox-http-immutable-nav br=firefox rt=nav inm="-" ims="-" ccreq="-"
2026-08-10T05:15:06+00:00 "GET /006/page?asset=%2F006%2Fasset%2Fapp.css%3Fv%3Dimmutable%26sc%3D006%26cs%3Dfirefox-http-immutable-nav%26br%3Dfirefox%26rt%3Dnav&cc=no-store&sc=006&cs=firefox-http-immutable-nav&n=2 HTTP/1.1" status=200 sc=006 v=- cs=firefox-http-immutable-nav br=- rt=- inm="-" ims="-" ccreq="-"
2026-08-10T05:15:08+00:00 "GET /006/page?asset=%2F006%2Fasset%2Fapp.css%3Fv%3Dimmutable%26sc%3D006%26cs%3Dfirefox-http-immutable-reload%26br%3Dfirefox%26rt%3Dreload&cc=no-store&sc=006&cs=firefox-http-immutable-reload&n=1 HTTP/1.1" status=200 sc=006 v=- cs=firefox-http-immutable-reload br=- rt=- inm="-" ims="-" ccreq="-"
2026-08-10T05:15:09+00:00 "GET /006/asset/app.css?v=immutable&sc=006&cs=firefox-http-immutable-reload&br=firefox&rt=reload HTTP/1.1" status=200 sc=006 v=immutable cs=firefox-http-immutable-reload br=firefox rt=reload inm="-" ims="-" ccreq="-"
2026-08-10T05:15:09+00:00 "GET /006/page?asset=%2F006%2Fasset%2Fapp.css%3Fv%3Dimmutable%26sc%3D006%26cs%3Dfirefox-http-immutable-reload%26br%3Dfirefox%26rt%3Dreload&cc=no-store&sc=006&cs=firefox-http-immutable-reload&n=1 HTTP/1.1" status=200 sc=006 v=- cs=firefox-http-immutable-reload br=- rt=- inm="-" ims="-" ccreq="-"
2026-08-10T05:15:11+00:00 "GET /006/page?asset=%2F006%2Fasset%2Fapp.css%3Fv%3Dplain%26sc%3D006%26cs%3Dfirefox-https-plain-nav%26br%3Dfirefox%26rt%3Dnav&cc=no-store&sc=006&cs=firefox-https-plain-nav&n=1 HTTP/1.1" status=200 sc=006 v=- cs=firefox-https-plain-nav br=- rt=- inm="-" ims="-" ccreq="-"
2026-08-10T05:15:11+00:00 "GET /006/asset/app.css?v=plain&sc=006&cs=firefox-https-plain-nav&br=firefox&rt=nav HTTP/1.1" status=200 sc=006 v=plain cs=firefox-https-plain-nav br=firefox rt=nav inm="-" ims="-" ccreq="-"
2026-08-10T05:15:12+00:00 "GET /006/page?asset=%2F006%2Fasset%2Fapp.css%3Fv%3Dplain%26sc%3D006%26cs%3Dfirefox-https-plain-nav%26br%3Dfirefox%26rt%3Dnav&cc=no-store&sc=006&cs=firefox-https-plain-nav&n=2 HTTP/1.1" status=200 sc=006 v=- cs=firefox-https-plain-nav br=- rt=- inm="-" ims="-" ccreq="-"
2026-08-10T05:15:14+00:00 "GET /006/page?asset=%2F006%2Fasset%2Fapp.css%3Fv%3Dplain%26sc%3D006%26cs%3Dfirefox-https-plain-reload%26br%3Dfirefox%26rt%3Dreload&cc=no-store&sc=006&cs=firefox-https-plain-reload&n=1 HTTP/1.1" status=200 sc=006 v=- cs=firefox-https-plain-reload br=- rt=- inm="-" ims="-" ccreq="-"
2026-08-10T05:15:14+00:00 "GET /006/asset/app.css?v=plain&sc=006&cs=firefox-https-plain-reload&br=firefox&rt=reload HTTP/1.1" status=200 sc=006 v=plain cs=firefox-https-plain-reload br=firefox rt=reload inm="-" ims="-" ccreq="-"
2026-08-10T05:15:15+00:00 "GET /006/page?asset=%2F006%2Fasset%2Fapp.css%3Fv%3Dplain%26sc%3D006%26cs%3Dfirefox-https-plain-reload%26br%3Dfirefox%26rt%3Dreload&cc=no-store&sc=006&cs=firefox-https-plain-reload&n=1 HTTP/1.1" status=200 sc=006 v=- cs=firefox-https-plain-reload br=- rt=- inm="-" ims="-" ccreq="-"
2026-08-10T05:15:17+00:00 "GET /006/page?asset=%2F006%2Fasset%2Fapp.css%3Fv%3Dimmutable%26sc%3D006%26cs%3Dfirefox-https-immutable-nav%26br%3Dfirefox%26rt%3Dnav&cc=no-store&sc=006&cs=firefox-https-immutable-nav&n=1 HTTP/1.1" status=200 sc=006 v=- cs=firefox-https-immutable-nav br=- rt=- inm="-" ims="-" ccreq="-"
2026-08-10T05:15:17+00:00 "GET /006/asset/app.css?v=immutable&sc=006&cs=firefox-https-immutable-nav&br=firefox&rt=nav HTTP/1.1" status=200 sc=006 v=immutable cs=firefox-https-immutable-nav br=firefox rt=nav inm="-" ims="-" ccreq="-"
2026-08-10T05:15:18+00:00 "GET /006/page?asset=%2F006%2Fasset%2Fapp.css%3Fv%3Dimmutable%26sc%3D006%26cs%3Dfirefox-https-immutable-nav%26br%3Dfirefox%26rt%3Dnav&cc=no-store&sc=006&cs=firefox-https-immutable-nav&n=2 HTTP/1.1" status=200 sc=006 v=- cs=firefox-https-immutable-nav br=- rt=- inm="-" ims="-" ccreq="-"
2026-08-10T05:15:20+00:00 "GET /006/page?asset=%2F006%2Fasset%2Fapp.css%3Fv%3Dimmutable%26sc%3D006%26cs%3Dfirefox-https-immutable-reload%26br%3Dfirefox%26rt%3Dreload&cc=no-store&sc=006&cs=firefox-https-immutable-reload&n=1 HTTP/1.1" status=200 sc=006 v=- cs=firefox-https-immutable-reload br=- rt=- inm="-" ims="-" ccreq="-"
2026-08-10T05:15:20+00:00 "GET /006/asset/app.css?v=immutable&sc=006&cs=firefox-https-immutable-reload&br=firefox&rt=reload HTTP/1.1" status=200 sc=006 v=immutable cs=firefox-https-immutable-reload br=firefox rt=reload inm="-" ims="-" ccreq="-"
2026-08-10T05:15:21+00:00 "GET /006/page?asset=%2F006%2Fasset%2Fapp.css%3Fv%3Dimmutable%26sc%3D006%26cs%3Dfirefox-https-immutable-reload%26br%3Dfirefox%26rt%3Dreload&cc=no-store&sc=006&cs=firefox-https-immutable-reload&n=1 HTTP/1.1" status=200 sc=006 v=- cs=firefox-https-immutable-reload br=- rt=- inm="-" ims="-" ccreq="-"
2026-08-10T05:15:23+00:00 "GET /006/page?asset=%2F006%2Fasset%2Fapp.css%3Fv%3Dplain%26sc%3D006%26cs%3Dwebkit-http-plain-nav%26br%3Dwebkit%26rt%3Dnav&cc=no-store&sc=006&cs=webkit-http-plain-nav&n=1 HTTP/1.1" status=200 sc=006 v=- cs=webkit-http-plain-nav br=- rt=- inm="-" ims="-" ccreq="-"
2026-08-10T05:15:23+00:00 "GET /006/asset/app.css?v=plain&sc=006&cs=webkit-http-plain-nav&br=webkit&rt=nav HTTP/1.1" status=200 sc=006 v=plain cs=webkit-http-plain-nav br=webkit rt=nav inm="-" ims="-" ccreq="-"
2026-08-10T05:15:24+00:00 "GET /006/page?asset=%2F006%2Fasset%2Fapp.css%3Fv%3Dplain%26sc%3D006%26cs%3Dwebkit-http-plain-nav%26br%3Dwebkit%26rt%3Dnav&cc=no-store&sc=006&cs=webkit-http-plain-nav&n=2 HTTP/1.1" status=200 sc=006 v=- cs=webkit-http-plain-nav br=- rt=- inm="-" ims="-" ccreq="-"
2026-08-10T05:15:25+00:00 "GET /006/page?asset=%2F006%2Fasset%2Fapp.css%3Fv%3Dnostore%26sc%3D006%26cs%3Dwebkit-http-nostore-nav%26br%3Dwebkit%26rt%3Dnav&cc=no-store&sc=006&cs=webkit-http-nostore-nav&n=1 HTTP/1.1" status=200 sc=006 v=- cs=webkit-http-nostore-nav br=- rt=- inm="-" ims="-" ccreq="-"
2026-08-10T05:15:25+00:00 "GET /006/asset/app.css?v=nostore&sc=006&cs=webkit-http-nostore-nav&br=webkit&rt=nav HTTP/1.1" status=200 sc=006 v=nostore cs=webkit-http-nostore-nav br=webkit rt=nav inm="-" ims="-" ccreq="-"
2026-08-10T05:15:26+00:00 "GET /006/page?asset=%2F006%2Fasset%2Fapp.css%3Fv%3Dnostore%26sc%3D006%26cs%3Dwebkit-http-nostore-nav%26br%3Dwebkit%26rt%3Dnav&cc=no-store&sc=006&cs=webkit-http-nostore-nav&n=2 HTTP/1.1" status=200 sc=006 v=- cs=webkit-http-nostore-nav br=- rt=- inm="-" ims="-" ccreq="-"
2026-08-10T05:15:26+00:00 "GET /006/asset/app.css?v=nostore&sc=006&cs=webkit-http-nostore-nav&br=webkit&rt=nav HTTP/1.1" status=200 sc=006 v=nostore cs=webkit-http-nostore-nav br=webkit rt=nav inm="-" ims="-" ccreq="-"
2026-08-10T05:15:27+00:00 "GET /006/page?asset=%2F006%2Fasset%2Fapp.css%3Fv%3Dnocache%26sc%3D006%26cs%3Dwebkit-http-nocache-nav%26br%3Dwebkit%26rt%3Dnav&cc=no-store&sc=006&cs=webkit-http-nocache-nav&n=1 HTTP/1.1" status=200 sc=006 v=- cs=webkit-http-nocache-nav br=- rt=- inm="-" ims="-" ccreq="-"
2026-08-10T05:15:27+00:00 "GET /006/asset/app.css?v=nocache&sc=006&cs=webkit-http-nocache-nav&br=webkit&rt=nav HTTP/1.1" status=200 sc=006 v=nocache cs=webkit-http-nocache-nav br=webkit rt=nav inm="-" ims="-" ccreq="-"
2026-08-10T05:15:28+00:00 "GET /006/page?asset=%2F006%2Fasset%2Fapp.css%3Fv%3Dnocache%26sc%3D006%26cs%3Dwebkit-http-nocache-nav%26br%3Dwebkit%26rt%3Dnav&cc=no-store&sc=006&cs=webkit-http-nocache-nav&n=2 HTTP/1.1" status=200 sc=006 v=- cs=webkit-http-nocache-nav br=- rt=- inm="-" ims="-" ccreq="-"
2026-08-10T05:15:28+00:00 "GET /006/asset/app.css?v=nocache&sc=006&cs=webkit-http-nocache-nav&br=webkit&rt=nav HTTP/1.1" status=304 sc=006 v=nocache cs=webkit-http-nocache-nav br=webkit rt=nav inm="\x226a79595e-156\x22" ims="Mon, 10 Aug 2026 04:53:50 GMT" ccreq="-"
2026-08-10T05:15:29+00:00 "GET /006/page?asset=%2F006%2Fasset%2Fapp.css%3Fv%3Dplain%26sc%3D006%26cs%3Dwebkit-https-plain-nav%26br%3Dwebkit%26rt%3Dnav&cc=no-store&sc=006&cs=webkit-https-plain-nav&n=1 HTTP/1.1" status=200 sc=006 v=- cs=webkit-https-plain-nav br=- rt=- inm="-" ims="-" ccreq="-"
2026-08-10T05:15:29+00:00 "GET /006/asset/app.css?v=plain&sc=006&cs=webkit-https-plain-nav&br=webkit&rt=nav HTTP/1.1" status=200 sc=006 v=plain cs=webkit-https-plain-nav br=webkit rt=nav inm="-" ims="-" ccreq="-"
2026-08-10T05:15:30+00:00 "GET /006/page?asset=%2F006%2Fasset%2Fapp.css%3Fv%3Dplain%26sc%3D006%26cs%3Dwebkit-https-plain-nav%26br%3Dwebkit%26rt%3Dnav&cc=no-store&sc=006&cs=webkit-https-plain-nav&n=2 HTTP/1.1" status=200 sc=006 v=- cs=webkit-https-plain-nav br=- rt=- inm="-" ims="-" ccreq="-"
2026-08-10T05:15:32+00:00 "GET /006/page?asset=%2F006%2Fasset%2Fapp.css%3Fv%3Dnostore%26sc%3D006%26cs%3Dwebkit-https-nostore-nav%26br%3Dwebkit%26rt%3Dnav&cc=no-store&sc=006&cs=webkit-https-nostore-nav&n=1 HTTP/1.1" status=200 sc=006 v=- cs=webkit-https-nostore-nav br=- rt=- inm="-" ims="-" ccreq="-"
2026-08-10T05:15:32+00:00 "GET /006/asset/app.css?v=nostore&sc=006&cs=webkit-https-nostore-nav&br=webkit&rt=nav HTTP/1.1" status=200 sc=006 v=nostore cs=webkit-https-nostore-nav br=webkit rt=nav inm="-" ims="-" ccreq="-"
2026-08-10T05:15:32+00:00 "GET /006/page?asset=%2F006%2Fasset%2Fapp.css%3Fv%3Dnostore%26sc%3D006%26cs%3Dwebkit-https-nostore-nav%26br%3Dwebkit%26rt%3Dnav&cc=no-store&sc=006&cs=webkit-https-nostore-nav&n=2 HTTP/1.1" status=200 sc=006 v=- cs=webkit-https-nostore-nav br=- rt=- inm="-" ims="-" ccreq="-"
2026-08-10T05:15:32+00:00 "GET /006/asset/app.css?v=nostore&sc=006&cs=webkit-https-nostore-nav&br=webkit&rt=nav HTTP/1.1" status=200 sc=006 v=nostore cs=webkit-https-nostore-nav br=webkit rt=nav inm="-" ims="-" ccreq="-"
2026-08-10T05:15:34+00:00 "GET /006/page?asset=%2F006%2Fasset%2Fapp.css%3Fv%3Dnocache%26sc%3D006%26cs%3Dwebkit-https-nocache-nav%26br%3Dwebkit%26rt%3Dnav&cc=no-store&sc=006&cs=webkit-https-nocache-nav&n=1 HTTP/1.1" status=200 sc=006 v=- cs=webkit-https-nocache-nav br=- rt=- inm="-" ims="-" ccreq="-"
2026-08-10T05:15:34+00:00 "GET /006/asset/app.css?v=nocache&sc=006&cs=webkit-https-nocache-nav&br=webkit&rt=nav HTTP/1.1" status=200 sc=006 v=nocache cs=webkit-https-nocache-nav br=webkit rt=nav inm="-" ims="-" ccreq="-"
2026-08-10T05:15:34+00:00 "GET /006/page?asset=%2F006%2Fasset%2Fapp.css%3Fv%3Dnocache%26sc%3D006%26cs%3Dwebkit-https-nocache-nav%26br%3Dwebkit%26rt%3Dnav&cc=no-store&sc=006&cs=webkit-https-nocache-nav&n=2 HTTP/1.1" status=200 sc=006 v=- cs=webkit-https-nocache-nav br=- rt=- inm="-" ims="-" ccreq="-"
2026-08-10T05:15:34+00:00 "GET /006/asset/app.css?v=nocache&sc=006&cs=webkit-https-nocache-nav&br=webkit&rt=nav HTTP/1.1" status=304 sc=006 v=nocache cs=webkit-https-nocache-nav br=webkit rt=nav inm="\x226a79595e-156\x22" ims="Mon, 10 Aug 2026 04:53:50 GMT" ccreq="-"
2026-08-10T05:15:36+00:00 "GET /006/page?asset=%2F006%2Fasset%2Fapp.css%3Fv%3Dplain%26sc%3D006%26cs%3Dwebkit-http-plain-nav%26br%3Dwebkit%26rt%3Dnav&cc=no-store&sc=006&cs=webkit-http-plain-nav&n=1 HTTP/1.1" status=200 sc=006 v=- cs=webkit-http-plain-nav br=- rt=- inm="-" ims="-" ccreq="-"
2026-08-10T05:15:36+00:00 "GET /006/asset/app.css?v=plain&sc=006&cs=webkit-http-plain-nav&br=webkit&rt=nav HTTP/1.1" status=200 sc=006 v=plain cs=webkit-http-plain-nav br=webkit rt=nav inm="-" ims="-" ccreq="-"
2026-08-10T05:15:37+00:00 "GET /006/page?asset=%2F006%2Fasset%2Fapp.css%3Fv%3Dplain%26sc%3D006%26cs%3Dwebkit-http-plain-nav%26br%3Dwebkit%26rt%3Dnav&cc=no-store&sc=006&cs=webkit-http-plain-nav&n=2 HTTP/1.1" status=200 sc=006 v=- cs=webkit-http-plain-nav br=- rt=- inm="-" ims="-" ccreq="-"
2026-08-10T05:15:38+00:00 "GET /006/page?asset=%2F006%2Fasset%2Fapp.css%3Fv%3Dplain%26sc%3D006%26cs%3Dwebkit-http-plain-reload%26br%3Dwebkit%26rt%3Dreload&cc=no-store&sc=006&cs=webkit-http-plain-reload&n=1 HTTP/1.1" status=200 sc=006 v=- cs=webkit-http-plain-reload br=- rt=- inm="-" ims="-" ccreq="-"
2026-08-10T05:15:38+00:00 "GET /006/asset/app.css?v=plain&sc=006&cs=webkit-http-plain-reload&br=webkit&rt=reload HTTP/1.1" status=200 sc=006 v=plain cs=webkit-http-plain-reload br=webkit rt=reload inm="-" ims="-" ccreq="-"
2026-08-10T05:15:39+00:00 "GET /006/page?asset=%2F006%2Fasset%2Fapp.css%3Fv%3Dplain%26sc%3D006%26cs%3Dwebkit-http-plain-reload%26br%3Dwebkit%26rt%3Dreload&cc=no-store&sc=006&cs=webkit-http-plain-reload&n=1 HTTP/1.1" status=200 sc=006 v=- cs=webkit-http-plain-reload br=- rt=- inm="-" ims="-" ccreq="-"
2026-08-10T05:15:40+00:00 "GET /006/page?asset=%2F006%2Fasset%2Fapp.css%3Fv%3Dimmutable%26sc%3D006%26cs%3Dwebkit-http-immutable-nav%26br%3Dwebkit%26rt%3Dnav&cc=no-store&sc=006&cs=webkit-http-immutable-nav&n=1 HTTP/1.1" status=200 sc=006 v=- cs=webkit-http-immutable-nav br=- rt=- inm="-" ims="-" ccreq="-"
2026-08-10T05:15:40+00:00 "GET /006/asset/app.css?v=immutable&sc=006&cs=webkit-http-immutable-nav&br=webkit&rt=nav HTTP/1.1" status=200 sc=006 v=immutable cs=webkit-http-immutable-nav br=webkit rt=nav inm="-" ims="-" ccreq="-"
2026-08-10T05:15:41+00:00 "GET /006/page?asset=%2F006%2Fasset%2Fapp.css%3Fv%3Dimmutable%26sc%3D006%26cs%3Dwebkit-http-immutable-nav%26br%3Dwebkit%26rt%3Dnav&cc=no-store&sc=006&cs=webkit-http-immutable-nav&n=2 HTTP/1.1" status=200 sc=006 v=- cs=webkit-http-immutable-nav br=- rt=- inm="-" ims="-" ccreq="-"
2026-08-10T05:15:42+00:00 "GET /006/page?asset=%2F006%2Fasset%2Fapp.css%3Fv%3Dimmutable%26sc%3D006%26cs%3Dwebkit-http-immutable-reload%26br%3Dwebkit%26rt%3Dreload&cc=no-store&sc=006&cs=webkit-http-immutable-reload&n=1 HTTP/1.1" status=200 sc=006 v=- cs=webkit-http-immutable-reload br=- rt=- inm="-" ims="-" ccreq="-"
2026-08-10T05:15:42+00:00 "GET /006/asset/app.css?v=immutable&sc=006&cs=webkit-http-immutable-reload&br=webkit&rt=reload HTTP/1.1" status=200 sc=006 v=immutable cs=webkit-http-immutable-reload br=webkit rt=reload inm="-" ims="-" ccreq="-"
2026-08-10T05:15:43+00:00 "GET /006/page?asset=%2F006%2Fasset%2Fapp.css%3Fv%3Dimmutable%26sc%3D006%26cs%3Dwebkit-http-immutable-reload%26br%3Dwebkit%26rt%3Dreload&cc=no-store&sc=006&cs=webkit-http-immutable-reload&n=1 HTTP/1.1" status=200 sc=006 v=- cs=webkit-http-immutable-reload br=- rt=- inm="-" ims="-" ccreq="-"
2026-08-10T05:15:44+00:00 "GET /006/page?asset=%2F006%2Fasset%2Fapp.css%3Fv%3Dplain%26sc%3D006%26cs%3Dwebkit-https-plain-nav%26br%3Dwebkit%26rt%3Dnav&cc=no-store&sc=006&cs=webkit-https-plain-nav&n=1 HTTP/1.1" status=200 sc=006 v=- cs=webkit-https-plain-nav br=- rt=- inm="-" ims="-" ccreq="-"
2026-08-10T05:15:44+00:00 "GET /006/asset/app.css?v=plain&sc=006&cs=webkit-https-plain-nav&br=webkit&rt=nav HTTP/1.1" status=200 sc=006 v=plain cs=webkit-https-plain-nav br=webkit rt=nav inm="-" ims="-" ccreq="-"
2026-08-10T05:15:45+00:00 "GET /006/page?asset=%2F006%2Fasset%2Fapp.css%3Fv%3Dplain%26sc%3D006%26cs%3Dwebkit-https-plain-nav%26br%3Dwebkit%26rt%3Dnav&cc=no-store&sc=006&cs=webkit-https-plain-nav&n=2 HTTP/1.1" status=200 sc=006 v=- cs=webkit-https-plain-nav br=- rt=- inm="-" ims="-" ccreq="-"
2026-08-10T05:15:47+00:00 "GET /006/page?asset=%2F006%2Fasset%2Fapp.css%3Fv%3Dplain%26sc%3D006%26cs%3Dwebkit-https-plain-reload%26br%3Dwebkit%26rt%3Dreload&cc=no-store&sc=006&cs=webkit-https-plain-reload&n=1 HTTP/1.1" status=200 sc=006 v=- cs=webkit-https-plain-reload br=- rt=- inm="-" ims="-" ccreq="-"
2026-08-10T05:15:47+00:00 "GET /006/asset/app.css?v=plain&sc=006&cs=webkit-https-plain-reload&br=webkit&rt=reload HTTP/1.1" status=200 sc=006 v=plain cs=webkit-https-plain-reload br=webkit rt=reload inm="-" ims="-" ccreq="-"
2026-08-10T05:15:47+00:00 "GET /006/page?asset=%2F006%2Fasset%2Fapp.css%3Fv%3Dplain%26sc%3D006%26cs%3Dwebkit-https-plain-reload%26br%3Dwebkit%26rt%3Dreload&cc=no-store&sc=006&cs=webkit-https-plain-reload&n=1 HTTP/1.1" status=200 sc=006 v=- cs=webkit-https-plain-reload br=- rt=- inm="-" ims="-" ccreq="-"
2026-08-10T05:15:49+00:00 "GET /006/page?asset=%2F006%2Fasset%2Fapp.css%3Fv%3Dimmutable%26sc%3D006%26cs%3Dwebkit-https-immutable-nav%26br%3Dwebkit%26rt%3Dnav&cc=no-store&sc=006&cs=webkit-https-immutable-nav&n=1 HTTP/1.1" status=200 sc=006 v=- cs=webkit-https-immutable-nav br=- rt=- inm="-" ims="-" ccreq="-"
2026-08-10T05:15:49+00:00 "GET /006/asset/app.css?v=immutable&sc=006&cs=webkit-https-immutable-nav&br=webkit&rt=nav HTTP/1.1" status=200 sc=006 v=immutable cs=webkit-https-immutable-nav br=webkit rt=nav inm="-" ims="-" ccreq="-"
2026-08-10T05:15:49+00:00 "GET /006/page?asset=%2F006%2Fasset%2Fapp.css%3Fv%3Dimmutable%26sc%3D006%26cs%3Dwebkit-https-immutable-nav%26br%3Dwebkit%26rt%3Dnav&cc=no-store&sc=006&cs=webkit-https-immutable-nav&n=2 HTTP/1.1" status=200 sc=006 v=- cs=webkit-https-immutable-nav br=- rt=- inm="-" ims="-" ccreq="-"
2026-08-10T05:15:51+00:00 "GET /006/page?asset=%2F006%2Fasset%2Fapp.css%3Fv%3Dimmutable%26sc%3D006%26cs%3Dwebkit-https-immutable-reload%26br%3Dwebkit%26rt%3Dreload&cc=no-store&sc=006&cs=webkit-https-immutable-reload&n=1 HTTP/1.1" status=200 sc=006 v=- cs=webkit-https-immutable-reload br=- rt=- inm="-" ims="-" ccreq="-"
2026-08-10T05:15:51+00:00 "GET /006/asset/app.css?v=immutable&sc=006&cs=webkit-https-immutable-reload&br=webkit&rt=reload HTTP/1.1" status=200 sc=006 v=immutable cs=webkit-https-immutable-reload br=webkit rt=reload inm="-" ims="-" ccreq="-"
2026-08-10T05:15:52+00:00 "GET /006/page?asset=%2F006%2Fasset%2Fapp.css%3Fv%3Dimmutable%26sc%3D006%26cs%3Dwebkit-https-immutable-reload%26br%3Dwebkit%26rt%3Dreload&cc=no-store&sc=006&cs=webkit-https-immutable-reload&n=1 HTTP/1.1" status=200 sc=006 v=- cs=webkit-https-immutable-reload br=- rt=- inm="-" ims="-" ccreq="-"
2026-08-10T05:21:04+00:00 "GET /006/asset/app.css?v=immutable5&sc=t HTTP/1.1" status=200 sc=t v=immutable5 cs=- br=- rt=- inm="-" ims="-" ccreq="-"
2026-08-10T05:21:04+00:00 "GET /006/page?asset=%2F006%2Fasset%2Fapp.css%3Fv%3Dplain%26sc%3D006%26cs%3Dchromium-https-plain-nav%26br%3Dchromium%26rt%3Dnav&cc=no-store&sc=006&cs=chromium-https-plain-nav&n=1 HTTP/1.1" status=200 sc=006 v=- cs=chromium-https-plain-nav br=- rt=- inm="-" ims="-" ccreq="-"
2026-08-10T05:21:04+00:00 "GET /006/asset/app.css?v=plain&sc=006&cs=chromium-https-plain-nav&br=chromium&rt=nav HTTP/1.1" status=200 sc=006 v=plain cs=chromium-https-plain-nav br=chromium rt=nav inm="-" ims="-" ccreq="-"
2026-08-10T05:21:05+00:00 "GET /006/page?asset=%2F006%2Fasset%2Fapp.css%3Fv%3Dplain%26sc%3D006%26cs%3Dchromium-https-plain-nav%26br%3Dchromium%26rt%3Dnav&cc=no-store&sc=006&cs=chromium-https-plain-nav&n=2 HTTP/1.1" status=200 sc=006 v=- cs=chromium-https-plain-nav br=- rt=- inm="-" ims="-" ccreq="-"
2026-08-10T05:21:06+00:00 "GET /006/page?asset=%2F006%2Fasset%2Fapp.css%3Fv%3Dnostore%26sc%3D006%26cs%3Dchromium-https-nostore-nav%26br%3Dchromium%26rt%3Dnav&cc=no-store&sc=006&cs=chromium-https-nostore-nav&n=1 HTTP/1.1" status=200 sc=006 v=- cs=chromium-https-nostore-nav br=- rt=- inm="-" ims="-" ccreq="-"
2026-08-10T05:21:06+00:00 "GET /006/asset/app.css?v=nostore&sc=006&cs=chromium-https-nostore-nav&br=chromium&rt=nav HTTP/1.1" status=200 sc=006 v=nostore cs=chromium-https-nostore-nav br=chromium rt=nav inm="-" ims="-" ccreq="-"
2026-08-10T05:21:07+00:00 "GET /006/page?asset=%2F006%2Fasset%2Fapp.css%3Fv%3Dnostore%26sc%3D006%26cs%3Dchromium-https-nostore-nav%26br%3Dchromium%26rt%3Dnav&cc=no-store&sc=006&cs=chromium-https-nostore-nav&n=2 HTTP/1.1" status=200 sc=006 v=- cs=chromium-https-nostore-nav br=- rt=- inm="-" ims="-" ccreq="-"
2026-08-10T05:21:07+00:00 "GET /006/asset/app.css?v=nostore&sc=006&cs=chromium-https-nostore-nav&br=chromium&rt=nav HTTP/1.1" status=200 sc=006 v=nostore cs=chromium-https-nostore-nav br=chromium rt=nav inm="-" ims="-" ccreq="-"
2026-08-10T05:21:08+00:00 "GET /006/page?asset=%2F006%2Fasset%2Fapp.css%3Fv%3Dnocache%26sc%3D006%26cs%3Dchromium-https-nocache-nav%26br%3Dchromium%26rt%3Dnav&cc=no-store&sc=006&cs=chromium-https-nocache-nav&n=1 HTTP/1.1" status=200 sc=006 v=- cs=chromium-https-nocache-nav br=- rt=- inm="-" ims="-" ccreq="-"
2026-08-10T05:21:08+00:00 "GET /006/asset/app.css?v=nocache&sc=006&cs=chromium-https-nocache-nav&br=chromium&rt=nav HTTP/1.1" status=200 sc=006 v=nocache cs=chromium-https-nocache-nav br=chromium rt=nav inm="-" ims="-" ccreq="-"
2026-08-10T05:21:09+00:00 "GET /006/page?asset=%2F006%2Fasset%2Fapp.css%3Fv%3Dnocache%26sc%3D006%26cs%3Dchromium-https-nocache-nav%26br%3Dchromium%26rt%3Dnav&cc=no-store&sc=006&cs=chromium-https-nocache-nav&n=2 HTTP/1.1" status=200 sc=006 v=- cs=chromium-https-nocache-nav br=- rt=- inm="-" ims="-" ccreq="-"
2026-08-10T05:21:09+00:00 "GET /006/asset/app.css?v=nocache&sc=006&cs=chromium-https-nocache-nav&br=chromium&rt=nav HTTP/1.1" status=304 sc=006 v=nocache cs=chromium-https-nocache-nav br=chromium rt=nav inm="\x226a79595e-156\x22" ims="Mon, 10 Aug 2026 04:53:50 GMT" ccreq="-"
2026-08-10T05:21:10+00:00 "GET /006/page?asset=%2F006%2Fasset%2Fapp.css%3Fv%3Dplain5%26sc%3D006%26cs%3Dchromium-https-plain5-stale%26br%3Dchromium%26rt%3Dstale&cc=no-store&sc=006&cs=chromium-https-plain5-stale&n=1 HTTP/1.1" status=200 sc=006 v=- cs=chromium-https-plain5-stale br=- rt=- inm="-" ims="-" ccreq="-"
2026-08-10T05:21:10+00:00 "GET /006/asset/app.css?v=plain5&sc=006&cs=chromium-https-plain5-stale&br=chromium&rt=stale HTTP/1.1" status=200 sc=006 v=plain5 cs=chromium-https-plain5-stale br=chromium rt=stale inm="-" ims="-" ccreq="-"
2026-08-10T05:21:18+00:00 "GET /006/page?asset=%2F006%2Fasset%2Fapp.css%3Fv%3Dplain5%26sc%3D006%26cs%3Dchromium-https-plain5-stale%26br%3Dchromium%26rt%3Dstale&cc=no-store&sc=006&cs=chromium-https-plain5-stale&n=2 HTTP/1.1" status=200 sc=006 v=- cs=chromium-https-plain5-stale br=- rt=- inm="-" ims="-" ccreq="-"
2026-08-10T05:21:18+00:00 "GET /006/asset/app.css?v=plain5&sc=006&cs=chromium-https-plain5-stale&br=chromium&rt=stale HTTP/1.1" status=304 sc=006 v=plain5 cs=chromium-https-plain5-stale br=chromium rt=stale inm="\x226a79595e-156\x22" ims="Mon, 10 Aug 2026 04:53:50 GMT" ccreq="-"
2026-08-10T05:21:19+00:00 "GET /006/page?asset=%2F006%2Fasset%2Fapp.css%3Fv%3Dplain5%26sc%3D006%26cs%3Dchromium-https-plain5-restart%26br%3Dchromium%26rt%3Drestart&cc=no-store&sc=006&cs=chromium-https-plain5-restart&n=1 HTTP/1.1" status=200 sc=006 v=- cs=chromium-https-plain5-restart br=- rt=- inm="-" ims="-" ccreq="-"
2026-08-10T05:21:19+00:00 "GET /006/asset/app.css?v=plain5&sc=006&cs=chromium-https-plain5-restart&br=chromium&rt=restart HTTP/1.1" status=200 sc=006 v=plain5 cs=chromium-https-plain5-restart br=chromium rt=restart inm="-" ims="-" ccreq="-"
2026-08-10T05:21:20+00:00 "GET /006/page?asset=%2F006%2Fasset%2Fapp.css%3Fv%3Dplain5%26sc%3D006%26cs%3Dchromium-https-plain5-restart%26br%3Dchromium%26rt%3Drestart&cc=no-store&sc=006&cs=chromium-https-plain5-restart&n=2 HTTP/1.1" status=200 sc=006 v=- cs=chromium-https-plain5-restart br=- rt=- inm="-" ims="-" ccreq="-"
2026-08-10T05:21:21+00:00 "GET /006/page?asset=%2F006%2Fasset%2Fapp.css%3Fv%3Dplain5%26sc%3D006%26cs%3Dchromium-https-plain5-fetch-nocache%26br%3Dchromium%26rt%3Dfetch-nocache&cc=no-store&sc=006&cs=chromium-https-plain5-fetch-nocache&n=1 HTTP/1.1" status=200 sc=006 v=- cs=chromium-https-plain5-fetch-nocache br=- rt=- inm="-" ims="-" ccreq="-"
2026-08-10T05:21:21+00:00 "GET /006/asset/app.css?v=plain5&sc=006&cs=chromium-https-plain5-fetch-nocache&br=chromium&rt=fetch-nocache HTTP/1.1" status=200 sc=006 v=plain5 cs=chromium-https-plain5-fetch-nocache br=chromium rt=fetch-nocache inm="-" ims="-" ccreq="-"
2026-08-10T05:21:21+00:00 "GET /006/asset/app.css?v=plain5&sc=006&cs=chromium-https-plain5-fetch-nocache&br=chromium&rt=fetch-nocache HTTP/1.1" status=304 sc=006 v=plain5 cs=chromium-https-plain5-fetch-nocache br=chromium rt=fetch-nocache inm="\x226a79595e-156\x22" ims="Mon, 10 Aug 2026 04:53:50 GMT" ccreq="max-age=0"
2026-08-10T05:21:22+00:00 "GET /006/page?asset=%2F006%2Fasset%2Fapp.css%3Fv%3Dplain5%26sc%3D006%26cs%3Dchromium-https-plain5-fetch-reload%26br%3Dchromium%26rt%3Dfetch-reload&cc=no-store&sc=006&cs=chromium-https-plain5-fetch-reload&n=1 HTTP/1.1" status=200 sc=006 v=- cs=chromium-https-plain5-fetch-reload br=- rt=- inm="-" ims="-" ccreq="-"
2026-08-10T05:21:22+00:00 "GET /006/asset/app.css?v=plain5&sc=006&cs=chromium-https-plain5-fetch-reload&br=chromium&rt=fetch-reload HTTP/1.1" status=200 sc=006 v=plain5 cs=chromium-https-plain5-fetch-reload br=chromium rt=fetch-reload inm="-" ims="-" ccreq="-"
2026-08-10T05:21:23+00:00 "GET /006/asset/app.css?v=plain5&sc=006&cs=chromium-https-plain5-fetch-reload&br=chromium&rt=fetch-reload HTTP/1.1" status=200 sc=006 v=plain5 cs=chromium-https-plain5-fetch-reload br=chromium rt=fetch-reload inm="-" ims="-" ccreq="no-cache"
2026-08-10T05:21:24+00:00 "GET /006/page?asset=%2F006%2Fasset%2Fapp.css%3Fv%3Dimmutable5%26sc%3D006%26cs%3Dchromium-https-immutable5-stale%26br%3Dchromium%26rt%3Dstale&cc=no-store&sc=006&cs=chromium-https-immutable5-stale&n=1 HTTP/1.1" status=200 sc=006 v=- cs=chromium-https-immutable5-stale br=- rt=- inm="-" ims="-" ccreq="-"
2026-08-10T05:21:24+00:00 "GET /006/asset/app.css?v=immutable5&sc=006&cs=chromium-https-immutable5-stale&br=chromium&rt=stale HTTP/1.1" status=200 sc=006 v=immutable5 cs=chromium-https-immutable5-stale br=chromium rt=stale inm="-" ims="-" ccreq="-"
2026-08-10T05:21:32+00:00 "GET /006/page?asset=%2F006%2Fasset%2Fapp.css%3Fv%3Dimmutable5%26sc%3D006%26cs%3Dchromium-https-immutable5-stale%26br%3Dchromium%26rt%3Dstale&cc=no-store&sc=006&cs=chromium-https-immutable5-stale&n=2 HTTP/1.1" status=200 sc=006 v=- cs=chromium-https-immutable5-stale br=- rt=- inm="-" ims="-" ccreq="-"
2026-08-10T05:21:32+00:00 "GET /006/asset/app.css?v=immutable5&sc=006&cs=chromium-https-immutable5-stale&br=chromium&rt=stale HTTP/1.1" status=304 sc=006 v=immutable5 cs=chromium-https-immutable5-stale br=chromium rt=stale inm="\x226a79595e-156\x22" ims="Mon, 10 Aug 2026 04:53:50 GMT" ccreq="-"
2026-08-10T05:21:33+00:00 "GET /006/page?asset=%2F006%2Fasset%2Fapp.css%3Fv%3Dimmutable5%26sc%3D006%26cs%3Dchromium-https-immutable5-restart%26br%3Dchromium%26rt%3Drestart&cc=no-store&sc=006&cs=chromium-https-immutable5-restart&n=1 HTTP/1.1" status=200 sc=006 v=- cs=chromium-https-immutable5-restart br=- rt=- inm="-" ims="-" ccreq="-"
2026-08-10T05:21:33+00:00 "GET /006/asset/app.css?v=immutable5&sc=006&cs=chromium-https-immutable5-restart&br=chromium&rt=restart HTTP/1.1" status=200 sc=006 v=immutable5 cs=chromium-https-immutable5-restart br=chromium rt=restart inm="-" ims="-" ccreq="-"
2026-08-10T05:21:34+00:00 "GET /006/page?asset=%2F006%2Fasset%2Fapp.css%3Fv%3Dimmutable5%26sc%3D006%26cs%3Dchromium-https-immutable5-restart%26br%3Dchromium%26rt%3Drestart&cc=no-store&sc=006&cs=chromium-https-immutable5-restart&n=2 HTTP/1.1" status=200 sc=006 v=- cs=chromium-https-immutable5-restart br=- rt=- inm="-" ims="-" ccreq="-"
2026-08-10T05:21:35+00:00 "GET /006/page?asset=%2F006%2Fasset%2Fapp.css%3Fv%3Dimmutable5%26sc%3D006%26cs%3Dchromium-https-immutable5-fetch-nocache%26br%3Dchromium%26rt%3Dfetch-nocache&cc=no-store&sc=006&cs=chromium-https-immutable5-fetch-nocache&n=1 HTTP/1.1" status=200 sc=006 v=- cs=chromium-https-immutable5-fetch-nocache br=- rt=- inm="-" ims="-" ccreq="-"
2026-08-10T05:21:35+00:00 "GET /006/asset/app.css?v=immutable5&sc=006&cs=chromium-https-immutable5-fetch-nocache&br=chromium&rt=fetch-nocache HTTP/1.1" status=200 sc=006 v=immutable5 cs=chromium-https-immutable5-fetch-nocache br=chromium rt=fetch-nocache inm="-" ims="-" ccreq="-"
2026-08-10T05:21:36+00:00 "GET /006/asset/app.css?v=immutable5&sc=006&cs=chromium-https-immutable5-fetch-nocache&br=chromium&rt=fetch-nocache HTTP/1.1" status=304 sc=006 v=immutable5 cs=chromium-https-immutable5-fetch-nocache br=chromium rt=fetch-nocache inm="\x226a79595e-156\x22" ims="Mon, 10 Aug 2026 04:53:50 GMT" ccreq="max-age=0"
2026-08-10T05:21:37+00:00 "GET /006/page?asset=%2F006%2Fasset%2Fapp.css%3Fv%3Dimmutable5%26sc%3D006%26cs%3Dchromium-https-immutable5-fetch-reload%26br%3Dchromium%26rt%3Dfetch-reload&cc=no-store&sc=006&cs=chromium-https-immutable5-fetch-reload&n=1 HTTP/1.1" status=200 sc=006 v=- cs=chromium-https-immutable5-fetch-reload br=- rt=- inm="-" ims="-" ccreq="-"
2026-08-10T05:21:37+00:00 "GET /006/asset/app.css?v=immutable5&sc=006&cs=chromium-https-immutable5-fetch-reload&br=chromium&rt=fetch-reload HTTP/1.1" status=200 sc=006 v=immutable5 cs=chromium-https-immutable5-fetch-reload br=chromium rt=fetch-reload inm="-" ims="-" ccreq="-"
2026-08-10T05:21:38+00:00 "GET /006/asset/app.css?v=immutable5&sc=006&cs=chromium-https-immutable5-fetch-reload&br=chromium&rt=fetch-reload HTTP/1.1" status=200 sc=006 v=immutable5 cs=chromium-https-immutable5-fetch-reload br=chromium rt=fetch-reload inm="-" ims="-" ccreq="no-cache"
2026-08-10T05:21:54+00:00 "GET /006/page?asset=%2F006%2Fasset%2Fapp.css%3Fv%3Dplain%26sc%3D006%26cs%3Dfirefox-https-plain-nav%26br%3Dfirefox%26rt%3Dnav&cc=no-store&sc=006&cs=firefox-https-plain-nav&n=1 HTTP/1.1" status=200 sc=006 v=- cs=firefox-https-plain-nav br=- rt=- inm="-" ims="-" ccreq="-"
2026-08-10T05:21:54+00:00 "GET /006/asset/app.css?v=plain&sc=006&cs=firefox-https-plain-nav&br=firefox&rt=nav HTTP/1.1" status=200 sc=006 v=plain cs=firefox-https-plain-nav br=firefox rt=nav inm="-" ims="-" ccreq="-"
2026-08-10T05:21:54+00:00 "GET /006/page?asset=%2F006%2Fasset%2Fapp.css%3Fv%3Dplain%26sc%3D006%26cs%3Dfirefox-https-plain-nav%26br%3Dfirefox%26rt%3Dnav&cc=no-store&sc=006&cs=firefox-https-plain-nav&n=2 HTTP/1.1" status=200 sc=006 v=- cs=firefox-https-plain-nav br=- rt=- inm="-" ims="-" ccreq="-"
2026-08-10T05:21:56+00:00 "GET /006/page?asset=%2F006%2Fasset%2Fapp.css%3Fv%3Dnostore%26sc%3D006%26cs%3Dfirefox-https-nostore-nav%26br%3Dfirefox%26rt%3Dnav&cc=no-store&sc=006&cs=firefox-https-nostore-nav&n=1 HTTP/1.1" status=200 sc=006 v=- cs=firefox-https-nostore-nav br=- rt=- inm="-" ims="-" ccreq="-"
2026-08-10T05:21:57+00:00 "GET /006/asset/app.css?v=nostore&sc=006&cs=firefox-https-nostore-nav&br=firefox&rt=nav HTTP/1.1" status=200 sc=006 v=nostore cs=firefox-https-nostore-nav br=firefox rt=nav inm="-" ims="-" ccreq="-"
2026-08-10T05:21:57+00:00 "GET /006/page?asset=%2F006%2Fasset%2Fapp.css%3Fv%3Dnostore%26sc%3D006%26cs%3Dfirefox-https-nostore-nav%26br%3Dfirefox%26rt%3Dnav&cc=no-store&sc=006&cs=firefox-https-nostore-nav&n=2 HTTP/1.1" status=200 sc=006 v=- cs=firefox-https-nostore-nav br=- rt=- inm="-" ims="-" ccreq="-"
2026-08-10T05:21:57+00:00 "GET /006/asset/app.css?v=nostore&sc=006&cs=firefox-https-nostore-nav&br=firefox&rt=nav HTTP/1.1" status=200 sc=006 v=nostore cs=firefox-https-nostore-nav br=firefox rt=nav inm="-" ims="-" ccreq="-"
2026-08-10T05:21:59+00:00 "GET /006/page?asset=%2F006%2Fasset%2Fapp.css%3Fv%3Dnocache%26sc%3D006%26cs%3Dfirefox-https-nocache-nav%26br%3Dfirefox%26rt%3Dnav&cc=no-store&sc=006&cs=firefox-https-nocache-nav&n=1 HTTP/1.1" status=200 sc=006 v=- cs=firefox-https-nocache-nav br=- rt=- inm="-" ims="-" ccreq="-"
2026-08-10T05:21:59+00:00 "GET /006/asset/app.css?v=nocache&sc=006&cs=firefox-https-nocache-nav&br=firefox&rt=nav HTTP/1.1" status=200 sc=006 v=nocache cs=firefox-https-nocache-nav br=firefox rt=nav inm="-" ims="-" ccreq="-"
2026-08-10T05:22:00+00:00 "GET /006/page?asset=%2F006%2Fasset%2Fapp.css%3Fv%3Dnocache%26sc%3D006%26cs%3Dfirefox-https-nocache-nav%26br%3Dfirefox%26rt%3Dnav&cc=no-store&sc=006&cs=firefox-https-nocache-nav&n=2 HTTP/1.1" status=200 sc=006 v=- cs=firefox-https-nocache-nav br=- rt=- inm="-" ims="-" ccreq="-"
2026-08-10T05:22:00+00:00 "GET /006/asset/app.css?v=nocache&sc=006&cs=firefox-https-nocache-nav&br=firefox&rt=nav HTTP/1.1" status=304 sc=006 v=nocache cs=firefox-https-nocache-nav br=firefox rt=nav inm="\x226a79595e-156\x22" ims="Mon, 10 Aug 2026 04:53:50 GMT" ccreq="-"
2026-08-10T05:22:02+00:00 "GET /006/page?asset=%2F006%2Fasset%2Fapp.css%3Fv%3Dplain5%26sc%3D006%26cs%3Dfirefox-https-plain5-stale%26br%3Dfirefox%26rt%3Dstale&cc=no-store&sc=006&cs=firefox-https-plain5-stale&n=1 HTTP/1.1" status=200 sc=006 v=- cs=firefox-https-plain5-stale br=- rt=- inm="-" ims="-" ccreq="-"
2026-08-10T05:22:02+00:00 "GET /006/asset/app.css?v=plain5&sc=006&cs=firefox-https-plain5-stale&br=firefox&rt=stale HTTP/1.1" status=200 sc=006 v=plain5 cs=firefox-https-plain5-stale br=firefox rt=stale inm="-" ims="-" ccreq="-"
2026-08-10T05:22:10+00:00 "GET /006/page?asset=%2F006%2Fasset%2Fapp.css%3Fv%3Dplain5%26sc%3D006%26cs%3Dfirefox-https-plain5-stale%26br%3Dfirefox%26rt%3Dstale&cc=no-store&sc=006&cs=firefox-https-plain5-stale&n=2 HTTP/1.1" status=200 sc=006 v=- cs=firefox-https-plain5-stale br=- rt=- inm="-" ims="-" ccreq="-"
2026-08-10T05:22:11+00:00 "GET /006/asset/app.css?v=plain5&sc=006&cs=firefox-https-plain5-stale&br=firefox&rt=stale HTTP/1.1" status=304 sc=006 v=plain5 cs=firefox-https-plain5-stale br=firefox rt=stale inm="\x226a79595e-156\x22" ims="Mon, 10 Aug 2026 04:53:50 GMT" ccreq="-"
2026-08-10T05:22:13+00:00 "GET /006/page?asset=%2F006%2Fasset%2Fapp.css%3Fv%3Dplain5%26sc%3D006%26cs%3Dfirefox-https-plain5-restart%26br%3Dfirefox%26rt%3Drestart&cc=no-store&sc=006&cs=firefox-https-plain5-restart&n=1 HTTP/1.1" status=200 sc=006 v=- cs=firefox-https-plain5-restart br=- rt=- inm="-" ims="-" ccreq="-"
2026-08-10T05:22:13+00:00 "GET /006/asset/app.css?v=plain5&sc=006&cs=firefox-https-plain5-restart&br=firefox&rt=restart HTTP/1.1" status=200 sc=006 v=plain5 cs=firefox-https-plain5-restart br=firefox rt=restart inm="-" ims="-" ccreq="-"
2026-08-10T05:22:15+00:00 "GET /006/page?asset=%2F006%2Fasset%2Fapp.css%3Fv%3Dplain5%26sc%3D006%26cs%3Dfirefox-https-plain5-restart%26br%3Dfirefox%26rt%3Drestart&cc=no-store&sc=006&cs=firefox-https-plain5-restart&n=2 HTTP/1.1" status=200 sc=006 v=- cs=firefox-https-plain5-restart br=- rt=- inm="-" ims="-" ccreq="-"
2026-08-10T05:22:17+00:00 "GET /006/page?asset=%2F006%2Fasset%2Fapp.css%3Fv%3Dplain5%26sc%3D006%26cs%3Dfirefox-https-plain5-fetch-nocache%26br%3Dfirefox%26rt%3Dfetch-nocache&cc=no-store&sc=006&cs=firefox-https-plain5-fetch-nocache&n=1 HTTP/1.1" status=200 sc=006 v=- cs=firefox-https-plain5-fetch-nocache br=- rt=- inm="-" ims="-" ccreq="-"
2026-08-10T05:22:17+00:00 "GET /006/asset/app.css?v=plain5&sc=006&cs=firefox-https-plain5-fetch-nocache&br=firefox&rt=fetch-nocache HTTP/1.1" status=200 sc=006 v=plain5 cs=firefox-https-plain5-fetch-nocache br=firefox rt=fetch-nocache inm="-" ims="-" ccreq="-"
2026-08-10T05:22:18+00:00 "GET /006/asset/app.css?v=plain5&sc=006&cs=firefox-https-plain5-fetch-nocache&br=firefox&rt=fetch-nocache HTTP/1.1" status=304 sc=006 v=plain5 cs=firefox-https-plain5-fetch-nocache br=firefox rt=fetch-nocache inm="\x226a79595e-156\x22" ims="Mon, 10 Aug 2026 04:53:50 GMT" ccreq="max-age=0"
2026-08-10T05:22:20+00:00 "GET /006/page?asset=%2F006%2Fasset%2Fapp.css%3Fv%3Dplain5%26sc%3D006%26cs%3Dfirefox-https-plain5-fetch-reload%26br%3Dfirefox%26rt%3Dfetch-reload&cc=no-store&sc=006&cs=firefox-https-plain5-fetch-reload&n=1 HTTP/1.1" status=200 sc=006 v=- cs=firefox-https-plain5-fetch-reload br=- rt=- inm="-" ims="-" ccreq="-"
2026-08-10T05:22:20+00:00 "GET /006/asset/app.css?v=plain5&sc=006&cs=firefox-https-plain5-fetch-reload&br=firefox&rt=fetch-reload HTTP/1.1" status=200 sc=006 v=plain5 cs=firefox-https-plain5-fetch-reload br=firefox rt=fetch-reload inm="-" ims="-" ccreq="-"
2026-08-10T05:22:21+00:00 "GET /006/asset/app.css?v=plain5&sc=006&cs=firefox-https-plain5-fetch-reload&br=firefox&rt=fetch-reload HTTP/1.1" status=200 sc=006 v=plain5 cs=firefox-https-plain5-fetch-reload br=firefox rt=fetch-reload inm="-" ims="-" ccreq="no-cache"
2026-08-10T05:22:23+00:00 "GET /006/page?asset=%2F006%2Fasset%2Fapp.css%3Fv%3Dimmutable5%26sc%3D006%26cs%3Dfirefox-https-immutable5-stale%26br%3Dfirefox%26rt%3Dstale&cc=no-store&sc=006&cs=firefox-https-immutable5-stale&n=1 HTTP/1.1" status=200 sc=006 v=- cs=firefox-https-immutable5-stale br=- rt=- inm="-" ims="-" ccreq="-"
2026-08-10T05:22:23+00:00 "GET /006/asset/app.css?v=immutable5&sc=006&cs=firefox-https-immutable5-stale&br=firefox&rt=stale HTTP/1.1" status=200 sc=006 v=immutable5 cs=firefox-https-immutable5-stale br=firefox rt=stale inm="-" ims="-" ccreq="-"
2026-08-10T05:22:31+00:00 "GET /006/page?asset=%2F006%2Fasset%2Fapp.css%3Fv%3Dimmutable5%26sc%3D006%26cs%3Dfirefox-https-immutable5-stale%26br%3Dfirefox%26rt%3Dstale&cc=no-store&sc=006&cs=firefox-https-immutable5-stale&n=2 HTTP/1.1" status=200 sc=006 v=- cs=firefox-https-immutable5-stale br=- rt=- inm="-" ims="-" ccreq="-"
2026-08-10T05:22:31+00:00 "GET /006/asset/app.css?v=immutable5&sc=006&cs=firefox-https-immutable5-stale&br=firefox&rt=stale HTTP/1.1" status=304 sc=006 v=immutable5 cs=firefox-https-immutable5-stale br=firefox rt=stale inm="\x226a79595e-156\x22" ims="Mon, 10 Aug 2026 04:53:50 GMT" ccreq="-"
2026-08-10T05:22:34+00:00 "GET /006/page?asset=%2F006%2Fasset%2Fapp.css%3Fv%3Dimmutable5%26sc%3D006%26cs%3Dfirefox-https-immutable5-restart%26br%3Dfirefox%26rt%3Drestart&cc=no-store&sc=006&cs=firefox-https-immutable5-restart&n=1 HTTP/1.1" status=200 sc=006 v=- cs=firefox-https-immutable5-restart br=- rt=- inm="-" ims="-" ccreq="-"
2026-08-10T05:22:34+00:00 "GET /006/asset/app.css?v=immutable5&sc=006&cs=firefox-https-immutable5-restart&br=firefox&rt=restart HTTP/1.1" status=200 sc=006 v=immutable5 cs=firefox-https-immutable5-restart br=firefox rt=restart inm="-" ims="-" ccreq="-"
2026-08-10T05:22:36+00:00 "GET /006/page?asset=%2F006%2Fasset%2Fapp.css%3Fv%3Dimmutable5%26sc%3D006%26cs%3Dfirefox-https-immutable5-restart%26br%3Dfirefox%26rt%3Drestart&cc=no-store&sc=006&cs=firefox-https-immutable5-restart&n=2 HTTP/1.1" status=200 sc=006 v=- cs=firefox-https-immutable5-restart br=- rt=- inm="-" ims="-" ccreq="-"
2026-08-10T05:22:38+00:00 "GET /006/page?asset=%2F006%2Fasset%2Fapp.css%3Fv%3Dimmutable5%26sc%3D006%26cs%3Dfirefox-https-immutable5-fetch-nocache%26br%3Dfirefox%26rt%3Dfetch-nocache&cc=no-store&sc=006&cs=firefox-https-immutable5-fetch-nocache&n=1 HTTP/1.1" status=200 sc=006 v=- cs=firefox-https-immutable5-fetch-nocache br=- rt=- inm="-" ims="-" ccreq="-"
2026-08-10T05:22:38+00:00 "GET /006/asset/app.css?v=immutable5&sc=006&cs=firefox-https-immutable5-fetch-nocache&br=firefox&rt=fetch-nocache HTTP/1.1" status=200 sc=006 v=immutable5 cs=firefox-https-immutable5-fetch-nocache br=firefox rt=fetch-nocache inm="-" ims="-" ccreq="-"
2026-08-10T05:22:41+00:00 "GET /006/page?asset=%2F006%2Fasset%2Fapp.css%3Fv%3Dimmutable5%26sc%3D006%26cs%3Dfirefox-https-immutable5-fetch-reload%26br%3Dfirefox%26rt%3Dfetch-reload&cc=no-store&sc=006&cs=firefox-https-immutable5-fetch-reload&n=1 HTTP/1.1" status=200 sc=006 v=- cs=firefox-https-immutable5-fetch-reload br=- rt=- inm="-" ims="-" ccreq="-"
2026-08-10T05:22:41+00:00 "GET /006/asset/app.css?v=immutable5&sc=006&cs=firefox-https-immutable5-fetch-reload&br=firefox&rt=fetch-reload HTTP/1.1" status=200 sc=006 v=immutable5 cs=firefox-https-immutable5-fetch-reload br=firefox rt=fetch-reload inm="-" ims="-" ccreq="-"
2026-08-10T05:22:41+00:00 "GET /006/asset/app.css?v=immutable5&sc=006&cs=firefox-https-immutable5-fetch-reload&br=firefox&rt=fetch-reload HTTP/1.1" status=200 sc=006 v=immutable5 cs=firefox-https-immutable5-fetch-reload br=firefox rt=fetch-reload inm="-" ims="-" ccreq="no-cache"
2026-08-10T05:22:43+00:00 "GET /006/page?asset=%2F006%2Fasset%2Fapp.css%3Fv%3Dplain%26sc%3D006%26cs%3Dwebkit-https-plain-nav%26br%3Dwebkit%26rt%3Dnav&cc=no-store&sc=006&cs=webkit-https-plain-nav&n=1 HTTP/1.1" status=200 sc=006 v=- cs=webkit-https-plain-nav br=- rt=- inm="-" ims="-" ccreq="-"
2026-08-10T05:22:43+00:00 "GET /006/asset/app.css?v=plain&sc=006&cs=webkit-https-plain-nav&br=webkit&rt=nav HTTP/1.1" status=200 sc=006 v=plain cs=webkit-https-plain-nav br=webkit rt=nav inm="-" ims="-" ccreq="-"
2026-08-10T05:22:44+00:00 "GET /006/page?asset=%2F006%2Fasset%2Fapp.css%3Fv%3Dplain%26sc%3D006%26cs%3Dwebkit-https-plain-nav%26br%3Dwebkit%26rt%3Dnav&cc=no-store&sc=006&cs=webkit-https-plain-nav&n=2 HTTP/1.1" status=200 sc=006 v=- cs=webkit-https-plain-nav br=- rt=- inm="-" ims="-" ccreq="-"
2026-08-10T05:22:46+00:00 "GET /006/page?asset=%2F006%2Fasset%2Fapp.css%3Fv%3Dnostore%26sc%3D006%26cs%3Dwebkit-https-nostore-nav%26br%3Dwebkit%26rt%3Dnav&cc=no-store&sc=006&cs=webkit-https-nostore-nav&n=1 HTTP/1.1" status=200 sc=006 v=- cs=webkit-https-nostore-nav br=- rt=- inm="-" ims="-" ccreq="-"
2026-08-10T05:22:46+00:00 "GET /006/asset/app.css?v=nostore&sc=006&cs=webkit-https-nostore-nav&br=webkit&rt=nav HTTP/1.1" status=200 sc=006 v=nostore cs=webkit-https-nostore-nav br=webkit rt=nav inm="-" ims="-" ccreq="-"
2026-08-10T05:22:46+00:00 "GET /006/page?asset=%2F006%2Fasset%2Fapp.css%3Fv%3Dnostore%26sc%3D006%26cs%3Dwebkit-https-nostore-nav%26br%3Dwebkit%26rt%3Dnav&cc=no-store&sc=006&cs=webkit-https-nostore-nav&n=2 HTTP/1.1" status=200 sc=006 v=- cs=webkit-https-nostore-nav br=- rt=- inm="-" ims="-" ccreq="-"
2026-08-10T05:22:46+00:00 "GET /006/asset/app.css?v=nostore&sc=006&cs=webkit-https-nostore-nav&br=webkit&rt=nav HTTP/1.1" status=200 sc=006 v=nostore cs=webkit-https-nostore-nav br=webkit rt=nav inm="-" ims="-" ccreq="-"
2026-08-10T05:22:48+00:00 "GET /006/page?asset=%2F006%2Fasset%2Fapp.css%3Fv%3Dnocache%26sc%3D006%26cs%3Dwebkit-https-nocache-nav%26br%3Dwebkit%26rt%3Dnav&cc=no-store&sc=006&cs=webkit-https-nocache-nav&n=1 HTTP/1.1" status=200 sc=006 v=- cs=webkit-https-nocache-nav br=- rt=- inm="-" ims="-" ccreq="-"
2026-08-10T05:22:48+00:00 "GET /006/asset/app.css?v=nocache&sc=006&cs=webkit-https-nocache-nav&br=webkit&rt=nav HTTP/1.1" status=200 sc=006 v=nocache cs=webkit-https-nocache-nav br=webkit rt=nav inm="-" ims="-" ccreq="-"
2026-08-10T05:22:48+00:00 "GET /006/page?asset=%2F006%2Fasset%2Fapp.css%3Fv%3Dnocache%26sc%3D006%26cs%3Dwebkit-https-nocache-nav%26br%3Dwebkit%26rt%3Dnav&cc=no-store&sc=006&cs=webkit-https-nocache-nav&n=2 HTTP/1.1" status=200 sc=006 v=- cs=webkit-https-nocache-nav br=- rt=- inm="-" ims="-" ccreq="-"
2026-08-10T05:22:48+00:00 "GET /006/asset/app.css?v=nocache&sc=006&cs=webkit-https-nocache-nav&br=webkit&rt=nav HTTP/1.1" status=304 sc=006 v=nocache cs=webkit-https-nocache-nav br=webkit rt=nav inm="\x226a79595e-156\x22" ims="Mon, 10 Aug 2026 04:53:50 GMT" ccreq="-"
2026-08-10T05:22:50+00:00 "GET /006/page?asset=%2F006%2Fasset%2Fapp.css%3Fv%3Dplain5%26sc%3D006%26cs%3Dwebkit-https-plain5-stale%26br%3Dwebkit%26rt%3Dstale&cc=no-store&sc=006&cs=webkit-https-plain5-stale&n=1 HTTP/1.1" status=200 sc=006 v=- cs=webkit-https-plain5-stale br=- rt=- inm="-" ims="-" ccreq="-"
2026-08-10T05:22:50+00:00 "GET /006/asset/app.css?v=plain5&sc=006&cs=webkit-https-plain5-stale&br=webkit&rt=stale HTTP/1.1" status=200 sc=006 v=plain5 cs=webkit-https-plain5-stale br=webkit rt=stale inm="-" ims="-" ccreq="-"
2026-08-10T05:22:58+00:00 "GET /006/page?asset=%2F006%2Fasset%2Fapp.css%3Fv%3Dplain5%26sc%3D006%26cs%3Dwebkit-https-plain5-stale%26br%3Dwebkit%26rt%3Dstale&cc=no-store&sc=006&cs=webkit-https-plain5-stale&n=2 HTTP/1.1" status=200 sc=006 v=- cs=webkit-https-plain5-stale br=- rt=- inm="-" ims="-" ccreq="-"
2026-08-10T05:22:58+00:00 "GET /006/asset/app.css?v=plain5&sc=006&cs=webkit-https-plain5-stale&br=webkit&rt=stale HTTP/1.1" status=304 sc=006 v=plain5 cs=webkit-https-plain5-stale br=webkit rt=stale inm="\x226a79595e-156\x22" ims="Mon, 10 Aug 2026 04:53:50 GMT" ccreq="-"
2026-08-10T05:22:59+00:00 "GET /006/page?asset=%2F006%2Fasset%2Fapp.css%3Fv%3Dplain5%26sc%3D006%26cs%3Dwebkit-https-plain5-restart%26br%3Dwebkit%26rt%3Drestart&cc=no-store&sc=006&cs=webkit-https-plain5-restart&n=1 HTTP/1.1" status=200 sc=006 v=- cs=webkit-https-plain5-restart br=- rt=- inm="-" ims="-" ccreq="-"
2026-08-10T05:22:59+00:00 "GET /006/asset/app.css?v=plain5&sc=006&cs=webkit-https-plain5-restart&br=webkit&rt=restart HTTP/1.1" status=200 sc=006 v=plain5 cs=webkit-https-plain5-restart br=webkit rt=restart inm="-" ims="-" ccreq="-"
2026-08-10T05:23:01+00:00 "GET /006/page?asset=%2F006%2Fasset%2Fapp.css%3Fv%3Dplain5%26sc%3D006%26cs%3Dwebkit-https-plain5-restart%26br%3Dwebkit%26rt%3Drestart&cc=no-store&sc=006&cs=webkit-https-plain5-restart&n=2 HTTP/1.1" status=200 sc=006 v=- cs=webkit-https-plain5-restart br=- rt=- inm="-" ims="-" ccreq="-"
2026-08-10T05:23:01+00:00 "GET /006/asset/app.css?v=plain5&sc=006&cs=webkit-https-plain5-restart&br=webkit&rt=restart HTTP/1.1" status=200 sc=006 v=plain5 cs=webkit-https-plain5-restart br=webkit rt=restart inm="-" ims="-" ccreq="-"
2026-08-10T05:23:02+00:00 "GET /006/page?asset=%2F006%2Fasset%2Fapp.css%3Fv%3Dplain5%26sc%3D006%26cs%3Dwebkit-https-plain5-fetch-nocache%26br%3Dwebkit%26rt%3Dfetch-nocache&cc=no-store&sc=006&cs=webkit-https-plain5-fetch-nocache&n=1 HTTP/1.1" status=200 sc=006 v=- cs=webkit-https-plain5-fetch-nocache br=- rt=- inm="-" ims="-" ccreq="-"
2026-08-10T05:23:02+00:00 "GET /006/asset/app.css?v=plain5&sc=006&cs=webkit-https-plain5-fetch-nocache&br=webkit&rt=fetch-nocache HTTP/1.1" status=200 sc=006 v=plain5 cs=webkit-https-plain5-fetch-nocache br=webkit rt=fetch-nocache inm="-" ims="-" ccreq="-"
2026-08-10T05:23:03+00:00 "GET /006/asset/app.css?v=plain5&sc=006&cs=webkit-https-plain5-fetch-nocache&br=webkit&rt=fetch-nocache HTTP/1.1" status=200 sc=006 v=plain5 cs=webkit-https-plain5-fetch-nocache br=webkit rt=fetch-nocache inm="-" ims="-" ccreq="max-age=0"
2026-08-10T05:23:04+00:00 "GET /006/page?asset=%2F006%2Fasset%2Fapp.css%3Fv%3Dplain5%26sc%3D006%26cs%3Dwebkit-https-plain5-fetch-reload%26br%3Dwebkit%26rt%3Dfetch-reload&cc=no-store&sc=006&cs=webkit-https-plain5-fetch-reload&n=1 HTTP/1.1" status=200 sc=006 v=- cs=webkit-https-plain5-fetch-reload br=- rt=- inm="-" ims="-" ccreq="-"
2026-08-10T05:23:04+00:00 "GET /006/asset/app.css?v=plain5&sc=006&cs=webkit-https-plain5-fetch-reload&br=webkit&rt=fetch-reload HTTP/1.1" status=200 sc=006 v=plain5 cs=webkit-https-plain5-fetch-reload br=webkit rt=fetch-reload inm="-" ims="-" ccreq="-"
2026-08-10T05:23:05+00:00 "GET /006/asset/app.css?v=plain5&sc=006&cs=webkit-https-plain5-fetch-reload&br=webkit&rt=fetch-reload HTTP/1.1" status=200 sc=006 v=plain5 cs=webkit-https-plain5-fetch-reload br=webkit rt=fetch-reload inm="-" ims="-" ccreq="no-cache"
2026-08-10T05:23:06+00:00 "GET /006/page?asset=%2F006%2Fasset%2Fapp.css%3Fv%3Dimmutable5%26sc%3D006%26cs%3Dwebkit-https-immutable5-stale%26br%3Dwebkit%26rt%3Dstale&cc=no-store&sc=006&cs=webkit-https-immutable5-stale&n=1 HTTP/1.1" status=200 sc=006 v=- cs=webkit-https-immutable5-stale br=- rt=- inm="-" ims="-" ccreq="-"
2026-08-10T05:23:06+00:00 "GET /006/asset/app.css?v=immutable5&sc=006&cs=webkit-https-immutable5-stale&br=webkit&rt=stale HTTP/1.1" status=200 sc=006 v=immutable5 cs=webkit-https-immutable5-stale br=webkit rt=stale inm="-" ims="-" ccreq="-"
2026-08-10T05:23:14+00:00 "GET /006/page?asset=%2F006%2Fasset%2Fapp.css%3Fv%3Dimmutable5%26sc%3D006%26cs%3Dwebkit-https-immutable5-stale%26br%3Dwebkit%26rt%3Dstale&cc=no-store&sc=006&cs=webkit-https-immutable5-stale&n=2 HTTP/1.1" status=200 sc=006 v=- cs=webkit-https-immutable5-stale br=- rt=- inm="-" ims="-" ccreq="-"
2026-08-10T05:23:14+00:00 "GET /006/asset/app.css?v=immutable5&sc=006&cs=webkit-https-immutable5-stale&br=webkit&rt=stale HTTP/1.1" status=304 sc=006 v=immutable5 cs=webkit-https-immutable5-stale br=webkit rt=stale inm="\x226a79595e-156\x22" ims="Mon, 10 Aug 2026 04:53:50 GMT" ccreq="-"
2026-08-10T05:23:16+00:00 "GET /006/page?asset=%2F006%2Fasset%2Fapp.css%3Fv%3Dimmutable5%26sc%3D006%26cs%3Dwebkit-https-immutable5-restart%26br%3Dwebkit%26rt%3Drestart&cc=no-store&sc=006&cs=webkit-https-immutable5-restart&n=1 HTTP/1.1" status=200 sc=006 v=- cs=webkit-https-immutable5-restart br=- rt=- inm="-" ims="-" ccreq="-"
2026-08-10T05:23:16+00:00 "GET /006/asset/app.css?v=immutable5&sc=006&cs=webkit-https-immutable5-restart&br=webkit&rt=restart HTTP/1.1" status=200 sc=006 v=immutable5 cs=webkit-https-immutable5-restart br=webkit rt=restart inm="-" ims="-" ccreq="-"
2026-08-10T05:23:17+00:00 "GET /006/page?asset=%2F006%2Fasset%2Fapp.css%3Fv%3Dimmutable5%26sc%3D006%26cs%3Dwebkit-https-immutable5-restart%26br%3Dwebkit%26rt%3Drestart&cc=no-store&sc=006&cs=webkit-https-immutable5-restart&n=2 HTTP/1.1" status=200 sc=006 v=- cs=webkit-https-immutable5-restart br=- rt=- inm="-" ims="-" ccreq="-"
2026-08-10T05:23:17+00:00 "GET /006/asset/app.css?v=immutable5&sc=006&cs=webkit-https-immutable5-restart&br=webkit&rt=restart HTTP/1.1" status=200 sc=006 v=immutable5 cs=webkit-https-immutable5-restart br=webkit rt=restart inm="-" ims="-" ccreq="-"
2026-08-10T05:23:19+00:00 "GET /006/page?asset=%2F006%2Fasset%2Fapp.css%3Fv%3Dimmutable5%26sc%3D006%26cs%3Dwebkit-https-immutable5-fetch-nocache%26br%3Dwebkit%26rt%3Dfetch-nocache&cc=no-store&sc=006&cs=webkit-https-immutable5-fetch-nocache&n=1 HTTP/1.1" status=200 sc=006 v=- cs=webkit-https-immutable5-fetch-nocache br=- rt=- inm="-" ims="-" ccreq="-"
2026-08-10T05:23:19+00:00 "GET /006/asset/app.css?v=immutable5&sc=006&cs=webkit-https-immutable5-fetch-nocache&br=webkit&rt=fetch-nocache HTTP/1.1" status=200 sc=006 v=immutable5 cs=webkit-https-immutable5-fetch-nocache br=webkit rt=fetch-nocache inm="-" ims="-" ccreq="-"
2026-08-10T05:23:19+00:00 "GET /006/asset/app.css?v=immutable5&sc=006&cs=webkit-https-immutable5-fetch-nocache&br=webkit&rt=fetch-nocache HTTP/1.1" status=200 sc=006 v=immutable5 cs=webkit-https-immutable5-fetch-nocache br=webkit rt=fetch-nocache inm="-" ims="-" ccreq="max-age=0"
2026-08-10T05:23:21+00:00 "GET /006/page?asset=%2F006%2Fasset%2Fapp.css%3Fv%3Dimmutable5%26sc%3D006%26cs%3Dwebkit-https-immutable5-fetch-reload%26br%3Dwebkit%26rt%3Dfetch-reload&cc=no-store&sc=006&cs=webkit-https-immutable5-fetch-reload&n=1 HTTP/1.1" status=200 sc=006 v=- cs=webkit-https-immutable5-fetch-reload br=- rt=- inm="-" ims="-" ccreq="-"
2026-08-10T05:23:21+00:00 "GET /006/asset/app.css?v=immutable5&sc=006&cs=webkit-https-immutable5-fetch-reload&br=webkit&rt=fetch-reload HTTP/1.1" status=200 sc=006 v=immutable5 cs=webkit-https-immutable5-fetch-reload br=webkit rt=fetch-reload inm="-" ims="-" ccreq="-"
2026-08-10T05:23:21+00:00 "GET /006/asset/app.css?v=immutable5&sc=006&cs=webkit-https-immutable5-fetch-reload&br=webkit&rt=fetch-reload HTTP/1.1" status=200 sc=006 v=immutable5 cs=webkit-https-immutable5-fetch-reload br=webkit rt=fetch-reload inm="-" ims="-" ccreq="no-cache"
2026-08-10T05:23:47+00:00 "GET /006/page?asset=%2F006%2Fasset%2Fapp.css%3Fv%3Dplain5%26sc%3Dffimm%26cs%3Dffimm-http-plain5-0&cc=no-store&sc=ffimm&cs=ffimm-http-plain5-0&n=1 HTTP/1.1" status=200 sc=ffimm v=- cs=ffimm-http-plain5-0 br=- rt=- inm="-" ims="-" ccreq="-"
2026-08-10T05:23:47+00:00 "GET /006/asset/app.css?v=plain5&sc=ffimm&cs=ffimm-http-plain5-0 HTTP/1.1" status=200 sc=ffimm v=plain5 cs=ffimm-http-plain5-0 br=- rt=- inm="-" ims="-" ccreq="-"
2026-08-10T05:23:48+00:00 "GET /006/asset/app.css?v=plain5&sc=ffimm&cs=ffimm-http-plain5-0 HTTP/1.1" status=304 sc=ffimm v=plain5 cs=ffimm-http-plain5-0 br=- rt=- inm="\x226a79595e-156\x22" ims="Mon, 10 Aug 2026 04:53:50 GMT" ccreq="max-age=0"
2026-08-10T05:23:50+00:00 "GET /006/page?asset=%2F006%2Fasset%2Fapp.css%3Fv%3Dplain5%26sc%3Dffimm%26cs%3Dffimm-http-plain5-1&cc=no-store&sc=ffimm&cs=ffimm-http-plain5-1&n=1 HTTP/1.1" status=200 sc=ffimm v=- cs=ffimm-http-plain5-1 br=- rt=- inm="-" ims="-" ccreq="-"
2026-08-10T05:23:50+00:00 "GET /006/asset/app.css?v=plain5&sc=ffimm&cs=ffimm-http-plain5-1 HTTP/1.1" status=200 sc=ffimm v=plain5 cs=ffimm-http-plain5-1 br=- rt=- inm="-" ims="-" ccreq="-"
2026-08-10T05:23:51+00:00 "GET /006/asset/app.css?v=plain5&sc=ffimm&cs=ffimm-http-plain5-1 HTTP/1.1" status=304 sc=ffimm v=plain5 cs=ffimm-http-plain5-1 br=- rt=- inm="\x226a79595e-156\x22" ims="Mon, 10 Aug 2026 04:53:50 GMT" ccreq="max-age=0"
2026-08-10T05:23:53+00:00 "GET /006/page?asset=%2F006%2Fasset%2Fapp.css%3Fv%3Dplain5%26sc%3Dffimm%26cs%3Dffimm-http-plain5-2&cc=no-store&sc=ffimm&cs=ffimm-http-plain5-2&n=1 HTTP/1.1" status=200 sc=ffimm v=- cs=ffimm-http-plain5-2 br=- rt=- inm="-" ims="-" ccreq="-"
2026-08-10T05:23:53+00:00 "GET /006/asset/app.css?v=plain5&sc=ffimm&cs=ffimm-http-plain5-2 HTTP/1.1" status=200 sc=ffimm v=plain5 cs=ffimm-http-plain5-2 br=- rt=- inm="-" ims="-" ccreq="-"
2026-08-10T05:23:54+00:00 "GET /006/asset/app.css?v=plain5&sc=ffimm&cs=ffimm-http-plain5-2 HTTP/1.1" status=304 sc=ffimm v=plain5 cs=ffimm-http-plain5-2 br=- rt=- inm="\x226a79595e-156\x22" ims="Mon, 10 Aug 2026 04:53:50 GMT" ccreq="max-age=0"
2026-08-10T05:23:56+00:00 "GET /006/page?asset=%2F006%2Fasset%2Fapp.css%3Fv%3Dimmutable5%26sc%3Dffimm%26cs%3Dffimm-http-immutable5-0&cc=no-store&sc=ffimm&cs=ffimm-http-immutable5-0&n=1 HTTP/1.1" status=200 sc=ffimm v=- cs=ffimm-http-immutable5-0 br=- rt=- inm="-" ims="-" ccreq="-"
2026-08-10T05:23:56+00:00 "GET /006/asset/app.css?v=immutable5&sc=ffimm&cs=ffimm-http-immutable5-0 HTTP/1.1" status=200 sc=ffimm v=immutable5 cs=ffimm-http-immutable5-0 br=- rt=- inm="-" ims="-" ccreq="-"
2026-08-10T05:23:57+00:00 "GET /006/asset/app.css?v=immutable5&sc=ffimm&cs=ffimm-http-immutable5-0 HTTP/1.1" status=304 sc=ffimm v=immutable5 cs=ffimm-http-immutable5-0 br=- rt=- inm="\x226a79595e-156\x22" ims="Mon, 10 Aug 2026 04:53:50 GMT" ccreq="max-age=0"
2026-08-10T05:23:59+00:00 "GET /006/page?asset=%2F006%2Fasset%2Fapp.css%3Fv%3Dimmutable5%26sc%3Dffimm%26cs%3Dffimm-http-immutable5-1&cc=no-store&sc=ffimm&cs=ffimm-http-immutable5-1&n=1 HTTP/1.1" status=200 sc=ffimm v=- cs=ffimm-http-immutable5-1 br=- rt=- inm="-" ims="-" ccreq="-"
2026-08-10T05:23:59+00:00 "GET /006/asset/app.css?v=immutable5&sc=ffimm&cs=ffimm-http-immutable5-1 HTTP/1.1" status=200 sc=ffimm v=immutable5 cs=ffimm-http-immutable5-1 br=- rt=- inm="-" ims="-" ccreq="-"
2026-08-10T05:23:59+00:00 "GET /006/asset/app.css?v=immutable5&sc=ffimm&cs=ffimm-http-immutable5-1 HTTP/1.1" status=304 sc=ffimm v=immutable5 cs=ffimm-http-immutable5-1 br=- rt=- inm="\x226a79595e-156\x22" ims="Mon, 10 Aug 2026 04:53:50 GMT" ccreq="max-age=0"
2026-08-10T05:24:02+00:00 "GET /006/page?asset=%2F006%2Fasset%2Fapp.css%3Fv%3Dimmutable5%26sc%3Dffimm%26cs%3Dffimm-http-immutable5-2&cc=no-store&sc=ffimm&cs=ffimm-http-immutable5-2&n=1 HTTP/1.1" status=200 sc=ffimm v=- cs=ffimm-http-immutable5-2 br=- rt=- inm="-" ims="-" ccreq="-"
2026-08-10T05:24:02+00:00 "GET /006/asset/app.css?v=immutable5&sc=ffimm&cs=ffimm-http-immutable5-2 HTTP/1.1" status=200 sc=ffimm v=immutable5 cs=ffimm-http-immutable5-2 br=- rt=- inm="-" ims="-" ccreq="-"
2026-08-10T05:24:02+00:00 "GET /006/asset/app.css?v=immutable5&sc=ffimm&cs=ffimm-http-immutable5-2 HTTP/1.1" status=304 sc=ffimm v=immutable5 cs=ffimm-http-immutable5-2 br=- rt=- inm="\x226a79595e-156\x22" ims="Mon, 10 Aug 2026 04:53:50 GMT" ccreq="max-age=0"
2026-08-10T05:24:04+00:00 "GET /006/page?asset=%2F006%2Fasset%2Fapp.css%3Fv%3Dplain5%26sc%3Dffimm%26cs%3Dffimm-https-plain5-0&cc=no-store&sc=ffimm&cs=ffimm-https-plain5-0&n=1 HTTP/1.1" status=200 sc=ffimm v=- cs=ffimm-https-plain5-0 br=- rt=- inm="-" ims="-" ccreq="-"
2026-08-10T05:24:05+00:00 "GET /006/asset/app.css?v=plain5&sc=ffimm&cs=ffimm-https-plain5-0 HTTP/1.1" status=200 sc=ffimm v=plain5 cs=ffimm-https-plain5-0 br=- rt=- inm="-" ims="-" ccreq="-"
2026-08-10T05:24:05+00:00 "GET /006/asset/app.css?v=plain5&sc=ffimm&cs=ffimm-https-plain5-0 HTTP/1.1" status=304 sc=ffimm v=plain5 cs=ffimm-https-plain5-0 br=- rt=- inm="\x226a79595e-156\x22" ims="Mon, 10 Aug 2026 04:53:50 GMT" ccreq="max-age=0"
2026-08-10T05:24:07+00:00 "GET /006/page?asset=%2F006%2Fasset%2Fapp.css%3Fv%3Dplain5%26sc%3Dffimm%26cs%3Dffimm-https-plain5-1&cc=no-store&sc=ffimm&cs=ffimm-https-plain5-1&n=1 HTTP/1.1" status=200 sc=ffimm v=- cs=ffimm-https-plain5-1 br=- rt=- inm="-" ims="-" ccreq="-"
2026-08-10T05:24:07+00:00 "GET /006/asset/app.css?v=plain5&sc=ffimm&cs=ffimm-https-plain5-1 HTTP/1.1" status=200 sc=ffimm v=plain5 cs=ffimm-https-plain5-1 br=- rt=- inm="-" ims="-" ccreq="-"
2026-08-10T05:24:08+00:00 "GET /006/asset/app.css?v=plain5&sc=ffimm&cs=ffimm-https-plain5-1 HTTP/1.1" status=304 sc=ffimm v=plain5 cs=ffimm-https-plain5-1 br=- rt=- inm="\x226a79595e-156\x22" ims="Mon, 10 Aug 2026 04:53:50 GMT" ccreq="max-age=0"
2026-08-10T05:24:10+00:00 "GET /006/page?asset=%2F006%2Fasset%2Fapp.css%3Fv%3Dplain5%26sc%3Dffimm%26cs%3Dffimm-https-plain5-2&cc=no-store&sc=ffimm&cs=ffimm-https-plain5-2&n=1 HTTP/1.1" status=200 sc=ffimm v=- cs=ffimm-https-plain5-2 br=- rt=- inm="-" ims="-" ccreq="-"
2026-08-10T05:24:10+00:00 "GET /006/asset/app.css?v=plain5&sc=ffimm&cs=ffimm-https-plain5-2 HTTP/1.1" status=200 sc=ffimm v=plain5 cs=ffimm-https-plain5-2 br=- rt=- inm="-" ims="-" ccreq="-"
2026-08-10T05:24:11+00:00 "GET /006/asset/app.css?v=plain5&sc=ffimm&cs=ffimm-https-plain5-2 HTTP/1.1" status=304 sc=ffimm v=plain5 cs=ffimm-https-plain5-2 br=- rt=- inm="\x226a79595e-156\x22" ims="Mon, 10 Aug 2026 04:53:50 GMT" ccreq="max-age=0"
2026-08-10T05:24:13+00:00 "GET /006/page?asset=%2F006%2Fasset%2Fapp.css%3Fv%3Dimmutable5%26sc%3Dffimm%26cs%3Dffimm-https-immutable5-0&cc=no-store&sc=ffimm&cs=ffimm-https-immutable5-0&n=1 HTTP/1.1" status=200 sc=ffimm v=- cs=ffimm-https-immutable5-0 br=- rt=- inm="-" ims="-" ccreq="-"
2026-08-10T05:24:13+00:00 "GET /006/asset/app.css?v=immutable5&sc=ffimm&cs=ffimm-https-immutable5-0 HTTP/1.1" status=200 sc=ffimm v=immutable5 cs=ffimm-https-immutable5-0 br=- rt=- inm="-" ims="-" ccreq="-"
2026-08-10T05:24:16+00:00 "GET /006/page?asset=%2F006%2Fasset%2Fapp.css%3Fv%3Dimmutable5%26sc%3Dffimm%26cs%3Dffimm-https-immutable5-1&cc=no-store&sc=ffimm&cs=ffimm-https-immutable5-1&n=1 HTTP/1.1" status=200 sc=ffimm v=- cs=ffimm-https-immutable5-1 br=- rt=- inm="-" ims="-" ccreq="-"
2026-08-10T05:24:16+00:00 "GET /006/asset/app.css?v=immutable5&sc=ffimm&cs=ffimm-https-immutable5-1 HTTP/1.1" status=200 sc=ffimm v=immutable5 cs=ffimm-https-immutable5-1 br=- rt=- inm="-" ims="-" ccreq="-"
2026-08-10T05:24:19+00:00 "GET /006/page?asset=%2F006%2Fasset%2Fapp.css%3Fv%3Dimmutable5%26sc%3Dffimm%26cs%3Dffimm-https-immutable5-2&cc=no-store&sc=ffimm&cs=ffimm-https-immutable5-2&n=1 HTTP/1.1" status=200 sc=ffimm v=- cs=ffimm-https-immutable5-2 br=- rt=- inm="-" ims="-" ccreq="-"
2026-08-10T05:24:19+00:00 "GET /006/asset/app.css?v=immutable5&sc=ffimm&cs=ffimm-https-immutable5-2 HTTP/1.1" status=200 sc=ffimm v=immutable5 cs=ffimm-https-immutable5-2 br=- rt=- inm="-" ims="-" ccreq="-"
2026-08-10T05:25:21+00:00 "GET /006/exp/expires-only.css?sc=expdir HTTP/1.1" status=200 sc=expdir v=- cs=- br=- rt=- inm="-" ims="-" ccreq="-"
2026-08-10T05:25:21+00:00 "GET /006/exp/max.css?sc=expdir HTTP/1.1" status=200 sc=expdir v=- cs=- br=- rt=- inm="-" ims="-" ccreq="-"
2026-08-10T05:25:21+00:00 "GET /006/exp/minus.css?sc=expdir HTTP/1.1" status=200 sc=expdir v=- cs=- br=- rt=- inm="-" ims="-" ccreq="-"
2026-08-10T05:25:21+00:00 "GET /006/exp/epoch.css?sc=expdir HTTP/1.1" status=200 sc=expdir v=- cs=- br=- rt=- inm="-" ims="-" ccreq="-"
2026-08-10T05:25:21+00:00 "GET /006/exp/off.css?sc=expdir HTTP/1.1" status=200 sc=expdir v=- cs=- br=- rt=- inm="-" ims="-" ccreq="-"
2026-08-10T05:25:21+00:00 "GET /006/exp/expires-only.css?sc=expconf HTTP/1.1" status=200 sc=expconf v=- cs=- br=- rt=- inm="-" ims="-" ccreq="-"
2026-08-10T05:25:21+00:00 "GET /006/exp/addheader-only.css?sc=expconf HTTP/1.1" status=200 sc=expconf v=- cs=- br=- rt=- inm="-" ims="-" ccreq="-"
2026-08-10T05:25:21+00:00 "GET /006/exp/both.css?sc=expconf HTTP/1.1" status=200 sc=expconf v=- cs=- br=- rt=- inm="-" ims="-" ccreq="-"
2026-08-10T05:25:21+00:00 "GET /006/exp/both-reverse.css?sc=expconf HTTP/1.1" status=200 sc=expconf v=- cs=- br=- rt=- inm="-" ims="-" ccreq="-"
2026-08-10T05:25:21+00:00 "GET /006/exp/nest/child-own.css?sc=expconf HTTP/1.1" status=200 sc=expconf v=- cs=- br=- rt=- inm="-" ims="-" ccreq="-"
2026-08-10T05:25:21+00:00 "GET /006/exp/nest/child-none.css?sc=expconf HTTP/1.1" status=200 sc=expconf v=- cs=- br=- rt=- inm="-" ims="-" ccreq="-"
2026-08-10T05:25:44+00:00 "GET /006/etag/on.css?sc=etag HTTP/1.1" status=200 sc=etag v=- cs=- br=- rt=- inm="-" ims="-" ccreq="-"
2026-08-10T05:25:44+00:00 "GET /006/etag/on.css?sc=etag HTTP/1.1" status=304 sc=etag v=- cs=- br=- rt=- inm="\x226a79595e-156\x22" ims="-" ccreq="-"
2026-08-10T05:25:44+00:00 "GET /006/etag/off.css?sc=etag HTTP/1.1" status=200 sc=etag v=- cs=- br=- rt=- inm="-" ims="-" ccreq="-"
2026-08-10T05:25:44+00:00 "GET /006/etag/off.css?sc=etag HTTP/1.1" status=200 sc=etag v=- cs=- br=- rt=- inm="-" ims="-" ccreq="-"
2026-08-10T05:25:44+00:00 "POST /006/api/hits/reset HTTP/1.1" status=200 sc=- v=- cs=- br=- rt=- inm="-" ims="-" ccreq="-"
2026-08-10T05:25:44+00:00 "GET /006/shared/r?sc=pcache&k=k902288322&cc=public%2C%20max-age%3D60 HTTP/1.1" status=200 sc=pcache v=- cs=- br=- rt=- inm="-" ims="-" ccreq="-"
2026-08-10T05:25:44+00:00 "GET /006/shared/r?sc=pcache&k=k902288322&cc=public%2C%20max-age%3D60 HTTP/1.1" status=200 sc=pcache v=- cs=- br=- rt=- inm="-" ims="-" ccreq="-"
2026-08-10T05:25:44+00:00 "GET /006/api/hits?k=k902288322 HTTP/1.1" status=200 sc=- v=- cs=- br=- rt=- inm="-" ims="-" ccreq="-"
2026-08-10T05:25:44+00:00 "GET /006/shared/r?sc=pcache&k=k629815208&cc=private%2C%20max-age%3D60 HTTP/1.1" status=200 sc=pcache v=- cs=- br=- rt=- inm="-" ims="-" ccreq="-"
2026-08-10T05:25:44+00:00 "GET /006/shared/r?sc=pcache&k=k629815208&cc=private%2C%20max-age%3D60 HTTP/1.1" status=200 sc=pcache v=- cs=- br=- rt=- inm="-" ims="-" ccreq="-"
2026-08-10T05:25:44+00:00 "GET /006/api/hits?k=k629815208 HTTP/1.1" status=200 sc=- v=- cs=- br=- rt=- inm="-" ims="-" ccreq="-"
2026-08-10T05:25:45+00:00 "GET /006/shared/r?sc=pcache&k=k437647915&cc=no-store HTTP/1.1" status=200 sc=pcache v=- cs=- br=- rt=- inm="-" ims="-" ccreq="-"
2026-08-10T05:25:45+00:00 "GET /006/shared/r?sc=pcache&k=k437647915&cc=no-store HTTP/1.1" status=200 sc=pcache v=- cs=- br=- rt=- inm="-" ims="-" ccreq="-"
2026-08-10T05:25:45+00:00 "GET /006/api/hits?k=k437647915 HTTP/1.1" status=200 sc=- v=- cs=- br=- rt=- inm="-" ims="-" ccreq="-"
2026-08-10T05:25:45+00:00 "GET /006/shared/r?sc=pcache&k=k0 HTTP/1.1" status=200 sc=pcache v=- cs=- br=- rt=- inm="-" ims="-" ccreq="-"
2026-08-10T05:25:45+00:00 "GET /006/shared/r?sc=pcache&k=k0 HTTP/1.1" status=200 sc=pcache v=- cs=- br=- rt=- inm="-" ims="-" ccreq="-"
2026-08-10T05:25:45+00:00 "GET /006/api/hits?k=k0 HTTP/1.1" status=200 sc=- v=- cs=- br=- rt=- inm="-" ims="-" ccreq="-"
2026-08-10T05:26:49+00:00 "GET /006/page?asset=%2F006%2Fasset%2Fapp.css%3Fv%3Dplain%26sc%3D006%26cs%3Dchromium-https-plain-nav%26br%3Dchromium%26rt%3Dnav&cc=no-store&sc=006&cs=chromium-https-plain-nav&n=1 HTTP/1.1" status=200 sc=006 v=- cs=chromium-https-plain-nav br=- rt=- inm="-" ims="-" ccreq="-"
2026-08-10T05:26:49+00:00 "GET /006/asset/app.css?v=plain&sc=006&cs=chromium-https-plain-nav&br=chromium&rt=nav HTTP/1.1" status=200 sc=006 v=plain cs=chromium-https-plain-nav br=chromium rt=nav inm="-" ims="-" ccreq="-"
2026-08-10T05:26:49+00:00 "GET /006/page?asset=%2F006%2Fasset%2Fapp.css%3Fv%3Dplain%26sc%3D006%26cs%3Dchromium-https-plain-nav%26br%3Dchromium%26rt%3Dnav&cc=no-store&sc=006&cs=chromium-https-plain-nav&n=2 HTTP/1.1" status=200 sc=006 v=- cs=chromium-https-plain-nav br=- rt=- inm="-" ims="-" ccreq="-"
2026-08-10T05:26:50+00:00 "GET /006/page?asset=%2F006%2Fasset%2Fapp.css%3Fv%3Dnostore%26sc%3D006%26cs%3Dchromium-https-nostore-nav%26br%3Dchromium%26rt%3Dnav&cc=no-store&sc=006&cs=chromium-https-nostore-nav&n=1 HTTP/1.1" status=200 sc=006 v=- cs=chromium-https-nostore-nav br=- rt=- inm="-" ims="-" ccreq="-"
2026-08-10T05:26:50+00:00 "GET /006/asset/app.css?v=nostore&sc=006&cs=chromium-https-nostore-nav&br=chromium&rt=nav HTTP/1.1" status=200 sc=006 v=nostore cs=chromium-https-nostore-nav br=chromium rt=nav inm="-" ims="-" ccreq="-"
2026-08-10T05:26:51+00:00 "GET /006/page?asset=%2F006%2Fasset%2Fapp.css%3Fv%3Dnostore%26sc%3D006%26cs%3Dchromium-https-nostore-nav%26br%3Dchromium%26rt%3Dnav&cc=no-store&sc=006&cs=chromium-https-nostore-nav&n=2 HTTP/1.1" status=200 sc=006 v=- cs=chromium-https-nostore-nav br=- rt=- inm="-" ims="-" ccreq="-"
2026-08-10T05:26:51+00:00 "GET /006/asset/app.css?v=nostore&sc=006&cs=chromium-https-nostore-nav&br=chromium&rt=nav HTTP/1.1" status=200 sc=006 v=nostore cs=chromium-https-nostore-nav br=chromium rt=nav inm="-" ims="-" ccreq="-"
2026-08-10T05:26:52+00:00 "GET /006/page?asset=%2F006%2Fasset%2Fapp.css%3Fv%3Dnocache%26sc%3D006%26cs%3Dchromium-https-nocache-nav%26br%3Dchromium%26rt%3Dnav&cc=no-store&sc=006&cs=chromium-https-nocache-nav&n=1 HTTP/1.1" status=200 sc=006 v=- cs=chromium-https-nocache-nav br=- rt=- inm="-" ims="-" ccreq="-"
2026-08-10T05:26:52+00:00 "GET /006/asset/app.css?v=nocache&sc=006&cs=chromium-https-nocache-nav&br=chromium&rt=nav HTTP/1.1" status=200 sc=006 v=nocache cs=chromium-https-nocache-nav br=chromium rt=nav inm="-" ims="-" ccreq="-"
2026-08-10T05:26:53+00:00 "GET /006/page?asset=%2F006%2Fasset%2Fapp.css%3Fv%3Dnocache%26sc%3D006%26cs%3Dchromium-https-nocache-nav%26br%3Dchromium%26rt%3Dnav&cc=no-store&sc=006&cs=chromium-https-nocache-nav&n=2 HTTP/1.1" status=200 sc=006 v=- cs=chromium-https-nocache-nav br=- rt=- inm="-" ims="-" ccreq="-"
2026-08-10T05:26:53+00:00 "GET /006/asset/app.css?v=nocache&sc=006&cs=chromium-https-nocache-nav&br=chromium&rt=nav HTTP/1.1" status=304 sc=006 v=nocache cs=chromium-https-nocache-nav br=chromium rt=nav inm="\x226a79595e-156\x22" ims="Mon, 10 Aug 2026 04:53:50 GMT" ccreq="-"
2026-08-10T05:26:54+00:00 "GET /006/page?asset=%2F006%2Fexp%2Fexpires-only.css%3Fsc%3D006%26cs%3Dchromium-https-p0-nav%26br%3Dchromium%26rt%3Dnav&cc=no-store&sc=006&cs=chromium-https-p0-nav&n=1 HTTP/1.1" status=400 sc=006 v=- cs=chromium-https-p0-nav br=- rt=- inm="-" ims="-" ccreq="-"
2026-08-10T05:26:55+00:00 "GET /006/page?asset=%2F006%2Fexp%2Fexpires-only.css%3Fsc%3D006%26cs%3Dchromium-https-p0-nav%26br%3Dchromium%26rt%3Dnav&cc=no-store&sc=006&cs=chromium-https-p0-nav&n=2 HTTP/1.1" status=400 sc=006 v=- cs=chromium-https-p0-nav br=- rt=- inm="-" ims="-" ccreq="-"
2026-08-10T05:26:56+00:00 "GET /006/page?asset=%2F006%2Fexp%2Faddheader-only.css%3Fsc%3D006%26cs%3Dchromium-https-p1-nav%26br%3Dchromium%26rt%3Dnav&cc=no-store&sc=006&cs=chromium-https-p1-nav&n=1 HTTP/1.1" status=400 sc=006 v=- cs=chromium-https-p1-nav br=- rt=- inm="-" ims="-" ccreq="-"
2026-08-10T05:26:56+00:00 "GET /006/page?asset=%2F006%2Fexp%2Faddheader-only.css%3Fsc%3D006%26cs%3Dchromium-https-p1-nav%26br%3Dchromium%26rt%3Dnav&cc=no-store&sc=006&cs=chromium-https-p1-nav&n=2 HTTP/1.1" status=400 sc=006 v=- cs=chromium-https-p1-nav br=- rt=- inm="-" ims="-" ccreq="-"
2026-08-10T05:26:58+00:00 "GET /006/page?asset=%2F006%2Fexp%2Fboth.css%3Fsc%3D006%26cs%3Dchromium-https-p2-nav%26br%3Dchromium%26rt%3Dnav&cc=no-store&sc=006&cs=chromium-https-p2-nav&n=1 HTTP/1.1" status=400 sc=006 v=- cs=chromium-https-p2-nav br=- rt=- inm="-" ims="-" ccreq="-"
2026-08-10T05:26:58+00:00 "GET /006/page?asset=%2F006%2Fexp%2Fboth.css%3Fsc%3D006%26cs%3Dchromium-https-p2-nav%26br%3Dchromium%26rt%3Dnav&cc=no-store&sc=006&cs=chromium-https-p2-nav&n=2 HTTP/1.1" status=400 sc=006 v=- cs=chromium-https-p2-nav br=- rt=- inm="-" ims="-" ccreq="-"
2026-08-10T05:26:59+00:00 "GET /006/page?asset=%2F006%2Fexp%2Fnest%2Fchild-own.css%3Fsc%3D006%26cs%3Dchromium-https-p3-nav%26br%3Dchromium%26rt%3Dnav&cc=no-store&sc=006&cs=chromium-https-p3-nav&n=1 HTTP/1.1" status=400 sc=006 v=- cs=chromium-https-p3-nav br=- rt=- inm="-" ims="-" ccreq="-"
2026-08-10T05:27:00+00:00 "GET /006/page?asset=%2F006%2Fexp%2Fnest%2Fchild-own.css%3Fsc%3D006%26cs%3Dchromium-https-p3-nav%26br%3Dchromium%26rt%3Dnav&cc=no-store&sc=006&cs=chromium-https-p3-nav&n=2 HTTP/1.1" status=400 sc=006 v=- cs=chromium-https-p3-nav br=- rt=- inm="-" ims="-" ccreq="-"
2026-08-10T05:27:03+00:00 "GET /006/page?asset=%2F006%2Fasset%2Fapp.css%3Fv%3Dplain%26sc%3D006%26cs%3Dfirefox-https-plain-nav%26br%3Dfirefox%26rt%3Dnav&cc=no-store&sc=006&cs=firefox-https-plain-nav&n=1 HTTP/1.1" status=200 sc=006 v=- cs=firefox-https-plain-nav br=- rt=- inm="-" ims="-" ccreq="-"
2026-08-10T05:27:03+00:00 "GET /006/asset/app.css?v=plain&sc=006&cs=firefox-https-plain-nav&br=firefox&rt=nav HTTP/1.1" status=200 sc=006 v=plain cs=firefox-https-plain-nav br=firefox rt=nav inm="-" ims="-" ccreq="-"
2026-08-10T05:27:04+00:00 "GET /006/page?asset=%2F006%2Fasset%2Fapp.css%3Fv%3Dplain%26sc%3D006%26cs%3Dfirefox-https-plain-nav%26br%3Dfirefox%26rt%3Dnav&cc=no-store&sc=006&cs=firefox-https-plain-nav&n=2 HTTP/1.1" status=200 sc=006 v=- cs=firefox-https-plain-nav br=- rt=- inm="-" ims="-" ccreq="-"
2026-08-10T05:27:06+00:00 "GET /006/page?asset=%2F006%2Fasset%2Fapp.css%3Fv%3Dnostore%26sc%3D006%26cs%3Dfirefox-https-nostore-nav%26br%3Dfirefox%26rt%3Dnav&cc=no-store&sc=006&cs=firefox-https-nostore-nav&n=1 HTTP/1.1" status=200 sc=006 v=- cs=firefox-https-nostore-nav br=- rt=- inm="-" ims="-" ccreq="-"
2026-08-10T05:27:06+00:00 "GET /006/asset/app.css?v=nostore&sc=006&cs=firefox-https-nostore-nav&br=firefox&rt=nav HTTP/1.1" status=200 sc=006 v=nostore cs=firefox-https-nostore-nav br=firefox rt=nav inm="-" ims="-" ccreq="-"
2026-08-10T05:27:07+00:00 "GET /006/page?asset=%2F006%2Fasset%2Fapp.css%3Fv%3Dnostore%26sc%3D006%26cs%3Dfirefox-https-nostore-nav%26br%3Dfirefox%26rt%3Dnav&cc=no-store&sc=006&cs=firefox-https-nostore-nav&n=2 HTTP/1.1" status=200 sc=006 v=- cs=firefox-https-nostore-nav br=- rt=- inm="-" ims="-" ccreq="-"
2026-08-10T05:27:07+00:00 "GET /006/asset/app.css?v=nostore&sc=006&cs=firefox-https-nostore-nav&br=firefox&rt=nav HTTP/1.1" status=200 sc=006 v=nostore cs=firefox-https-nostore-nav br=firefox rt=nav inm="-" ims="-" ccreq="-"
2026-08-10T05:27:09+00:00 "GET /006/page?asset=%2F006%2Fasset%2Fapp.css%3Fv%3Dnocache%26sc%3D006%26cs%3Dfirefox-https-nocache-nav%26br%3Dfirefox%26rt%3Dnav&cc=no-store&sc=006&cs=firefox-https-nocache-nav&n=1 HTTP/1.1" status=200 sc=006 v=- cs=firefox-https-nocache-nav br=- rt=- inm="-" ims="-" ccreq="-"
2026-08-10T05:27:09+00:00 "GET /006/asset/app.css?v=nocache&sc=006&cs=firefox-https-nocache-nav&br=firefox&rt=nav HTTP/1.1" status=200 sc=006 v=nocache cs=firefox-https-nocache-nav br=firefox rt=nav inm="-" ims="-" ccreq="-"
2026-08-10T05:27:10+00:00 "GET /006/page?asset=%2F006%2Fasset%2Fapp.css%3Fv%3Dnocache%26sc%3D006%26cs%3Dfirefox-https-nocache-nav%26br%3Dfirefox%26rt%3Dnav&cc=no-store&sc=006&cs=firefox-https-nocache-nav&n=2 HTTP/1.1" status=200 sc=006 v=- cs=firefox-https-nocache-nav br=- rt=- inm="-" ims="-" ccreq="-"
2026-08-10T05:27:10+00:00 "GET /006/asset/app.css?v=nocache&sc=006&cs=firefox-https-nocache-nav&br=firefox&rt=nav HTTP/1.1" status=304 sc=006 v=nocache cs=firefox-https-nocache-nav br=firefox rt=nav inm="\x226a79595e-156\x22" ims="Mon, 10 Aug 2026 04:53:50 GMT" ccreq="-"
2026-08-10T05:27:12+00:00 "GET /006/page?asset=%2F006%2Fexp%2Fexpires-only.css%3Fsc%3D006%26cs%3Dfirefox-https-p0-nav%26br%3Dfirefox%26rt%3Dnav&cc=no-store&sc=006&cs=firefox-https-p0-nav&n=1 HTTP/1.1" status=400 sc=006 v=- cs=firefox-https-p0-nav br=- rt=- inm="-" ims="-" ccreq="-"
2026-08-10T05:27:13+00:00 "GET /006/page?asset=%2F006%2Fexp%2Fexpires-only.css%3Fsc%3D006%26cs%3Dfirefox-https-p0-nav%26br%3Dfirefox%26rt%3Dnav&cc=no-store&sc=006&cs=firefox-https-p0-nav&n=2 HTTP/1.1" status=400 sc=006 v=- cs=firefox-https-p0-nav br=- rt=- inm="-" ims="-" ccreq="-"
2026-08-10T05:27:15+00:00 "GET /006/page?asset=%2F006%2Fexp%2Faddheader-only.css%3Fsc%3D006%26cs%3Dfirefox-https-p1-nav%26br%3Dfirefox%26rt%3Dnav&cc=no-store&sc=006&cs=firefox-https-p1-nav&n=1 HTTP/1.1" status=400 sc=006 v=- cs=firefox-https-p1-nav br=- rt=- inm="-" ims="-" ccreq="-"
2026-08-10T05:27:16+00:00 "GET /006/page?asset=%2F006%2Fexp%2Faddheader-only.css%3Fsc%3D006%26cs%3Dfirefox-https-p1-nav%26br%3Dfirefox%26rt%3Dnav&cc=no-store&sc=006&cs=firefox-https-p1-nav&n=2 HTTP/1.1" status=400 sc=006 v=- cs=firefox-https-p1-nav br=- rt=- inm="-" ims="-" ccreq="-"
2026-08-10T05:27:18+00:00 "GET /006/page?asset=%2F006%2Fexp%2Fboth.css%3Fsc%3D006%26cs%3Dfirefox-https-p2-nav%26br%3Dfirefox%26rt%3Dnav&cc=no-store&sc=006&cs=firefox-https-p2-nav&n=1 HTTP/1.1" status=400 sc=006 v=- cs=firefox-https-p2-nav br=- rt=- inm="-" ims="-" ccreq="-"
2026-08-10T05:27:18+00:00 "GET /006/page?asset=%2F006%2Fexp%2Fboth.css%3Fsc%3D006%26cs%3Dfirefox-https-p2-nav%26br%3Dfirefox%26rt%3Dnav&cc=no-store&sc=006&cs=firefox-https-p2-nav&n=2 HTTP/1.1" status=400 sc=006 v=- cs=firefox-https-p2-nav br=- rt=- inm="-" ims="-" ccreq="-"
2026-08-10T05:27:21+00:00 "GET /006/page?asset=%2F006%2Fexp%2Fnest%2Fchild-own.css%3Fsc%3D006%26cs%3Dfirefox-https-p3-nav%26br%3Dfirefox%26rt%3Dnav&cc=no-store&sc=006&cs=firefox-https-p3-nav&n=1 HTTP/1.1" status=400 sc=006 v=- cs=firefox-https-p3-nav br=- rt=- inm="-" ims="-" ccreq="-"
2026-08-10T05:27:21+00:00 "GET /006/page?asset=%2F006%2Fexp%2Fnest%2Fchild-own.css%3Fsc%3D006%26cs%3Dfirefox-https-p3-nav%26br%3Dfirefox%26rt%3Dnav&cc=no-store&sc=006&cs=firefox-https-p3-nav&n=2 HTTP/1.1" status=400 sc=006 v=- cs=firefox-https-p3-nav br=- rt=- inm="-" ims="-" ccreq="-"
2026-08-10T05:27:23+00:00 "GET /006/page?asset=%2F006%2Fasset%2Fapp.css%3Fv%3Dplain%26sc%3D006%26cs%3Dwebkit-https-plain-nav%26br%3Dwebkit%26rt%3Dnav&cc=no-store&sc=006&cs=webkit-https-plain-nav&n=1 HTTP/1.1" status=200 sc=006 v=- cs=webkit-https-plain-nav br=- rt=- inm="-" ims="-" ccreq="-"
2026-08-10T05:27:23+00:00 "GET /006/asset/app.css?v=plain&sc=006&cs=webkit-https-plain-nav&br=webkit&rt=nav HTTP/1.1" status=200 sc=006 v=plain cs=webkit-https-plain-nav br=webkit rt=nav inm="-" ims="-" ccreq="-"
2026-08-10T05:27:24+00:00 "GET /006/page?asset=%2F006%2Fasset%2Fapp.css%3Fv%3Dplain%26sc%3D006%26cs%3Dwebkit-https-plain-nav%26br%3Dwebkit%26rt%3Dnav&cc=no-store&sc=006&cs=webkit-https-plain-nav&n=2 HTTP/1.1" status=200 sc=006 v=- cs=webkit-https-plain-nav br=- rt=- inm="-" ims="-" ccreq="-"
2026-08-10T05:27:25+00:00 "GET /006/page?asset=%2F006%2Fasset%2Fapp.css%3Fv%3Dnostore%26sc%3D006%26cs%3Dwebkit-https-nostore-nav%26br%3Dwebkit%26rt%3Dnav&cc=no-store&sc=006&cs=webkit-https-nostore-nav&n=1 HTTP/1.1" status=200 sc=006 v=- cs=webkit-https-nostore-nav br=- rt=- inm="-" ims="-" ccreq="-"
2026-08-10T05:27:25+00:00 "GET /006/asset/app.css?v=nostore&sc=006&cs=webkit-https-nostore-nav&br=webkit&rt=nav HTTP/1.1" status=200 sc=006 v=nostore cs=webkit-https-nostore-nav br=webkit rt=nav inm="-" ims="-" ccreq="-"
2026-08-10T05:27:26+00:00 "GET /006/page?asset=%2F006%2Fasset%2Fapp.css%3Fv%3Dnostore%26sc%3D006%26cs%3Dwebkit-https-nostore-nav%26br%3Dwebkit%26rt%3Dnav&cc=no-store&sc=006&cs=webkit-https-nostore-nav&n=2 HTTP/1.1" status=200 sc=006 v=- cs=webkit-https-nostore-nav br=- rt=- inm="-" ims="-" ccreq="-"
2026-08-10T05:27:26+00:00 "GET /006/asset/app.css?v=nostore&sc=006&cs=webkit-https-nostore-nav&br=webkit&rt=nav HTTP/1.1" status=200 sc=006 v=nostore cs=webkit-https-nostore-nav br=webkit rt=nav inm="-" ims="-" ccreq="-"
2026-08-10T05:27:28+00:00 "GET /006/page?asset=%2F006%2Fasset%2Fapp.css%3Fv%3Dnocache%26sc%3D006%26cs%3Dwebkit-https-nocache-nav%26br%3Dwebkit%26rt%3Dnav&cc=no-store&sc=006&cs=webkit-https-nocache-nav&n=1 HTTP/1.1" status=200 sc=006 v=- cs=webkit-https-nocache-nav br=- rt=- inm="-" ims="-" ccreq="-"
2026-08-10T05:27:28+00:00 "GET /006/asset/app.css?v=nocache&sc=006&cs=webkit-https-nocache-nav&br=webkit&rt=nav HTTP/1.1" status=200 sc=006 v=nocache cs=webkit-https-nocache-nav br=webkit rt=nav inm="-" ims="-" ccreq="-"
2026-08-10T05:27:28+00:00 "GET /006/page?asset=%2F006%2Fasset%2Fapp.css%3Fv%3Dnocache%26sc%3D006%26cs%3Dwebkit-https-nocache-nav%26br%3Dwebkit%26rt%3Dnav&cc=no-store&sc=006&cs=webkit-https-nocache-nav&n=2 HTTP/1.1" status=200 sc=006 v=- cs=webkit-https-nocache-nav br=- rt=- inm="-" ims="-" ccreq="-"
2026-08-10T05:27:28+00:00 "GET /006/asset/app.css?v=nocache&sc=006&cs=webkit-https-nocache-nav&br=webkit&rt=nav HTTP/1.1" status=304 sc=006 v=nocache cs=webkit-https-nocache-nav br=webkit rt=nav inm="\x226a79595e-156\x22" ims="Mon, 10 Aug 2026 04:53:50 GMT" ccreq="-"
2026-08-10T05:27:30+00:00 "GET /006/page?asset=%2F006%2Fexp%2Fexpires-only.css%3Fsc%3D006%26cs%3Dwebkit-https-p0-nav%26br%3Dwebkit%26rt%3Dnav&cc=no-store&sc=006&cs=webkit-https-p0-nav&n=1 HTTP/1.1" status=400 sc=006 v=- cs=webkit-https-p0-nav br=- rt=- inm="-" ims="-" ccreq="-"
2026-08-10T05:27:30+00:00 "GET /006/page?asset=%2F006%2Fexp%2Fexpires-only.css%3Fsc%3D006%26cs%3Dwebkit-https-p0-nav%26br%3Dwebkit%26rt%3Dnav&cc=no-store&sc=006&cs=webkit-https-p0-nav&n=2 HTTP/1.1" status=400 sc=006 v=- cs=webkit-https-p0-nav br=- rt=- inm="-" ims="-" ccreq="-"
2026-08-10T05:27:32+00:00 "GET /006/page?asset=%2F006%2Fexp%2Faddheader-only.css%3Fsc%3D006%26cs%3Dwebkit-https-p1-nav%26br%3Dwebkit%26rt%3Dnav&cc=no-store&sc=006&cs=webkit-https-p1-nav&n=1 HTTP/1.1" status=400 sc=006 v=- cs=webkit-https-p1-nav br=- rt=- inm="-" ims="-" ccreq="-"
2026-08-10T05:27:33+00:00 "GET /006/page?asset=%2F006%2Fexp%2Faddheader-only.css%3Fsc%3D006%26cs%3Dwebkit-https-p1-nav%26br%3Dwebkit%26rt%3Dnav&cc=no-store&sc=006&cs=webkit-https-p1-nav&n=2 HTTP/1.1" status=400 sc=006 v=- cs=webkit-https-p1-nav br=- rt=- inm="-" ims="-" ccreq="-"
2026-08-10T05:27:34+00:00 "GET /006/page?asset=%2F006%2Fexp%2Fboth.css%3Fsc%3D006%26cs%3Dwebkit-https-p2-nav%26br%3Dwebkit%26rt%3Dnav&cc=no-store&sc=006&cs=webkit-https-p2-nav&n=1 HTTP/1.1" status=400 sc=006 v=- cs=webkit-https-p2-nav br=- rt=- inm="-" ims="-" ccreq="-"
2026-08-10T05:27:35+00:00 "GET /006/page?asset=%2F006%2Fexp%2Fboth.css%3Fsc%3D006%26cs%3Dwebkit-https-p2-nav%26br%3Dwebkit%26rt%3Dnav&cc=no-store&sc=006&cs=webkit-https-p2-nav&n=2 HTTP/1.1" status=400 sc=006 v=- cs=webkit-https-p2-nav br=- rt=- inm="-" ims="-" ccreq="-"
2026-08-10T05:27:36+00:00 "GET /006/page?asset=%2F006%2Fexp%2Fnest%2Fchild-own.css%3Fsc%3D006%26cs%3Dwebkit-https-p3-nav%26br%3Dwebkit%26rt%3Dnav&cc=no-store&sc=006&cs=webkit-https-p3-nav&n=1 HTTP/1.1" status=400 sc=006 v=- cs=webkit-https-p3-nav br=- rt=- inm="-" ims="-" ccreq="-"
2026-08-10T05:27:37+00:00 "GET /006/page?asset=%2F006%2Fexp%2Fnest%2Fchild-own.css%3Fsc%3D006%26cs%3Dwebkit-https-p3-nav%26br%3Dwebkit%26rt%3Dnav&cc=no-store&sc=006&cs=webkit-https-p3-nav&n=2 HTTP/1.1" status=400 sc=006 v=- cs=webkit-https-p3-nav br=- rt=- inm="-" ims="-" ccreq="-"
2026-08-10T05:28:29+00:00 "GET /006/page?asset=%2F006%2Fasset%2Fapp.css%3Fv%3Dplain%26sc%3D006%26cs%3Dchromium-https-plain-nav%26br%3Dchromium%26rt%3Dnav&cc=no-store&sc=006&cs=chromium-https-plain-nav&n=1 HTTP/1.1" status=200 sc=006 v=- cs=chromium-https-plain-nav br=- rt=- inm="-" ims="-" ccreq="-"
2026-08-10T05:28:29+00:00 "GET /006/asset/app.css?v=plain&sc=006&cs=chromium-https-plain-nav&br=chromium&rt=nav HTTP/1.1" status=200 sc=006 v=plain cs=chromium-https-plain-nav br=chromium rt=nav inm="-" ims="-" ccreq="-"
2026-08-10T05:28:29+00:00 "GET /006/page?asset=%2F006%2Fasset%2Fapp.css%3Fv%3Dplain%26sc%3D006%26cs%3Dchromium-https-plain-nav%26br%3Dchromium%26rt%3Dnav&cc=no-store&sc=006&cs=chromium-https-plain-nav&n=2 HTTP/1.1" status=200 sc=006 v=- cs=chromium-https-plain-nav br=- rt=- inm="-" ims="-" ccreq="-"
2026-08-10T05:28:31+00:00 "GET /006/page?asset=%2F006%2Fasset%2Fapp.css%3Fv%3Dnostore%26sc%3D006%26cs%3Dchromium-https-nostore-nav%26br%3Dchromium%26rt%3Dnav&cc=no-store&sc=006&cs=chromium-https-nostore-nav&n=1 HTTP/1.1" status=200 sc=006 v=- cs=chromium-https-nostore-nav br=- rt=- inm="-" ims="-" ccreq="-"
2026-08-10T05:28:31+00:00 "GET /006/asset/app.css?v=nostore&sc=006&cs=chromium-https-nostore-nav&br=chromium&rt=nav HTTP/1.1" status=200 sc=006 v=nostore cs=chromium-https-nostore-nav br=chromium rt=nav inm="-" ims="-" ccreq="-"
2026-08-10T05:28:31+00:00 "GET /006/page?asset=%2F006%2Fasset%2Fapp.css%3Fv%3Dnostore%26sc%3D006%26cs%3Dchromium-https-nostore-nav%26br%3Dchromium%26rt%3Dnav&cc=no-store&sc=006&cs=chromium-https-nostore-nav&n=2 HTTP/1.1" status=200 sc=006 v=- cs=chromium-https-nostore-nav br=- rt=- inm="-" ims="-" ccreq="-"
2026-08-10T05:28:31+00:00 "GET /006/asset/app.css?v=nostore&sc=006&cs=chromium-https-nostore-nav&br=chromium&rt=nav HTTP/1.1" status=200 sc=006 v=nostore cs=chromium-https-nostore-nav br=chromium rt=nav inm="-" ims="-" ccreq="-"
2026-08-10T05:28:32+00:00 "GET /006/page?asset=%2F006%2Fasset%2Fapp.css%3Fv%3Dnocache%26sc%3D006%26cs%3Dchromium-https-nocache-nav%26br%3Dchromium%26rt%3Dnav&cc=no-store&sc=006&cs=chromium-https-nocache-nav&n=1 HTTP/1.1" status=200 sc=006 v=- cs=chromium-https-nocache-nav br=- rt=- inm="-" ims="-" ccreq="-"
2026-08-10T05:28:32+00:00 "GET /006/asset/app.css?v=nocache&sc=006&cs=chromium-https-nocache-nav&br=chromium&rt=nav HTTP/1.1" status=200 sc=006 v=nocache cs=chromium-https-nocache-nav br=chromium rt=nav inm="-" ims="-" ccreq="-"
2026-08-10T05:28:33+00:00 "GET /006/page?asset=%2F006%2Fasset%2Fapp.css%3Fv%3Dnocache%26sc%3D006%26cs%3Dchromium-https-nocache-nav%26br%3Dchromium%26rt%3Dnav&cc=no-store&sc=006&cs=chromium-https-nocache-nav&n=2 HTTP/1.1" status=200 sc=006 v=- cs=chromium-https-nocache-nav br=- rt=- inm="-" ims="-" ccreq="-"
2026-08-10T05:28:33+00:00 "GET /006/asset/app.css?v=nocache&sc=006&cs=chromium-https-nocache-nav&br=chromium&rt=nav HTTP/1.1" status=304 sc=006 v=nocache cs=chromium-https-nocache-nav br=chromium rt=nav inm="\x226a79595e-156\x22" ims="Mon, 10 Aug 2026 04:53:50 GMT" ccreq="-"
2026-08-10T05:28:34+00:00 "GET /006/page?asset=%2F006%2Fexp%2Fexpires-only.css%3Fsc%3D006%26cs%3Dchromium-https-p0-nav%26br%3Dchromium%26rt%3Dnav&cc=no-store&sc=006&cs=chromium-https-p0-nav&n=1 HTTP/1.1" status=200 sc=006 v=- cs=chromium-https-p0-nav br=- rt=- inm="-" ims="-" ccreq="-"
2026-08-10T05:28:34+00:00 "GET /006/exp/expires-only.css?sc=006&cs=chromium-https-p0-nav&br=chromium&rt=nav HTTP/1.1" status=200 sc=006 v=- cs=chromium-https-p0-nav br=chromium rt=nav inm="-" ims="-" ccreq="-"
2026-08-10T05:28:35+00:00 "GET /006/page?asset=%2F006%2Fexp%2Fexpires-only.css%3Fsc%3D006%26cs%3Dchromium-https-p0-nav%26br%3Dchromium%26rt%3Dnav&cc=no-store&sc=006&cs=chromium-https-p0-nav&n=2 HTTP/1.1" status=200 sc=006 v=- cs=chromium-https-p0-nav br=- rt=- inm="-" ims="-" ccreq="-"
2026-08-10T05:28:38+00:00 "GET /006/page?asset=%2F006%2Fasset%2Fapp.css%3Fv%3Dplain%26sc%3D006%26cs%3Dfirefox-https-plain-nav%26br%3Dfirefox%26rt%3Dnav&cc=no-store&sc=006&cs=firefox-https-plain-nav&n=1 HTTP/1.1" status=200 sc=006 v=- cs=firefox-https-plain-nav br=- rt=- inm="-" ims="-" ccreq="-"
2026-08-10T05:28:38+00:00 "GET /006/asset/app.css?v=plain&sc=006&cs=firefox-https-plain-nav&br=firefox&rt=nav HTTP/1.1" status=200 sc=006 v=plain cs=firefox-https-plain-nav br=firefox rt=nav inm="-" ims="-" ccreq="-"
2026-08-10T05:28:39+00:00 "GET /006/page?asset=%2F006%2Fasset%2Fapp.css%3Fv%3Dplain%26sc%3D006%26cs%3Dfirefox-https-plain-nav%26br%3Dfirefox%26rt%3Dnav&cc=no-store&sc=006&cs=firefox-https-plain-nav&n=2 HTTP/1.1" status=200 sc=006 v=- cs=firefox-https-plain-nav br=- rt=- inm="-" ims="-" ccreq="-"
2026-08-10T05:28:41+00:00 "GET /006/page?asset=%2F006%2Fasset%2Fapp.css%3Fv%3Dnostore%26sc%3D006%26cs%3Dfirefox-https-nostore-nav%26br%3Dfirefox%26rt%3Dnav&cc=no-store&sc=006&cs=firefox-https-nostore-nav&n=1 HTTP/1.1" status=200 sc=006 v=- cs=firefox-https-nostore-nav br=- rt=- inm="-" ims="-" ccreq="-"
2026-08-10T05:28:41+00:00 "GET /006/asset/app.css?v=nostore&sc=006&cs=firefox-https-nostore-nav&br=firefox&rt=nav HTTP/1.1" status=200 sc=006 v=nostore cs=firefox-https-nostore-nav br=firefox rt=nav inm="-" ims="-" ccreq="-"
2026-08-10T05:28:42+00:00 "GET /006/page?asset=%2F006%2Fasset%2Fapp.css%3Fv%3Dnostore%26sc%3D006%26cs%3Dfirefox-https-nostore-nav%26br%3Dfirefox%26rt%3Dnav&cc=no-store&sc=006&cs=firefox-https-nostore-nav&n=2 HTTP/1.1" status=200 sc=006 v=- cs=firefox-https-nostore-nav br=- rt=- inm="-" ims="-" ccreq="-"
2026-08-10T05:28:42+00:00 "GET /006/asset/app.css?v=nostore&sc=006&cs=firefox-https-nostore-nav&br=firefox&rt=nav HTTP/1.1" status=200 sc=006 v=nostore cs=firefox-https-nostore-nav br=firefox rt=nav inm="-" ims="-" ccreq="-"
2026-08-10T05:28:44+00:00 "GET /006/page?asset=%2F006%2Fasset%2Fapp.css%3Fv%3Dnocache%26sc%3D006%26cs%3Dfirefox-https-nocache-nav%26br%3Dfirefox%26rt%3Dnav&cc=no-store&sc=006&cs=firefox-https-nocache-nav&n=1 HTTP/1.1" status=200 sc=006 v=- cs=firefox-https-nocache-nav br=- rt=- inm="-" ims="-" ccreq="-"
2026-08-10T05:28:44+00:00 "GET /006/asset/app.css?v=nocache&sc=006&cs=firefox-https-nocache-nav&br=firefox&rt=nav HTTP/1.1" status=200 sc=006 v=nocache cs=firefox-https-nocache-nav br=firefox rt=nav inm="-" ims="-" ccreq="-"
2026-08-10T05:28:44+00:00 "GET /006/page?asset=%2F006%2Fasset%2Fapp.css%3Fv%3Dnocache%26sc%3D006%26cs%3Dfirefox-https-nocache-nav%26br%3Dfirefox%26rt%3Dnav&cc=no-store&sc=006&cs=firefox-https-nocache-nav&n=2 HTTP/1.1" status=200 sc=006 v=- cs=firefox-https-nocache-nav br=- rt=- inm="-" ims="-" ccreq="-"
2026-08-10T05:28:44+00:00 "GET /006/asset/app.css?v=nocache&sc=006&cs=firefox-https-nocache-nav&br=firefox&rt=nav HTTP/1.1" status=304 sc=006 v=nocache cs=firefox-https-nocache-nav br=firefox rt=nav inm="\x226a79595e-156\x22" ims="Mon, 10 Aug 2026 04:53:50 GMT" ccreq="-"
2026-08-10T05:28:47+00:00 "GET /006/page?asset=%2F006%2Fexp%2Fexpires-only.css%3Fsc%3D006%26cs%3Dfirefox-https-p0-nav%26br%3Dfirefox%26rt%3Dnav&cc=no-store&sc=006&cs=firefox-https-p0-nav&n=1 HTTP/1.1" status=200 sc=006 v=- cs=firefox-https-p0-nav br=- rt=- inm="-" ims="-" ccreq="-"
2026-08-10T05:28:47+00:00 "GET /006/exp/expires-only.css?sc=006&cs=firefox-https-p0-nav&br=firefox&rt=nav HTTP/1.1" status=200 sc=006 v=- cs=firefox-https-p0-nav br=firefox rt=nav inm="-" ims="-" ccreq="-"
2026-08-10T05:28:47+00:00 "GET /006/page?asset=%2F006%2Fexp%2Fexpires-only.css%3Fsc%3D006%26cs%3Dfirefox-https-p0-nav%26br%3Dfirefox%26rt%3Dnav&cc=no-store&sc=006&cs=firefox-https-p0-nav&n=2 HTTP/1.1" status=200 sc=006 v=- cs=firefox-https-p0-nav br=- rt=- inm="-" ims="-" ccreq="-"
2026-08-10T05:28:49+00:00 "GET /006/page?asset=%2F006%2Fasset%2Fapp.css%3Fv%3Dplain%26sc%3D006%26cs%3Dwebkit-https-plain-nav%26br%3Dwebkit%26rt%3Dnav&cc=no-store&sc=006&cs=webkit-https-plain-nav&n=1 HTTP/1.1" status=200 sc=006 v=- cs=webkit-https-plain-nav br=- rt=- inm="-" ims="-" ccreq="-"
2026-08-10T05:28:49+00:00 "GET /006/asset/app.css?v=plain&sc=006&cs=webkit-https-plain-nav&br=webkit&rt=nav HTTP/1.1" status=200 sc=006 v=plain cs=webkit-https-plain-nav br=webkit rt=nav inm="-" ims="-" ccreq="-"
2026-08-10T05:28:50+00:00 "GET /006/page?asset=%2F006%2Fasset%2Fapp.css%3Fv%3Dplain%26sc%3D006%26cs%3Dwebkit-https-plain-nav%26br%3Dwebkit%26rt%3Dnav&cc=no-store&sc=006&cs=webkit-https-plain-nav&n=2 HTTP/1.1" status=200 sc=006 v=- cs=webkit-https-plain-nav br=- rt=- inm="-" ims="-" ccreq="-"
2026-08-10T05:28:52+00:00 "GET /006/page?asset=%2F006%2Fasset%2Fapp.css%3Fv%3Dnostore%26sc%3D006%26cs%3Dwebkit-https-nostore-nav%26br%3Dwebkit%26rt%3Dnav&cc=no-store&sc=006&cs=webkit-https-nostore-nav&n=1 HTTP/1.1" status=200 sc=006 v=- cs=webkit-https-nostore-nav br=- rt=- inm="-" ims="-" ccreq="-"
2026-08-10T05:28:52+00:00 "GET /006/asset/app.css?v=nostore&sc=006&cs=webkit-https-nostore-nav&br=webkit&rt=nav HTTP/1.1" status=200 sc=006 v=nostore cs=webkit-https-nostore-nav br=webkit rt=nav inm="-" ims="-" ccreq="-"
2026-08-10T05:28:52+00:00 "GET /006/page?asset=%2F006%2Fasset%2Fapp.css%3Fv%3Dnostore%26sc%3D006%26cs%3Dwebkit-https-nostore-nav%26br%3Dwebkit%26rt%3Dnav&cc=no-store&sc=006&cs=webkit-https-nostore-nav&n=2 HTTP/1.1" status=200 sc=006 v=- cs=webkit-https-nostore-nav br=- rt=- inm="-" ims="-" ccreq="-"
2026-08-10T05:28:52+00:00 "GET /006/asset/app.css?v=nostore&sc=006&cs=webkit-https-nostore-nav&br=webkit&rt=nav HTTP/1.1" status=200 sc=006 v=nostore cs=webkit-https-nostore-nav br=webkit rt=nav inm="-" ims="-" ccreq="-"
2026-08-10T05:28:54+00:00 "GET /006/page?asset=%2F006%2Fasset%2Fapp.css%3Fv%3Dnocache%26sc%3D006%26cs%3Dwebkit-https-nocache-nav%26br%3Dwebkit%26rt%3Dnav&cc=no-store&sc=006&cs=webkit-https-nocache-nav&n=1 HTTP/1.1" status=200 sc=006 v=- cs=webkit-https-nocache-nav br=- rt=- inm="-" ims="-" ccreq="-"
2026-08-10T05:28:54+00:00 "GET /006/asset/app.css?v=nocache&sc=006&cs=webkit-https-nocache-nav&br=webkit&rt=nav HTTP/1.1" status=200 sc=006 v=nocache cs=webkit-https-nocache-nav br=webkit rt=nav inm="-" ims="-" ccreq="-"
2026-08-10T05:28:54+00:00 "GET /006/page?asset=%2F006%2Fasset%2Fapp.css%3Fv%3Dnocache%26sc%3D006%26cs%3Dwebkit-https-nocache-nav%26br%3Dwebkit%26rt%3Dnav&cc=no-store&sc=006&cs=webkit-https-nocache-nav&n=2 HTTP/1.1" status=200 sc=006 v=- cs=webkit-https-nocache-nav br=- rt=- inm="-" ims="-" ccreq="-"
2026-08-10T05:28:54+00:00 "GET /006/asset/app.css?v=nocache&sc=006&cs=webkit-https-nocache-nav&br=webkit&rt=nav HTTP/1.1" status=304 sc=006 v=nocache cs=webkit-https-nocache-nav br=webkit rt=nav inm="\x226a79595e-156\x22" ims="Mon, 10 Aug 2026 04:53:50 GMT" ccreq="-"
2026-08-10T05:28:56+00:00 "GET /006/page?asset=%2F006%2Fexp%2Fexpires-only.css%3Fsc%3D006%26cs%3Dwebkit-https-p0-nav%26br%3Dwebkit%26rt%3Dnav&cc=no-store&sc=006&cs=webkit-https-p0-nav&n=1 HTTP/1.1" status=200 sc=006 v=- cs=webkit-https-p0-nav br=- rt=- inm="-" ims="-" ccreq="-"
2026-08-10T05:28:56+00:00 "GET /006/exp/expires-only.css?sc=006&cs=webkit-https-p0-nav&br=webkit&rt=nav HTTP/1.1" status=200 sc=006 v=- cs=webkit-https-p0-nav br=webkit rt=nav inm="-" ims="-" ccreq="-"
2026-08-10T05:28:57+00:00 "GET /006/page?asset=%2F006%2Fexp%2Fexpires-only.css%3Fsc%3D006%26cs%3Dwebkit-https-p0-nav%26br%3Dwebkit%26rt%3Dnav&cc=no-store&sc=006&cs=webkit-https-p0-nav&n=2 HTTP/1.1" status=200 sc=006 v=- cs=webkit-https-p0-nav br=- rt=- inm="-" ims="-" ccreq="-"
2026-08-10T05:29:22+00:00 "GET /006/page?asset=%2F006%2Fasset%2Fapp.css%3Fv%3Dplain%26sc%3D006%26cs%3Dchromium-https-plain-nav%26br%3Dchromium%26rt%3Dnav&cc=no-store&sc=006&cs=chromium-https-plain-nav&n=1 HTTP/1.1" status=200 sc=006 v=- cs=chromium-https-plain-nav br=- rt=- inm="-" ims="-" ccreq="-"
2026-08-10T05:29:22+00:00 "GET /006/asset/app.css?v=plain&sc=006&cs=chromium-https-plain-nav&br=chromium&rt=nav HTTP/1.1" status=200 sc=006 v=plain cs=chromium-https-plain-nav br=chromium rt=nav inm="-" ims="-" ccreq="-"
2026-08-10T05:29:23+00:00 "GET /006/page?asset=%2F006%2Fasset%2Fapp.css%3Fv%3Dplain%26sc%3D006%26cs%3Dchromium-https-plain-nav%26br%3Dchromium%26rt%3Dnav&cc=no-store&sc=006&cs=chromium-https-plain-nav&n=2 HTTP/1.1" status=200 sc=006 v=- cs=chromium-https-plain-nav br=- rt=- inm="-" ims="-" ccreq="-"
2026-08-10T05:29:24+00:00 "GET /006/page?asset=%2F006%2Fasset%2Fapp.css%3Fv%3Dnostore%26sc%3D006%26cs%3Dchromium-https-nostore-nav%26br%3Dchromium%26rt%3Dnav&cc=no-store&sc=006&cs=chromium-https-nostore-nav&n=1 HTTP/1.1" status=200 sc=006 v=- cs=chromium-https-nostore-nav br=- rt=- inm="-" ims="-" ccreq="-"
2026-08-10T05:29:24+00:00 "GET /006/asset/app.css?v=nostore&sc=006&cs=chromium-https-nostore-nav&br=chromium&rt=nav HTTP/1.1" status=200 sc=006 v=nostore cs=chromium-https-nostore-nav br=chromium rt=nav inm="-" ims="-" ccreq="-"
2026-08-10T05:29:25+00:00 "GET /006/page?asset=%2F006%2Fasset%2Fapp.css%3Fv%3Dnostore%26sc%3D006%26cs%3Dchromium-https-nostore-nav%26br%3Dchromium%26rt%3Dnav&cc=no-store&sc=006&cs=chromium-https-nostore-nav&n=2 HTTP/1.1" status=200 sc=006 v=- cs=chromium-https-nostore-nav br=- rt=- inm="-" ims="-" ccreq="-"
2026-08-10T05:29:25+00:00 "GET /006/asset/app.css?v=nostore&sc=006&cs=chromium-https-nostore-nav&br=chromium&rt=nav HTTP/1.1" status=200 sc=006 v=nostore cs=chromium-https-nostore-nav br=chromium rt=nav inm="-" ims="-" ccreq="-"
2026-08-10T05:29:26+00:00 "GET /006/page?asset=%2F006%2Fasset%2Fapp.css%3Fv%3Dnocache%26sc%3D006%26cs%3Dchromium-https-nocache-nav%26br%3Dchromium%26rt%3Dnav&cc=no-store&sc=006&cs=chromium-https-nocache-nav&n=1 HTTP/1.1" status=200 sc=006 v=- cs=chromium-https-nocache-nav br=- rt=- inm="-" ims="-" ccreq="-"
2026-08-10T05:29:26+00:00 "GET /006/asset/app.css?v=nocache&sc=006&cs=chromium-https-nocache-nav&br=chromium&rt=nav HTTP/1.1" status=200 sc=006 v=nocache cs=chromium-https-nocache-nav br=chromium rt=nav inm="-" ims="-" ccreq="-"
2026-08-10T05:29:27+00:00 "GET /006/page?asset=%2F006%2Fasset%2Fapp.css%3Fv%3Dnocache%26sc%3D006%26cs%3Dchromium-https-nocache-nav%26br%3Dchromium%26rt%3Dnav&cc=no-store&sc=006&cs=chromium-https-nocache-nav&n=2 HTTP/1.1" status=200 sc=006 v=- cs=chromium-https-nocache-nav br=- rt=- inm="-" ims="-" ccreq="-"
2026-08-10T05:29:27+00:00 "GET /006/asset/app.css?v=nocache&sc=006&cs=chromium-https-nocache-nav&br=chromium&rt=nav HTTP/1.1" status=304 sc=006 v=nocache cs=chromium-https-nocache-nav br=chromium rt=nav inm="\x226a79595e-156\x22" ims="Mon, 10 Aug 2026 04:53:50 GMT" ccreq="-"
2026-08-10T05:29:28+00:00 "GET /006/page?asset=%2F006%2Fexp%2Fexpires-only.css%3Fsc%3D006%26cs%3Dchromium-https-p0-nav%26br%3Dchromium%26rt%3Dnav&cc=no-store&sc=006&cs=chromium-https-p0-nav&n=1 HTTP/1.1" status=200 sc=006 v=- cs=chromium-https-p0-nav br=- rt=- inm="-" ims="-" ccreq="-"
2026-08-10T05:29:28+00:00 "GET /006/exp/expires-only.css?sc=006&cs=chromium-https-p0-nav&br=chromium&rt=nav HTTP/1.1" status=200 sc=006 v=- cs=chromium-https-p0-nav br=chromium rt=nav inm="-" ims="-" ccreq="-"
2026-08-10T05:29:29+00:00 "GET /006/page?asset=%2F006%2Fexp%2Fexpires-only.css%3Fsc%3D006%26cs%3Dchromium-https-p0-nav%26br%3Dchromium%26rt%3Dnav&cc=no-store&sc=006&cs=chromium-https-p0-nav&n=2 HTTP/1.1" status=200 sc=006 v=- cs=chromium-https-p0-nav br=- rt=- inm="-" ims="-" ccreq="-"
2026-08-10T05:29:30+00:00 "GET /006/page?asset=%2F006%2Fexp%2Faddheader-only.css%3Fsc%3D006%26cs%3Dchromium-https-p1-nav%26br%3Dchromium%26rt%3Dnav&cc=no-store&sc=006&cs=chromium-https-p1-nav&n=1 HTTP/1.1" status=200 sc=006 v=- cs=chromium-https-p1-nav br=- rt=- inm="-" ims="-" ccreq="-"
2026-08-10T05:29:30+00:00 "GET /006/exp/addheader-only.css?sc=006&cs=chromium-https-p1-nav&br=chromium&rt=nav HTTP/1.1" status=200 sc=006 v=- cs=chromium-https-p1-nav br=chromium rt=nav inm="-" ims="-" ccreq="-"
2026-08-10T05:29:30+00:00 "GET /006/page?asset=%2F006%2Fexp%2Faddheader-only.css%3Fsc%3D006%26cs%3Dchromium-https-p1-nav%26br%3Dchromium%26rt%3Dnav&cc=no-store&sc=006&cs=chromium-https-p1-nav&n=2 HTTP/1.1" status=200 sc=006 v=- cs=chromium-https-p1-nav br=- rt=- inm="-" ims="-" ccreq="-"
2026-08-10T05:29:30+00:00 "GET /006/exp/addheader-only.css?sc=006&cs=chromium-https-p1-nav&br=chromium&rt=nav HTTP/1.1" status=200 sc=006 v=- cs=chromium-https-p1-nav br=chromium rt=nav inm="-" ims="-" ccreq="-"
2026-08-10T05:29:32+00:00 "GET /006/page?asset=%2F006%2Fexp%2Fboth.css%3Fsc%3D006%26cs%3Dchromium-https-p2-nav%26br%3Dchromium%26rt%3Dnav&cc=no-store&sc=006&cs=chromium-https-p2-nav&n=1 HTTP/1.1" status=200 sc=006 v=- cs=chromium-https-p2-nav br=- rt=- inm="-" ims="-" ccreq="-"
2026-08-10T05:29:32+00:00 "GET /006/exp/both.css?sc=006&cs=chromium-https-p2-nav&br=chromium&rt=nav HTTP/1.1" status=200 sc=006 v=- cs=chromium-https-p2-nav br=chromium rt=nav inm="-" ims="-" ccreq="-"
2026-08-10T05:29:32+00:00 "GET /006/page?asset=%2F006%2Fexp%2Fboth.css%3Fsc%3D006%26cs%3Dchromium-https-p2-nav%26br%3Dchromium%26rt%3Dnav&cc=no-store&sc=006&cs=chromium-https-p2-nav&n=2 HTTP/1.1" status=200 sc=006 v=- cs=chromium-https-p2-nav br=- rt=- inm="-" ims="-" ccreq="-"
2026-08-10T05:29:32+00:00 "GET /006/exp/both.css?sc=006&cs=chromium-https-p2-nav&br=chromium&rt=nav HTTP/1.1" status=200 sc=006 v=- cs=chromium-https-p2-nav br=chromium rt=nav inm="-" ims="-" ccreq="-"
2026-08-10T05:29:33+00:00 "GET /006/page?asset=%2F006%2Fexp%2Fnest%2Fchild-own.css%3Fsc%3D006%26cs%3Dchromium-https-p3-nav%26br%3Dchromium%26rt%3Dnav&cc=no-store&sc=006&cs=chromium-https-p3-nav&n=1 HTTP/1.1" status=200 sc=006 v=- cs=chromium-https-p3-nav br=- rt=- inm="-" ims="-" ccreq="-"
2026-08-10T05:29:33+00:00 "GET /006/exp/nest/child-own.css?sc=006&cs=chromium-https-p3-nav&br=chromium&rt=nav HTTP/1.1" status=200 sc=006 v=- cs=chromium-https-p3-nav br=chromium rt=nav inm="-" ims="-" ccreq="-"
2026-08-10T05:29:34+00:00 "GET /006/page?asset=%2F006%2Fexp%2Fnest%2Fchild-own.css%3Fsc%3D006%26cs%3Dchromium-https-p3-nav%26br%3Dchromium%26rt%3Dnav&cc=no-store&sc=006&cs=chromium-https-p3-nav&n=2 HTTP/1.1" status=200 sc=006 v=- cs=chromium-https-p3-nav br=- rt=- inm="-" ims="-" ccreq="-"
2026-08-10T05:29:37+00:00 "GET /006/page?asset=%2F006%2Fasset%2Fapp.css%3Fv%3Dplain%26sc%3D006%26cs%3Dfirefox-https-plain-nav%26br%3Dfirefox%26rt%3Dnav&cc=no-store&sc=006&cs=firefox-https-plain-nav&n=1 HTTP/1.1" status=200 sc=006 v=- cs=firefox-https-plain-nav br=- rt=- inm="-" ims="-" ccreq="-"
2026-08-10T05:29:37+00:00 "GET /006/asset/app.css?v=plain&sc=006&cs=firefox-https-plain-nav&br=firefox&rt=nav HTTP/1.1" status=200 sc=006 v=plain cs=firefox-https-plain-nav br=firefox rt=nav inm="-" ims="-" ccreq="-"
2026-08-10T05:29:38+00:00 "GET /006/page?asset=%2F006%2Fasset%2Fapp.css%3Fv%3Dplain%26sc%3D006%26cs%3Dfirefox-https-plain-nav%26br%3Dfirefox%26rt%3Dnav&cc=no-store&sc=006&cs=firefox-https-plain-nav&n=2 HTTP/1.1" status=200 sc=006 v=- cs=firefox-https-plain-nav br=- rt=- inm="-" ims="-" ccreq="-"
2026-08-10T05:29:40+00:00 "GET /006/page?asset=%2F006%2Fasset%2Fapp.css%3Fv%3Dnostore%26sc%3D006%26cs%3Dfirefox-https-nostore-nav%26br%3Dfirefox%26rt%3Dnav&cc=no-store&sc=006&cs=firefox-https-nostore-nav&n=1 HTTP/1.1" status=200 sc=006 v=- cs=firefox-https-nostore-nav br=- rt=- inm="-" ims="-" ccreq="-"
2026-08-10T05:29:40+00:00 "GET /006/asset/app.css?v=nostore&sc=006&cs=firefox-https-nostore-nav&br=firefox&rt=nav HTTP/1.1" status=200 sc=006 v=nostore cs=firefox-https-nostore-nav br=firefox rt=nav inm="-" ims="-" ccreq="-"
2026-08-10T05:29:41+00:00 "GET /006/page?asset=%2F006%2Fasset%2Fapp.css%3Fv%3Dnostore%26sc%3D006%26cs%3Dfirefox-https-nostore-nav%26br%3Dfirefox%26rt%3Dnav&cc=no-store&sc=006&cs=firefox-https-nostore-nav&n=2 HTTP/1.1" status=200 sc=006 v=- cs=firefox-https-nostore-nav br=- rt=- inm="-" ims="-" ccreq="-"
2026-08-10T05:29:41+00:00 "GET /006/asset/app.css?v=nostore&sc=006&cs=firefox-https-nostore-nav&br=firefox&rt=nav HTTP/1.1" status=200 sc=006 v=nostore cs=firefox-https-nostore-nav br=firefox rt=nav inm="-" ims="-" ccreq="-"
2026-08-10T05:29:43+00:00 "GET /006/page?asset=%2F006%2Fasset%2Fapp.css%3Fv%3Dnocache%26sc%3D006%26cs%3Dfirefox-https-nocache-nav%26br%3Dfirefox%26rt%3Dnav&cc=no-store&sc=006&cs=firefox-https-nocache-nav&n=1 HTTP/1.1" status=200 sc=006 v=- cs=firefox-https-nocache-nav br=- rt=- inm="-" ims="-" ccreq="-"
2026-08-10T05:29:43+00:00 "GET /006/asset/app.css?v=nocache&sc=006&cs=firefox-https-nocache-nav&br=firefox&rt=nav HTTP/1.1" status=200 sc=006 v=nocache cs=firefox-https-nocache-nav br=firefox rt=nav inm="-" ims="-" ccreq="-"
2026-08-10T05:29:44+00:00 "GET /006/page?asset=%2F006%2Fasset%2Fapp.css%3Fv%3Dnocache%26sc%3D006%26cs%3Dfirefox-https-nocache-nav%26br%3Dfirefox%26rt%3Dnav&cc=no-store&sc=006&cs=firefox-https-nocache-nav&n=2 HTTP/1.1" status=200 sc=006 v=- cs=firefox-https-nocache-nav br=- rt=- inm="-" ims="-" ccreq="-"
2026-08-10T05:29:44+00:00 "GET /006/asset/app.css?v=nocache&sc=006&cs=firefox-https-nocache-nav&br=firefox&rt=nav HTTP/1.1" status=304 sc=006 v=nocache cs=firefox-https-nocache-nav br=firefox rt=nav inm="\x226a79595e-156\x22" ims="Mon, 10 Aug 2026 04:53:50 GMT" ccreq="-"
2026-08-10T05:29:46+00:00 "GET /006/page?asset=%2F006%2Fexp%2Fexpires-only.css%3Fsc%3D006%26cs%3Dfirefox-https-p0-nav%26br%3Dfirefox%26rt%3Dnav&cc=no-store&sc=006&cs=firefox-https-p0-nav&n=1 HTTP/1.1" status=200 sc=006 v=- cs=firefox-https-p0-nav br=- rt=- inm="-" ims="-" ccreq="-"
2026-08-10T05:29:46+00:00 "GET /006/exp/expires-only.css?sc=006&cs=firefox-https-p0-nav&br=firefox&rt=nav HTTP/1.1" status=200 sc=006 v=- cs=firefox-https-p0-nav br=firefox rt=nav inm="-" ims="-" ccreq="-"
2026-08-10T05:29:47+00:00 "GET /006/page?asset=%2F006%2Fexp%2Fexpires-only.css%3Fsc%3D006%26cs%3Dfirefox-https-p0-nav%26br%3Dfirefox%26rt%3Dnav&cc=no-store&sc=006&cs=firefox-https-p0-nav&n=2 HTTP/1.1" status=200 sc=006 v=- cs=firefox-https-p0-nav br=- rt=- inm="-" ims="-" ccreq="-"
2026-08-10T05:29:49+00:00 "GET /006/page?asset=%2F006%2Fexp%2Faddheader-only.css%3Fsc%3D006%26cs%3Dfirefox-https-p1-nav%26br%3Dfirefox%26rt%3Dnav&cc=no-store&sc=006&cs=firefox-https-p1-nav&n=1 HTTP/1.1" status=200 sc=006 v=- cs=firefox-https-p1-nav br=- rt=- inm="-" ims="-" ccreq="-"
2026-08-10T05:29:49+00:00 "GET /006/exp/addheader-only.css?sc=006&cs=firefox-https-p1-nav&br=firefox&rt=nav HTTP/1.1" status=200 sc=006 v=- cs=firefox-https-p1-nav br=firefox rt=nav inm="-" ims="-" ccreq="-"
2026-08-10T05:29:50+00:00 "GET /006/page?asset=%2F006%2Fexp%2Faddheader-only.css%3Fsc%3D006%26cs%3Dfirefox-https-p1-nav%26br%3Dfirefox%26rt%3Dnav&cc=no-store&sc=006&cs=firefox-https-p1-nav&n=2 HTTP/1.1" status=200 sc=006 v=- cs=firefox-https-p1-nav br=- rt=- inm="-" ims="-" ccreq="-"
2026-08-10T05:29:50+00:00 "GET /006/exp/addheader-only.css?sc=006&cs=firefox-https-p1-nav&br=firefox&rt=nav HTTP/1.1" status=200 sc=006 v=- cs=firefox-https-p1-nav br=firefox rt=nav inm="-" ims="-" ccreq="-"
2026-08-10T05:29:52+00:00 "GET /006/page?asset=%2F006%2Fexp%2Fboth.css%3Fsc%3D006%26cs%3Dfirefox-https-p2-nav%26br%3Dfirefox%26rt%3Dnav&cc=no-store&sc=006&cs=firefox-https-p2-nav&n=1 HTTP/1.1" status=200 sc=006 v=- cs=firefox-https-p2-nav br=- rt=- inm="-" ims="-" ccreq="-"
2026-08-10T05:29:52+00:00 "GET /006/exp/both.css?sc=006&cs=firefox-https-p2-nav&br=firefox&rt=nav HTTP/1.1" status=200 sc=006 v=- cs=firefox-https-p2-nav br=firefox rt=nav inm="-" ims="-" ccreq="-"
2026-08-10T05:29:52+00:00 "GET /006/page?asset=%2F006%2Fexp%2Fboth.css%3Fsc%3D006%26cs%3Dfirefox-https-p2-nav%26br%3Dfirefox%26rt%3Dnav&cc=no-store&sc=006&cs=firefox-https-p2-nav&n=2 HTTP/1.1" status=200 sc=006 v=- cs=firefox-https-p2-nav br=- rt=- inm="-" ims="-" ccreq="-"
2026-08-10T05:29:52+00:00 "GET /006/exp/both.css?sc=006&cs=firefox-https-p2-nav&br=firefox&rt=nav HTTP/1.1" status=200 sc=006 v=- cs=firefox-https-p2-nav br=firefox rt=nav inm="-" ims="-" ccreq="-"
2026-08-10T05:29:55+00:00 "GET /006/page?asset=%2F006%2Fexp%2Fnest%2Fchild-own.css%3Fsc%3D006%26cs%3Dfirefox-https-p3-nav%26br%3Dfirefox%26rt%3Dnav&cc=no-store&sc=006&cs=firefox-https-p3-nav&n=1 HTTP/1.1" status=200 sc=006 v=- cs=firefox-https-p3-nav br=- rt=- inm="-" ims="-" ccreq="-"
2026-08-10T05:29:55+00:00 "GET /006/exp/nest/child-own.css?sc=006&cs=firefox-https-p3-nav&br=firefox&rt=nav HTTP/1.1" status=200 sc=006 v=- cs=firefox-https-p3-nav br=firefox rt=nav inm="-" ims="-" ccreq="-"
2026-08-10T05:29:55+00:00 "GET /006/page?asset=%2F006%2Fexp%2Fnest%2Fchild-own.css%3Fsc%3D006%26cs%3Dfirefox-https-p3-nav%26br%3Dfirefox%26rt%3Dnav&cc=no-store&sc=006&cs=firefox-https-p3-nav&n=2 HTTP/1.1" status=200 sc=006 v=- cs=firefox-https-p3-nav br=- rt=- inm="-" ims="-" ccreq="-"
2026-08-10T05:29:57+00:00 "GET /006/page?asset=%2F006%2Fasset%2Fapp.css%3Fv%3Dplain%26sc%3D006%26cs%3Dwebkit-https-plain-nav%26br%3Dwebkit%26rt%3Dnav&cc=no-store&sc=006&cs=webkit-https-plain-nav&n=1 HTTP/1.1" status=200 sc=006 v=- cs=webkit-https-plain-nav br=- rt=- inm="-" ims="-" ccreq="-"
2026-08-10T05:29:57+00:00 "GET /006/asset/app.css?v=plain&sc=006&cs=webkit-https-plain-nav&br=webkit&rt=nav HTTP/1.1" status=200 sc=006 v=plain cs=webkit-https-plain-nav br=webkit rt=nav inm="-" ims="-" ccreq="-"
2026-08-10T05:29:58+00:00 "GET /006/page?asset=%2F006%2Fasset%2Fapp.css%3Fv%3Dplain%26sc%3D006%26cs%3Dwebkit-https-plain-nav%26br%3Dwebkit%26rt%3Dnav&cc=no-store&sc=006&cs=webkit-https-plain-nav&n=2 HTTP/1.1" status=200 sc=006 v=- cs=webkit-https-plain-nav br=- rt=- inm="-" ims="-" ccreq="-"
2026-08-10T05:29:59+00:00 "GET /006/page?asset=%2F006%2Fasset%2Fapp.css%3Fv%3Dnostore%26sc%3D006%26cs%3Dwebkit-https-nostore-nav%26br%3Dwebkit%26rt%3Dnav&cc=no-store&sc=006&cs=webkit-https-nostore-nav&n=1 HTTP/1.1" status=200 sc=006 v=- cs=webkit-https-nostore-nav br=- rt=- inm="-" ims="-" ccreq="-"
2026-08-10T05:30:00+00:00 "GET /006/asset/app.css?v=nostore&sc=006&cs=webkit-https-nostore-nav&br=webkit&rt=nav HTTP/1.1" status=200 sc=006 v=nostore cs=webkit-https-nostore-nav br=webkit rt=nav inm="-" ims="-" ccreq="-"
2026-08-10T05:30:00+00:00 "GET /006/page?asset=%2F006%2Fasset%2Fapp.css%3Fv%3Dnostore%26sc%3D006%26cs%3Dwebkit-https-nostore-nav%26br%3Dwebkit%26rt%3Dnav&cc=no-store&sc=006&cs=webkit-https-nostore-nav&n=2 HTTP/1.1" status=200 sc=006 v=- cs=webkit-https-nostore-nav br=- rt=- inm="-" ims="-" ccreq="-"
2026-08-10T05:30:00+00:00 "GET /006/asset/app.css?v=nostore&sc=006&cs=webkit-https-nostore-nav&br=webkit&rt=nav HTTP/1.1" status=200 sc=006 v=nostore cs=webkit-https-nostore-nav br=webkit rt=nav inm="-" ims="-" ccreq="-"
2026-08-10T05:30:02+00:00 "GET /006/page?asset=%2F006%2Fasset%2Fapp.css%3Fv%3Dnocache%26sc%3D006%26cs%3Dwebkit-https-nocache-nav%26br%3Dwebkit%26rt%3Dnav&cc=no-store&sc=006&cs=webkit-https-nocache-nav&n=1 HTTP/1.1" status=200 sc=006 v=- cs=webkit-https-nocache-nav br=- rt=- inm="-" ims="-" ccreq="-"
2026-08-10T05:30:02+00:00 "GET /006/asset/app.css?v=nocache&sc=006&cs=webkit-https-nocache-nav&br=webkit&rt=nav HTTP/1.1" status=200 sc=006 v=nocache cs=webkit-https-nocache-nav br=webkit rt=nav inm="-" ims="-" ccreq="-"
2026-08-10T05:30:02+00:00 "GET /006/page?asset=%2F006%2Fasset%2Fapp.css%3Fv%3Dnocache%26sc%3D006%26cs%3Dwebkit-https-nocache-nav%26br%3Dwebkit%26rt%3Dnav&cc=no-store&sc=006&cs=webkit-https-nocache-nav&n=2 HTTP/1.1" status=200 sc=006 v=- cs=webkit-https-nocache-nav br=- rt=- inm="-" ims="-" ccreq="-"
2026-08-10T05:30:02+00:00 "GET /006/asset/app.css?v=nocache&sc=006&cs=webkit-https-nocache-nav&br=webkit&rt=nav HTTP/1.1" status=304 sc=006 v=nocache cs=webkit-https-nocache-nav br=webkit rt=nav inm="\x226a79595e-156\x22" ims="Mon, 10 Aug 2026 04:53:50 GMT" ccreq="-"
2026-08-10T05:30:04+00:00 "GET /006/page?asset=%2F006%2Fexp%2Fexpires-only.css%3Fsc%3D006%26cs%3Dwebkit-https-p0-nav%26br%3Dwebkit%26rt%3Dnav&cc=no-store&sc=006&cs=webkit-https-p0-nav&n=1 HTTP/1.1" status=200 sc=006 v=- cs=webkit-https-p0-nav br=- rt=- inm="-" ims="-" ccreq="-"
2026-08-10T05:30:04+00:00 "GET /006/exp/expires-only.css?sc=006&cs=webkit-https-p0-nav&br=webkit&rt=nav HTTP/1.1" status=200 sc=006 v=- cs=webkit-https-p0-nav br=webkit rt=nav inm="-" ims="-" ccreq="-"
2026-08-10T05:30:05+00:00 "GET /006/page?asset=%2F006%2Fexp%2Fexpires-only.css%3Fsc%3D006%26cs%3Dwebkit-https-p0-nav%26br%3Dwebkit%26rt%3Dnav&cc=no-store&sc=006&cs=webkit-https-p0-nav&n=2 HTTP/1.1" status=200 sc=006 v=- cs=webkit-https-p0-nav br=- rt=- inm="-" ims="-" ccreq="-"
2026-08-10T05:30:06+00:00 "GET /006/page?asset=%2F006%2Fexp%2Faddheader-only.css%3Fsc%3D006%26cs%3Dwebkit-https-p1-nav%26br%3Dwebkit%26rt%3Dnav&cc=no-store&sc=006&cs=webkit-https-p1-nav&n=1 HTTP/1.1" status=200 sc=006 v=- cs=webkit-https-p1-nav br=- rt=- inm="-" ims="-" ccreq="-"
2026-08-10T05:30:06+00:00 "GET /006/exp/addheader-only.css?sc=006&cs=webkit-https-p1-nav&br=webkit&rt=nav HTTP/1.1" status=200 sc=006 v=- cs=webkit-https-p1-nav br=webkit rt=nav inm="-" ims="-" ccreq="-"
2026-08-10T05:30:07+00:00 "GET /006/page?asset=%2F006%2Fexp%2Faddheader-only.css%3Fsc%3D006%26cs%3Dwebkit-https-p1-nav%26br%3Dwebkit%26rt%3Dnav&cc=no-store&sc=006&cs=webkit-https-p1-nav&n=2 HTTP/1.1" status=200 sc=006 v=- cs=webkit-https-p1-nav br=- rt=- inm="-" ims="-" ccreq="-"
2026-08-10T05:30:07+00:00 "GET /006/exp/addheader-only.css?sc=006&cs=webkit-https-p1-nav&br=webkit&rt=nav HTTP/1.1" status=200 sc=006 v=- cs=webkit-https-p1-nav br=webkit rt=nav inm="-" ims="-" ccreq="-"
2026-08-10T05:30:08+00:00 "GET /006/page?asset=%2F006%2Fexp%2Fboth.css%3Fsc%3D006%26cs%3Dwebkit-https-p2-nav%26br%3Dwebkit%26rt%3Dnav&cc=no-store&sc=006&cs=webkit-https-p2-nav&n=1 HTTP/1.1" status=200 sc=006 v=- cs=webkit-https-p2-nav br=- rt=- inm="-" ims="-" ccreq="-"
2026-08-10T05:30:08+00:00 "GET /006/exp/both.css?sc=006&cs=webkit-https-p2-nav&br=webkit&rt=nav HTTP/1.1" status=200 sc=006 v=- cs=webkit-https-p2-nav br=webkit rt=nav inm="-" ims="-" ccreq="-"
2026-08-10T05:30:09+00:00 "GET /006/page?asset=%2F006%2Fexp%2Fboth.css%3Fsc%3D006%26cs%3Dwebkit-https-p2-nav%26br%3Dwebkit%26rt%3Dnav&cc=no-store&sc=006&cs=webkit-https-p2-nav&n=2 HTTP/1.1" status=200 sc=006 v=- cs=webkit-https-p2-nav br=- rt=- inm="-" ims="-" ccreq="-"
2026-08-10T05:30:09+00:00 "GET /006/exp/both.css?sc=006&cs=webkit-https-p2-nav&br=webkit&rt=nav HTTP/1.1" status=200 sc=006 v=- cs=webkit-https-p2-nav br=webkit rt=nav inm="-" ims="-" ccreq="-"
2026-08-10T05:30:10+00:00 "GET /006/page?asset=%2F006%2Fexp%2Fnest%2Fchild-own.css%3Fsc%3D006%26cs%3Dwebkit-https-p3-nav%26br%3Dwebkit%26rt%3Dnav&cc=no-store&sc=006&cs=webkit-https-p3-nav&n=1 HTTP/1.1" status=200 sc=006 v=- cs=webkit-https-p3-nav br=- rt=- inm="-" ims="-" ccreq="-"
2026-08-10T05:30:10+00:00 "GET /006/exp/nest/child-own.css?sc=006&cs=webkit-https-p3-nav&br=webkit&rt=nav HTTP/1.1" status=200 sc=006 v=- cs=webkit-https-p3-nav br=webkit rt=nav inm="-" ims="-" ccreq="-"
2026-08-10T05:30:11+00:00 "GET /006/page?asset=%2F006%2Fexp%2Fnest%2Fchild-own.css%3Fsc%3D006%26cs%3Dwebkit-https-p3-nav%26br%3Dwebkit%26rt%3Dnav&cc=no-store&sc=006&cs=webkit-https-p3-nav&n=2 HTTP/1.1" status=200 sc=006 v=- cs=webkit-https-p3-nav br=- rt=- inm="-" ims="-" ccreq="-"
2026-08-10T05:30:27+00:00 "GET /006/page?asset=%2F006%2Fasset%2Fapp.css%3Fv%3Dplain%26sc%3D006%26cs%3Dchromium-https-plain-nav%26br%3Dchromium%26rt%3Dnav&cc=no-store&sc=006&cs=chromium-https-plain-nav&n=1 HTTP/1.1" status=200 sc=006 v=- cs=chromium-https-plain-nav br=- rt=- inm="-" ims="-" ccreq="-"
2026-08-10T05:30:27+00:00 "GET /006/asset/app.css?v=plain&sc=006&cs=chromium-https-plain-nav&br=chromium&rt=nav HTTP/1.1" status=200 sc=006 v=plain cs=chromium-https-plain-nav br=chromium rt=nav inm="-" ims="-" ccreq="-"
2026-08-10T05:30:28+00:00 "GET /006/page?asset=%2F006%2Fasset%2Fapp.css%3Fv%3Dplain%26sc%3D006%26cs%3Dchromium-https-plain-nav%26br%3Dchromium%26rt%3Dnav&cc=no-store&sc=006&cs=chromium-https-plain-nav&n=2 HTTP/1.1" status=200 sc=006 v=- cs=chromium-https-plain-nav br=- rt=- inm="-" ims="-" ccreq="-"
2026-08-10T05:30:29+00:00 "GET /006/page?asset=%2F006%2Fasset%2Fapp.css%3Fv%3Dnostore%26sc%3D006%26cs%3Dchromium-https-nostore-nav%26br%3Dchromium%26rt%3Dnav&cc=no-store&sc=006&cs=chromium-https-nostore-nav&n=1 HTTP/1.1" status=200 sc=006 v=- cs=chromium-https-nostore-nav br=- rt=- inm="-" ims="-" ccreq="-"
2026-08-10T05:30:29+00:00 "GET /006/asset/app.css?v=nostore&sc=006&cs=chromium-https-nostore-nav&br=chromium&rt=nav HTTP/1.1" status=200 sc=006 v=nostore cs=chromium-https-nostore-nav br=chromium rt=nav inm="-" ims="-" ccreq="-"
2026-08-10T05:30:30+00:00 "GET /006/page?asset=%2F006%2Fasset%2Fapp.css%3Fv%3Dnostore%26sc%3D006%26cs%3Dchromium-https-nostore-nav%26br%3Dchromium%26rt%3Dnav&cc=no-store&sc=006&cs=chromium-https-nostore-nav&n=2 HTTP/1.1" status=200 sc=006 v=- cs=chromium-https-nostore-nav br=- rt=- inm="-" ims="-" ccreq="-"
2026-08-10T05:30:30+00:00 "GET /006/asset/app.css?v=nostore&sc=006&cs=chromium-https-nostore-nav&br=chromium&rt=nav HTTP/1.1" status=200 sc=006 v=nostore cs=chromium-https-nostore-nav br=chromium rt=nav inm="-" ims="-" ccreq="-"
2026-08-10T05:30:31+00:00 "GET /006/page?asset=%2F006%2Fasset%2Fapp.css%3Fv%3Dnocache%26sc%3D006%26cs%3Dchromium-https-nocache-nav%26br%3Dchromium%26rt%3Dnav&cc=no-store&sc=006&cs=chromium-https-nocache-nav&n=1 HTTP/1.1" status=200 sc=006 v=- cs=chromium-https-nocache-nav br=- rt=- inm="-" ims="-" ccreq="-"
2026-08-10T05:30:31+00:00 "GET /006/asset/app.css?v=nocache&sc=006&cs=chromium-https-nocache-nav&br=chromium&rt=nav HTTP/1.1" status=200 sc=006 v=nocache cs=chromium-https-nocache-nav br=chromium rt=nav inm="-" ims="-" ccreq="-"
2026-08-10T05:30:31+00:00 "GET /006/page?asset=%2F006%2Fasset%2Fapp.css%3Fv%3Dnocache%26sc%3D006%26cs%3Dchromium-https-nocache-nav%26br%3Dchromium%26rt%3Dnav&cc=no-store&sc=006&cs=chromium-https-nocache-nav&n=2 HTTP/1.1" status=200 sc=006 v=- cs=chromium-https-nocache-nav br=- rt=- inm="-" ims="-" ccreq="-"
2026-08-10T05:30:31+00:00 "GET /006/asset/app.css?v=nocache&sc=006&cs=chromium-https-nocache-nav&br=chromium&rt=nav HTTP/1.1" status=304 sc=006 v=nocache cs=chromium-https-nocache-nav br=chromium rt=nav inm="\x226a79595e-156\x22" ims="Mon, 10 Aug 2026 04:53:50 GMT" ccreq="-"
2026-08-10T05:30:33+00:00 "GET /006/page?asset=%2F006%2Fasset%2Fapp.css%3Fv%3Dns-max%26sc%3D006%26cs%3Dchromium-https-ns-max-nav%26br%3Dchromium%26rt%3Dnav&cc=no-store&sc=006&cs=chromium-https-ns-max-nav&n=1 HTTP/1.1" status=200 sc=006 v=- cs=chromium-https-ns-max-nav br=- rt=- inm="-" ims="-" ccreq="-"
2026-08-10T05:30:33+00:00 "GET /006/asset/app.css?v=ns-max&sc=006&cs=chromium-https-ns-max-nav&br=chromium&rt=nav HTTP/1.1" status=200 sc=006 v=ns-max cs=chromium-https-ns-max-nav br=chromium rt=nav inm="-" ims="-" ccreq="-"
2026-08-10T05:30:33+00:00 "GET /006/page?asset=%2F006%2Fasset%2Fapp.css%3Fv%3Dns-max%26sc%3D006%26cs%3Dchromium-https-ns-max-nav%26br%3Dchromium%26rt%3Dnav&cc=no-store&sc=006&cs=chromium-https-ns-max-nav&n=2 HTTP/1.1" status=200 sc=006 v=- cs=chromium-https-ns-max-nav br=- rt=- inm="-" ims="-" ccreq="-"
2026-08-10T05:30:33+00:00 "GET /006/asset/app.css?v=ns-max&sc=006&cs=chromium-https-ns-max-nav&br=chromium&rt=nav HTTP/1.1" status=200 sc=006 v=ns-max cs=chromium-https-ns-max-nav br=chromium rt=nav inm="-" ims="-" ccreq="-"
2026-08-10T05:30:34+00:00 "GET /006/page?asset=%2F006%2Fasset%2Fapp.css%3Fv%3Dnc-max%26sc%3D006%26cs%3Dchromium-https-nc-max-nav%26br%3Dchromium%26rt%3Dnav&cc=no-store&sc=006&cs=chromium-https-nc-max-nav&n=1 HTTP/1.1" status=200 sc=006 v=- cs=chromium-https-nc-max-nav br=- rt=- inm="-" ims="-" ccreq="-"
2026-08-10T05:30:34+00:00 "GET /006/asset/app.css?v=nc-max&sc=006&cs=chromium-https-nc-max-nav&br=chromium&rt=nav HTTP/1.1" status=200 sc=006 v=nc-max cs=chromium-https-nc-max-nav br=chromium rt=nav inm="-" ims="-" ccreq="-"
2026-08-10T05:30:35+00:00 "GET /006/page?asset=%2F006%2Fasset%2Fapp.css%3Fv%3Dnc-max%26sc%3D006%26cs%3Dchromium-https-nc-max-nav%26br%3Dchromium%26rt%3Dnav&cc=no-store&sc=006&cs=chromium-https-nc-max-nav&n=2 HTTP/1.1" status=200 sc=006 v=- cs=chromium-https-nc-max-nav br=- rt=- inm="-" ims="-" ccreq="-"
2026-08-10T05:30:35+00:00 "GET /006/asset/app.css?v=nc-max&sc=006&cs=chromium-https-nc-max-nav&br=chromium&rt=nav HTTP/1.1" status=304 sc=006 v=nc-max cs=chromium-https-nc-max-nav br=chromium rt=nav inm="\x226a79595e-156\x22" ims="Mon, 10 Aug 2026 04:53:50 GMT" ccreq="-"
2026-08-10T05:30:36+00:00 "GET /006/page?asset=%2F006%2Fasset%2Fapp.css%3Fv%3Dns-nc%26sc%3D006%26cs%3Dchromium-https-ns-nc-nav%26br%3Dchromium%26rt%3Dnav&cc=no-store&sc=006&cs=chromium-https-ns-nc-nav&n=1 HTTP/1.1" status=200 sc=006 v=- cs=chromium-https-ns-nc-nav br=- rt=- inm="-" ims="-" ccreq="-"
2026-08-10T05:30:36+00:00 "GET /006/asset/app.css?v=ns-nc&sc=006&cs=chromium-https-ns-nc-nav&br=chromium&rt=nav HTTP/1.1" status=200 sc=006 v=ns-nc cs=chromium-https-ns-nc-nav br=chromium rt=nav inm="-" ims="-" ccreq="-"
2026-08-10T05:30:37+00:00 "GET /006/page?asset=%2F006%2Fasset%2Fapp.css%3Fv%3Dns-nc%26sc%3D006%26cs%3Dchromium-https-ns-nc-nav%26br%3Dchromium%26rt%3Dnav&cc=no-store&sc=006&cs=chromium-https-ns-nc-nav&n=2 HTTP/1.1" status=200 sc=006 v=- cs=chromium-https-ns-nc-nav br=- rt=- inm="-" ims="-" ccreq="-"
2026-08-10T05:30:37+00:00 "GET /006/asset/app.css?v=ns-nc&sc=006&cs=chromium-https-ns-nc-nav&br=chromium&rt=nav HTTP/1.1" status=200 sc=006 v=ns-nc cs=chromium-https-ns-nc-nav br=chromium rt=nav inm="-" ims="-" ccreq="-"
2026-08-10T05:30:38+00:00 "GET /006/page?asset=%2F006%2Fasset%2Fapp.css%3Fv%3Dconflicted%26sc%3D006%26cs%3Dchromium-https-conflicted-nav%26br%3Dchromium%26rt%3Dnav&cc=no-store&sc=006&cs=chromium-https-conflicted-nav&n=1 HTTP/1.1" status=200 sc=006 v=- cs=chromium-https-conflicted-nav br=- rt=- inm="-" ims="-" ccreq="-"
2026-08-10T05:30:38+00:00 "GET /006/asset/app.css?v=conflicted&sc=006&cs=chromium-https-conflicted-nav&br=chromium&rt=nav HTTP/1.1" status=200 sc=006 v=conflicted cs=chromium-https-conflicted-nav br=chromium rt=nav inm="-" ims="-" ccreq="-"
2026-08-10T05:30:39+00:00 "GET /006/page?asset=%2F006%2Fasset%2Fapp.css%3Fv%3Dconflicted%26sc%3D006%26cs%3Dchromium-https-conflicted-nav%26br%3Dchromium%26rt%3Dnav&cc=no-store&sc=006&cs=chromium-https-conflicted-nav&n=2 HTTP/1.1" status=200 sc=006 v=- cs=chromium-https-conflicted-nav br=- rt=- inm="-" ims="-" ccreq="-"
2026-08-10T05:30:39+00:00 "GET /006/asset/app.css?v=conflicted&sc=006&cs=chromium-https-conflicted-nav&br=chromium&rt=nav HTTP/1.1" status=200 sc=006 v=conflicted cs=chromium-https-conflicted-nav br=chromium rt=nav inm="-" ims="-" ccreq="-"
2026-08-10T05:30:40+00:00 "GET /006/page?asset=%2F006%2Fasset%2Fapp.css%3Fv%3Dmustrev%26sc%3D006%26cs%3Dchromium-https-mustrev-nav%26br%3Dchromium%26rt%3Dnav&cc=no-store&sc=006&cs=chromium-https-mustrev-nav&n=1 HTTP/1.1" status=200 sc=006 v=- cs=chromium-https-mustrev-nav br=- rt=- inm="-" ims="-" ccreq="-"
2026-08-10T05:30:40+00:00 "GET /006/asset/app.css?v=mustrev&sc=006&cs=chromium-https-mustrev-nav&br=chromium&rt=nav HTTP/1.1" status=200 sc=006 v=mustrev cs=chromium-https-mustrev-nav br=chromium rt=nav inm="-" ims="-" ccreq="-"
2026-08-10T05:30:41+00:00 "GET /006/page?asset=%2F006%2Fasset%2Fapp.css%3Fv%3Dmustrev%26sc%3D006%26cs%3Dchromium-https-mustrev-nav%26br%3Dchromium%26rt%3Dnav&cc=no-store&sc=006&cs=chromium-https-mustrev-nav&n=2 HTTP/1.1" status=200 sc=006 v=- cs=chromium-https-mustrev-nav br=- rt=- inm="-" ims="-" ccreq="-"
2026-08-10T05:30:44+00:00 "GET /006/page?asset=%2F006%2Fasset%2Fapp.css%3Fv%3Dplain%26sc%3D006%26cs%3Dfirefox-https-plain-nav%26br%3Dfirefox%26rt%3Dnav&cc=no-store&sc=006&cs=firefox-https-plain-nav&n=1 HTTP/1.1" status=200 sc=006 v=- cs=firefox-https-plain-nav br=- rt=- inm="-" ims="-" ccreq="-"
2026-08-10T05:30:44+00:00 "GET /006/asset/app.css?v=plain&sc=006&cs=firefox-https-plain-nav&br=firefox&rt=nav HTTP/1.1" status=200 sc=006 v=plain cs=firefox-https-plain-nav br=firefox rt=nav inm="-" ims="-" ccreq="-"
2026-08-10T05:30:44+00:00 "GET /006/page?asset=%2F006%2Fasset%2Fapp.css%3Fv%3Dplain%26sc%3D006%26cs%3Dfirefox-https-plain-nav%26br%3Dfirefox%26rt%3Dnav&cc=no-store&sc=006&cs=firefox-https-plain-nav&n=2 HTTP/1.1" status=200 sc=006 v=- cs=firefox-https-plain-nav br=- rt=- inm="-" ims="-" ccreq="-"
2026-08-10T05:30:46+00:00 "GET /006/page?asset=%2F006%2Fasset%2Fapp.css%3Fv%3Dnostore%26sc%3D006%26cs%3Dfirefox-https-nostore-nav%26br%3Dfirefox%26rt%3Dnav&cc=no-store&sc=006&cs=firefox-https-nostore-nav&n=1 HTTP/1.1" status=200 sc=006 v=- cs=firefox-https-nostore-nav br=- rt=- inm="-" ims="-" ccreq="-"
2026-08-10T05:30:46+00:00 "GET /006/asset/app.css?v=nostore&sc=006&cs=firefox-https-nostore-nav&br=firefox&rt=nav HTTP/1.1" status=200 sc=006 v=nostore cs=firefox-https-nostore-nav br=firefox rt=nav inm="-" ims="-" ccreq="-"
2026-08-10T05:30:47+00:00 "GET /006/page?asset=%2F006%2Fasset%2Fapp.css%3Fv%3Dnostore%26sc%3D006%26cs%3Dfirefox-https-nostore-nav%26br%3Dfirefox%26rt%3Dnav&cc=no-store&sc=006&cs=firefox-https-nostore-nav&n=2 HTTP/1.1" status=200 sc=006 v=- cs=firefox-https-nostore-nav br=- rt=- inm="-" ims="-" ccreq="-"
2026-08-10T05:30:47+00:00 "GET /006/asset/app.css?v=nostore&sc=006&cs=firefox-https-nostore-nav&br=firefox&rt=nav HTTP/1.1" status=200 sc=006 v=nostore cs=firefox-https-nostore-nav br=firefox rt=nav inm="-" ims="-" ccreq="-"
2026-08-10T05:30:49+00:00 "GET /006/page?asset=%2F006%2Fasset%2Fapp.css%3Fv%3Dnocache%26sc%3D006%26cs%3Dfirefox-https-nocache-nav%26br%3Dfirefox%26rt%3Dnav&cc=no-store&sc=006&cs=firefox-https-nocache-nav&n=1 HTTP/1.1" status=200 sc=006 v=- cs=firefox-https-nocache-nav br=- rt=- inm="-" ims="-" ccreq="-"
2026-08-10T05:30:49+00:00 "GET /006/asset/app.css?v=nocache&sc=006&cs=firefox-https-nocache-nav&br=firefox&rt=nav HTTP/1.1" status=200 sc=006 v=nocache cs=firefox-https-nocache-nav br=firefox rt=nav inm="-" ims="-" ccreq="-"
2026-08-10T05:30:50+00:00 "GET /006/page?asset=%2F006%2Fasset%2Fapp.css%3Fv%3Dnocache%26sc%3D006%26cs%3Dfirefox-https-nocache-nav%26br%3Dfirefox%26rt%3Dnav&cc=no-store&sc=006&cs=firefox-https-nocache-nav&n=2 HTTP/1.1" status=200 sc=006 v=- cs=firefox-https-nocache-nav br=- rt=- inm="-" ims="-" ccreq="-"
2026-08-10T05:30:50+00:00 "GET /006/asset/app.css?v=nocache&sc=006&cs=firefox-https-nocache-nav&br=firefox&rt=nav HTTP/1.1" status=304 sc=006 v=nocache cs=firefox-https-nocache-nav br=firefox rt=nav inm="\x226a79595e-156\x22" ims="Mon, 10 Aug 2026 04:53:50 GMT" ccreq="-"
2026-08-10T05:30:52+00:00 "GET /006/page?asset=%2F006%2Fasset%2Fapp.css%3Fv%3Dns-max%26sc%3D006%26cs%3Dfirefox-https-ns-max-nav%26br%3Dfirefox%26rt%3Dnav&cc=no-store&sc=006&cs=firefox-https-ns-max-nav&n=1 HTTP/1.1" status=200 sc=006 v=- cs=firefox-https-ns-max-nav br=- rt=- inm="-" ims="-" ccreq="-"
2026-08-10T05:30:52+00:00 "GET /006/asset/app.css?v=ns-max&sc=006&cs=firefox-https-ns-max-nav&br=firefox&rt=nav HTTP/1.1" status=200 sc=006 v=ns-max cs=firefox-https-ns-max-nav br=firefox rt=nav inm="-" ims="-" ccreq="-"
2026-08-10T05:30:53+00:00 "GET /006/page?asset=%2F006%2Fasset%2Fapp.css%3Fv%3Dns-max%26sc%3D006%26cs%3Dfirefox-https-ns-max-nav%26br%3Dfirefox%26rt%3Dnav&cc=no-store&sc=006&cs=firefox-https-ns-max-nav&n=2 HTTP/1.1" status=200 sc=006 v=- cs=firefox-https-ns-max-nav br=- rt=- inm="-" ims="-" ccreq="-"
2026-08-10T05:30:53+00:00 "GET /006/asset/app.css?v=ns-max&sc=006&cs=firefox-https-ns-max-nav&br=firefox&rt=nav HTTP/1.1" status=200 sc=006 v=ns-max cs=firefox-https-ns-max-nav br=firefox rt=nav inm="-" ims="-" ccreq="-"
2026-08-10T05:30:55+00:00 "GET /006/page?asset=%2F006%2Fasset%2Fapp.css%3Fv%3Dnc-max%26sc%3D006%26cs%3Dfirefox-https-nc-max-nav%26br%3Dfirefox%26rt%3Dnav&cc=no-store&sc=006&cs=firefox-https-nc-max-nav&n=1 HTTP/1.1" status=200 sc=006 v=- cs=firefox-https-nc-max-nav br=- rt=- inm="-" ims="-" ccreq="-"
2026-08-10T05:30:55+00:00 "GET /006/asset/app.css?v=nc-max&sc=006&cs=firefox-https-nc-max-nav&br=firefox&rt=nav HTTP/1.1" status=200 sc=006 v=nc-max cs=firefox-https-nc-max-nav br=firefox rt=nav inm="-" ims="-" ccreq="-"
2026-08-10T05:30:56+00:00 "GET /006/page?asset=%2F006%2Fasset%2Fapp.css%3Fv%3Dnc-max%26sc%3D006%26cs%3Dfirefox-https-nc-max-nav%26br%3Dfirefox%26rt%3Dnav&cc=no-store&sc=006&cs=firefox-https-nc-max-nav&n=2 HTTP/1.1" status=200 sc=006 v=- cs=firefox-https-nc-max-nav br=- rt=- inm="-" ims="-" ccreq="-"
2026-08-10T05:30:56+00:00 "GET /006/asset/app.css?v=nc-max&sc=006&cs=firefox-https-nc-max-nav&br=firefox&rt=nav HTTP/1.1" status=304 sc=006 v=nc-max cs=firefox-https-nc-max-nav br=firefox rt=nav inm="\x226a79595e-156\x22" ims="Mon, 10 Aug 2026 04:53:50 GMT" ccreq="-"
2026-08-10T05:30:58+00:00 "GET /006/page?asset=%2F006%2Fasset%2Fapp.css%3Fv%3Dns-nc%26sc%3D006%26cs%3Dfirefox-https-ns-nc-nav%26br%3Dfirefox%26rt%3Dnav&cc=no-store&sc=006&cs=firefox-https-ns-nc-nav&n=1 HTTP/1.1" status=200 sc=006 v=- cs=firefox-https-ns-nc-nav br=- rt=- inm="-" ims="-" ccreq="-"
2026-08-10T05:30:58+00:00 "GET /006/asset/app.css?v=ns-nc&sc=006&cs=firefox-https-ns-nc-nav&br=firefox&rt=nav HTTP/1.1" status=200 sc=006 v=ns-nc cs=firefox-https-ns-nc-nav br=firefox rt=nav inm="-" ims="-" ccreq="-"
2026-08-10T05:30:59+00:00 "GET /006/page?asset=%2F006%2Fasset%2Fapp.css%3Fv%3Dns-nc%26sc%3D006%26cs%3Dfirefox-https-ns-nc-nav%26br%3Dfirefox%26rt%3Dnav&cc=no-store&sc=006&cs=firefox-https-ns-nc-nav&n=2 HTTP/1.1" status=200 sc=006 v=- cs=firefox-https-ns-nc-nav br=- rt=- inm="-" ims="-" ccreq="-"
2026-08-10T05:30:59+00:00 "GET /006/asset/app.css?v=ns-nc&sc=006&cs=firefox-https-ns-nc-nav&br=firefox&rt=nav HTTP/1.1" status=200 sc=006 v=ns-nc cs=firefox-https-ns-nc-nav br=firefox rt=nav inm="-" ims="-" ccreq="-"
2026-08-10T05:31:01+00:00 "GET /006/page?asset=%2F006%2Fasset%2Fapp.css%3Fv%3Dconflicted%26sc%3D006%26cs%3Dfirefox-https-conflicted-nav%26br%3Dfirefox%26rt%3Dnav&cc=no-store&sc=006&cs=firefox-https-conflicted-nav&n=1 HTTP/1.1" status=200 sc=006 v=- cs=firefox-https-conflicted-nav br=- rt=- inm="-" ims="-" ccreq="-"
2026-08-10T05:31:01+00:00 "GET /006/asset/app.css?v=conflicted&sc=006&cs=firefox-https-conflicted-nav&br=firefox&rt=nav HTTP/1.1" status=200 sc=006 v=conflicted cs=firefox-https-conflicted-nav br=firefox rt=nav inm="-" ims="-" ccreq="-"
2026-08-10T05:31:02+00:00 "GET /006/page?asset=%2F006%2Fasset%2Fapp.css%3Fv%3Dconflicted%26sc%3D006%26cs%3Dfirefox-https-conflicted-nav%26br%3Dfirefox%26rt%3Dnav&cc=no-store&sc=006&cs=firefox-https-conflicted-nav&n=2 HTTP/1.1" status=200 sc=006 v=- cs=firefox-https-conflicted-nav br=- rt=- inm="-" ims="-" ccreq="-"
2026-08-10T05:31:02+00:00 "GET /006/asset/app.css?v=conflicted&sc=006&cs=firefox-https-conflicted-nav&br=firefox&rt=nav HTTP/1.1" status=200 sc=006 v=conflicted cs=firefox-https-conflicted-nav br=firefox rt=nav inm="-" ims="-" ccreq="-"
2026-08-10T05:31:04+00:00 "GET /006/page?asset=%2F006%2Fasset%2Fapp.css%3Fv%3Dmustrev%26sc%3D006%26cs%3Dfirefox-https-mustrev-nav%26br%3Dfirefox%26rt%3Dnav&cc=no-store&sc=006&cs=firefox-https-mustrev-nav&n=1 HTTP/1.1" status=200 sc=006 v=- cs=firefox-https-mustrev-nav br=- rt=- inm="-" ims="-" ccreq="-"
2026-08-10T05:31:04+00:00 "GET /006/asset/app.css?v=mustrev&sc=006&cs=firefox-https-mustrev-nav&br=firefox&rt=nav HTTP/1.1" status=200 sc=006 v=mustrev cs=firefox-https-mustrev-nav br=firefox rt=nav inm="-" ims="-" ccreq="-"
2026-08-10T05:31:05+00:00 "GET /006/page?asset=%2F006%2Fasset%2Fapp.css%3Fv%3Dmustrev%26sc%3D006%26cs%3Dfirefox-https-mustrev-nav%26br%3Dfirefox%26rt%3Dnav&cc=no-store&sc=006&cs=firefox-https-mustrev-nav&n=2 HTTP/1.1" status=200 sc=006 v=- cs=firefox-https-mustrev-nav br=- rt=- inm="-" ims="-" ccreq="-"
2026-08-10T05:31:07+00:00 "GET /006/page?asset=%2F006%2Fasset%2Fapp.css%3Fv%3Dplain%26sc%3D006%26cs%3Dwebkit-https-plain-nav%26br%3Dwebkit%26rt%3Dnav&cc=no-store&sc=006&cs=webkit-https-plain-nav&n=1 HTTP/1.1" status=200 sc=006 v=- cs=webkit-https-plain-nav br=- rt=- inm="-" ims="-" ccreq="-"
2026-08-10T05:31:07+00:00 "GET /006/asset/app.css?v=plain&sc=006&cs=webkit-https-plain-nav&br=webkit&rt=nav HTTP/1.1" status=200 sc=006 v=plain cs=webkit-https-plain-nav br=webkit rt=nav inm="-" ims="-" ccreq="-"
2026-08-10T05:31:08+00:00 "GET /006/page?asset=%2F006%2Fasset%2Fapp.css%3Fv%3Dplain%26sc%3D006%26cs%3Dwebkit-https-plain-nav%26br%3Dwebkit%26rt%3Dnav&cc=no-store&sc=006&cs=webkit-https-plain-nav&n=2 HTTP/1.1" status=200 sc=006 v=- cs=webkit-https-plain-nav br=- rt=- inm="-" ims="-" ccreq="-"
2026-08-10T05:31:09+00:00 "GET /006/page?asset=%2F006%2Fasset%2Fapp.css%3Fv%3Dnostore%26sc%3D006%26cs%3Dwebkit-https-nostore-nav%26br%3Dwebkit%26rt%3Dnav&cc=no-store&sc=006&cs=webkit-https-nostore-nav&n=1 HTTP/1.1" status=200 sc=006 v=- cs=webkit-https-nostore-nav br=- rt=- inm="-" ims="-" ccreq="-"
2026-08-10T05:31:09+00:00 "GET /006/asset/app.css?v=nostore&sc=006&cs=webkit-https-nostore-nav&br=webkit&rt=nav HTTP/1.1" status=200 sc=006 v=nostore cs=webkit-https-nostore-nav br=webkit rt=nav inm="-" ims="-" ccreq="-"
2026-08-10T05:31:10+00:00 "GET /006/page?asset=%2F006%2Fasset%2Fapp.css%3Fv%3Dnostore%26sc%3D006%26cs%3Dwebkit-https-nostore-nav%26br%3Dwebkit%26rt%3Dnav&cc=no-store&sc=006&cs=webkit-https-nostore-nav&n=2 HTTP/1.1" status=200 sc=006 v=- cs=webkit-https-nostore-nav br=- rt=- inm="-" ims="-" ccreq="-"
2026-08-10T05:31:10+00:00 "GET /006/asset/app.css?v=nostore&sc=006&cs=webkit-https-nostore-nav&br=webkit&rt=nav HTTP/1.1" status=200 sc=006 v=nostore cs=webkit-https-nostore-nav br=webkit rt=nav inm="-" ims="-" ccreq="-"
2026-08-10T05:31:11+00:00 "GET /006/page?asset=%2F006%2Fasset%2Fapp.css%3Fv%3Dnocache%26sc%3D006%26cs%3Dwebkit-https-nocache-nav%26br%3Dwebkit%26rt%3Dnav&cc=no-store&sc=006&cs=webkit-https-nocache-nav&n=1 HTTP/1.1" status=200 sc=006 v=- cs=webkit-https-nocache-nav br=- rt=- inm="-" ims="-" ccreq="-"
2026-08-10T05:31:11+00:00 "GET /006/asset/app.css?v=nocache&sc=006&cs=webkit-https-nocache-nav&br=webkit&rt=nav HTTP/1.1" status=200 sc=006 v=nocache cs=webkit-https-nocache-nav br=webkit rt=nav inm="-" ims="-" ccreq="-"
2026-08-10T05:31:12+00:00 "GET /006/page?asset=%2F006%2Fasset%2Fapp.css%3Fv%3Dnocache%26sc%3D006%26cs%3Dwebkit-https-nocache-nav%26br%3Dwebkit%26rt%3Dnav&cc=no-store&sc=006&cs=webkit-https-nocache-nav&n=2 HTTP/1.1" status=200 sc=006 v=- cs=webkit-https-nocache-nav br=- rt=- inm="-" ims="-" ccreq="-"
2026-08-10T05:31:12+00:00 "GET /006/asset/app.css?v=nocache&sc=006&cs=webkit-https-nocache-nav&br=webkit&rt=nav HTTP/1.1" status=304 sc=006 v=nocache cs=webkit-https-nocache-nav br=webkit rt=nav inm="\x226a79595e-156\x22" ims="Mon, 10 Aug 2026 04:53:50 GMT" ccreq="-"
2026-08-10T05:31:13+00:00 "GET /006/page?asset=%2F006%2Fasset%2Fapp.css%3Fv%3Dns-max%26sc%3D006%26cs%3Dwebkit-https-ns-max-nav%26br%3Dwebkit%26rt%3Dnav&cc=no-store&sc=006&cs=webkit-https-ns-max-nav&n=1 HTTP/1.1" status=200 sc=006 v=- cs=webkit-https-ns-max-nav br=- rt=- inm="-" ims="-" ccreq="-"
2026-08-10T05:31:13+00:00 "GET /006/asset/app.css?v=ns-max&sc=006&cs=webkit-https-ns-max-nav&br=webkit&rt=nav HTTP/1.1" status=200 sc=006 v=ns-max cs=webkit-https-ns-max-nav br=webkit rt=nav inm="-" ims="-" ccreq="-"
2026-08-10T05:31:14+00:00 "GET /006/page?asset=%2F006%2Fasset%2Fapp.css%3Fv%3Dns-max%26sc%3D006%26cs%3Dwebkit-https-ns-max-nav%26br%3Dwebkit%26rt%3Dnav&cc=no-store&sc=006&cs=webkit-https-ns-max-nav&n=2 HTTP/1.1" status=200 sc=006 v=- cs=webkit-https-ns-max-nav br=- rt=- inm="-" ims="-" ccreq="-"
2026-08-10T05:31:14+00:00 "GET /006/asset/app.css?v=ns-max&sc=006&cs=webkit-https-ns-max-nav&br=webkit&rt=nav HTTP/1.1" status=200 sc=006 v=ns-max cs=webkit-https-ns-max-nav br=webkit rt=nav inm="-" ims="-" ccreq="-"
2026-08-10T05:31:15+00:00 "GET /006/page?asset=%2F006%2Fasset%2Fapp.css%3Fv%3Dnc-max%26sc%3D006%26cs%3Dwebkit-https-nc-max-nav%26br%3Dwebkit%26rt%3Dnav&cc=no-store&sc=006&cs=webkit-https-nc-max-nav&n=1 HTTP/1.1" status=200 sc=006 v=- cs=webkit-https-nc-max-nav br=- rt=- inm="-" ims="-" ccreq="-"
2026-08-10T05:31:15+00:00 "GET /006/asset/app.css?v=nc-max&sc=006&cs=webkit-https-nc-max-nav&br=webkit&rt=nav HTTP/1.1" status=200 sc=006 v=nc-max cs=webkit-https-nc-max-nav br=webkit rt=nav inm="-" ims="-" ccreq="-"
2026-08-10T05:31:16+00:00 "GET /006/page?asset=%2F006%2Fasset%2Fapp.css%3Fv%3Dnc-max%26sc%3D006%26cs%3Dwebkit-https-nc-max-nav%26br%3Dwebkit%26rt%3Dnav&cc=no-store&sc=006&cs=webkit-https-nc-max-nav&n=2 HTTP/1.1" status=200 sc=006 v=- cs=webkit-https-nc-max-nav br=- rt=- inm="-" ims="-" ccreq="-"
2026-08-10T05:31:16+00:00 "GET /006/asset/app.css?v=nc-max&sc=006&cs=webkit-https-nc-max-nav&br=webkit&rt=nav HTTP/1.1" status=304 sc=006 v=nc-max cs=webkit-https-nc-max-nav br=webkit rt=nav inm="\x226a79595e-156\x22" ims="Mon, 10 Aug 2026 04:53:50 GMT" ccreq="-"
2026-08-10T05:31:18+00:00 "GET /006/page?asset=%2F006%2Fasset%2Fapp.css%3Fv%3Dns-nc%26sc%3D006%26cs%3Dwebkit-https-ns-nc-nav%26br%3Dwebkit%26rt%3Dnav&cc=no-store&sc=006&cs=webkit-https-ns-nc-nav&n=1 HTTP/1.1" status=200 sc=006 v=- cs=webkit-https-ns-nc-nav br=- rt=- inm="-" ims="-" ccreq="-"
2026-08-10T05:31:18+00:00 "GET /006/asset/app.css?v=ns-nc&sc=006&cs=webkit-https-ns-nc-nav&br=webkit&rt=nav HTTP/1.1" status=200 sc=006 v=ns-nc cs=webkit-https-ns-nc-nav br=webkit rt=nav inm="-" ims="-" ccreq="-"
2026-08-10T05:31:18+00:00 "GET /006/page?asset=%2F006%2Fasset%2Fapp.css%3Fv%3Dns-nc%26sc%3D006%26cs%3Dwebkit-https-ns-nc-nav%26br%3Dwebkit%26rt%3Dnav&cc=no-store&sc=006&cs=webkit-https-ns-nc-nav&n=2 HTTP/1.1" status=200 sc=006 v=- cs=webkit-https-ns-nc-nav br=- rt=- inm="-" ims="-" ccreq="-"
2026-08-10T05:31:18+00:00 "GET /006/asset/app.css?v=ns-nc&sc=006&cs=webkit-https-ns-nc-nav&br=webkit&rt=nav HTTP/1.1" status=200 sc=006 v=ns-nc cs=webkit-https-ns-nc-nav br=webkit rt=nav inm="-" ims="-" ccreq="-"
2026-08-10T05:31:20+00:00 "GET /006/page?asset=%2F006%2Fasset%2Fapp.css%3Fv%3Dconflicted%26sc%3D006%26cs%3Dwebkit-https-conflicted-nav%26br%3Dwebkit%26rt%3Dnav&cc=no-store&sc=006&cs=webkit-https-conflicted-nav&n=1 HTTP/1.1" status=200 sc=006 v=- cs=webkit-https-conflicted-nav br=- rt=- inm="-" ims="-" ccreq="-"
2026-08-10T05:31:20+00:00 "GET /006/asset/app.css?v=conflicted&sc=006&cs=webkit-https-conflicted-nav&br=webkit&rt=nav HTTP/1.1" status=200 sc=006 v=conflicted cs=webkit-https-conflicted-nav br=webkit rt=nav inm="-" ims="-" ccreq="-"
2026-08-10T05:31:21+00:00 "GET /006/page?asset=%2F006%2Fasset%2Fapp.css%3Fv%3Dconflicted%26sc%3D006%26cs%3Dwebkit-https-conflicted-nav%26br%3Dwebkit%26rt%3Dnav&cc=no-store&sc=006&cs=webkit-https-conflicted-nav&n=2 HTTP/1.1" status=200 sc=006 v=- cs=webkit-https-conflicted-nav br=- rt=- inm="-" ims="-" ccreq="-"
2026-08-10T05:31:21+00:00 "GET /006/asset/app.css?v=conflicted&sc=006&cs=webkit-https-conflicted-nav&br=webkit&rt=nav HTTP/1.1" status=200 sc=006 v=conflicted cs=webkit-https-conflicted-nav br=webkit rt=nav inm="-" ims="-" ccreq="-"
2026-08-10T05:31:22+00:00 "GET /006/page?asset=%2F006%2Fasset%2Fapp.css%3Fv%3Dmustrev%26sc%3D006%26cs%3Dwebkit-https-mustrev-nav%26br%3Dwebkit%26rt%3Dnav&cc=no-store&sc=006&cs=webkit-https-mustrev-nav&n=1 HTTP/1.1" status=200 sc=006 v=- cs=webkit-https-mustrev-nav br=- rt=- inm="-" ims="-" ccreq="-"
2026-08-10T05:31:22+00:00 "GET /006/asset/app.css?v=mustrev&sc=006&cs=webkit-https-mustrev-nav&br=webkit&rt=nav HTTP/1.1" status=200 sc=006 v=mustrev cs=webkit-https-mustrev-nav br=webkit rt=nav inm="-" ims="-" ccreq="-"
2026-08-10T05:31:23+00:00 "GET /006/page?asset=%2F006%2Fasset%2Fapp.css%3Fv%3Dmustrev%26sc%3D006%26cs%3Dwebkit-https-mustrev-nav%26br%3Dwebkit%26rt%3Dnav&cc=no-store&sc=006&cs=webkit-https-mustrev-nav&n=2 HTTP/1.1" status=200 sc=006 v=- cs=webkit-https-mustrev-nav br=- rt=- inm="-" ims="-" ccreq="-"
2026-08-10T05:31:37+00:00 "GET /006/page?asset=%2F006%2Fasset%2Fapp.css%3Fv%3Dplain%26sc%3D006%26cs%3Dchromium-https-plain-nav%26br%3Dchromium%26rt%3Dnav&cc=no-store&sc=006&cs=chromium-https-plain-nav&n=1 HTTP/1.1" status=200 sc=006 v=- cs=chromium-https-plain-nav br=- rt=- inm="-" ims="-" ccreq="-"
2026-08-10T05:31:37+00:00 "GET /006/asset/app.css?v=plain&sc=006&cs=chromium-https-plain-nav&br=chromium&rt=nav HTTP/1.1" status=200 sc=006 v=plain cs=chromium-https-plain-nav br=chromium rt=nav inm="-" ims="-" ccreq="-"
2026-08-10T05:31:38+00:00 "GET /006/page?asset=%2F006%2Fasset%2Fapp.css%3Fv%3Dplain%26sc%3D006%26cs%3Dchromium-https-plain-nav%26br%3Dchromium%26rt%3Dnav&cc=no-store&sc=006&cs=chromium-https-plain-nav&n=2 HTTP/1.1" status=200 sc=006 v=- cs=chromium-https-plain-nav br=- rt=- inm="-" ims="-" ccreq="-"
2026-08-10T05:31:39+00:00 "GET /006/page?asset=%2F006%2Fasset%2Fapp.css%3Fv%3Dnostore%26sc%3D006%26cs%3Dchromium-https-nostore-nav%26br%3Dchromium%26rt%3Dnav&cc=no-store&sc=006&cs=chromium-https-nostore-nav&n=1 HTTP/1.1" status=200 sc=006 v=- cs=chromium-https-nostore-nav br=- rt=- inm="-" ims="-" ccreq="-"
2026-08-10T05:31:39+00:00 "GET /006/asset/app.css?v=nostore&sc=006&cs=chromium-https-nostore-nav&br=chromium&rt=nav HTTP/1.1" status=200 sc=006 v=nostore cs=chromium-https-nostore-nav br=chromium rt=nav inm="-" ims="-" ccreq="-"
2026-08-10T05:31:39+00:00 "GET /006/page?asset=%2F006%2Fasset%2Fapp.css%3Fv%3Dnostore%26sc%3D006%26cs%3Dchromium-https-nostore-nav%26br%3Dchromium%26rt%3Dnav&cc=no-store&sc=006&cs=chromium-https-nostore-nav&n=2 HTTP/1.1" status=200 sc=006 v=- cs=chromium-https-nostore-nav br=- rt=- inm="-" ims="-" ccreq="-"
2026-08-10T05:31:39+00:00 "GET /006/asset/app.css?v=nostore&sc=006&cs=chromium-https-nostore-nav&br=chromium&rt=nav HTTP/1.1" status=200 sc=006 v=nostore cs=chromium-https-nostore-nav br=chromium rt=nav inm="-" ims="-" ccreq="-"
2026-08-10T05:31:40+00:00 "GET /006/page?asset=%2F006%2Fasset%2Fapp.css%3Fv%3Dnocache%26sc%3D006%26cs%3Dchromium-https-nocache-nav%26br%3Dchromium%26rt%3Dnav&cc=no-store&sc=006&cs=chromium-https-nocache-nav&n=1 HTTP/1.1" status=200 sc=006 v=- cs=chromium-https-nocache-nav br=- rt=- inm="-" ims="-" ccreq="-"
2026-08-10T05:31:40+00:00 "GET /006/asset/app.css?v=nocache&sc=006&cs=chromium-https-nocache-nav&br=chromium&rt=nav HTTP/1.1" status=200 sc=006 v=nocache cs=chromium-https-nocache-nav br=chromium rt=nav inm="-" ims="-" ccreq="-"
2026-08-10T05:31:41+00:00 "GET /006/page?asset=%2F006%2Fasset%2Fapp.css%3Fv%3Dnocache%26sc%3D006%26cs%3Dchromium-https-nocache-nav%26br%3Dchromium%26rt%3Dnav&cc=no-store&sc=006&cs=chromium-https-nocache-nav&n=2 HTTP/1.1" status=200 sc=006 v=- cs=chromium-https-nocache-nav br=- rt=- inm="-" ims="-" ccreq="-"
2026-08-10T05:31:41+00:00 "GET /006/asset/app.css?v=nocache&sc=006&cs=chromium-https-nocache-nav&br=chromium&rt=nav HTTP/1.1" status=304 sc=006 v=nocache cs=chromium-https-nocache-nav br=chromium rt=nav inm="\x226a79595e-156\x22" ims="Mon, 10 Aug 2026 04:53:50 GMT" ccreq="-"
2026-08-10T05:31:42+00:00 "GET /006/page?asset=%2F006%2Fasset%2Fapp.css%3Fv%3Dplain%26sc%3D006%26cs%3Dchromium-https-plain-nav%26br%3Dchromium%26rt%3Dnav&cc=no-store&sc=006&cs=chromium-https-plain-nav&n=1 HTTP/1.1" status=200 sc=006 v=- cs=chromium-https-plain-nav br=- rt=- inm="-" ims="-" ccreq="-"
2026-08-10T05:31:42+00:00 "GET /006/asset/app.css?v=plain&sc=006&cs=chromium-https-plain-nav&br=chromium&rt=nav HTTP/1.1" status=200 sc=006 v=plain cs=chromium-https-plain-nav br=chromium rt=nav inm="-" ims="-" ccreq="-"
2026-08-10T05:31:43+00:00 "GET /006/page?asset=%2F006%2Fasset%2Fapp.css%3Fv%3Dplain%26sc%3D006%26cs%3Dchromium-https-plain-nav%26br%3Dchromium%26rt%3Dnav&cc=no-store&sc=006&cs=chromium-https-plain-nav&n=2 HTTP/1.1" status=200 sc=006 v=- cs=chromium-https-plain-nav br=- rt=- inm="-" ims="-" ccreq="-"
2026-08-10T05:31:44+00:00 "GET /006/page?asset=%2F006%2Fasset%2Fapp.css%3Fv%3Dplain%26sc%3D006%26cs%3Dchromium-https-plain-reload%26br%3Dchromium%26rt%3Dreload&cc=no-store&sc=006&cs=chromium-https-plain-reload&n=1 HTTP/1.1" status=200 sc=006 v=- cs=chromium-https-plain-reload br=- rt=- inm="-" ims="-" ccreq="-"
2026-08-10T05:31:44+00:00 "GET /006/asset/app.css?v=plain&sc=006&cs=chromium-https-plain-reload&br=chromium&rt=reload HTTP/1.1" status=200 sc=006 v=plain cs=chromium-https-plain-reload br=chromium rt=reload inm="-" ims="-" ccreq="-"
2026-08-10T05:31:45+00:00 "GET /006/page?asset=%2F006%2Fasset%2Fapp.css%3Fv%3Dplain%26sc%3D006%26cs%3Dchromium-https-plain-reload%26br%3Dchromium%26rt%3Dreload&cc=no-store&sc=006&cs=chromium-https-plain-reload&n=1 HTTP/1.1" status=200 sc=006 v=- cs=chromium-https-plain-reload br=- rt=- inm="-" ims="-" ccreq="max-age=0"
2026-08-10T05:31:46+00:00 "GET /006/page?asset=%2F006%2Fasset%2Fapp.css%3Fv%3Dmustrev%26sc%3D006%26cs%3Dchromium-https-mustrev-nav%26br%3Dchromium%26rt%3Dnav&cc=no-store&sc=006&cs=chromium-https-mustrev-nav&n=1 HTTP/1.1" status=200 sc=006 v=- cs=chromium-https-mustrev-nav br=- rt=- inm="-" ims="-" ccreq="-"
2026-08-10T05:31:46+00:00 "GET /006/asset/app.css?v=mustrev&sc=006&cs=chromium-https-mustrev-nav&br=chromium&rt=nav HTTP/1.1" status=200 sc=006 v=mustrev cs=chromium-https-mustrev-nav br=chromium rt=nav inm="-" ims="-" ccreq="-"
2026-08-10T05:31:47+00:00 "GET /006/page?asset=%2F006%2Fasset%2Fapp.css%3Fv%3Dmustrev%26sc%3D006%26cs%3Dchromium-https-mustrev-nav%26br%3Dchromium%26rt%3Dnav&cc=no-store&sc=006&cs=chromium-https-mustrev-nav&n=2 HTTP/1.1" status=200 sc=006 v=- cs=chromium-https-mustrev-nav br=- rt=- inm="-" ims="-" ccreq="-"
2026-08-10T05:31:48+00:00 "GET /006/page?asset=%2F006%2Fasset%2Fapp.css%3Fv%3Dmustrev%26sc%3D006%26cs%3Dchromium-https-mustrev-reload%26br%3Dchromium%26rt%3Dreload&cc=no-store&sc=006&cs=chromium-https-mustrev-reload&n=1 HTTP/1.1" status=200 sc=006 v=- cs=chromium-https-mustrev-reload br=- rt=- inm="-" ims="-" ccreq="-"
2026-08-10T05:31:48+00:00 "GET /006/asset/app.css?v=mustrev&sc=006&cs=chromium-https-mustrev-reload&br=chromium&rt=reload HTTP/1.1" status=200 sc=006 v=mustrev cs=chromium-https-mustrev-reload br=chromium rt=reload inm="-" ims="-" ccreq="-"
2026-08-10T05:31:48+00:00 "GET /006/page?asset=%2F006%2Fasset%2Fapp.css%3Fv%3Dmustrev%26sc%3D006%26cs%3Dchromium-https-mustrev-reload%26br%3Dchromium%26rt%3Dreload&cc=no-store&sc=006&cs=chromium-https-mustrev-reload&n=1 HTTP/1.1" status=200 sc=006 v=- cs=chromium-https-mustrev-reload br=- rt=- inm="-" ims="-" ccreq="max-age=0"
2026-08-10T05:31:50+00:00 "GET /006/page?asset=%2F006%2Fasset%2Fapp.css%3Fv%3Dnocache%26sc%3D006%26cs%3Dchromium-https-nocache-nav%26br%3Dchromium%26rt%3Dnav&cc=no-store&sc=006&cs=chromium-https-nocache-nav&n=1 HTTP/1.1" status=200 sc=006 v=- cs=chromium-https-nocache-nav br=- rt=- inm="-" ims="-" ccreq="-"
2026-08-10T05:31:50+00:00 "GET /006/asset/app.css?v=nocache&sc=006&cs=chromium-https-nocache-nav&br=chromium&rt=nav HTTP/1.1" status=200 sc=006 v=nocache cs=chromium-https-nocache-nav br=chromium rt=nav inm="-" ims="-" ccreq="-"
2026-08-10T05:31:50+00:00 "GET /006/page?asset=%2F006%2Fasset%2Fapp.css%3Fv%3Dnocache%26sc%3D006%26cs%3Dchromium-https-nocache-nav%26br%3Dchromium%26rt%3Dnav&cc=no-store&sc=006&cs=chromium-https-nocache-nav&n=2 HTTP/1.1" status=200 sc=006 v=- cs=chromium-https-nocache-nav br=- rt=- inm="-" ims="-" ccreq="-"
2026-08-10T05:31:50+00:00 "GET /006/asset/app.css?v=nocache&sc=006&cs=chromium-https-nocache-nav&br=chromium&rt=nav HTTP/1.1" status=304 sc=006 v=nocache cs=chromium-https-nocache-nav br=chromium rt=nav inm="\x226a79595e-156\x22" ims="Mon, 10 Aug 2026 04:53:50 GMT" ccreq="-"
2026-08-10T05:31:51+00:00 "GET /006/page?asset=%2F006%2Fasset%2Fapp.css%3Fv%3Dnocache%26sc%3D006%26cs%3Dchromium-https-nocache-reload%26br%3Dchromium%26rt%3Dreload&cc=no-store&sc=006&cs=chromium-https-nocache-reload&n=1 HTTP/1.1" status=200 sc=006 v=- cs=chromium-https-nocache-reload br=- rt=- inm="-" ims="-" ccreq="-"
2026-08-10T05:31:51+00:00 "GET /006/asset/app.css?v=nocache&sc=006&cs=chromium-https-nocache-reload&br=chromium&rt=reload HTTP/1.1" status=200 sc=006 v=nocache cs=chromium-https-nocache-reload br=chromium rt=reload inm="-" ims="-" ccreq="-"
2026-08-10T05:31:52+00:00 "GET /006/page?asset=%2F006%2Fasset%2Fapp.css%3Fv%3Dnocache%26sc%3D006%26cs%3Dchromium-https-nocache-reload%26br%3Dchromium%26rt%3Dreload&cc=no-store&sc=006&cs=chromium-https-nocache-reload&n=1 HTTP/1.1" status=200 sc=006 v=- cs=chromium-https-nocache-reload br=- rt=- inm="-" ims="-" ccreq="max-age=0"
2026-08-10T05:31:52+00:00 "GET /006/asset/app.css?v=nocache&sc=006&cs=chromium-https-nocache-reload&br=chromium&rt=reload HTTP/1.1" status=304 sc=006 v=nocache cs=chromium-https-nocache-reload br=chromium rt=reload inm="\x226a79595e-156\x22" ims="Mon, 10 Aug 2026 04:53:50 GMT" ccreq="-"
2026-08-10T05:31:55+00:00 "GET /006/page?asset=%2F006%2Fasset%2Fapp.css%3Fv%3Dplain%26sc%3D006%26cs%3Dfirefox-https-plain-nav%26br%3Dfirefox%26rt%3Dnav&cc=no-store&sc=006&cs=firefox-https-plain-nav&n=1 HTTP/1.1" status=200 sc=006 v=- cs=firefox-https-plain-nav br=- rt=- inm="-" ims="-" ccreq="-"
2026-08-10T05:31:55+00:00 "GET /006/asset/app.css?v=plain&sc=006&cs=firefox-https-plain-nav&br=firefox&rt=nav HTTP/1.1" status=200 sc=006 v=plain cs=firefox-https-plain-nav br=firefox rt=nav inm="-" ims="-" ccreq="-"
2026-08-10T05:31:56+00:00 "GET /006/page?asset=%2F006%2Fasset%2Fapp.css%3Fv%3Dplain%26sc%3D006%26cs%3Dfirefox-https-plain-nav%26br%3Dfirefox%26rt%3Dnav&cc=no-store&sc=006&cs=firefox-https-plain-nav&n=2 HTTP/1.1" status=200 sc=006 v=- cs=firefox-https-plain-nav br=- rt=- inm="-" ims="-" ccreq="-"
2026-08-10T05:31:58+00:00 "GET /006/page?asset=%2F006%2Fasset%2Fapp.css%3Fv%3Dnostore%26sc%3D006%26cs%3Dfirefox-https-nostore-nav%26br%3Dfirefox%26rt%3Dnav&cc=no-store&sc=006&cs=firefox-https-nostore-nav&n=1 HTTP/1.1" status=200 sc=006 v=- cs=firefox-https-nostore-nav br=- rt=- inm="-" ims="-" ccreq="-"
2026-08-10T05:31:58+00:00 "GET /006/asset/app.css?v=nostore&sc=006&cs=firefox-https-nostore-nav&br=firefox&rt=nav HTTP/1.1" status=200 sc=006 v=nostore cs=firefox-https-nostore-nav br=firefox rt=nav inm="-" ims="-" ccreq="-"
2026-08-10T05:31:59+00:00 "GET /006/page?asset=%2F006%2Fasset%2Fapp.css%3Fv%3Dnostore%26sc%3D006%26cs%3Dfirefox-https-nostore-nav%26br%3Dfirefox%26rt%3Dnav&cc=no-store&sc=006&cs=firefox-https-nostore-nav&n=2 HTTP/1.1" status=200 sc=006 v=- cs=firefox-https-nostore-nav br=- rt=- inm="-" ims="-" ccreq="-"
2026-08-10T05:31:59+00:00 "GET /006/asset/app.css?v=nostore&sc=006&cs=firefox-https-nostore-nav&br=firefox&rt=nav HTTP/1.1" status=200 sc=006 v=nostore cs=firefox-https-nostore-nav br=firefox rt=nav inm="-" ims="-" ccreq="-"
2026-08-10T05:32:01+00:00 "GET /006/page?asset=%2F006%2Fasset%2Fapp.css%3Fv%3Dnocache%26sc%3D006%26cs%3Dfirefox-https-nocache-nav%26br%3Dfirefox%26rt%3Dnav&cc=no-store&sc=006&cs=firefox-https-nocache-nav&n=1 HTTP/1.1" status=200 sc=006 v=- cs=firefox-https-nocache-nav br=- rt=- inm="-" ims="-" ccreq="-"
2026-08-10T05:32:01+00:00 "GET /006/asset/app.css?v=nocache&sc=006&cs=firefox-https-nocache-nav&br=firefox&rt=nav HTTP/1.1" status=200 sc=006 v=nocache cs=firefox-https-nocache-nav br=firefox rt=nav inm="-" ims="-" ccreq="-"
2026-08-10T05:32:02+00:00 "GET /006/page?asset=%2F006%2Fasset%2Fapp.css%3Fv%3Dnocache%26sc%3D006%26cs%3Dfirefox-https-nocache-nav%26br%3Dfirefox%26rt%3Dnav&cc=no-store&sc=006&cs=firefox-https-nocache-nav&n=2 HTTP/1.1" status=200 sc=006 v=- cs=firefox-https-nocache-nav br=- rt=- inm="-" ims="-" ccreq="-"
2026-08-10T05:32:02+00:00 "GET /006/asset/app.css?v=nocache&sc=006&cs=firefox-https-nocache-nav&br=firefox&rt=nav HTTP/1.1" status=304 sc=006 v=nocache cs=firefox-https-nocache-nav br=firefox rt=nav inm="\x226a79595e-156\x22" ims="Mon, 10 Aug 2026 04:53:50 GMT" ccreq="-"
2026-08-10T05:32:04+00:00 "GET /006/page?asset=%2F006%2Fasset%2Fapp.css%3Fv%3Dplain%26sc%3D006%26cs%3Dfirefox-https-plain-nav%26br%3Dfirefox%26rt%3Dnav&cc=no-store&sc=006&cs=firefox-https-plain-nav&n=1 HTTP/1.1" status=200 sc=006 v=- cs=firefox-https-plain-nav br=- rt=- inm="-" ims="-" ccreq="-"
2026-08-10T05:32:04+00:00 "GET /006/asset/app.css?v=plain&sc=006&cs=firefox-https-plain-nav&br=firefox&rt=nav HTTP/1.1" status=200 sc=006 v=plain cs=firefox-https-plain-nav br=firefox rt=nav inm="-" ims="-" ccreq="-"
2026-08-10T05:32:05+00:00 "GET /006/page?asset=%2F006%2Fasset%2Fapp.css%3Fv%3Dplain%26sc%3D006%26cs%3Dfirefox-https-plain-nav%26br%3Dfirefox%26rt%3Dnav&cc=no-store&sc=006&cs=firefox-https-plain-nav&n=2 HTTP/1.1" status=200 sc=006 v=- cs=firefox-https-plain-nav br=- rt=- inm="-" ims="-" ccreq="-"
2026-08-10T05:32:07+00:00 "GET /006/page?asset=%2F006%2Fasset%2Fapp.css%3Fv%3Dplain%26sc%3D006%26cs%3Dfirefox-https-plain-reload%26br%3Dfirefox%26rt%3Dreload&cc=no-store&sc=006&cs=firefox-https-plain-reload&n=1 HTTP/1.1" status=200 sc=006 v=- cs=firefox-https-plain-reload br=- rt=- inm="-" ims="-" ccreq="-"
2026-08-10T05:32:07+00:00 "GET /006/asset/app.css?v=plain&sc=006&cs=firefox-https-plain-reload&br=firefox&rt=reload HTTP/1.1" status=200 sc=006 v=plain cs=firefox-https-plain-reload br=firefox rt=reload inm="-" ims="-" ccreq="-"
2026-08-10T05:32:07+00:00 "GET /006/page?asset=%2F006%2Fasset%2Fapp.css%3Fv%3Dplain%26sc%3D006%26cs%3Dfirefox-https-plain-reload%26br%3Dfirefox%26rt%3Dreload&cc=no-store&sc=006&cs=firefox-https-plain-reload&n=1 HTTP/1.1" status=200 sc=006 v=- cs=firefox-https-plain-reload br=- rt=- inm="-" ims="-" ccreq="-"
2026-08-10T05:32:10+00:00 "GET /006/page?asset=%2F006%2Fasset%2Fapp.css%3Fv%3Dmustrev%26sc%3D006%26cs%3Dfirefox-https-mustrev-nav%26br%3Dfirefox%26rt%3Dnav&cc=no-store&sc=006&cs=firefox-https-mustrev-nav&n=1 HTTP/1.1" status=200 sc=006 v=- cs=firefox-https-mustrev-nav br=- rt=- inm="-" ims="-" ccreq="-"
2026-08-10T05:32:10+00:00 "GET /006/asset/app.css?v=mustrev&sc=006&cs=firefox-https-mustrev-nav&br=firefox&rt=nav HTTP/1.1" status=200 sc=006 v=mustrev cs=firefox-https-mustrev-nav br=firefox rt=nav inm="-" ims="-" ccreq="-"
2026-08-10T05:32:10+00:00 "GET /006/page?asset=%2F006%2Fasset%2Fapp.css%3Fv%3Dmustrev%26sc%3D006%26cs%3Dfirefox-https-mustrev-nav%26br%3Dfirefox%26rt%3Dnav&cc=no-store&sc=006&cs=firefox-https-mustrev-nav&n=2 HTTP/1.1" status=200 sc=006 v=- cs=firefox-https-mustrev-nav br=- rt=- inm="-" ims="-" ccreq="-"
2026-08-10T05:32:13+00:00 "GET /006/page?asset=%2F006%2Fasset%2Fapp.css%3Fv%3Dmustrev%26sc%3D006%26cs%3Dfirefox-https-mustrev-reload%26br%3Dfirefox%26rt%3Dreload&cc=no-store&sc=006&cs=firefox-https-mustrev-reload&n=1 HTTP/1.1" status=200 sc=006 v=- cs=firefox-https-mustrev-reload br=- rt=- inm="-" ims="-" ccreq="-"
2026-08-10T05:32:13+00:00 "GET /006/asset/app.css?v=mustrev&sc=006&cs=firefox-https-mustrev-reload&br=firefox&rt=reload HTTP/1.1" status=200 sc=006 v=mustrev cs=firefox-https-mustrev-reload br=firefox rt=reload inm="-" ims="-" ccreq="-"
2026-08-10T05:32:13+00:00 "GET /006/page?asset=%2F006%2Fasset%2Fapp.css%3Fv%3Dmustrev%26sc%3D006%26cs%3Dfirefox-https-mustrev-reload%26br%3Dfirefox%26rt%3Dreload&cc=no-store&sc=006&cs=firefox-https-mustrev-reload&n=1 HTTP/1.1" status=200 sc=006 v=- cs=firefox-https-mustrev-reload br=- rt=- inm="-" ims="-" ccreq="-"
2026-08-10T05:32:16+00:00 "GET /006/page?asset=%2F006%2Fasset%2Fapp.css%3Fv%3Dnocache%26sc%3D006%26cs%3Dfirefox-https-nocache-nav%26br%3Dfirefox%26rt%3Dnav&cc=no-store&sc=006&cs=firefox-https-nocache-nav&n=1 HTTP/1.1" status=200 sc=006 v=- cs=firefox-https-nocache-nav br=- rt=- inm="-" ims="-" ccreq="-"
2026-08-10T05:32:16+00:00 "GET /006/asset/app.css?v=nocache&sc=006&cs=firefox-https-nocache-nav&br=firefox&rt=nav HTTP/1.1" status=200 sc=006 v=nocache cs=firefox-https-nocache-nav br=firefox rt=nav inm="-" ims="-" ccreq="-"
2026-08-10T05:32:16+00:00 "GET /006/page?asset=%2F006%2Fasset%2Fapp.css%3Fv%3Dnocache%26sc%3D006%26cs%3Dfirefox-https-nocache-nav%26br%3Dfirefox%26rt%3Dnav&cc=no-store&sc=006&cs=firefox-https-nocache-nav&n=2 HTTP/1.1" status=200 sc=006 v=- cs=firefox-https-nocache-nav br=- rt=- inm="-" ims="-" ccreq="-"
2026-08-10T05:32:16+00:00 "GET /006/asset/app.css?v=nocache&sc=006&cs=firefox-https-nocache-nav&br=firefox&rt=nav HTTP/1.1" status=304 sc=006 v=nocache cs=firefox-https-nocache-nav br=firefox rt=nav inm="\x226a79595e-156\x22" ims="Mon, 10 Aug 2026 04:53:50 GMT" ccreq="-"
2026-08-10T05:32:18+00:00 "GET /006/page?asset=%2F006%2Fasset%2Fapp.css%3Fv%3Dnocache%26sc%3D006%26cs%3Dfirefox-https-nocache-reload%26br%3Dfirefox%26rt%3Dreload&cc=no-store&sc=006&cs=firefox-https-nocache-reload&n=1 HTTP/1.1" status=200 sc=006 v=- cs=firefox-https-nocache-reload br=- rt=- inm="-" ims="-" ccreq="-"
2026-08-10T05:32:19+00:00 "GET /006/asset/app.css?v=nocache&sc=006&cs=firefox-https-nocache-reload&br=firefox&rt=reload HTTP/1.1" status=200 sc=006 v=nocache cs=firefox-https-nocache-reload br=firefox rt=reload inm="-" ims="-" ccreq="-"
2026-08-10T05:32:19+00:00 "GET /006/page?asset=%2F006%2Fasset%2Fapp.css%3Fv%3Dnocache%26sc%3D006%26cs%3Dfirefox-https-nocache-reload%26br%3Dfirefox%26rt%3Dreload&cc=no-store&sc=006&cs=firefox-https-nocache-reload&n=1 HTTP/1.1" status=200 sc=006 v=- cs=firefox-https-nocache-reload br=- rt=- inm="-" ims="-" ccreq="-"
2026-08-10T05:32:19+00:00 "GET /006/asset/app.css?v=nocache&sc=006&cs=firefox-https-nocache-reload&br=firefox&rt=reload HTTP/1.1" status=304 sc=006 v=nocache cs=firefox-https-nocache-reload br=firefox rt=reload inm="\x226a79595e-156\x22" ims="Mon, 10 Aug 2026 04:53:50 GMT" ccreq="-"
2026-08-10T05:32:21+00:00 "GET /006/page?asset=%2F006%2Fasset%2Fapp.css%3Fv%3Dplain%26sc%3D006%26cs%3Dwebkit-https-plain-nav%26br%3Dwebkit%26rt%3Dnav&cc=no-store&sc=006&cs=webkit-https-plain-nav&n=1 HTTP/1.1" status=200 sc=006 v=- cs=webkit-https-plain-nav br=- rt=- inm="-" ims="-" ccreq="-"
2026-08-10T05:32:21+00:00 "GET /006/asset/app.css?v=plain&sc=006&cs=webkit-https-plain-nav&br=webkit&rt=nav HTTP/1.1" status=200 sc=006 v=plain cs=webkit-https-plain-nav br=webkit rt=nav inm="-" ims="-" ccreq="-"
2026-08-10T05:32:22+00:00 "GET /006/page?asset=%2F006%2Fasset%2Fapp.css%3Fv%3Dplain%26sc%3D006%26cs%3Dwebkit-https-plain-nav%26br%3Dwebkit%26rt%3Dnav&cc=no-store&sc=006&cs=webkit-https-plain-nav&n=2 HTTP/1.1" status=200 sc=006 v=- cs=webkit-https-plain-nav br=- rt=- inm="-" ims="-" ccreq="-"
2026-08-10T05:32:23+00:00 "GET /006/page?asset=%2F006%2Fasset%2Fapp.css%3Fv%3Dnostore%26sc%3D006%26cs%3Dwebkit-https-nostore-nav%26br%3Dwebkit%26rt%3Dnav&cc=no-store&sc=006&cs=webkit-https-nostore-nav&n=1 HTTP/1.1" status=200 sc=006 v=- cs=webkit-https-nostore-nav br=- rt=- inm="-" ims="-" ccreq="-"
2026-08-10T05:32:23+00:00 "GET /006/asset/app.css?v=nostore&sc=006&cs=webkit-https-nostore-nav&br=webkit&rt=nav HTTP/1.1" status=200 sc=006 v=nostore cs=webkit-https-nostore-nav br=webkit rt=nav inm="-" ims="-" ccreq="-"
2026-08-10T05:32:24+00:00 "GET /006/page?asset=%2F006%2Fasset%2Fapp.css%3Fv%3Dnostore%26sc%3D006%26cs%3Dwebkit-https-nostore-nav%26br%3Dwebkit%26rt%3Dnav&cc=no-store&sc=006&cs=webkit-https-nostore-nav&n=2 HTTP/1.1" status=200 sc=006 v=- cs=webkit-https-nostore-nav br=- rt=- inm="-" ims="-" ccreq="-"
2026-08-10T05:32:24+00:00 "GET /006/asset/app.css?v=nostore&sc=006&cs=webkit-https-nostore-nav&br=webkit&rt=nav HTTP/1.1" status=200 sc=006 v=nostore cs=webkit-https-nostore-nav br=webkit rt=nav inm="-" ims="-" ccreq="-"
2026-08-10T05:32:26+00:00 "GET /006/page?asset=%2F006%2Fasset%2Fapp.css%3Fv%3Dnocache%26sc%3D006%26cs%3Dwebkit-https-nocache-nav%26br%3Dwebkit%26rt%3Dnav&cc=no-store&sc=006&cs=webkit-https-nocache-nav&n=1 HTTP/1.1" status=200 sc=006 v=- cs=webkit-https-nocache-nav br=- rt=- inm="-" ims="-" ccreq="-"
2026-08-10T05:32:26+00:00 "GET /006/asset/app.css?v=nocache&sc=006&cs=webkit-https-nocache-nav&br=webkit&rt=nav HTTP/1.1" status=200 sc=006 v=nocache cs=webkit-https-nocache-nav br=webkit rt=nav inm="-" ims="-" ccreq="-"
2026-08-10T05:32:26+00:00 "GET /006/page?asset=%2F006%2Fasset%2Fapp.css%3Fv%3Dnocache%26sc%3D006%26cs%3Dwebkit-https-nocache-nav%26br%3Dwebkit%26rt%3Dnav&cc=no-store&sc=006&cs=webkit-https-nocache-nav&n=2 HTTP/1.1" status=200 sc=006 v=- cs=webkit-https-nocache-nav br=- rt=- inm="-" ims="-" ccreq="-"
2026-08-10T05:32:26+00:00 "GET /006/asset/app.css?v=nocache&sc=006&cs=webkit-https-nocache-nav&br=webkit&rt=nav HTTP/1.1" status=304 sc=006 v=nocache cs=webkit-https-nocache-nav br=webkit rt=nav inm="\x226a79595e-156\x22" ims="Mon, 10 Aug 2026 04:53:50 GMT" ccreq="-"
2026-08-10T05:32:28+00:00 "GET /006/page?asset=%2F006%2Fasset%2Fapp.css%3Fv%3Dplain%26sc%3D006%26cs%3Dwebkit-https-plain-nav%26br%3Dwebkit%26rt%3Dnav&cc=no-store&sc=006&cs=webkit-https-plain-nav&n=1 HTTP/1.1" status=200 sc=006 v=- cs=webkit-https-plain-nav br=- rt=- inm="-" ims="-" ccreq="-"
2026-08-10T05:32:28+00:00 "GET /006/asset/app.css?v=plain&sc=006&cs=webkit-https-plain-nav&br=webkit&rt=nav HTTP/1.1" status=200 sc=006 v=plain cs=webkit-https-plain-nav br=webkit rt=nav inm="-" ims="-" ccreq="-"
2026-08-10T05:32:28+00:00 "GET /006/page?asset=%2F006%2Fasset%2Fapp.css%3Fv%3Dplain%26sc%3D006%26cs%3Dwebkit-https-plain-nav%26br%3Dwebkit%26rt%3Dnav&cc=no-store&sc=006&cs=webkit-https-plain-nav&n=2 HTTP/1.1" status=200 sc=006 v=- cs=webkit-https-plain-nav br=- rt=- inm="-" ims="-" ccreq="-"
2026-08-10T05:32:30+00:00 "GET /006/page?asset=%2F006%2Fasset%2Fapp.css%3Fv%3Dplain%26sc%3D006%26cs%3Dwebkit-https-plain-reload%26br%3Dwebkit%26rt%3Dreload&cc=no-store&sc=006&cs=webkit-https-plain-reload&n=1 HTTP/1.1" status=200 sc=006 v=- cs=webkit-https-plain-reload br=- rt=- inm="-" ims="-" ccreq="-"
2026-08-10T05:32:30+00:00 "GET /006/asset/app.css?v=plain&sc=006&cs=webkit-https-plain-reload&br=webkit&rt=reload HTTP/1.1" status=200 sc=006 v=plain cs=webkit-https-plain-reload br=webkit rt=reload inm="-" ims="-" ccreq="-"
2026-08-10T05:32:31+00:00 "GET /006/page?asset=%2F006%2Fasset%2Fapp.css%3Fv%3Dplain%26sc%3D006%26cs%3Dwebkit-https-plain-reload%26br%3Dwebkit%26rt%3Dreload&cc=no-store&sc=006&cs=webkit-https-plain-reload&n=1 HTTP/1.1" status=200 sc=006 v=- cs=webkit-https-plain-reload br=- rt=- inm="-" ims="-" ccreq="-"
2026-08-10T05:32:32+00:00 "GET /006/page?asset=%2F006%2Fasset%2Fapp.css%3Fv%3Dmustrev%26sc%3D006%26cs%3Dwebkit-https-mustrev-nav%26br%3Dwebkit%26rt%3Dnav&cc=no-store&sc=006&cs=webkit-https-mustrev-nav&n=1 HTTP/1.1" status=200 sc=006 v=- cs=webkit-https-mustrev-nav br=- rt=- inm="-" ims="-" ccreq="-"
2026-08-10T05:32:32+00:00 "GET /006/asset/app.css?v=mustrev&sc=006&cs=webkit-https-mustrev-nav&br=webkit&rt=nav HTTP/1.1" status=200 sc=006 v=mustrev cs=webkit-https-mustrev-nav br=webkit rt=nav inm="-" ims="-" ccreq="-"
2026-08-10T05:32:33+00:00 "GET /006/page?asset=%2F006%2Fasset%2Fapp.css%3Fv%3Dmustrev%26sc%3D006%26cs%3Dwebkit-https-mustrev-nav%26br%3Dwebkit%26rt%3Dnav&cc=no-store&sc=006&cs=webkit-https-mustrev-nav&n=2 HTTP/1.1" status=200 sc=006 v=- cs=webkit-https-mustrev-nav br=- rt=- inm="-" ims="-" ccreq="-"
2026-08-10T05:32:34+00:00 "GET /006/page?asset=%2F006%2Fasset%2Fapp.css%3Fv%3Dmustrev%26sc%3D006%26cs%3Dwebkit-https-mustrev-reload%26br%3Dwebkit%26rt%3Dreload&cc=no-store&sc=006&cs=webkit-https-mustrev-reload&n=1 HTTP/1.1" status=200 sc=006 v=- cs=webkit-https-mustrev-reload br=- rt=- inm="-" ims="-" ccreq="-"
2026-08-10T05:32:34+00:00 "GET /006/asset/app.css?v=mustrev&sc=006&cs=webkit-https-mustrev-reload&br=webkit&rt=reload HTTP/1.1" status=200 sc=006 v=mustrev cs=webkit-https-mustrev-reload br=webkit rt=reload inm="-" ims="-" ccreq="-"
2026-08-10T05:32:35+00:00 "GET /006/page?asset=%2F006%2Fasset%2Fapp.css%3Fv%3Dmustrev%26sc%3D006%26cs%3Dwebkit-https-mustrev-reload%26br%3Dwebkit%26rt%3Dreload&cc=no-store&sc=006&cs=webkit-https-mustrev-reload&n=1 HTTP/1.1" status=200 sc=006 v=- cs=webkit-https-mustrev-reload br=- rt=- inm="-" ims="-" ccreq="-"
2026-08-10T05:32:36+00:00 "GET /006/page?asset=%2F006%2Fasset%2Fapp.css%3Fv%3Dnocache%26sc%3D006%26cs%3Dwebkit-https-nocache-nav%26br%3Dwebkit%26rt%3Dnav&cc=no-store&sc=006&cs=webkit-https-nocache-nav&n=1 HTTP/1.1" status=200 sc=006 v=- cs=webkit-https-nocache-nav br=- rt=- inm="-" ims="-" ccreq="-"
2026-08-10T05:32:36+00:00 "GET /006/asset/app.css?v=nocache&sc=006&cs=webkit-https-nocache-nav&br=webkit&rt=nav HTTP/1.1" status=200 sc=006 v=nocache cs=webkit-https-nocache-nav br=webkit rt=nav inm="-" ims="-" ccreq="-"
2026-08-10T05:32:37+00:00 "GET /006/page?asset=%2F006%2Fasset%2Fapp.css%3Fv%3Dnocache%26sc%3D006%26cs%3Dwebkit-https-nocache-nav%26br%3Dwebkit%26rt%3Dnav&cc=no-store&sc=006&cs=webkit-https-nocache-nav&n=2 HTTP/1.1" status=200 sc=006 v=- cs=webkit-https-nocache-nav br=- rt=- inm="-" ims="-" ccreq="-"
2026-08-10T05:32:37+00:00 "GET /006/asset/app.css?v=nocache&sc=006&cs=webkit-https-nocache-nav&br=webkit&rt=nav HTTP/1.1" status=304 sc=006 v=nocache cs=webkit-https-nocache-nav br=webkit rt=nav inm="\x226a79595e-156\x22" ims="Mon, 10 Aug 2026 04:53:50 GMT" ccreq="-"
2026-08-10T05:32:39+00:00 "GET /006/page?asset=%2F006%2Fasset%2Fapp.css%3Fv%3Dnocache%26sc%3D006%26cs%3Dwebkit-https-nocache-reload%26br%3Dwebkit%26rt%3Dreload&cc=no-store&sc=006&cs=webkit-https-nocache-reload&n=1 HTTP/1.1" status=200 sc=006 v=- cs=webkit-https-nocache-reload br=- rt=- inm="-" ims="-" ccreq="-"
2026-08-10T05:32:39+00:00 "GET /006/asset/app.css?v=nocache&sc=006&cs=webkit-https-nocache-reload&br=webkit&rt=reload HTTP/1.1" status=200 sc=006 v=nocache cs=webkit-https-nocache-reload br=webkit rt=reload inm="-" ims="-" ccreq="-"
2026-08-10T05:32:39+00:00 "GET /006/page?asset=%2F006%2Fasset%2Fapp.css%3Fv%3Dnocache%26sc%3D006%26cs%3Dwebkit-https-nocache-reload%26br%3Dwebkit%26rt%3Dreload&cc=no-store&sc=006&cs=webkit-https-nocache-reload&n=1 HTTP/1.1" status=200 sc=006 v=- cs=webkit-https-nocache-reload br=- rt=- inm="-" ims="-" ccreq="-"
2026-08-10T05:32:39+00:00 "GET /006/asset/app.css?v=nocache&sc=006&cs=webkit-https-nocache-reload&br=webkit&rt=reload HTTP/1.1" status=304 sc=006 v=nocache cs=webkit-https-nocache-reload br=webkit rt=reload inm="\x226a79595e-156\x22" ims="Mon, 10 Aug 2026 04:53:50 GMT" ccreq="-"
2026-08-10T05:33:24+00:00 "GET /006/page?asset=%2F006%2Fgen%2Fapp.css%3Fv%3Dplain%26sc%3D006%26cs%3Dstale-chromium&cc=no-store&sc=006&cs=stale-chromium&n=1 HTTP/1.1" status=200 sc=006 v=- cs=stale-chromium br=- rt=- inm="-" ims="-" ccreq="-"
2026-08-10T05:33:24+00:00 "GET /006/gen/app.css?v=plain&sc=006&cs=stale-chromium HTTP/1.1" status=200 sc=006 v=plain cs=stale-chromium br=- rt=- inm="-" ims="-" ccreq="-"
2026-08-10T05:33:25+00:00 "GET /006/page?asset=%2F006%2Fgen%2Fapp.css%3Fv%3Dplain%26sc%3D006%26cs%3Dstale-chromium&cc=no-store&sc=006&cs=stale-chromium&n=2 HTTP/1.1" status=200 sc=006 v=- cs=stale-chromium br=- rt=- inm="-" ims="-" ccreq="-"
2026-08-10T05:33:26+00:00 "GET /006/page?asset=%2F006%2Fgen%2Fapp.css%3Fv%3Dplain%26sc%3D006%26cs%3Dstale-chromium%26rev%3D2&cc=no-store&sc=006&cs=stale-chromium&n=3 HTTP/1.1" status=200 sc=006 v=- cs=stale-chromium br=- rt=- inm="-" ims="-" ccreq="-"
2026-08-10T05:33:26+00:00 "GET /006/gen/app.css?v=plain&sc=006&cs=stale-chromium&rev=2 HTTP/1.1" status=200 sc=006 v=plain cs=stale-chromium br=- rt=- inm="-" ims="-" ccreq="-"
2026-08-10T05:33:28+00:00 "GET /006/page?asset=%2F006%2Fgen%2Fapp.css%3Fv%3Dplain%26sc%3D006%26cs%3Dstale-firefox&cc=no-store&sc=006&cs=stale-firefox&n=1 HTTP/1.1" status=200 sc=006 v=- cs=stale-firefox br=- rt=- inm="-" ims="-" ccreq="-"
2026-08-10T05:33:28+00:00 "GET /006/gen/app.css?v=plain&sc=006&cs=stale-firefox HTTP/1.1" status=200 sc=006 v=plain cs=stale-firefox br=- rt=- inm="-" ims="-" ccreq="-"
2026-08-10T05:33:29+00:00 "GET /006/page?asset=%2F006%2Fgen%2Fapp.css%3Fv%3Dplain%26sc%3D006%26cs%3Dstale-firefox&cc=no-store&sc=006&cs=stale-firefox&n=2 HTTP/1.1" status=200 sc=006 v=- cs=stale-firefox br=- rt=- inm="-" ims="-" ccreq="-"
2026-08-10T05:33:30+00:00 "GET /006/page?asset=%2F006%2Fgen%2Fapp.css%3Fv%3Dplain%26sc%3D006%26cs%3Dstale-firefox%26rev%3D2&cc=no-store&sc=006&cs=stale-firefox&n=3 HTTP/1.1" status=200 sc=006 v=- cs=stale-firefox br=- rt=- inm="-" ims="-" ccreq="-"
2026-08-10T05:33:30+00:00 "GET /006/gen/app.css?v=plain&sc=006&cs=stale-firefox&rev=2 HTTP/1.1" status=200 sc=006 v=plain cs=stale-firefox br=- rt=- inm="-" ims="-" ccreq="-"
2026-08-10T05:33:31+00:00 "GET /006/page?asset=%2F006%2Fgen%2Fapp.css%3Fv%3Dplain%26sc%3D006%26cs%3Dstale-webkit&cc=no-store&sc=006&cs=stale-webkit&n=1 HTTP/1.1" status=200 sc=006 v=- cs=stale-webkit br=- rt=- inm="-" ims="-" ccreq="-"
2026-08-10T05:33:31+00:00 "GET /006/gen/app.css?v=plain&sc=006&cs=stale-webkit HTTP/1.1" status=200 sc=006 v=plain cs=stale-webkit br=- rt=- inm="-" ims="-" ccreq="-"
2026-08-10T05:33:32+00:00 "GET /006/page?asset=%2F006%2Fgen%2Fapp.css%3Fv%3Dplain%26sc%3D006%26cs%3Dstale-webkit&cc=no-store&sc=006&cs=stale-webkit&n=2 HTTP/1.1" status=200 sc=006 v=- cs=stale-webkit br=- rt=- inm="-" ims="-" ccreq="-"
2026-08-10T05:33:33+00:00 "GET /006/page?asset=%2F006%2Fgen%2Fapp.css%3Fv%3Dplain%26sc%3D006%26cs%3Dstale-webkit%26rev%3D2&cc=no-store&sc=006&cs=stale-webkit&n=3 HTTP/1.1" status=200 sc=006 v=- cs=stale-webkit br=- rt=- inm="-" ims="-" ccreq="-"
2026-08-10T05:33:33+00:00 "GET /006/gen/app.css?v=plain&sc=006&cs=stale-webkit&rev=2 HTTP/1.1" status=200 sc=006 v=plain cs=stale-webkit br=- rt=- inm="-" ims="-" ccreq="-"
2026-08-10T05:33:54+00:00 "GET /006/page?asset=%2F006%2Fasset%2Fapp.css%3Fv%3Dplain%26sc%3D006%26cs%3Dbf-nostore&cc=no-store&sc=006&cs=bf-nostore&n=1 HTTP/1.1" status=200 sc=006 v=- cs=bf-nostore br=- rt=- inm="-" ims="-" ccreq="-"
2026-08-10T05:33:54+00:00 "GET /006/asset/app.css?v=plain&sc=006&cs=bf-nostore HTTP/1.1" status=200 sc=006 v=plain cs=bf-nostore br=- rt=- inm="-" ims="-" ccreq="-"
2026-08-10T05:34:03+00:00 "GET /006/page?asset=%2F006%2Fasset%2Fapp.css%3Fv%3Dplain%26sc%3D006%26cs%3Dbf-nostore&cc=no-store&sc=006&cs=bf-nostore&n=2 HTTP/1.1" status=200 sc=006 v=- cs=bf-nostore br=- rt=- inm="-" ims="-" ccreq="-"
2026-08-10T05:35:16+00:00 "GET /006/page?asset=%2F006%2Fgen%2Fapp.css%3Fv%3Dplain%26sc%3D006%26cs%3Dstale-chromium&cc=no-store&sc=006&cs=stale-chromium&n=1 HTTP/1.1" status=200 sc=006 v=- cs=stale-chromium br=- rt=- inm="-" ims="-" ccreq="-"
2026-08-10T05:35:16+00:00 "GET /006/gen/app.css?v=plain&sc=006&cs=stale-chromium HTTP/1.1" status=200 sc=006 v=plain cs=stale-chromium br=- rt=- inm="-" ims="-" ccreq="-"
2026-08-10T05:35:17+00:00 "GET /006/page?asset=%2F006%2Fgen%2Fapp.css%3Fv%3Dplain%26sc%3D006%26cs%3Dstale-chromium&cc=no-store&sc=006&cs=stale-chromium&n=2 HTTP/1.1" status=200 sc=006 v=- cs=stale-chromium br=- rt=- inm="-" ims="-" ccreq="-"
2026-08-10T05:35:18+00:00 "GET /006/page?asset=%2F006%2Fgen%2Fapp.css%3Fv%3Dplain%26sc%3D006%26cs%3Dstale-chromium%26rev%3D2&cc=no-store&sc=006&cs=stale-chromium&n=3 HTTP/1.1" status=200 sc=006 v=- cs=stale-chromium br=- rt=- inm="-" ims="-" ccreq="-"
2026-08-10T05:35:18+00:00 "GET /006/gen/app.css?v=plain&sc=006&cs=stale-chromium&rev=2 HTTP/1.1" status=200 sc=006 v=plain cs=stale-chromium br=- rt=- inm="-" ims="-" ccreq="-"
2026-08-10T05:35:20+00:00 "GET /006/page?asset=%2F006%2Fgen%2Fapp.css%3Fv%3Dplain%26sc%3D006%26cs%3Dstale-firefox&cc=no-store&sc=006&cs=stale-firefox&n=1 HTTP/1.1" status=200 sc=006 v=- cs=stale-firefox br=- rt=- inm="-" ims="-" ccreq="-"
2026-08-10T05:35:20+00:00 "GET /006/gen/app.css?v=plain&sc=006&cs=stale-firefox HTTP/1.1" status=200 sc=006 v=plain cs=stale-firefox br=- rt=- inm="-" ims="-" ccreq="-"
2026-08-10T05:35:21+00:00 "GET /006/page?asset=%2F006%2Fgen%2Fapp.css%3Fv%3Dplain%26sc%3D006%26cs%3Dstale-firefox&cc=no-store&sc=006&cs=stale-firefox&n=2 HTTP/1.1" status=200 sc=006 v=- cs=stale-firefox br=- rt=- inm="-" ims="-" ccreq="-"
2026-08-10T05:35:22+00:00 "GET /006/page?asset=%2F006%2Fgen%2Fapp.css%3Fv%3Dplain%26sc%3D006%26cs%3Dstale-firefox%26rev%3D2&cc=no-store&sc=006&cs=stale-firefox&n=3 HTTP/1.1" status=200 sc=006 v=- cs=stale-firefox br=- rt=- inm="-" ims="-" ccreq="-"
2026-08-10T05:35:22+00:00 "GET /006/gen/app.css?v=plain&sc=006&cs=stale-firefox&rev=2 HTTP/1.1" status=200 sc=006 v=plain cs=stale-firefox br=- rt=- inm="-" ims="-" ccreq="-"
2026-08-10T05:35:24+00:00 "GET /006/page?asset=%2F006%2Fgen%2Fapp.css%3Fv%3Dplain%26sc%3D006%26cs%3Dstale-webkit&cc=no-store&sc=006&cs=stale-webkit&n=1 HTTP/1.1" status=200 sc=006 v=- cs=stale-webkit br=- rt=- inm="-" ims="-" ccreq="-"
2026-08-10T05:35:24+00:00 "GET /006/gen/app.css?v=plain&sc=006&cs=stale-webkit HTTP/1.1" status=200 sc=006 v=plain cs=stale-webkit br=- rt=- inm="-" ims="-" ccreq="-"
2026-08-10T05:35:25+00:00 "GET /006/page?asset=%2F006%2Fgen%2Fapp.css%3Fv%3Dplain%26sc%3D006%26cs%3Dstale-webkit&cc=no-store&sc=006&cs=stale-webkit&n=2 HTTP/1.1" status=200 sc=006 v=- cs=stale-webkit br=- rt=- inm="-" ims="-" ccreq="-"
2026-08-10T05:35:26+00:00 "GET /006/page?asset=%2F006%2Fgen%2Fapp.css%3Fv%3Dplain%26sc%3D006%26cs%3Dstale-webkit%26rev%3D2&cc=no-store&sc=006&cs=stale-webkit&n=3 HTTP/1.1" status=200 sc=006 v=- cs=stale-webkit br=- rt=- inm="-" ims="-" ccreq="-"
2026-08-10T05:35:26+00:00 "GET /006/gen/app.css?v=plain&sc=006&cs=stale-webkit&rev=2 HTTP/1.1" status=200 sc=006 v=plain cs=stale-webkit br=- rt=- inm="-" ims="-" ccreq="-"
2026-08-10T05:35:57+00:00 "GET /006/page?asset=%2F006%2Fasset%2Fapp.css%3Fv%3Dplain%26sc%3D006%26cs%3Dchromium-http-plain-nav-persist%26br%3Dchromium%26rt%3Dnav&cc=no-store&sc=006&cs=chromium-http-plain-nav-persist&n=1 HTTP/1.1" status=200 sc=006 v=- cs=chromium-http-plain-nav-persist br=- rt=- inm="-" ims="-" ccreq="-"
2026-08-10T05:35:57+00:00 "GET /006/asset/app.css?v=plain&sc=006&cs=chromium-http-plain-nav-persist&br=chromium&rt=nav HTTP/1.1" status=200 sc=006 v=plain cs=chromium-http-plain-nav-persist br=chromium rt=nav inm="-" ims="-" ccreq="-"
2026-08-10T05:35:58+00:00 "GET /006/page?asset=%2F006%2Fasset%2Fapp.css%3Fv%3Dplain%26sc%3D006%26cs%3Dchromium-http-plain-nav-persist%26br%3Dchromium%26rt%3Dnav&cc=no-store&sc=006&cs=chromium-http-plain-nav-persist&n=2 HTTP/1.1" status=200 sc=006 v=- cs=chromium-http-plain-nav-persist br=- rt=- inm="-" ims="-" ccreq="-"
2026-08-10T05:35:59+00:00 "GET /006/page?asset=%2F006%2Fasset%2Fapp.css%3Fv%3Dnostore%26sc%3D006%26cs%3Dchromium-http-nostore-nav-persist%26br%3Dchromium%26rt%3Dnav&cc=no-store&sc=006&cs=chromium-http-nostore-nav-persist&n=1 HTTP/1.1" status=200 sc=006 v=- cs=chromium-http-nostore-nav-persist br=- rt=- inm="-" ims="-" ccreq="-"
2026-08-10T05:35:59+00:00 "GET /006/asset/app.css?v=nostore&sc=006&cs=chromium-http-nostore-nav-persist&br=chromium&rt=nav HTTP/1.1" status=200 sc=006 v=nostore cs=chromium-http-nostore-nav-persist br=chromium rt=nav inm="-" ims="-" ccreq="-"
2026-08-10T05:35:59+00:00 "GET /006/page?asset=%2F006%2Fasset%2Fapp.css%3Fv%3Dnostore%26sc%3D006%26cs%3Dchromium-http-nostore-nav-persist%26br%3Dchromium%26rt%3Dnav&cc=no-store&sc=006&cs=chromium-http-nostore-nav-persist&n=2 HTTP/1.1" status=200 sc=006 v=- cs=chromium-http-nostore-nav-persist br=- rt=- inm="-" ims="-" ccreq="-"
2026-08-10T05:35:59+00:00 "GET /006/asset/app.css?v=nostore&sc=006&cs=chromium-http-nostore-nav-persist&br=chromium&rt=nav HTTP/1.1" status=200 sc=006 v=nostore cs=chromium-http-nostore-nav-persist br=chromium rt=nav inm="-" ims="-" ccreq="-"
2026-08-10T05:36:01+00:00 "GET /006/page?asset=%2F006%2Fasset%2Fapp.css%3Fv%3Dnocache%26sc%3D006%26cs%3Dchromium-http-nocache-nav-persist%26br%3Dchromium%26rt%3Dnav&cc=no-store&sc=006&cs=chromium-http-nocache-nav-persist&n=1 HTTP/1.1" status=200 sc=006 v=- cs=chromium-http-nocache-nav-persist br=- rt=- inm="-" ims="-" ccreq="-"
2026-08-10T05:36:01+00:00 "GET /006/asset/app.css?v=nocache&sc=006&cs=chromium-http-nocache-nav-persist&br=chromium&rt=nav HTTP/1.1" status=200 sc=006 v=nocache cs=chromium-http-nocache-nav-persist br=chromium rt=nav inm="-" ims="-" ccreq="-"
2026-08-10T05:36:01+00:00 "GET /006/page?asset=%2F006%2Fasset%2Fapp.css%3Fv%3Dnocache%26sc%3D006%26cs%3Dchromium-http-nocache-nav-persist%26br%3Dchromium%26rt%3Dnav&cc=no-store&sc=006&cs=chromium-http-nocache-nav-persist&n=2 HTTP/1.1" status=200 sc=006 v=- cs=chromium-http-nocache-nav-persist br=- rt=- inm="-" ims="-" ccreq="-"
2026-08-10T05:36:01+00:00 "GET /006/asset/app.css?v=nocache&sc=006&cs=chromium-http-nocache-nav-persist&br=chromium&rt=nav HTTP/1.1" status=304 sc=006 v=nocache cs=chromium-http-nocache-nav-persist br=chromium rt=nav inm="\x226a79595e-156\x22" ims="Mon, 10 Aug 2026 04:53:50 GMT" ccreq="-"
2026-08-10T05:36:02+00:00 "GET /006/page?asset=%2F006%2Fasset%2Fapp.css%3Fv%3Dplain%26sc%3D006%26cs%3Dchromium-https-plain-nav-persist%26br%3Dchromium%26rt%3Dnav&cc=no-store&sc=006&cs=chromium-https-plain-nav-persist&n=1 HTTP/1.1" status=200 sc=006 v=- cs=chromium-https-plain-nav-persist br=- rt=- inm="-" ims="-" ccreq="-"
2026-08-10T05:36:02+00:00 "GET /006/asset/app.css?v=plain&sc=006&cs=chromium-https-plain-nav-persist&br=chromium&rt=nav HTTP/1.1" status=200 sc=006 v=plain cs=chromium-https-plain-nav-persist br=chromium rt=nav inm="-" ims="-" ccreq="-"
2026-08-10T05:36:03+00:00 "GET /006/page?asset=%2F006%2Fasset%2Fapp.css%3Fv%3Dplain%26sc%3D006%26cs%3Dchromium-https-plain-nav-persist%26br%3Dchromium%26rt%3Dnav&cc=no-store&sc=006&cs=chromium-https-plain-nav-persist&n=2 HTTP/1.1" status=200 sc=006 v=- cs=chromium-https-plain-nav-persist br=- rt=- inm="-" ims="-" ccreq="-"
2026-08-10T05:36:04+00:00 "GET /006/page?asset=%2F006%2Fasset%2Fapp.css%3Fv%3Dnostore%26sc%3D006%26cs%3Dchromium-https-nostore-nav-persist%26br%3Dchromium%26rt%3Dnav&cc=no-store&sc=006&cs=chromium-https-nostore-nav-persist&n=1 HTTP/1.1" status=200 sc=006 v=- cs=chromium-https-nostore-nav-persist br=- rt=- inm="-" ims="-" ccreq="-"
2026-08-10T05:36:04+00:00 "GET /006/asset/app.css?v=nostore&sc=006&cs=chromium-https-nostore-nav-persist&br=chromium&rt=nav HTTP/1.1" status=200 sc=006 v=nostore cs=chromium-https-nostore-nav-persist br=chromium rt=nav inm="-" ims="-" ccreq="-"
2026-08-10T05:36:05+00:00 "GET /006/page?asset=%2F006%2Fasset%2Fapp.css%3Fv%3Dnostore%26sc%3D006%26cs%3Dchromium-https-nostore-nav-persist%26br%3Dchromium%26rt%3Dnav&cc=no-store&sc=006&cs=chromium-https-nostore-nav-persist&n=2 HTTP/1.1" status=200 sc=006 v=- cs=chromium-https-nostore-nav-persist br=- rt=- inm="-" ims="-" ccreq="-"
2026-08-10T05:36:05+00:00 "GET /006/asset/app.css?v=nostore&sc=006&cs=chromium-https-nostore-nav-persist&br=chromium&rt=nav HTTP/1.1" status=200 sc=006 v=nostore cs=chromium-https-nostore-nav-persist br=chromium rt=nav inm="-" ims="-" ccreq="-"
2026-08-10T05:36:06+00:00 "GET /006/page?asset=%2F006%2Fasset%2Fapp.css%3Fv%3Dnocache%26sc%3D006%26cs%3Dchromium-https-nocache-nav-persist%26br%3Dchromium%26rt%3Dnav&cc=no-store&sc=006&cs=chromium-https-nocache-nav-persist&n=1 HTTP/1.1" status=200 sc=006 v=- cs=chromium-https-nocache-nav-persist br=- rt=- inm="-" ims="-" ccreq="-"
2026-08-10T05:36:06+00:00 "GET /006/asset/app.css?v=nocache&sc=006&cs=chromium-https-nocache-nav-persist&br=chromium&rt=nav HTTP/1.1" status=200 sc=006 v=nocache cs=chromium-https-nocache-nav-persist br=chromium rt=nav inm="-" ims="-" ccreq="-"
2026-08-10T05:36:07+00:00 "GET /006/page?asset=%2F006%2Fasset%2Fapp.css%3Fv%3Dnocache%26sc%3D006%26cs%3Dchromium-https-nocache-nav-persist%26br%3Dchromium%26rt%3Dnav&cc=no-store&sc=006&cs=chromium-https-nocache-nav-persist&n=2 HTTP/1.1" status=200 sc=006 v=- cs=chromium-https-nocache-nav-persist br=- rt=- inm="-" ims="-" ccreq="-"
2026-08-10T05:36:07+00:00 "GET /006/asset/app.css?v=nocache&sc=006&cs=chromium-https-nocache-nav-persist&br=chromium&rt=nav HTTP/1.1" status=304 sc=006 v=nocache cs=chromium-https-nocache-nav-persist br=chromium rt=nav inm="\x226a79595e-156\x22" ims="Mon, 10 Aug 2026 04:53:50 GMT" ccreq="-"
2026-08-10T05:36:08+00:00 "GET /006/page?asset=%2F006%2Fasset%2Fapp.css%3Fv%3Dplain%26sc%3D006%26cs%3Dchromium-http-plain-nav-persist%26br%3Dchromium%26rt%3Dnav&cc=no-store&sc=006&cs=chromium-http-plain-nav-persist&n=1 HTTP/1.1" status=200 sc=006 v=- cs=chromium-http-plain-nav-persist br=- rt=- inm="-" ims="-" ccreq="-"
2026-08-10T05:36:08+00:00 "GET /006/asset/app.css?v=plain&sc=006&cs=chromium-http-plain-nav-persist&br=chromium&rt=nav HTTP/1.1" status=200 sc=006 v=plain cs=chromium-http-plain-nav-persist br=chromium rt=nav inm="-" ims="-" ccreq="-"
2026-08-10T05:36:09+00:00 "GET /006/page?asset=%2F006%2Fasset%2Fapp.css%3Fv%3Dplain%26sc%3D006%26cs%3Dchromium-http-plain-nav-persist%26br%3Dchromium%26rt%3Dnav&cc=no-store&sc=006&cs=chromium-http-plain-nav-persist&n=2 HTTP/1.1" status=200 sc=006 v=- cs=chromium-http-plain-nav-persist br=- rt=- inm="-" ims="-" ccreq="-"
2026-08-10T05:36:10+00:00 "GET /006/page?asset=%2F006%2Fasset%2Fapp.css%3Fv%3Dplain%26sc%3D006%26cs%3Dchromium-http-plain-reload-persist%26br%3Dchromium%26rt%3Dreload&cc=no-store&sc=006&cs=chromium-http-plain-reload-persist&n=1 HTTP/1.1" status=200 sc=006 v=- cs=chromium-http-plain-reload-persist br=- rt=- inm="-" ims="-" ccreq="-"
2026-08-10T05:36:10+00:00 "GET /006/asset/app.css?v=plain&sc=006&cs=chromium-http-plain-reload-persist&br=chromium&rt=reload HTTP/1.1" status=200 sc=006 v=plain cs=chromium-http-plain-reload-persist br=chromium rt=reload inm="-" ims="-" ccreq="-"
2026-08-10T05:36:11+00:00 "GET /006/page?asset=%2F006%2Fasset%2Fapp.css%3Fv%3Dplain%26sc%3D006%26cs%3Dchromium-http-plain-reload-persist%26br%3Dchromium%26rt%3Dreload&cc=no-store&sc=006&cs=chromium-http-plain-reload-persist&n=1 HTTP/1.1" status=200 sc=006 v=- cs=chromium-http-plain-reload-persist br=- rt=- inm="-" ims="-" ccreq="max-age=0"
2026-08-10T05:36:12+00:00 "GET /006/page?asset=%2F006%2Fasset%2Fapp.css%3Fv%3Dimmutable%26sc%3D006%26cs%3Dchromium-http-immutable-nav-persist%26br%3Dchromium%26rt%3Dnav&cc=no-store&sc=006&cs=chromium-http-immutable-nav-persist&n=1 HTTP/1.1" status=200 sc=006 v=- cs=chromium-http-immutable-nav-persist br=- rt=- inm="-" ims="-" ccreq="-"
2026-08-10T05:36:12+00:00 "GET /006/asset/app.css?v=immutable&sc=006&cs=chromium-http-immutable-nav-persist&br=chromium&rt=nav HTTP/1.1" status=200 sc=006 v=immutable cs=chromium-http-immutable-nav-persist br=chromium rt=nav inm="-" ims="-" ccreq="-"
2026-08-10T05:36:12+00:00 "GET /006/page?asset=%2F006%2Fasset%2Fapp.css%3Fv%3Dimmutable%26sc%3D006%26cs%3Dchromium-http-immutable-nav-persist%26br%3Dchromium%26rt%3Dnav&cc=no-store&sc=006&cs=chromium-http-immutable-nav-persist&n=2 HTTP/1.1" status=200 sc=006 v=- cs=chromium-http-immutable-nav-persist br=- rt=- inm="-" ims="-" ccreq="-"
2026-08-10T05:36:14+00:00 "GET /006/page?asset=%2F006%2Fasset%2Fapp.css%3Fv%3Dimmutable%26sc%3D006%26cs%3Dchromium-http-immutable-reload-persist%26br%3Dchromium%26rt%3Dreload&cc=no-store&sc=006&cs=chromium-http-immutable-reload-persist&n=1 HTTP/1.1" status=200 sc=006 v=- cs=chromium-http-immutable-reload-persist br=- rt=- inm="-" ims="-" ccreq="-"
2026-08-10T05:36:14+00:00 "GET /006/asset/app.css?v=immutable&sc=006&cs=chromium-http-immutable-reload-persist&br=chromium&rt=reload HTTP/1.1" status=200 sc=006 v=immutable cs=chromium-http-immutable-reload-persist br=chromium rt=reload inm="-" ims="-" ccreq="-"
2026-08-10T05:36:14+00:00 "GET /006/page?asset=%2F006%2Fasset%2Fapp.css%3Fv%3Dimmutable%26sc%3D006%26cs%3Dchromium-http-immutable-reload-persist%26br%3Dchromium%26rt%3Dreload&cc=no-store&sc=006&cs=chromium-http-immutable-reload-persist&n=1 HTTP/1.1" status=200 sc=006 v=- cs=chromium-http-immutable-reload-persist br=- rt=- inm="-" ims="-" ccreq="max-age=0"
2026-08-10T05:36:15+00:00 "GET /006/page?asset=%2F006%2Fasset%2Fapp.css%3Fv%3Dplain%26sc%3D006%26cs%3Dchromium-https-plain-nav-persist%26br%3Dchromium%26rt%3Dnav&cc=no-store&sc=006&cs=chromium-https-plain-nav-persist&n=1 HTTP/1.1" status=200 sc=006 v=- cs=chromium-https-plain-nav-persist br=- rt=- inm="-" ims="-" ccreq="-"
2026-08-10T05:36:15+00:00 "GET /006/asset/app.css?v=plain&sc=006&cs=chromium-https-plain-nav-persist&br=chromium&rt=nav HTTP/1.1" status=200 sc=006 v=plain cs=chromium-https-plain-nav-persist br=chromium rt=nav inm="-" ims="-" ccreq="-"
2026-08-10T05:36:16+00:00 "GET /006/page?asset=%2F006%2Fasset%2Fapp.css%3Fv%3Dplain%26sc%3D006%26cs%3Dchromium-https-plain-nav-persist%26br%3Dchromium%26rt%3Dnav&cc=no-store&sc=006&cs=chromium-https-plain-nav-persist&n=2 HTTP/1.1" status=200 sc=006 v=- cs=chromium-https-plain-nav-persist br=- rt=- inm="-" ims="-" ccreq="-"
2026-08-10T05:36:17+00:00 "GET /006/page?asset=%2F006%2Fasset%2Fapp.css%3Fv%3Dplain%26sc%3D006%26cs%3Dchromium-https-plain-reload-persist%26br%3Dchromium%26rt%3Dreload&cc=no-store&sc=006&cs=chromium-https-plain-reload-persist&n=1 HTTP/1.1" status=200 sc=006 v=- cs=chromium-https-plain-reload-persist br=- rt=- inm="-" ims="-" ccreq="-"
2026-08-10T05:36:17+00:00 "GET /006/asset/app.css?v=plain&sc=006&cs=chromium-https-plain-reload-persist&br=chromium&rt=reload HTTP/1.1" status=200 sc=006 v=plain cs=chromium-https-plain-reload-persist br=chromium rt=reload inm="-" ims="-" ccreq="-"
2026-08-10T05:36:18+00:00 "GET /006/page?asset=%2F006%2Fasset%2Fapp.css%3Fv%3Dplain%26sc%3D006%26cs%3Dchromium-https-plain-reload-persist%26br%3Dchromium%26rt%3Dreload&cc=no-store&sc=006&cs=chromium-https-plain-reload-persist&n=1 HTTP/1.1" status=200 sc=006 v=- cs=chromium-https-plain-reload-persist br=- rt=- inm="-" ims="-" ccreq="max-age=0"
2026-08-10T05:36:19+00:00 "GET /006/page?asset=%2F006%2Fasset%2Fapp.css%3Fv%3Dimmutable%26sc%3D006%26cs%3Dchromium-https-immutable-nav-persist%26br%3Dchromium%26rt%3Dnav&cc=no-store&sc=006&cs=chromium-https-immutable-nav-persist&n=1 HTTP/1.1" status=200 sc=006 v=- cs=chromium-https-immutable-nav-persist br=- rt=- inm="-" ims="-" ccreq="-"
2026-08-10T05:36:19+00:00 "GET /006/asset/app.css?v=immutable&sc=006&cs=chromium-https-immutable-nav-persist&br=chromium&rt=nav HTTP/1.1" status=200 sc=006 v=immutable cs=chromium-https-immutable-nav-persist br=chromium rt=nav inm="-" ims="-" ccreq="-"
2026-08-10T05:36:20+00:00 "GET /006/page?asset=%2F006%2Fasset%2Fapp.css%3Fv%3Dimmutable%26sc%3D006%26cs%3Dchromium-https-immutable-nav-persist%26br%3Dchromium%26rt%3Dnav&cc=no-store&sc=006&cs=chromium-https-immutable-nav-persist&n=2 HTTP/1.1" status=200 sc=006 v=- cs=chromium-https-immutable-nav-persist br=- rt=- inm="-" ims="-" ccreq="-"
2026-08-10T05:36:21+00:00 "GET /006/page?asset=%2F006%2Fasset%2Fapp.css%3Fv%3Dimmutable%26sc%3D006%26cs%3Dchromium-https-immutable-reload-persist%26br%3Dchromium%26rt%3Dreload&cc=no-store&sc=006&cs=chromium-https-immutable-reload-persist&n=1 HTTP/1.1" status=200 sc=006 v=- cs=chromium-https-immutable-reload-persist br=- rt=- inm="-" ims="-" ccreq="-"
2026-08-10T05:36:21+00:00 "GET /006/asset/app.css?v=immutable&sc=006&cs=chromium-https-immutable-reload-persist&br=chromium&rt=reload HTTP/1.1" status=200 sc=006 v=immutable cs=chromium-https-immutable-reload-persist br=chromium rt=reload inm="-" ims="-" ccreq="-"
2026-08-10T05:36:22+00:00 "GET /006/page?asset=%2F006%2Fasset%2Fapp.css%3Fv%3Dimmutable%26sc%3D006%26cs%3Dchromium-https-immutable-reload-persist%26br%3Dchromium%26rt%3Dreload&cc=no-store&sc=006&cs=chromium-https-immutable-reload-persist&n=1 HTTP/1.1" status=200 sc=006 v=- cs=chromium-https-immutable-reload-persist br=- rt=- inm="-" ims="-" ccreq="max-age=0"
2026-08-10T06:06:01+00:00 "GET /006/page?asset=%2F006%2Fasset%2Fapp.css%3Fv%3Dplain%26sc%3D006%26cs%3Dhr-firefox-plain-normal&cc=no-store&sc=006&cs=hr-firefox-plain-normal&n=1 HTTP/1.1" status=200 sc=006 v=- cs=hr-firefox-plain-normal br=- rt=- inm="-" ims="-" ccreq="-"
2026-08-10T06:06:01+00:00 "GET /006/asset/app.css?v=plain&sc=006&cs=hr-firefox-plain-normal HTTP/1.1" status=200 sc=006 v=plain cs=hr-firefox-plain-normal br=- rt=- inm="-" ims="-" ccreq="-"
2026-08-10T06:06:05+00:00 "GET /006/page?asset=%2F006%2Fasset%2Fapp.css%3Fv%3Dplain%26sc%3D006%26cs%3Dhr-firefox-plain-normal&cc=no-store&sc=006&cs=hr-firefox-plain-normal&n=1 HTTP/1.1" status=200 sc=006 v=- cs=hr-firefox-plain-normal br=- rt=- inm="-" ims="-" ccreq="-"
2026-08-10T06:06:09+00:00 "GET /006/page?asset=%2F006%2Fasset%2Fapp.css%3Fv%3Dplain%26sc%3D006%26cs%3Dhr-firefox-plain-hard&cc=no-store&sc=006&cs=hr-firefox-plain-hard&n=1 HTTP/1.1" status=200 sc=006 v=- cs=hr-firefox-plain-hard br=- rt=- inm="-" ims="-" ccreq="-"
2026-08-10T06:06:09+00:00 "GET /006/asset/app.css?v=plain&sc=006&cs=hr-firefox-plain-hard HTTP/1.1" status=200 sc=006 v=plain cs=hr-firefox-plain-hard br=- rt=- inm="-" ims="-" ccreq="-"
2026-08-10T06:06:12+00:00 "GET /006/page?asset=%2F006%2Fasset%2Fapp.css%3Fv%3Dplain%26sc%3D006%26cs%3Dhr-firefox-plain-hard&cc=no-store&sc=006&cs=hr-firefox-plain-hard&n=1 HTTP/1.1" status=200 sc=006 v=- cs=hr-firefox-plain-hard br=- rt=- inm="-" ims="-" ccreq="no-cache"
2026-08-10T06:06:12+00:00 "GET /006/asset/app.css?v=plain&sc=006&cs=hr-firefox-plain-hard HTTP/1.1" status=200 sc=006 v=plain cs=hr-firefox-plain-hard br=- rt=- inm="-" ims="-" ccreq="no-cache"
2026-08-10T06:06:16+00:00 "GET /006/page?asset=%2F006%2Fasset%2Fapp.css%3Fv%3Dimmutable%26sc%3D006%26cs%3Dhr-firefox-immutable-normal&cc=no-store&sc=006&cs=hr-firefox-immutable-normal&n=1 HTTP/1.1" status=200 sc=006 v=- cs=hr-firefox-immutable-normal br=- rt=- inm="-" ims="-" ccreq="-"
2026-08-10T06:06:16+00:00 "GET /006/asset/app.css?v=immutable&sc=006&cs=hr-firefox-immutable-normal HTTP/1.1" status=200 sc=006 v=immutable cs=hr-firefox-immutable-normal br=- rt=- inm="-" ims="-" ccreq="-"
2026-08-10T06:06:19+00:00 "GET /006/page?asset=%2F006%2Fasset%2Fapp.css%3Fv%3Dimmutable%26sc%3D006%26cs%3Dhr-firefox-immutable-normal&cc=no-store&sc=006&cs=hr-firefox-immutable-normal&n=1 HTTP/1.1" status=200 sc=006 v=- cs=hr-firefox-immutable-normal br=- rt=- inm="-" ims="-" ccreq="-"
2026-08-10T06:06:23+00:00 "GET /006/page?asset=%2F006%2Fasset%2Fapp.css%3Fv%3Dimmutable%26sc%3D006%26cs%3Dhr-firefox-immutable-hard&cc=no-store&sc=006&cs=hr-firefox-immutable-hard&n=1 HTTP/1.1" status=200 sc=006 v=- cs=hr-firefox-immutable-hard br=- rt=- inm="-" ims="-" ccreq="-"
2026-08-10T06:06:23+00:00 "GET /006/asset/app.css?v=immutable&sc=006&cs=hr-firefox-immutable-hard HTTP/1.1" status=200 sc=006 v=immutable cs=hr-firefox-immutable-hard br=- rt=- inm="-" ims="-" ccreq="-"
2026-08-10T06:06:26+00:00 "GET /006/page?asset=%2F006%2Fasset%2Fapp.css%3Fv%3Dimmutable%26sc%3D006%26cs%3Dhr-firefox-immutable-hard&cc=no-store&sc=006&cs=hr-firefox-immutable-hard&n=1 HTTP/1.1" status=200 sc=006 v=- cs=hr-firefox-immutable-hard br=- rt=- inm="-" ims="-" ccreq="no-cache"
2026-08-10T06:06:26+00:00 "GET /006/asset/app.css?v=immutable&sc=006&cs=hr-firefox-immutable-hard HTTP/1.1" status=200 sc=006 v=immutable cs=hr-firefox-immutable-hard br=- rt=- inm="-" ims="-" ccreq="no-cache"
2026-08-10T06:06:32+00:00 "GET /006/page?asset=%2F006%2Fasset%2Fapp.css%3Fv%3Dplain%26sc%3D006%26cs%3Dhr-chromium-plain-normal&cc=no-store&sc=006&cs=hr-chromium-plain-normal&n=1 HTTP/1.1" status=200 sc=006 v=- cs=hr-chromium-plain-normal br=- rt=- inm="-" ims="-" ccreq="-"
2026-08-10T06:06:32+00:00 "GET /006/asset/app.css?v=plain&sc=006&cs=hr-chromium-plain-normal HTTP/1.1" status=200 sc=006 v=plain cs=hr-chromium-plain-normal br=- rt=- inm="-" ims="-" ccreq="-"
2026-08-10T06:06:35+00:00 "GET /006/page?asset=%2F006%2Fasset%2Fapp.css%3Fv%3Dplain%26sc%3D006%26cs%3Dhr-chromium-plain-normal&cc=no-store&sc=006&cs=hr-chromium-plain-normal&n=1 HTTP/1.1" status=200 sc=006 v=- cs=hr-chromium-plain-normal br=- rt=- inm="-" ims="-" ccreq="max-age=0"
2026-08-10T06:06:39+00:00 "GET /006/page?asset=%2F006%2Fasset%2Fapp.css%3Fv%3Dplain%26sc%3D006%26cs%3Dhr-chromium-plain-hard&cc=no-store&sc=006&cs=hr-chromium-plain-hard&n=1 HTTP/1.1" status=200 sc=006 v=- cs=hr-chromium-plain-hard br=- rt=- inm="-" ims="-" ccreq="-"
2026-08-10T06:06:39+00:00 "GET /006/asset/app.css?v=plain&sc=006&cs=hr-chromium-plain-hard HTTP/1.1" status=200 sc=006 v=plain cs=hr-chromium-plain-hard br=- rt=- inm="-" ims="-" ccreq="-"
2026-08-10T06:06:42+00:00 "GET /006/page?asset=%2F006%2Fasset%2Fapp.css%3Fv%3Dplain%26sc%3D006%26cs%3Dhr-chromium-plain-hard&cc=no-store&sc=006&cs=hr-chromium-plain-hard&n=1 HTTP/1.1" status=200 sc=006 v=- cs=hr-chromium-plain-hard br=- rt=- inm="-" ims="-" ccreq="no-cache"
2026-08-10T06:06:42+00:00 "GET /006/asset/app.css?v=plain&sc=006&cs=hr-chromium-plain-hard HTTP/1.1" status=200 sc=006 v=plain cs=hr-chromium-plain-hard br=- rt=- inm="-" ims="-" ccreq="no-cache"
2026-08-10T06:06:45+00:00 "GET /006/page?asset=%2F006%2Fasset%2Fapp.css%3Fv%3Dimmutable%26sc%3D006%26cs%3Dhr-chromium-immutable-normal&cc=no-store&sc=006&cs=hr-chromium-immutable-normal&n=1 HTTP/1.1" status=200 sc=006 v=- cs=hr-chromium-immutable-normal br=- rt=- inm="-" ims="-" ccreq="-"
2026-08-10T06:06:45+00:00 "GET /006/asset/app.css?v=immutable&sc=006&cs=hr-chromium-immutable-normal HTTP/1.1" status=200 sc=006 v=immutable cs=hr-chromium-immutable-normal br=- rt=- inm="-" ims="-" ccreq="-"
2026-08-10T06:06:48+00:00 "GET /006/page?asset=%2F006%2Fasset%2Fapp.css%3Fv%3Dimmutable%26sc%3D006%26cs%3Dhr-chromium-immutable-normal&cc=no-store&sc=006&cs=hr-chromium-immutable-normal&n=1 HTTP/1.1" status=200 sc=006 v=- cs=hr-chromium-immutable-normal br=- rt=- inm="-" ims="-" ccreq="max-age=0"
2026-08-10T06:06:52+00:00 "GET /006/page?asset=%2F006%2Fasset%2Fapp.css%3Fv%3Dimmutable%26sc%3D006%26cs%3Dhr-chromium-immutable-hard&cc=no-store&sc=006&cs=hr-chromium-immutable-hard&n=1 HTTP/1.1" status=200 sc=006 v=- cs=hr-chromium-immutable-hard br=- rt=- inm="-" ims="-" ccreq="-"
2026-08-10T06:06:52+00:00 "GET /006/asset/app.css?v=immutable&sc=006&cs=hr-chromium-immutable-hard HTTP/1.1" status=200 sc=006 v=immutable cs=hr-chromium-immutable-hard br=- rt=- inm="-" ims="-" ccreq="-"
2026-08-10T06:06:55+00:00 "GET /006/page?asset=%2F006%2Fasset%2Fapp.css%3Fv%3Dimmutable%26sc%3D006%26cs%3Dhr-chromium-immutable-hard&cc=no-store&sc=006&cs=hr-chromium-immutable-hard&n=1 HTTP/1.1" status=200 sc=006 v=- cs=hr-chromium-immutable-hard br=- rt=- inm="-" ims="-" ccreq="no-cache"
2026-08-10T06:06:55+00:00 "GET /006/asset/app.css?v=immutable&sc=006&cs=hr-chromium-immutable-hard HTTP/1.1" status=200 sc=006 v=immutable cs=hr-chromium-immutable-hard br=- rt=- inm="-" ims="-" ccreq="no-cache"
2026-08-10T08:13:40+00:00 "GET /006/page?asset=/006/asset/app.css&cc=no-store&n=1 HTTP/1.1" status=200 sc=- v=- cs=- br=- rt=- inm="-" ims="-" ccreq="-"
2026-08-10T08:13:40+00:00 "GET /006/page?asset=/006/asset/app.css&cc=no-store&n=1 HTTP/1.1" status=200 sc=- v=- cs=- br=- rt=- inm="-" ims="-" ccreq="-"
2026-08-10T08:15:56+00:00 "GET /006/page?asset=/006/asset/app.css&cc=no-store&n=re1 HTTP/1.1" status=200 sc=- v=- cs=- br=- rt=- inm="-" ims="-" ccreq="-"
2026-08-10T08:15:56+00:00 "GET /006/asset/app.css HTTP/1.1" status=200 sc=- v=- cs=- br=- rt=- inm="-" ims="-" ccreq="-"
2026-08-10T08:16:14+00:00 "GET /006/page?asset=/006/asset/app.css&cc=no-store&n=re1-away HTTP/1.1" status=200 sc=- v=- cs=- br=- rt=- inm="-" ims="-" ccreq="-"
2026-08-10T08:16:41+00:00 "GET /006/page?asset=/006/asset/app.css&cc=no-store&n=re2 HTTP/1.1" status=200 sc=- v=- cs=- br=- rt=- inm="-" ims="-" ccreq="-"
2026-08-10T08:16:41+00:00 "GET /006/asset/app.css HTTP/1.1" status=200 sc=- v=- cs=- br=- rt=- inm="-" ims="-" ccreq="-"
2026-08-10T08:16:53+00:00 "GET /006/page?asset=/006/asset/app.css&cc=no-store&n=re2-away HTTP/1.1" status=200 sc=- v=- cs=- br=- rt=- inm="-" ims="-" ccreq="-"
2026-08-10T08:17:09+00:00 "GET /006/page?asset=/006/asset/app.css&cc=no-cache&n=re3 HTTP/1.1" status=200 sc=- v=- cs=- br=- rt=- inm="-" ims="-" ccreq="-"
2026-08-10T08:17:15+00:00 "GET /006/page?asset=/006/asset/app.css&cc=no-cache&n=re3-away HTTP/1.1" status=200 sc=- v=- cs=- br=- rt=- inm="-" ims="-" ccreq="-"
2026-08-10T08:17:31+00:00 "GET /006/page?asset=/006/asset/app.css&cc=no-cache&n=re4 HTTP/1.1" status=200 sc=- v=- cs=- br=- rt=- inm="-" ims="-" ccreq="-"
2026-08-10T08:17:37+00:00 "GET /006/page?asset=/006/asset/app.css&cc=no-cache&n=re4-away HTTP/1.1" status=200 sc=- v=- cs=- br=- rt=- inm="-" ims="-" ccreq="-"
2026-08-10T08:18:03+00:00 "GET /006/page?asset=/006/asset/app.css&cc=no-store&n=re5 HTTP/1.1" status=200 sc=- v=- cs=- br=- rt=- inm="-" ims="-" ccreq="-"
2026-08-10T08:18:15+00:00 "GET /006/page?asset=/006/asset/app.css&cc=no-store&n=re5-away HTTP/1.1" status=200 sc=- v=- cs=- br=- rt=- inm="-" ims="-" ccreq="-"
2026-08-10T08:18:24+00:00 "GET /006/page?asset=/006/asset/app.css&cc=no-store&n=re5 HTTP/1.1" status=200 sc=- v=- cs=- br=- rt=- inm="-" ims="-" ccreq="-"
2026-08-10T09:44:01+00:00 "HEAD /006/asset/app.css?v=conflicted HTTP/1.1" status=200 sc=- v=conflicted cs=- br=- rt=- inm="-" ims="-" ccreq="-"
2026-08-10T09:44:01+00:00 "GET /006/asset/app.css?v=conflicted HTTP/1.1" status=200 sc=- v=conflicted cs=- br=- rt=- inm="-" ims="-" ccreq="-"
2026-08-10T09:44:01+00:00 "HEAD /006/exp/both.css HTTP/1.1" status=200 sc=- v=- cs=- br=- rt=- inm="-" ims="-" ccreq="-"
2026-08-10T09:44:01+00:00 "GET /006/exp/both.css HTTP/1.1" status=200 sc=- v=- cs=- br=- rt=- inm="-" ims="-" ccreq="-"
2026-08-10T09:44:24+00:00 "HEAD /006/exp/both.css HTTP/1.1" status=200 sc=- v=- cs=- br=- rt=- inm="-" ims="-" ccreq="-"
2026-08-10T09:44:24+00:00 "HEAD /006/asset/app.css?v=conflicted HTTP/1.1" status=200 sc=- v=conflicted cs=- br=- rt=- inm="-" ims="-" ccreq="-"
2026-08-10T09:44:53+00:00 "HEAD /006/exp/expires-only.css HTTP/1.1" status=200 sc=- v=- cs=- br=- rt=- inm="-" ims="-" ccreq="-"
2026-08-10T09:44:53+00:00 "HEAD /006/exp/max.css HTTP/1.1" status=200 sc=- v=- cs=- br=- rt=- inm="-" ims="-" ccreq="-"
2026-08-10T09:44:53+00:00 "HEAD /006/exp/minus.css HTTP/1.1" status=200 sc=- v=- cs=- br=- rt=- inm="-" ims="-" ccreq="-"
2026-08-10T09:44:53+00:00 "HEAD /006/exp/epoch.css HTTP/1.1" status=200 sc=- v=- cs=- br=- rt=- inm="-" ims="-" ccreq="-"
2026-08-10T09:44:53+00:00 "HEAD /006/exp/off.css HTTP/1.1" status=200 sc=- v=- cs=- br=- rt=- inm="-" ims="-" ccreq="-"
2026-08-10T09:45:07+00:00 "HEAD /006/exp/minus.css HTTP/1.1" status=200 sc=- v=- cs=- br=- rt=- inm="-" ims="-" ccreq="-"
2026-08-10T09:45:07+00:00 "HEAD /006/exp/expires-only.css HTTP/1.1" status=200 sc=- v=- cs=- br=- rt=- inm="-" ims="-" ccreq="-"
2026-08-10T09:45:07+00:00 "HEAD /006/exp/off.css HTTP/1.1" status=200 sc=- v=- cs=- br=- rt=- inm="-" ims="-" ccreq="-"
2026-08-10T09:46:07+00:00 "HEAD /006/exp/nest/child-own.css HTTP/1.1" status=200 sc=- v=- cs=- br=- rt=- inm="-" ims="-" ccreq="-"
2026-08-10T09:46:07+00:00 "HEAD /006/exp/nest/child-own.css HTTP/1.1" status=200 sc=- v=- cs=- br=- rt=- inm="-" ims="-" ccreq="-"
2026-08-10T09:46:07+00:00 "HEAD /006/exp/nest/child-none.css HTTP/1.1" status=200 sc=- v=- cs=- br=- rt=- inm="-" ims="-" ccreq="-"
2026-08-10T09:46:07+00:00 "HEAD /006/exp/nest/child-none.css HTTP/1.1" status=200 sc=- v=- cs=- br=- rt=- inm="-" ims="-" ccreq="-"
2026-08-10T09:46:07+00:00 "HEAD /006/etag/on.css HTTP/1.1" status=200 sc=- v=- cs=- br=- rt=- inm="-" ims="-" ccreq="-"
2026-08-10T09:46:07+00:00 "HEAD /006/etag/off.css HTTP/1.1" status=200 sc=- v=- cs=- br=- rt=- inm="-" ims="-" ccreq="-"
2026-08-10T09:46:25+00:00 "HEAD /006/etag/on.css HTTP/1.1" status=200 sc=- v=- cs=- br=- rt=- inm="-" ims="-" ccreq="-"
2026-08-10T09:46:25+00:00 "GET /006/etag/on.css HTTP/1.1" status=304 sc=- v=- cs=- br=- rt=- inm="\x226a79595e-156\x22" ims="-" ccreq="-"
2026-08-10T09:46:25+00:00 "GET /006/etag/off.css HTTP/1.1" status=200 sc=- v=- cs=- br=- rt=- inm="\x226a79595e-156\x22" ims="-" ccreq="-"
2026-08-10T09:46:33+00:00 "HEAD /006/shared/x-public-2404?cc=public HTTP/1.1" status=200 sc=- v=- cs=- br=- rt=- inm="-" ims="-" ccreq="-"
2026-08-10T09:46:33+00:00 "HEAD /006/shared/x-public-2404?cc=public HTTP/1.1" status=200 sc=- v=- cs=- br=- rt=- inm="-" ims="-" ccreq="-"
2026-08-10T09:46:33+00:00 "HEAD /006/shared/x-private-13727?cc=private HTTP/1.1" status=200 sc=- v=- cs=- br=- rt=- inm="-" ims="-" ccreq="-"
2026-08-10T09:46:33+00:00 "HEAD /006/shared/x-private-13727?cc=private HTTP/1.1" status=200 sc=- v=- cs=- br=- rt=- inm="-" ims="-" ccreq="-"
2026-08-10T09:46:33+00:00 "HEAD /006/shared/x-no-store-31045?cc=no-store HTTP/1.1" status=200 sc=- v=- cs=- br=- rt=- inm="-" ims="-" ccreq="-"
2026-08-10T09:46:33+00:00 "HEAD /006/shared/x-no-store-31045?cc=no-store HTTP/1.1" status=200 sc=- v=- cs=- br=- rt=- inm="-" ims="-" ccreq="-"
2026-08-10T09:46:33+00:00 "HEAD /006/shared/x-none-14695?cc=none HTTP/1.1" status=200 sc=- v=- cs=- br=- rt=- inm="-" ims="-" ccreq="-"
2026-08-10T09:46:33+00:00 "HEAD /006/shared/x-none-14695?cc=none HTTP/1.1" status=200 sc=- v=- cs=- br=- rt=- inm="-" ims="-" ccreq="-"
2026-08-10T09:46:45+00:00 "HEAD /006/asset/app.css?v=ns-max HTTP/1.1" status=200 sc=- v=ns-max cs=- br=- rt=- inm="-" ims="-" ccreq="-"
2026-08-10T09:46:45+00:00 "HEAD /006/asset/app.css?v=nc-max HTTP/1.1" status=200 sc=- v=nc-max cs=- br=- rt=- inm="-" ims="-" ccreq="-"
2026-08-10T09:46:45+00:00 "HEAD /006/asset/app.css?v=ns-nc HTTP/1.1" status=200 sc=- v=ns-nc cs=- br=- rt=- inm="-" ims="-" ccreq="-"
2026-08-10T09:46:45+00:00 "HEAD /006/asset/app.css?v=conflicted HTTP/1.1" status=200 sc=- v=conflicted cs=- br=- rt=- inm="-" ims="-" ccreq="-"
2026-08-10T09:46:45+00:00 "HEAD /006/asset/app.css?v=mustrev HTTP/1.1" status=200 sc=- v=mustrev cs=- br=- rt=- inm="-" ims="-" ccreq="-"
2026-08-10T09:46:45+00:00 "HEAD /006/asset/app.css HTTP/1.1" status=200 sc=- v=- cs=- br=- rt=- inm="-" ims="-" ccreq="-"
2026-08-10T09:46:45+00:00 "HEAD /006/asset/app.css?v=plain HTTP/1.1" status=200 sc=- v=plain cs=- br=- rt=- inm="-" ims="-" ccreq="-"
2026-08-10T09:46:45+00:00 "HEAD /006/asset/app.css?v=immutable HTTP/1.1" status=200 sc=- v=immutable cs=- br=- rt=- inm="-" ims="-" ccreq="-"
2026-08-10T09:46:45+00:00 "HEAD /006/asset/app.css?v=nocache HTTP/1.1" status=200 sc=- v=nocache cs=- br=- rt=- inm="-" ims="-" ccreq="-"
2026-08-10T09:46:45+00:00 "HEAD /006/asset/app.css?v=nostore HTTP/1.1" status=200 sc=- v=nostore cs=- br=- rt=- inm="-" ims="-" ccreq="-"
2026-08-10T09:47:25+00:00 "GET /006/asset/app.css?v=nocache HTTP/1.1" status=200 sc=- v=nocache cs=- br=- rt=- inm="-" ims="-" ccreq="-"
2026-08-10T09:47:25+00:00 "HEAD /006/asset/app.css?v=nocache HTTP/1.1" status=200 sc=- v=nocache cs=- br=- rt=- inm="-" ims="-" ccreq="-"
2026-08-10T09:47:25+00:00 "GET /006/asset/app.css?v=nocache HTTP/1.1" status=304 sc=- v=nocache cs=- br=- rt=- inm="\x226a79595e-156\x22" ims="-" ccreq="-"
2026-08-10T09:47:25+00:00 "GET /006/asset/app.css?v=nostore HTTP/1.1" status=200 sc=- v=nostore cs=- br=- rt=- inm="-" ims="-" ccreq="-"
2026-08-10T09:52:12+00:00 "GET /006/page?asset=http%3A%2F%2Flocalhost%3A8084%2F006%2Fasset%2Fapp.css%3Fv%3Dplain5%26sc%3Dprobe%26cs%3Dprobe-firefox-http-plain5-fetch-nocache%26br%3Dfirefox%26rt%3Dfetch-nocache&n=1 HTTP/1.1" status=400 sc=- v=- cs=- br=- rt=- inm="-" ims="-" ccreq="-"
2026-08-10T09:52:13+00:00 "GET /006/asset/app.css?v=plain5&sc=probe&cs=probe-firefox-http-plain5-fetch-nocache&br=firefox&rt=fetch-nocache HTTP/1.1" status=200 sc=probe v=plain5 cs=probe-firefox-http-plain5-fetch-nocache br=firefox rt=fetch-nocache inm="-" ims="-" ccreq="max-age=0"
2026-08-10T09:52:15+00:00 "GET /006/page?asset=http%3A%2F%2Flocalhost%3A8084%2F006%2Fasset%2Fapp.css%3Fv%3Dimmutable5%26sc%3Dprobe%26cs%3Dprobe-firefox-http-immutable5-fetch-nocache%26br%3Dfirefox%26rt%3Dfetch-nocache&n=1 HTTP/1.1" status=400 sc=- v=- cs=- br=- rt=- inm="-" ims="-" ccreq="-"
2026-08-10T09:52:16+00:00 "GET /006/asset/app.css?v=immutable5&sc=probe&cs=probe-firefox-http-immutable5-fetch-nocache&br=firefox&rt=fetch-nocache HTTP/1.1" status=200 sc=probe v=immutable5 cs=probe-firefox-http-immutable5-fetch-nocache br=firefox rt=fetch-nocache inm="-" ims="-" ccreq="max-age=0"
2026-08-10T09:52:18+00:00 "GET /006/page?asset=https%3A%2F%2Flocalhost%3A8444%2F006%2Fasset%2Fapp.css%3Fv%3Dplain5%26sc%3Dprobe%26cs%3Dprobe-firefox-https-plain5-fetch-nocache%26br%3Dfirefox%26rt%3Dfetch-nocache&n=1 HTTP/1.1" status=400 sc=- v=- cs=- br=- rt=- inm="-" ims="-" ccreq="-"
2026-08-10T09:52:19+00:00 "GET /006/asset/app.css?v=plain5&sc=probe&cs=probe-firefox-https-plain5-fetch-nocache&br=firefox&rt=fetch-nocache HTTP/1.1" status=200 sc=probe v=plain5 cs=probe-firefox-https-plain5-fetch-nocache br=firefox rt=fetch-nocache inm="-" ims="-" ccreq="max-age=0"
2026-08-10T09:52:21+00:00 "GET /006/page?asset=https%3A%2F%2Flocalhost%3A8444%2F006%2Fasset%2Fapp.css%3Fv%3Dimmutable5%26sc%3Dprobe%26cs%3Dprobe-firefox-https-immutable5-fetch-nocache%26br%3Dfirefox%26rt%3Dfetch-nocache&n=1 HTTP/1.1" status=400 sc=- v=- cs=- br=- rt=- inm="-" ims="-" ccreq="-"
2026-08-10T09:52:22+00:00 "GET /006/asset/app.css?v=immutable5&sc=probe&cs=probe-firefox-https-immutable5-fetch-nocache&br=firefox&rt=fetch-nocache HTTP/1.1" status=200 sc=probe v=immutable5 cs=probe-firefox-https-immutable5-fetch-nocache br=firefox rt=fetch-nocache inm="-" ims="-" ccreq="max-age=0"
2026-08-10T09:52:52+00:00 "GET /006/page?asset=%2F006%2Fasset%2Fapp.css%3Fv%3Dplain%26sc%3D006%26cs%3Dprobe2-firefox-http-plain-nav%26br%3Dfirefox%26rt%3Dnav&cc=no-store&sc=006&cs=probe2-firefox-http-plain-nav&n=1 HTTP/1.1" status=200 sc=006 v=- cs=probe2-firefox-http-plain-nav br=- rt=- inm="-" ims="-" ccreq="-"
2026-08-10T09:52:52+00:00 "GET /006/asset/app.css?v=plain&sc=006&cs=probe2-firefox-http-plain-nav&br=firefox&rt=nav HTTP/1.1" status=200 sc=006 v=plain cs=probe2-firefox-http-plain-nav br=firefox rt=nav inm="-" ims="-" ccreq="-"
2026-08-10T09:52:53+00:00 "GET /006/page?asset=%2F006%2Fasset%2Fapp.css%3Fv%3Dplain%26sc%3D006%26cs%3Dprobe2-firefox-http-plain-nav%26br%3Dfirefox%26rt%3Dnav&cc=no-store&sc=006&cs=probe2-firefox-http-plain-nav&n=2 HTTP/1.1" status=200 sc=006 v=- cs=probe2-firefox-http-plain-nav br=- rt=- inm="-" ims="-" ccreq="-"
2026-08-10T09:52:55+00:00 "GET /006/page?asset=%2F006%2Fasset%2Fapp.css%3Fv%3Dnostore%26sc%3D006%26cs%3Dprobe2-firefox-http-nostore-nav%26br%3Dfirefox%26rt%3Dnav&cc=no-store&sc=006&cs=probe2-firefox-http-nostore-nav&n=1 HTTP/1.1" status=200 sc=006 v=- cs=probe2-firefox-http-nostore-nav br=- rt=- inm="-" ims="-" ccreq="-"
2026-08-10T09:52:55+00:00 "GET /006/asset/app.css?v=nostore&sc=006&cs=probe2-firefox-http-nostore-nav&br=firefox&rt=nav HTTP/1.1" status=200 sc=006 v=nostore cs=probe2-firefox-http-nostore-nav br=firefox rt=nav inm="-" ims="-" ccreq="-"
2026-08-10T09:52:56+00:00 "GET /006/page?asset=%2F006%2Fasset%2Fapp.css%3Fv%3Dnostore%26sc%3D006%26cs%3Dprobe2-firefox-http-nostore-nav%26br%3Dfirefox%26rt%3Dnav&cc=no-store&sc=006&cs=probe2-firefox-http-nostore-nav&n=2 HTTP/1.1" status=200 sc=006 v=- cs=probe2-firefox-http-nostore-nav br=- rt=- inm="-" ims="-" ccreq="-"
2026-08-10T09:52:56+00:00 "GET /006/asset/app.css?v=nostore&sc=006&cs=probe2-firefox-http-nostore-nav&br=firefox&rt=nav HTTP/1.1" status=200 sc=006 v=nostore cs=probe2-firefox-http-nostore-nav br=firefox rt=nav inm="-" ims="-" ccreq="-"
2026-08-10T09:52:58+00:00 "GET /006/page?asset=%2F006%2Fasset%2Fapp.css%3Fv%3Dnocache%26sc%3D006%26cs%3Dprobe2-firefox-http-nocache-nav%26br%3Dfirefox%26rt%3Dnav&cc=no-store&sc=006&cs=probe2-firefox-http-nocache-nav&n=1 HTTP/1.1" status=200 sc=006 v=- cs=probe2-firefox-http-nocache-nav br=- rt=- inm="-" ims="-" ccreq="-"
2026-08-10T09:52:58+00:00 "GET /006/asset/app.css?v=nocache&sc=006&cs=probe2-firefox-http-nocache-nav&br=firefox&rt=nav HTTP/1.1" status=200 sc=006 v=nocache cs=probe2-firefox-http-nocache-nav br=firefox rt=nav inm="-" ims="-" ccreq="-"
2026-08-10T09:52:59+00:00 "GET /006/page?asset=%2F006%2Fasset%2Fapp.css%3Fv%3Dnocache%26sc%3D006%26cs%3Dprobe2-firefox-http-nocache-nav%26br%3Dfirefox%26rt%3Dnav&cc=no-store&sc=006&cs=probe2-firefox-http-nocache-nav&n=2 HTTP/1.1" status=200 sc=006 v=- cs=probe2-firefox-http-nocache-nav br=- rt=- inm="-" ims="-" ccreq="-"
2026-08-10T09:52:59+00:00 "GET /006/asset/app.css?v=nocache&sc=006&cs=probe2-firefox-http-nocache-nav&br=firefox&rt=nav HTTP/1.1" status=304 sc=006 v=nocache cs=probe2-firefox-http-nocache-nav br=firefox rt=nav inm="\x226a79595e-156\x22" ims="Mon, 10 Aug 2026 04:53:50 GMT" ccreq="-"
2026-08-10T09:53:01+00:00 "GET /006/page?asset=%2F006%2Fasset%2Fapp.css%3Fv%3Dplain5%26sc%3D006%26cs%3Dprobe2-firefox-http-plain5-fetch-nocache%26br%3Dfirefox%26rt%3Dfetch-nocache&cc=no-store&sc=006&cs=probe2-firefox-http-plain5-fetch-nocache&n=1 HTTP/1.1" status=200 sc=006 v=- cs=probe2-firefox-http-plain5-fetch-nocache br=- rt=- inm="-" ims="-" ccreq="-"
2026-08-10T09:53:01+00:00 "GET /006/asset/app.css?v=plain5&sc=006&cs=probe2-firefox-http-plain5-fetch-nocache&br=firefox&rt=fetch-nocache HTTP/1.1" status=200 sc=006 v=plain5 cs=probe2-firefox-http-plain5-fetch-nocache br=firefox rt=fetch-nocache inm="-" ims="-" ccreq="-"
2026-08-10T09:53:01+00:00 "GET /006/asset/app.css?v=plain5&sc=006&cs=probe2-firefox-http-plain5-fetch-nocache&br=firefox&rt=fetch-nocache HTTP/1.1" status=304 sc=006 v=plain5 cs=probe2-firefox-http-plain5-fetch-nocache br=firefox rt=fetch-nocache inm="\x226a79595e-156\x22" ims="Mon, 10 Aug 2026 04:53:50 GMT" ccreq="max-age=0"
2026-08-10T09:53:04+00:00 "GET /006/page?asset=%2F006%2Fasset%2Fapp.css%3Fv%3Dimmutable5%26sc%3D006%26cs%3Dprobe2-firefox-http-immutable5-fetch-nocache%26br%3Dfirefox%26rt%3Dfetch-nocache&cc=no-store&sc=006&cs=probe2-firefox-http-immutable5-fetch-nocache&n=1 HTTP/1.1" status=200 sc=006 v=- cs=probe2-firefox-http-immutable5-fetch-nocache br=- rt=- inm="-" ims="-" ccreq="-"
2026-08-10T09:53:04+00:00 "GET /006/asset/app.css?v=immutable5&sc=006&cs=probe2-firefox-http-immutable5-fetch-nocache&br=firefox&rt=fetch-nocache HTTP/1.1" status=200 sc=006 v=immutable5 cs=probe2-firefox-http-immutable5-fetch-nocache br=firefox rt=fetch-nocache inm="-" ims="-" ccreq="-"
2026-08-10T09:53:04+00:00 "GET /006/asset/app.css?v=immutable5&sc=006&cs=probe2-firefox-http-immutable5-fetch-nocache&br=firefox&rt=fetch-nocache HTTP/1.1" status=304 sc=006 v=immutable5 cs=probe2-firefox-http-immutable5-fetch-nocache br=firefox rt=fetch-nocache inm="\x226a79595e-156\x22" ims="Mon, 10 Aug 2026 04:53:50 GMT" ccreq="max-age=0"
2026-08-10T09:53:06+00:00 "GET /006/page?asset=%2F006%2Fasset%2Fapp.css%3Fv%3Dplain%26sc%3D006%26cs%3Dprobe2-firefox-https-plain-nav%26br%3Dfirefox%26rt%3Dnav&cc=no-store&sc=006&cs=probe2-firefox-https-plain-nav&n=1 HTTP/1.1" status=200 sc=006 v=- cs=probe2-firefox-https-plain-nav br=- rt=- inm="-" ims="-" ccreq="-"
2026-08-10T09:53:07+00:00 "GET /006/asset/app.css?v=plain&sc=006&cs=probe2-firefox-https-plain-nav&br=firefox&rt=nav HTTP/1.1" status=200 sc=006 v=plain cs=probe2-firefox-https-plain-nav br=firefox rt=nav inm="-" ims="-" ccreq="-"
2026-08-10T09:53:07+00:00 "GET /006/page?asset=%2F006%2Fasset%2Fapp.css%3Fv%3Dplain%26sc%3D006%26cs%3Dprobe2-firefox-https-plain-nav%26br%3Dfirefox%26rt%3Dnav&cc=no-store&sc=006&cs=probe2-firefox-https-plain-nav&n=2 HTTP/1.1" status=200 sc=006 v=- cs=probe2-firefox-https-plain-nav br=- rt=- inm="-" ims="-" ccreq="-"
2026-08-10T09:53:09+00:00 "GET /006/page?asset=%2F006%2Fasset%2Fapp.css%3Fv%3Dnostore%26sc%3D006%26cs%3Dprobe2-firefox-https-nostore-nav%26br%3Dfirefox%26rt%3Dnav&cc=no-store&sc=006&cs=probe2-firefox-https-nostore-nav&n=1 HTTP/1.1" status=200 sc=006 v=- cs=probe2-firefox-https-nostore-nav br=- rt=- inm="-" ims="-" ccreq="-"
2026-08-10T09:53:09+00:00 "GET /006/asset/app.css?v=nostore&sc=006&cs=probe2-firefox-https-nostore-nav&br=firefox&rt=nav HTTP/1.1" status=200 sc=006 v=nostore cs=probe2-firefox-https-nostore-nav br=firefox rt=nav inm="-" ims="-" ccreq="-"
2026-08-10T09:53:10+00:00 "GET /006/page?asset=%2F006%2Fasset%2Fapp.css%3Fv%3Dnostore%26sc%3D006%26cs%3Dprobe2-firefox-https-nostore-nav%26br%3Dfirefox%26rt%3Dnav&cc=no-store&sc=006&cs=probe2-firefox-https-nostore-nav&n=2 HTTP/1.1" status=200 sc=006 v=- cs=probe2-firefox-https-nostore-nav br=- rt=- inm="-" ims="-" ccreq="-"
2026-08-10T09:53:10+00:00 "GET /006/asset/app.css?v=nostore&sc=006&cs=probe2-firefox-https-nostore-nav&br=firefox&rt=nav HTTP/1.1" status=200 sc=006 v=nostore cs=probe2-firefox-https-nostore-nav br=firefox rt=nav inm="-" ims="-" ccreq="-"
2026-08-10T09:53:12+00:00 "GET /006/page?asset=%2F006%2Fasset%2Fapp.css%3Fv%3Dnocache%26sc%3D006%26cs%3Dprobe2-firefox-https-nocache-nav%26br%3Dfirefox%26rt%3Dnav&cc=no-store&sc=006&cs=probe2-firefox-https-nocache-nav&n=1 HTTP/1.1" status=200 sc=006 v=- cs=probe2-firefox-https-nocache-nav br=- rt=- inm="-" ims="-" ccreq="-"
2026-08-10T09:53:12+00:00 "GET /006/asset/app.css?v=nocache&sc=006&cs=probe2-firefox-https-nocache-nav&br=firefox&rt=nav HTTP/1.1" status=200 sc=006 v=nocache cs=probe2-firefox-https-nocache-nav br=firefox rt=nav inm="-" ims="-" ccreq="-"
2026-08-10T09:53:13+00:00 "GET /006/page?asset=%2F006%2Fasset%2Fapp.css%3Fv%3Dnocache%26sc%3D006%26cs%3Dprobe2-firefox-https-nocache-nav%26br%3Dfirefox%26rt%3Dnav&cc=no-store&sc=006&cs=probe2-firefox-https-nocache-nav&n=2 HTTP/1.1" status=200 sc=006 v=- cs=probe2-firefox-https-nocache-nav br=- rt=- inm="-" ims="-" ccreq="-"
2026-08-10T09:53:13+00:00 "GET /006/asset/app.css?v=nocache&sc=006&cs=probe2-firefox-https-nocache-nav&br=firefox&rt=nav HTTP/1.1" status=304 sc=006 v=nocache cs=probe2-firefox-https-nocache-nav br=firefox rt=nav inm="\x226a79595e-156\x22" ims="Mon, 10 Aug 2026 04:53:50 GMT" ccreq="-"
2026-08-10T09:53:15+00:00 "GET /006/page?asset=%2F006%2Fasset%2Fapp.css%3Fv%3Dplain5%26sc%3D006%26cs%3Dprobe2-firefox-https-plain5-fetch-nocache%26br%3Dfirefox%26rt%3Dfetch-nocache&cc=no-store&sc=006&cs=probe2-firefox-https-plain5-fetch-nocache&n=1 HTTP/1.1" status=200 sc=006 v=- cs=probe2-firefox-https-plain5-fetch-nocache br=- rt=- inm="-" ims="-" ccreq="-"
2026-08-10T09:53:15+00:00 "GET /006/asset/app.css?v=plain5&sc=006&cs=probe2-firefox-https-plain5-fetch-nocache&br=firefox&rt=fetch-nocache HTTP/1.1" status=200 sc=006 v=plain5 cs=probe2-firefox-https-plain5-fetch-nocache br=firefox rt=fetch-nocache inm="-" ims="-" ccreq="-"
2026-08-10T09:53:16+00:00 "GET /006/asset/app.css?v=plain5&sc=006&cs=probe2-firefox-https-plain5-fetch-nocache&br=firefox&rt=fetch-nocache HTTP/1.1" status=304 sc=006 v=plain5 cs=probe2-firefox-https-plain5-fetch-nocache br=firefox rt=fetch-nocache inm="\x226a79595e-156\x22" ims="Mon, 10 Aug 2026 04:53:50 GMT" ccreq="max-age=0"
2026-08-10T09:53:18+00:00 "GET /006/page?asset=%2F006%2Fasset%2Fapp.css%3Fv%3Dimmutable5%26sc%3D006%26cs%3Dprobe2-firefox-https-immutable5-fetch-nocache%26br%3Dfirefox%26rt%3Dfetch-nocache&cc=no-store&sc=006&cs=probe2-firefox-https-immutable5-fetch-nocache&n=1 HTTP/1.1" status=200 sc=006 v=- cs=probe2-firefox-https-immutable5-fetch-nocache br=- rt=- inm="-" ims="-" ccreq="-"
2026-08-10T09:53:18+00:00 "GET /006/asset/app.css?v=immutable5&sc=006&cs=probe2-firefox-https-immutable5-fetch-nocache&br=firefox&rt=fetch-nocache HTTP/1.1" status=200 sc=006 v=immutable5 cs=probe2-firefox-https-immutable5-fetch-nocache br=firefox rt=fetch-nocache inm="-" ims="-" ccreq="-"
2026-08-10T09:57:58+00:00 "GET /006/page?asset=%2F006%2Fasset%2Fapp.css%3Fv%3Dplain%26sc%3D006%26cs%3Dchromium-http-plain-nav%26br%3Dchromium%26rt%3Dnav&cc=no-store&sc=006&cs=chromium-http-plain-nav&n=1 HTTP/1.1" status=200 sc=006 v=- cs=chromium-http-plain-nav br=- rt=- inm="-" ims="-" ccreq="-"
2026-08-10T09:57:58+00:00 "GET /006/asset/app.css?v=plain&sc=006&cs=chromium-http-plain-nav&br=chromium&rt=nav HTTP/1.1" status=200 sc=006 v=plain cs=chromium-http-plain-nav br=chromium rt=nav inm="-" ims="-" ccreq="-"
2026-08-10T09:57:58+00:00 "GET /006/page?asset=%2F006%2Fasset%2Fapp.css%3Fv%3Dplain%26sc%3D006%26cs%3Dchromium-http-plain-nav%26br%3Dchromium%26rt%3Dnav&cc=no-store&sc=006&cs=chromium-http-plain-nav&n=2 HTTP/1.1" status=200 sc=006 v=- cs=chromium-http-plain-nav br=- rt=- inm="-" ims="-" ccreq="-"
2026-08-10T09:58:00+00:00 "GET /006/page?asset=%2F006%2Fasset%2Fapp.css%3Fv%3Dnostore%26sc%3D006%26cs%3Dchromium-http-nostore-nav%26br%3Dchromium%26rt%3Dnav&cc=no-store&sc=006&cs=chromium-http-nostore-nav&n=1 HTTP/1.1" status=200 sc=006 v=- cs=chromium-http-nostore-nav br=- rt=- inm="-" ims="-" ccreq="-"
2026-08-10T09:58:00+00:00 "GET /006/asset/app.css?v=nostore&sc=006&cs=chromium-http-nostore-nav&br=chromium&rt=nav HTTP/1.1" status=200 sc=006 v=nostore cs=chromium-http-nostore-nav br=chromium rt=nav inm="-" ims="-" ccreq="-"
2026-08-10T09:58:00+00:00 "GET /006/page?asset=%2F006%2Fasset%2Fapp.css%3Fv%3Dnostore%26sc%3D006%26cs%3Dchromium-http-nostore-nav%26br%3Dchromium%26rt%3Dnav&cc=no-store&sc=006&cs=chromium-http-nostore-nav&n=2 HTTP/1.1" status=200 sc=006 v=- cs=chromium-http-nostore-nav br=- rt=- inm="-" ims="-" ccreq="-"
2026-08-10T09:58:00+00:00 "GET /006/asset/app.css?v=nostore&sc=006&cs=chromium-http-nostore-nav&br=chromium&rt=nav HTTP/1.1" status=200 sc=006 v=nostore cs=chromium-http-nostore-nav br=chromium rt=nav inm="-" ims="-" ccreq="-"
2026-08-10T09:58:01+00:00 "GET /006/page?asset=%2F006%2Fasset%2Fapp.css%3Fv%3Dnocache%26sc%3D006%26cs%3Dchromium-http-nocache-nav%26br%3Dchromium%26rt%3Dnav&cc=no-store&sc=006&cs=chromium-http-nocache-nav&n=1 HTTP/1.1" status=200 sc=006 v=- cs=chromium-http-nocache-nav br=- rt=- inm="-" ims="-" ccreq="-"
2026-08-10T09:58:01+00:00 "GET /006/asset/app.css?v=nocache&sc=006&cs=chromium-http-nocache-nav&br=chromium&rt=nav HTTP/1.1" status=200 sc=006 v=nocache cs=chromium-http-nocache-nav br=chromium rt=nav inm="-" ims="-" ccreq="-"
2026-08-10T09:58:02+00:00 "GET /006/page?asset=%2F006%2Fasset%2Fapp.css%3Fv%3Dnocache%26sc%3D006%26cs%3Dchromium-http-nocache-nav%26br%3Dchromium%26rt%3Dnav&cc=no-store&sc=006&cs=chromium-http-nocache-nav&n=2 HTTP/1.1" status=200 sc=006 v=- cs=chromium-http-nocache-nav br=- rt=- inm="-" ims="-" ccreq="-"
2026-08-10T09:58:02+00:00 "GET /006/asset/app.css?v=nocache&sc=006&cs=chromium-http-nocache-nav&br=chromium&rt=nav HTTP/1.1" status=304 sc=006 v=nocache cs=chromium-http-nocache-nav br=chromium rt=nav inm="\x226a79595e-156\x22" ims="Mon, 10 Aug 2026 04:53:50 GMT" ccreq="-"
2026-08-10T09:58:03+00:00 "GET /006/page?asset=%2F006%2Fasset%2Fapp.css%3Fv%3Dplain%26sc%3D006%26cs%3Dchromium-https-plain-nav%26br%3Dchromium%26rt%3Dnav&cc=no-store&sc=006&cs=chromium-https-plain-nav&n=1 HTTP/1.1" status=200 sc=006 v=- cs=chromium-https-plain-nav br=- rt=- inm="-" ims="-" ccreq="-"
2026-08-10T09:58:03+00:00 "GET /006/asset/app.css?v=plain&sc=006&cs=chromium-https-plain-nav&br=chromium&rt=nav HTTP/1.1" status=200 sc=006 v=plain cs=chromium-https-plain-nav br=chromium rt=nav inm="-" ims="-" ccreq="-"
2026-08-10T09:58:04+00:00 "GET /006/page?asset=%2F006%2Fasset%2Fapp.css%3Fv%3Dplain%26sc%3D006%26cs%3Dchromium-https-plain-nav%26br%3Dchromium%26rt%3Dnav&cc=no-store&sc=006&cs=chromium-https-plain-nav&n=2 HTTP/1.1" status=200 sc=006 v=- cs=chromium-https-plain-nav br=- rt=- inm="-" ims="-" ccreq="-"
2026-08-10T09:58:05+00:00 "GET /006/page?asset=%2F006%2Fasset%2Fapp.css%3Fv%3Dnostore%26sc%3D006%26cs%3Dchromium-https-nostore-nav%26br%3Dchromium%26rt%3Dnav&cc=no-store&sc=006&cs=chromium-https-nostore-nav&n=1 HTTP/1.1" status=200 sc=006 v=- cs=chromium-https-nostore-nav br=- rt=- inm="-" ims="-" ccreq="-"
2026-08-10T09:58:05+00:00 "GET /006/asset/app.css?v=nostore&sc=006&cs=chromium-https-nostore-nav&br=chromium&rt=nav HTTP/1.1" status=200 sc=006 v=nostore cs=chromium-https-nostore-nav br=chromium rt=nav inm="-" ims="-" ccreq="-"
2026-08-10T09:58:06+00:00 "GET /006/page?asset=%2F006%2Fasset%2Fapp.css%3Fv%3Dnostore%26sc%3D006%26cs%3Dchromium-https-nostore-nav%26br%3Dchromium%26rt%3Dnav&cc=no-store&sc=006&cs=chromium-https-nostore-nav&n=2 HTTP/1.1" status=200 sc=006 v=- cs=chromium-https-nostore-nav br=- rt=- inm="-" ims="-" ccreq="-"
2026-08-10T09:58:06+00:00 "GET /006/asset/app.css?v=nostore&sc=006&cs=chromium-https-nostore-nav&br=chromium&rt=nav HTTP/1.1" status=200 sc=006 v=nostore cs=chromium-https-nostore-nav br=chromium rt=nav inm="-" ims="-" ccreq="-"
2026-08-10T09:58:07+00:00 "GET /006/page?asset=%2F006%2Fasset%2Fapp.css%3Fv%3Dnocache%26sc%3D006%26cs%3Dchromium-https-nocache-nav%26br%3Dchromium%26rt%3Dnav&cc=no-store&sc=006&cs=chromium-https-nocache-nav&n=1 HTTP/1.1" status=200 sc=006 v=- cs=chromium-https-nocache-nav br=- rt=- inm="-" ims="-" ccreq="-"
2026-08-10T09:58:07+00:00 "GET /006/asset/app.css?v=nocache&sc=006&cs=chromium-https-nocache-nav&br=chromium&rt=nav HTTP/1.1" status=200 sc=006 v=nocache cs=chromium-https-nocache-nav br=chromium rt=nav inm="-" ims="-" ccreq="-"
2026-08-10T09:58:08+00:00 "GET /006/page?asset=%2F006%2Fasset%2Fapp.css%3Fv%3Dnocache%26sc%3D006%26cs%3Dchromium-https-nocache-nav%26br%3Dchromium%26rt%3Dnav&cc=no-store&sc=006&cs=chromium-https-nocache-nav&n=2 HTTP/1.1" status=200 sc=006 v=- cs=chromium-https-nocache-nav br=- rt=- inm="-" ims="-" ccreq="-"
2026-08-10T09:58:08+00:00 "GET /006/asset/app.css?v=nocache&sc=006&cs=chromium-https-nocache-nav&br=chromium&rt=nav HTTP/1.1" status=304 sc=006 v=nocache cs=chromium-https-nocache-nav br=chromium rt=nav inm="\x226a79595e-156\x22" ims="Mon, 10 Aug 2026 04:53:50 GMT" ccreq="-"
2026-08-10T09:58:09+00:00 "GET /006/page?asset=%2F006%2Fasset%2Fapp.css%3Fv%3Dplain5%26sc%3D006%26cs%3Dchromium-http-plain5-stale%26br%3Dchromium%26rt%3Dstale&cc=no-store&sc=006&cs=chromium-http-plain5-stale&n=1 HTTP/1.1" status=200 sc=006 v=- cs=chromium-http-plain5-stale br=- rt=- inm="-" ims="-" ccreq="-"
2026-08-10T09:58:09+00:00 "GET /006/asset/app.css?v=plain5&sc=006&cs=chromium-http-plain5-stale&br=chromium&rt=stale HTTP/1.1" status=200 sc=006 v=plain5 cs=chromium-http-plain5-stale br=chromium rt=stale inm="-" ims="-" ccreq="-"
2026-08-10T09:58:16+00:00 "GET /006/page?asset=%2F006%2Fasset%2Fapp.css%3Fv%3Dplain5%26sc%3D006%26cs%3Dchromium-http-plain5-stale%26br%3Dchromium%26rt%3Dstale&cc=no-store&sc=006&cs=chromium-http-plain5-stale&n=2 HTTP/1.1" status=200 sc=006 v=- cs=chromium-http-plain5-stale br=- rt=- inm="-" ims="-" ccreq="-"
2026-08-10T09:58:16+00:00 "GET /006/asset/app.css?v=plain5&sc=006&cs=chromium-http-plain5-stale&br=chromium&rt=stale HTTP/1.1" status=304 sc=006 v=plain5 cs=chromium-http-plain5-stale br=chromium rt=stale inm="\x226a79595e-156\x22" ims="Mon, 10 Aug 2026 04:53:50 GMT" ccreq="-"
2026-08-10T09:58:17+00:00 "GET /006/page?asset=%2F006%2Fasset%2Fapp.css%3Fv%3Dplain5%26sc%3D006%26cs%3Dchromium-http-plain5-restart%26br%3Dchromium%26rt%3Drestart&cc=no-store&sc=006&cs=chromium-http-plain5-restart&n=1 HTTP/1.1" status=200 sc=006 v=- cs=chromium-http-plain5-restart br=- rt=- inm="-" ims="-" ccreq="-"
2026-08-10T09:58:17+00:00 "GET /006/asset/app.css?v=plain5&sc=006&cs=chromium-http-plain5-restart&br=chromium&rt=restart HTTP/1.1" status=200 sc=006 v=plain5 cs=chromium-http-plain5-restart br=chromium rt=restart inm="-" ims="-" ccreq="-"
2026-08-10T09:58:18+00:00 "GET /006/page?asset=%2F006%2Fasset%2Fapp.css%3Fv%3Dplain5%26sc%3D006%26cs%3Dchromium-http-plain5-restart%26br%3Dchromium%26rt%3Drestart&cc=no-store&sc=006&cs=chromium-http-plain5-restart&n=2 HTTP/1.1" status=200 sc=006 v=- cs=chromium-http-plain5-restart br=- rt=- inm="-" ims="-" ccreq="-"
2026-08-10T09:58:19+00:00 "GET /006/page?asset=%2F006%2Fasset%2Fapp.css%3Fv%3Dplain5%26sc%3D006%26cs%3Dchromium-http-plain5-fetch-nocache%26br%3Dchromium%26rt%3Dfetch-nocache&cc=no-store&sc=006&cs=chromium-http-plain5-fetch-nocache&n=1 HTTP/1.1" status=200 sc=006 v=- cs=chromium-http-plain5-fetch-nocache br=- rt=- inm="-" ims="-" ccreq="-"
2026-08-10T09:58:19+00:00 "GET /006/asset/app.css?v=plain5&sc=006&cs=chromium-http-plain5-fetch-nocache&br=chromium&rt=fetch-nocache HTTP/1.1" status=200 sc=006 v=plain5 cs=chromium-http-plain5-fetch-nocache br=chromium rt=fetch-nocache inm="-" ims="-" ccreq="-"
2026-08-10T09:58:20+00:00 "GET /006/asset/app.css?v=plain5&sc=006&cs=chromium-http-plain5-fetch-nocache&br=chromium&rt=fetch-nocache HTTP/1.1" status=304 sc=006 v=plain5 cs=chromium-http-plain5-fetch-nocache br=chromium rt=fetch-nocache inm="\x226a79595e-156\x22" ims="Mon, 10 Aug 2026 04:53:50 GMT" ccreq="max-age=0"
2026-08-10T09:58:21+00:00 "GET /006/page?asset=%2F006%2Fasset%2Fapp.css%3Fv%3Dplain5%26sc%3D006%26cs%3Dchromium-http-plain5-fetch-reload%26br%3Dchromium%26rt%3Dfetch-reload&cc=no-store&sc=006&cs=chromium-http-plain5-fetch-reload&n=1 HTTP/1.1" status=200 sc=006 v=- cs=chromium-http-plain5-fetch-reload br=- rt=- inm="-" ims="-" ccreq="-"
2026-08-10T09:58:21+00:00 "GET /006/asset/app.css?v=plain5&sc=006&cs=chromium-http-plain5-fetch-reload&br=chromium&rt=fetch-reload HTTP/1.1" status=200 sc=006 v=plain5 cs=chromium-http-plain5-fetch-reload br=chromium rt=fetch-reload inm="-" ims="-" ccreq="-"
2026-08-10T09:58:22+00:00 "GET /006/asset/app.css?v=plain5&sc=006&cs=chromium-http-plain5-fetch-reload&br=chromium&rt=fetch-reload HTTP/1.1" status=200 sc=006 v=plain5 cs=chromium-http-plain5-fetch-reload br=chromium rt=fetch-reload inm="-" ims="-" ccreq="no-cache"
2026-08-10T09:58:23+00:00 "GET /006/page?asset=%2F006%2Fasset%2Fapp.css%3Fv%3Dimmutable5%26sc%3D006%26cs%3Dchromium-http-immutable5-stale%26br%3Dchromium%26rt%3Dstale&cc=no-store&sc=006&cs=chromium-http-immutable5-stale&n=1 HTTP/1.1" status=200 sc=006 v=- cs=chromium-http-immutable5-stale br=- rt=- inm="-" ims="-" ccreq="-"
2026-08-10T09:58:23+00:00 "GET /006/asset/app.css?v=immutable5&sc=006&cs=chromium-http-immutable5-stale&br=chromium&rt=stale HTTP/1.1" status=200 sc=006 v=immutable5 cs=chromium-http-immutable5-stale br=chromium rt=stale inm="-" ims="-" ccreq="-"
2026-08-10T09:58:31+00:00 "GET /006/page?asset=%2F006%2Fasset%2Fapp.css%3Fv%3Dimmutable5%26sc%3D006%26cs%3Dchromium-http-immutable5-stale%26br%3Dchromium%26rt%3Dstale&cc=no-store&sc=006&cs=chromium-http-immutable5-stale&n=2 HTTP/1.1" status=200 sc=006 v=- cs=chromium-http-immutable5-stale br=- rt=- inm="-" ims="-" ccreq="-"
2026-08-10T09:58:31+00:00 "GET /006/asset/app.css?v=immutable5&sc=006&cs=chromium-http-immutable5-stale&br=chromium&rt=stale HTTP/1.1" status=304 sc=006 v=immutable5 cs=chromium-http-immutable5-stale br=chromium rt=stale inm="\x226a79595e-156\x22" ims="Mon, 10 Aug 2026 04:53:50 GMT" ccreq="-"
2026-08-10T09:58:32+00:00 "GET /006/page?asset=%2F006%2Fasset%2Fapp.css%3Fv%3Dimmutable5%26sc%3D006%26cs%3Dchromium-http-immutable5-restart%26br%3Dchromium%26rt%3Drestart&cc=no-store&sc=006&cs=chromium-http-immutable5-restart&n=1 HTTP/1.1" status=200 sc=006 v=- cs=chromium-http-immutable5-restart br=- rt=- inm="-" ims="-" ccreq="-"
2026-08-10T09:58:32+00:00 "GET /006/asset/app.css?v=immutable5&sc=006&cs=chromium-http-immutable5-restart&br=chromium&rt=restart HTTP/1.1" status=200 sc=006 v=immutable5 cs=chromium-http-immutable5-restart br=chromium rt=restart inm="-" ims="-" ccreq="-"
2026-08-10T09:58:33+00:00 "GET /006/page?asset=%2F006%2Fasset%2Fapp.css%3Fv%3Dimmutable5%26sc%3D006%26cs%3Dchromium-http-immutable5-restart%26br%3Dchromium%26rt%3Drestart&cc=no-store&sc=006&cs=chromium-http-immutable5-restart&n=2 HTTP/1.1" status=200 sc=006 v=- cs=chromium-http-immutable5-restart br=- rt=- inm="-" ims="-" ccreq="-"
2026-08-10T09:58:34+00:00 "GET /006/page?asset=%2F006%2Fasset%2Fapp.css%3Fv%3Dimmutable5%26sc%3D006%26cs%3Dchromium-http-immutable5-fetch-nocache%26br%3Dchromium%26rt%3Dfetch-nocache&cc=no-store&sc=006&cs=chromium-http-immutable5-fetch-nocache&n=1 HTTP/1.1" status=200 sc=006 v=- cs=chromium-http-immutable5-fetch-nocache br=- rt=- inm="-" ims="-" ccreq="-"
2026-08-10T09:58:34+00:00 "GET /006/asset/app.css?v=immutable5&sc=006&cs=chromium-http-immutable5-fetch-nocache&br=chromium&rt=fetch-nocache HTTP/1.1" status=200 sc=006 v=immutable5 cs=chromium-http-immutable5-fetch-nocache br=chromium rt=fetch-nocache inm="-" ims="-" ccreq="-"
2026-08-10T09:58:35+00:00 "GET /006/asset/app.css?v=immutable5&sc=006&cs=chromium-http-immutable5-fetch-nocache&br=chromium&rt=fetch-nocache HTTP/1.1" status=304 sc=006 v=immutable5 cs=chromium-http-immutable5-fetch-nocache br=chromium rt=fetch-nocache inm="\x226a79595e-156\x22" ims="Mon, 10 Aug 2026 04:53:50 GMT" ccreq="max-age=0"
2026-08-10T09:58:36+00:00 "GET /006/page?asset=%2F006%2Fasset%2Fapp.css%3Fv%3Dimmutable5%26sc%3D006%26cs%3Dchromium-http-immutable5-fetch-reload%26br%3Dchromium%26rt%3Dfetch-reload&cc=no-store&sc=006&cs=chromium-http-immutable5-fetch-reload&n=1 HTTP/1.1" status=200 sc=006 v=- cs=chromium-http-immutable5-fetch-reload br=- rt=- inm="-" ims="-" ccreq="-"
2026-08-10T09:58:36+00:00 "GET /006/asset/app.css?v=immutable5&sc=006&cs=chromium-http-immutable5-fetch-reload&br=chromium&rt=fetch-reload HTTP/1.1" status=200 sc=006 v=immutable5 cs=chromium-http-immutable5-fetch-reload br=chromium rt=fetch-reload inm="-" ims="-" ccreq="-"
2026-08-10T09:58:36+00:00 "GET /006/asset/app.css?v=immutable5&sc=006&cs=chromium-http-immutable5-fetch-reload&br=chromium&rt=fetch-reload HTTP/1.1" status=200 sc=006 v=immutable5 cs=chromium-http-immutable5-fetch-reload br=chromium rt=fetch-reload inm="-" ims="-" ccreq="no-cache"
2026-08-10T09:58:37+00:00 "GET /006/page?asset=%2F006%2Fasset%2Fapp.css%3Fv%3Dplain5%26sc%3D006%26cs%3Dchromium-https-plain5-stale%26br%3Dchromium%26rt%3Dstale&cc=no-store&sc=006&cs=chromium-https-plain5-stale&n=1 HTTP/1.1" status=200 sc=006 v=- cs=chromium-https-plain5-stale br=- rt=- inm="-" ims="-" ccreq="-"
2026-08-10T09:58:37+00:00 "GET /006/asset/app.css?v=plain5&sc=006&cs=chromium-https-plain5-stale&br=chromium&rt=stale HTTP/1.1" status=200 sc=006 v=plain5 cs=chromium-https-plain5-stale br=chromium rt=stale inm="-" ims="-" ccreq="-"
2026-08-10T09:58:45+00:00 "GET /006/page?asset=%2F006%2Fasset%2Fapp.css%3Fv%3Dplain5%26sc%3D006%26cs%3Dchromium-https-plain5-stale%26br%3Dchromium%26rt%3Dstale&cc=no-store&sc=006&cs=chromium-https-plain5-stale&n=2 HTTP/1.1" status=200 sc=006 v=- cs=chromium-https-plain5-stale br=- rt=- inm="-" ims="-" ccreq="-"
2026-08-10T09:58:45+00:00 "GET /006/asset/app.css?v=plain5&sc=006&cs=chromium-https-plain5-stale&br=chromium&rt=stale HTTP/1.1" status=304 sc=006 v=plain5 cs=chromium-https-plain5-stale br=chromium rt=stale inm="\x226a79595e-156\x22" ims="Mon, 10 Aug 2026 04:53:50 GMT" ccreq="-"
2026-08-10T09:58:46+00:00 "GET /006/page?asset=%2F006%2Fasset%2Fapp.css%3Fv%3Dplain5%26sc%3D006%26cs%3Dchromium-https-plain5-restart%26br%3Dchromium%26rt%3Drestart&cc=no-store&sc=006&cs=chromium-https-plain5-restart&n=1 HTTP/1.1" status=200 sc=006 v=- cs=chromium-https-plain5-restart br=- rt=- inm="-" ims="-" ccreq="-"
2026-08-10T09:58:46+00:00 "GET /006/asset/app.css?v=plain5&sc=006&cs=chromium-https-plain5-restart&br=chromium&rt=restart HTTP/1.1" status=200 sc=006 v=plain5 cs=chromium-https-plain5-restart br=chromium rt=restart inm="-" ims="-" ccreq="-"
2026-08-10T09:58:47+00:00 "GET /006/page?asset=%2F006%2Fasset%2Fapp.css%3Fv%3Dplain5%26sc%3D006%26cs%3Dchromium-https-plain5-restart%26br%3Dchromium%26rt%3Drestart&cc=no-store&sc=006&cs=chromium-https-plain5-restart&n=2 HTTP/1.1" status=200 sc=006 v=- cs=chromium-https-plain5-restart br=- rt=- inm="-" ims="-" ccreq="-"
2026-08-10T09:58:48+00:00 "GET /006/page?asset=%2F006%2Fasset%2Fapp.css%3Fv%3Dplain5%26sc%3D006%26cs%3Dchromium-https-plain5-fetch-nocache%26br%3Dchromium%26rt%3Dfetch-nocache&cc=no-store&sc=006&cs=chromium-https-plain5-fetch-nocache&n=1 HTTP/1.1" status=200 sc=006 v=- cs=chromium-https-plain5-fetch-nocache br=- rt=- inm="-" ims="-" ccreq="-"
2026-08-10T09:58:48+00:00 "GET /006/asset/app.css?v=plain5&sc=006&cs=chromium-https-plain5-fetch-nocache&br=chromium&rt=fetch-nocache HTTP/1.1" status=200 sc=006 v=plain5 cs=chromium-https-plain5-fetch-nocache br=chromium rt=fetch-nocache inm="-" ims="-" ccreq="-"
2026-08-10T09:58:49+00:00 "GET /006/asset/app.css?v=plain5&sc=006&cs=chromium-https-plain5-fetch-nocache&br=chromium&rt=fetch-nocache HTTP/1.1" status=304 sc=006 v=plain5 cs=chromium-https-plain5-fetch-nocache br=chromium rt=fetch-nocache inm="\x226a79595e-156\x22" ims="Mon, 10 Aug 2026 04:53:50 GMT" ccreq="max-age=0"
2026-08-10T09:58:50+00:00 "GET /006/page?asset=%2F006%2Fasset%2Fapp.css%3Fv%3Dplain5%26sc%3D006%26cs%3Dchromium-https-plain5-fetch-reload%26br%3Dchromium%26rt%3Dfetch-reload&cc=no-store&sc=006&cs=chromium-https-plain5-fetch-reload&n=1 HTTP/1.1" status=200 sc=006 v=- cs=chromium-https-plain5-fetch-reload br=- rt=- inm="-" ims="-" ccreq="-"
2026-08-10T09:58:50+00:00 "GET /006/asset/app.css?v=plain5&sc=006&cs=chromium-https-plain5-fetch-reload&br=chromium&rt=fetch-reload HTTP/1.1" status=200 sc=006 v=plain5 cs=chromium-https-plain5-fetch-reload br=chromium rt=fetch-reload inm="-" ims="-" ccreq="-"
2026-08-10T09:58:51+00:00 "GET /006/asset/app.css?v=plain5&sc=006&cs=chromium-https-plain5-fetch-reload&br=chromium&rt=fetch-reload HTTP/1.1" status=200 sc=006 v=plain5 cs=chromium-https-plain5-fetch-reload br=chromium rt=fetch-reload inm="-" ims="-" ccreq="no-cache"
2026-08-10T09:58:52+00:00 "GET /006/page?asset=%2F006%2Fasset%2Fapp.css%3Fv%3Dimmutable5%26sc%3D006%26cs%3Dchromium-https-immutable5-stale%26br%3Dchromium%26rt%3Dstale&cc=no-store&sc=006&cs=chromium-https-immutable5-stale&n=1 HTTP/1.1" status=200 sc=006 v=- cs=chromium-https-immutable5-stale br=- rt=- inm="-" ims="-" ccreq="-"
2026-08-10T09:58:52+00:00 "GET /006/asset/app.css?v=immutable5&sc=006&cs=chromium-https-immutable5-stale&br=chromium&rt=stale HTTP/1.1" status=200 sc=006 v=immutable5 cs=chromium-https-immutable5-stale br=chromium rt=stale inm="-" ims="-" ccreq="-"
2026-08-10T09:59:00+00:00 "GET /006/page?asset=%2F006%2Fasset%2Fapp.css%3Fv%3Dimmutable5%26sc%3D006%26cs%3Dchromium-https-immutable5-stale%26br%3Dchromium%26rt%3Dstale&cc=no-store&sc=006&cs=chromium-https-immutable5-stale&n=2 HTTP/1.1" status=200 sc=006 v=- cs=chromium-https-immutable5-stale br=- rt=- inm="-" ims="-" ccreq="-"
2026-08-10T09:59:00+00:00 "GET /006/asset/app.css?v=immutable5&sc=006&cs=chromium-https-immutable5-stale&br=chromium&rt=stale HTTP/1.1" status=304 sc=006 v=immutable5 cs=chromium-https-immutable5-stale br=chromium rt=stale inm="\x226a79595e-156\x22" ims="Mon, 10 Aug 2026 04:53:50 GMT" ccreq="-"
2026-08-10T09:59:01+00:00 "GET /006/page?asset=%2F006%2Fasset%2Fapp.css%3Fv%3Dimmutable5%26sc%3D006%26cs%3Dchromium-https-immutable5-restart%26br%3Dchromium%26rt%3Drestart&cc=no-store&sc=006&cs=chromium-https-immutable5-restart&n=1 HTTP/1.1" status=200 sc=006 v=- cs=chromium-https-immutable5-restart br=- rt=- inm="-" ims="-" ccreq="-"
2026-08-10T09:59:01+00:00 "GET /006/asset/app.css?v=immutable5&sc=006&cs=chromium-https-immutable5-restart&br=chromium&rt=restart HTTP/1.1" status=200 sc=006 v=immutable5 cs=chromium-https-immutable5-restart br=chromium rt=restart inm="-" ims="-" ccreq="-"
2026-08-10T09:59:02+00:00 "GET /006/page?asset=%2F006%2Fasset%2Fapp.css%3Fv%3Dimmutable5%26sc%3D006%26cs%3Dchromium-https-immutable5-restart%26br%3Dchromium%26rt%3Drestart&cc=no-store&sc=006&cs=chromium-https-immutable5-restart&n=2 HTTP/1.1" status=200 sc=006 v=- cs=chromium-https-immutable5-restart br=- rt=- inm="-" ims="-" ccreq="-"
2026-08-10T09:59:03+00:00 "GET /006/page?asset=%2F006%2Fasset%2Fapp.css%3Fv%3Dimmutable5%26sc%3D006%26cs%3Dchromium-https-immutable5-fetch-nocache%26br%3Dchromium%26rt%3Dfetch-nocache&cc=no-store&sc=006&cs=chromium-https-immutable5-fetch-nocache&n=1 HTTP/1.1" status=200 sc=006 v=- cs=chromium-https-immutable5-fetch-nocache br=- rt=- inm="-" ims="-" ccreq="-"
2026-08-10T09:59:03+00:00 "GET /006/asset/app.css?v=immutable5&sc=006&cs=chromium-https-immutable5-fetch-nocache&br=chromium&rt=fetch-nocache HTTP/1.1" status=200 sc=006 v=immutable5 cs=chromium-https-immutable5-fetch-nocache br=chromium rt=fetch-nocache inm="-" ims="-" ccreq="-"
2026-08-10T09:59:03+00:00 "GET /006/asset/app.css?v=immutable5&sc=006&cs=chromium-https-immutable5-fetch-nocache&br=chromium&rt=fetch-nocache HTTP/1.1" status=304 sc=006 v=immutable5 cs=chromium-https-immutable5-fetch-nocache br=chromium rt=fetch-nocache inm="\x226a79595e-156\x22" ims="Mon, 10 Aug 2026 04:53:50 GMT" ccreq="max-age=0"
2026-08-10T09:59:05+00:00 "GET /006/page?asset=%2F006%2Fasset%2Fapp.css%3Fv%3Dimmutable5%26sc%3D006%26cs%3Dchromium-https-immutable5-fetch-reload%26br%3Dchromium%26rt%3Dfetch-reload&cc=no-store&sc=006&cs=chromium-https-immutable5-fetch-reload&n=1 HTTP/1.1" status=200 sc=006 v=- cs=chromium-https-immutable5-fetch-reload br=- rt=- inm="-" ims="-" ccreq="-"
2026-08-10T09:59:05+00:00 "GET /006/asset/app.css?v=immutable5&sc=006&cs=chromium-https-immutable5-fetch-reload&br=chromium&rt=fetch-reload HTTP/1.1" status=200 sc=006 v=immutable5 cs=chromium-https-immutable5-fetch-reload br=chromium rt=fetch-reload inm="-" ims="-" ccreq="-"
2026-08-10T09:59:05+00:00 "GET /006/asset/app.css?v=immutable5&sc=006&cs=chromium-https-immutable5-fetch-reload&br=chromium&rt=fetch-reload HTTP/1.1" status=200 sc=006 v=immutable5 cs=chromium-https-immutable5-fetch-reload br=chromium rt=fetch-reload inm="-" ims="-" ccreq="no-cache"
2026-08-10T09:59:08+00:00 "GET /006/page?asset=%2F006%2Fasset%2Fapp.css%3Fv%3Dplain%26sc%3D006%26cs%3Dfirefox-http-plain-nav%26br%3Dfirefox%26rt%3Dnav&cc=no-store&sc=006&cs=firefox-http-plain-nav&n=1 HTTP/1.1" status=200 sc=006 v=- cs=firefox-http-plain-nav br=- rt=- inm="-" ims="-" ccreq="-"
2026-08-10T09:59:08+00:00 "GET /006/asset/app.css?v=plain&sc=006&cs=firefox-http-plain-nav&br=firefox&rt=nav HTTP/1.1" status=200 sc=006 v=plain cs=firefox-http-plain-nav br=firefox rt=nav inm="-" ims="-" ccreq="-"
2026-08-10T09:59:09+00:00 "GET /006/page?asset=%2F006%2Fasset%2Fapp.css%3Fv%3Dplain%26sc%3D006%26cs%3Dfirefox-http-plain-nav%26br%3Dfirefox%26rt%3Dnav&cc=no-store&sc=006&cs=firefox-http-plain-nav&n=2 HTTP/1.1" status=200 sc=006 v=- cs=firefox-http-plain-nav br=- rt=- inm="-" ims="-" ccreq="-"
2026-08-10T09:59:11+00:00 "GET /006/page?asset=%2F006%2Fasset%2Fapp.css%3Fv%3Dnostore%26sc%3D006%26cs%3Dfirefox-http-nostore-nav%26br%3Dfirefox%26rt%3Dnav&cc=no-store&sc=006&cs=firefox-http-nostore-nav&n=1 HTTP/1.1" status=200 sc=006 v=- cs=firefox-http-nostore-nav br=- rt=- inm="-" ims="-" ccreq="-"
2026-08-10T09:59:11+00:00 "GET /006/asset/app.css?v=nostore&sc=006&cs=firefox-http-nostore-nav&br=firefox&rt=nav HTTP/1.1" status=200 sc=006 v=nostore cs=firefox-http-nostore-nav br=firefox rt=nav inm="-" ims="-" ccreq="-"
2026-08-10T09:59:12+00:00 "GET /006/page?asset=%2F006%2Fasset%2Fapp.css%3Fv%3Dnostore%26sc%3D006%26cs%3Dfirefox-http-nostore-nav%26br%3Dfirefox%26rt%3Dnav&cc=no-store&sc=006&cs=firefox-http-nostore-nav&n=2 HTTP/1.1" status=200 sc=006 v=- cs=firefox-http-nostore-nav br=- rt=- inm="-" ims="-" ccreq="-"
2026-08-10T09:59:12+00:00 "GET /006/asset/app.css?v=nostore&sc=006&cs=firefox-http-nostore-nav&br=firefox&rt=nav HTTP/1.1" status=200 sc=006 v=nostore cs=firefox-http-nostore-nav br=firefox rt=nav inm="-" ims="-" ccreq="-"
2026-08-10T09:59:14+00:00 "GET /006/page?asset=%2F006%2Fasset%2Fapp.css%3Fv%3Dnocache%26sc%3D006%26cs%3Dfirefox-http-nocache-nav%26br%3Dfirefox%26rt%3Dnav&cc=no-store&sc=006&cs=firefox-http-nocache-nav&n=1 HTTP/1.1" status=200 sc=006 v=- cs=firefox-http-nocache-nav br=- rt=- inm="-" ims="-" ccreq="-"
2026-08-10T09:59:14+00:00 "GET /006/asset/app.css?v=nocache&sc=006&cs=firefox-http-nocache-nav&br=firefox&rt=nav HTTP/1.1" status=200 sc=006 v=nocache cs=firefox-http-nocache-nav br=firefox rt=nav inm="-" ims="-" ccreq="-"
2026-08-10T09:59:15+00:00 "GET /006/page?asset=%2F006%2Fasset%2Fapp.css%3Fv%3Dnocache%26sc%3D006%26cs%3Dfirefox-http-nocache-nav%26br%3Dfirefox%26rt%3Dnav&cc=no-store&sc=006&cs=firefox-http-nocache-nav&n=2 HTTP/1.1" status=200 sc=006 v=- cs=firefox-http-nocache-nav br=- rt=- inm="-" ims="-" ccreq="-"
2026-08-10T09:59:15+00:00 "GET /006/asset/app.css?v=nocache&sc=006&cs=firefox-http-nocache-nav&br=firefox&rt=nav HTTP/1.1" status=304 sc=006 v=nocache cs=firefox-http-nocache-nav br=firefox rt=nav inm="\x226a79595e-156\x22" ims="Mon, 10 Aug 2026 04:53:50 GMT" ccreq="-"
2026-08-10T09:59:17+00:00 "GET /006/page?asset=%2F006%2Fasset%2Fapp.css%3Fv%3Dplain%26sc%3D006%26cs%3Dfirefox-https-plain-nav%26br%3Dfirefox%26rt%3Dnav&cc=no-store&sc=006&cs=firefox-https-plain-nav&n=1 HTTP/1.1" status=200 sc=006 v=- cs=firefox-https-plain-nav br=- rt=- inm="-" ims="-" ccreq="-"
2026-08-10T09:59:17+00:00 "GET /006/asset/app.css?v=plain&sc=006&cs=firefox-https-plain-nav&br=firefox&rt=nav HTTP/1.1" status=200 sc=006 v=plain cs=firefox-https-plain-nav br=firefox rt=nav inm="-" ims="-" ccreq="-"
2026-08-10T09:59:18+00:00 "GET /006/page?asset=%2F006%2Fasset%2Fapp.css%3Fv%3Dplain%26sc%3D006%26cs%3Dfirefox-https-plain-nav%26br%3Dfirefox%26rt%3Dnav&cc=no-store&sc=006&cs=firefox-https-plain-nav&n=2 HTTP/1.1" status=200 sc=006 v=- cs=firefox-https-plain-nav br=- rt=- inm="-" ims="-" ccreq="-"
2026-08-10T09:59:20+00:00 "GET /006/page?asset=%2F006%2Fasset%2Fapp.css%3Fv%3Dnostore%26sc%3D006%26cs%3Dfirefox-https-nostore-nav%26br%3Dfirefox%26rt%3Dnav&cc=no-store&sc=006&cs=firefox-https-nostore-nav&n=1 HTTP/1.1" status=200 sc=006 v=- cs=firefox-https-nostore-nav br=- rt=- inm="-" ims="-" ccreq="-"
2026-08-10T09:59:20+00:00 "GET /006/asset/app.css?v=nostore&sc=006&cs=firefox-https-nostore-nav&br=firefox&rt=nav HTTP/1.1" status=200 sc=006 v=nostore cs=firefox-https-nostore-nav br=firefox rt=nav inm="-" ims="-" ccreq="-"
2026-08-10T09:59:21+00:00 "GET /006/page?asset=%2F006%2Fasset%2Fapp.css%3Fv%3Dnostore%26sc%3D006%26cs%3Dfirefox-https-nostore-nav%26br%3Dfirefox%26rt%3Dnav&cc=no-store&sc=006&cs=firefox-https-nostore-nav&n=2 HTTP/1.1" status=200 sc=006 v=- cs=firefox-https-nostore-nav br=- rt=- inm="-" ims="-" ccreq="-"
2026-08-10T09:59:21+00:00 "GET /006/asset/app.css?v=nostore&sc=006&cs=firefox-https-nostore-nav&br=firefox&rt=nav HTTP/1.1" status=200 sc=006 v=nostore cs=firefox-https-nostore-nav br=firefox rt=nav inm="-" ims="-" ccreq="-"
2026-08-10T09:59:23+00:00 "GET /006/page?asset=%2F006%2Fasset%2Fapp.css%3Fv%3Dnocache%26sc%3D006%26cs%3Dfirefox-https-nocache-nav%26br%3Dfirefox%26rt%3Dnav&cc=no-store&sc=006&cs=firefox-https-nocache-nav&n=1 HTTP/1.1" status=200 sc=006 v=- cs=firefox-https-nocache-nav br=- rt=- inm="-" ims="-" ccreq="-"
2026-08-10T09:59:23+00:00 "GET /006/asset/app.css?v=nocache&sc=006&cs=firefox-https-nocache-nav&br=firefox&rt=nav HTTP/1.1" status=200 sc=006 v=nocache cs=firefox-https-nocache-nav br=firefox rt=nav inm="-" ims="-" ccreq="-"
2026-08-10T09:59:24+00:00 "GET /006/page?asset=%2F006%2Fasset%2Fapp.css%3Fv%3Dnocache%26sc%3D006%26cs%3Dfirefox-https-nocache-nav%26br%3Dfirefox%26rt%3Dnav&cc=no-store&sc=006&cs=firefox-https-nocache-nav&n=2 HTTP/1.1" status=200 sc=006 v=- cs=firefox-https-nocache-nav br=- rt=- inm="-" ims="-" ccreq="-"
2026-08-10T09:59:24+00:00 "GET /006/asset/app.css?v=nocache&sc=006&cs=firefox-https-nocache-nav&br=firefox&rt=nav HTTP/1.1" status=304 sc=006 v=nocache cs=firefox-https-nocache-nav br=firefox rt=nav inm="\x226a79595e-156\x22" ims="Mon, 10 Aug 2026 04:53:50 GMT" ccreq="-"
2026-08-10T09:59:26+00:00 "GET /006/page?asset=%2F006%2Fasset%2Fapp.css%3Fv%3Dplain5%26sc%3D006%26cs%3Dfirefox-http-plain5-stale%26br%3Dfirefox%26rt%3Dstale&cc=no-store&sc=006&cs=firefox-http-plain5-stale&n=1 HTTP/1.1" status=200 sc=006 v=- cs=firefox-http-plain5-stale br=- rt=- inm="-" ims="-" ccreq="-"
2026-08-10T09:59:26+00:00 "GET /006/asset/app.css?v=plain5&sc=006&cs=firefox-http-plain5-stale&br=firefox&rt=stale HTTP/1.1" status=200 sc=006 v=plain5 cs=firefox-http-plain5-stale br=firefox rt=stale inm="-" ims="-" ccreq="-"
2026-08-10T09:59:34+00:00 "GET /006/page?asset=%2F006%2Fasset%2Fapp.css%3Fv%3Dplain5%26sc%3D006%26cs%3Dfirefox-http-plain5-stale%26br%3Dfirefox%26rt%3Dstale&cc=no-store&sc=006&cs=firefox-http-plain5-stale&n=2 HTTP/1.1" status=200 sc=006 v=- cs=firefox-http-plain5-stale br=- rt=- inm="-" ims="-" ccreq="-"
2026-08-10T09:59:34+00:00 "GET /006/asset/app.css?v=plain5&sc=006&cs=firefox-http-plain5-stale&br=firefox&rt=stale HTTP/1.1" status=304 sc=006 v=plain5 cs=firefox-http-plain5-stale br=firefox rt=stale inm="\x226a79595e-156\x22" ims="Mon, 10 Aug 2026 04:53:50 GMT" ccreq="-"
2026-08-10T09:59:37+00:00 "GET /006/page?asset=%2F006%2Fasset%2Fapp.css%3Fv%3Dplain5%26sc%3D006%26cs%3Dfirefox-http-plain5-restart%26br%3Dfirefox%26rt%3Drestart&cc=no-store&sc=006&cs=firefox-http-plain5-restart&n=1 HTTP/1.1" status=200 sc=006 v=- cs=firefox-http-plain5-restart br=- rt=- inm="-" ims="-" ccreq="-"
2026-08-10T09:59:37+00:00 "GET /006/asset/app.css?v=plain5&sc=006&cs=firefox-http-plain5-restart&br=firefox&rt=restart HTTP/1.1" status=200 sc=006 v=plain5 cs=firefox-http-plain5-restart br=firefox rt=restart inm="-" ims="-" ccreq="-"
2026-08-10T09:59:39+00:00 "GET /006/page?asset=%2F006%2Fasset%2Fapp.css%3Fv%3Dplain5%26sc%3D006%26cs%3Dfirefox-http-plain5-restart%26br%3Dfirefox%26rt%3Drestart&cc=no-store&sc=006&cs=firefox-http-plain5-restart&n=2 HTTP/1.1" status=200 sc=006 v=- cs=firefox-http-plain5-restart br=- rt=- inm="-" ims="-" ccreq="-"
2026-08-10T09:59:41+00:00 "GET /006/page?asset=%2F006%2Fasset%2Fapp.css%3Fv%3Dplain5%26sc%3D006%26cs%3Dfirefox-http-plain5-fetch-nocache%26br%3Dfirefox%26rt%3Dfetch-nocache&cc=no-store&sc=006&cs=firefox-http-plain5-fetch-nocache&n=1 HTTP/1.1" status=200 sc=006 v=- cs=firefox-http-plain5-fetch-nocache br=- rt=- inm="-" ims="-" ccreq="-"
2026-08-10T09:59:41+00:00 "GET /006/asset/app.css?v=plain5&sc=006&cs=firefox-http-plain5-fetch-nocache&br=firefox&rt=fetch-nocache HTTP/1.1" status=200 sc=006 v=plain5 cs=firefox-http-plain5-fetch-nocache br=firefox rt=fetch-nocache inm="-" ims="-" ccreq="-"
2026-08-10T09:59:42+00:00 "GET /006/asset/app.css?v=plain5&sc=006&cs=firefox-http-plain5-fetch-nocache&br=firefox&rt=fetch-nocache HTTP/1.1" status=304 sc=006 v=plain5 cs=firefox-http-plain5-fetch-nocache br=firefox rt=fetch-nocache inm="\x226a79595e-156\x22" ims="Mon, 10 Aug 2026 04:53:50 GMT" ccreq="max-age=0"
2026-08-10T09:59:44+00:00 "GET /006/page?asset=%2F006%2Fasset%2Fapp.css%3Fv%3Dplain5%26sc%3D006%26cs%3Dfirefox-http-plain5-fetch-reload%26br%3Dfirefox%26rt%3Dfetch-reload&cc=no-store&sc=006&cs=firefox-http-plain5-fetch-reload&n=1 HTTP/1.1" status=200 sc=006 v=- cs=firefox-http-plain5-fetch-reload br=- rt=- inm="-" ims="-" ccreq="-"
2026-08-10T09:59:44+00:00 "GET /006/asset/app.css?v=plain5&sc=006&cs=firefox-http-plain5-fetch-reload&br=firefox&rt=fetch-reload HTTP/1.1" status=200 sc=006 v=plain5 cs=firefox-http-plain5-fetch-reload br=firefox rt=fetch-reload inm="-" ims="-" ccreq="-"
2026-08-10T09:59:44+00:00 "GET /006/asset/app.css?v=plain5&sc=006&cs=firefox-http-plain5-fetch-reload&br=firefox&rt=fetch-reload HTTP/1.1" status=200 sc=006 v=plain5 cs=firefox-http-plain5-fetch-reload br=firefox rt=fetch-reload inm="-" ims="-" ccreq="no-cache"
2026-08-10T09:59:47+00:00 "GET /006/page?asset=%2F006%2Fasset%2Fapp.css%3Fv%3Dimmutable5%26sc%3D006%26cs%3Dfirefox-http-immutable5-stale%26br%3Dfirefox%26rt%3Dstale&cc=no-store&sc=006&cs=firefox-http-immutable5-stale&n=1 HTTP/1.1" status=200 sc=006 v=- cs=firefox-http-immutable5-stale br=- rt=- inm="-" ims="-" ccreq="-"
2026-08-10T09:59:47+00:00 "GET /006/asset/app.css?v=immutable5&sc=006&cs=firefox-http-immutable5-stale&br=firefox&rt=stale HTTP/1.1" status=200 sc=006 v=immutable5 cs=firefox-http-immutable5-stale br=firefox rt=stale inm="-" ims="-" ccreq="-"
2026-08-10T09:59:54+00:00 "GET /006/page?asset=%2F006%2Fasset%2Fapp.css%3Fv%3Dimmutable5%26sc%3D006%26cs%3Dfirefox-http-immutable5-stale%26br%3Dfirefox%26rt%3Dstale&cc=no-store&sc=006&cs=firefox-http-immutable5-stale&n=2 HTTP/1.1" status=200 sc=006 v=- cs=firefox-http-immutable5-stale br=- rt=- inm="-" ims="-" ccreq="-"
2026-08-10T09:59:54+00:00 "GET /006/asset/app.css?v=immutable5&sc=006&cs=firefox-http-immutable5-stale&br=firefox&rt=stale HTTP/1.1" status=304 sc=006 v=immutable5 cs=firefox-http-immutable5-stale br=firefox rt=stale inm="\x226a79595e-156\x22" ims="Mon, 10 Aug 2026 04:53:50 GMT" ccreq="-"
2026-08-10T09:59:57+00:00 "GET /006/page?asset=%2F006%2Fasset%2Fapp.css%3Fv%3Dimmutable5%26sc%3D006%26cs%3Dfirefox-http-immutable5-restart%26br%3Dfirefox%26rt%3Drestart&cc=no-store&sc=006&cs=firefox-http-immutable5-restart&n=1 HTTP/1.1" status=200 sc=006 v=- cs=firefox-http-immutable5-restart br=- rt=- inm="-" ims="-" ccreq="-"
2026-08-10T09:59:57+00:00 "GET /006/asset/app.css?v=immutable5&sc=006&cs=firefox-http-immutable5-restart&br=firefox&rt=restart HTTP/1.1" status=200 sc=006 v=immutable5 cs=firefox-http-immutable5-restart br=firefox rt=restart inm="-" ims="-" ccreq="-"
2026-08-10T09:59:59+00:00 "GET /006/page?asset=%2F006%2Fasset%2Fapp.css%3Fv%3Dimmutable5%26sc%3D006%26cs%3Dfirefox-http-immutable5-restart%26br%3Dfirefox%26rt%3Drestart&cc=no-store&sc=006&cs=firefox-http-immutable5-restart&n=2 HTTP/1.1" status=200 sc=006 v=- cs=firefox-http-immutable5-restart br=- rt=- inm="-" ims="-" ccreq="-"
2026-08-10T10:00:01+00:00 "GET /006/page?asset=%2F006%2Fasset%2Fapp.css%3Fv%3Dimmutable5%26sc%3D006%26cs%3Dfirefox-http-immutable5-fetch-nocache%26br%3Dfirefox%26rt%3Dfetch-nocache&cc=no-store&sc=006&cs=firefox-http-immutable5-fetch-nocache&n=1 HTTP/1.1" status=200 sc=006 v=- cs=firefox-http-immutable5-fetch-nocache br=- rt=- inm="-" ims="-" ccreq="-"
2026-08-10T10:00:01+00:00 "GET /006/asset/app.css?v=immutable5&sc=006&cs=firefox-http-immutable5-fetch-nocache&br=firefox&rt=fetch-nocache HTTP/1.1" status=200 sc=006 v=immutable5 cs=firefox-http-immutable5-fetch-nocache br=firefox rt=fetch-nocache inm="-" ims="-" ccreq="-"
2026-08-10T10:00:02+00:00 "GET /006/asset/app.css?v=immutable5&sc=006&cs=firefox-http-immutable5-fetch-nocache&br=firefox&rt=fetch-nocache HTTP/1.1" status=304 sc=006 v=immutable5 cs=firefox-http-immutable5-fetch-nocache br=firefox rt=fetch-nocache inm="\x226a79595e-156\x22" ims="Mon, 10 Aug 2026 04:53:50 GMT" ccreq="max-age=0"
2026-08-10T10:00:04+00:00 "GET /006/page?asset=%2F006%2Fasset%2Fapp.css%3Fv%3Dimmutable5%26sc%3D006%26cs%3Dfirefox-http-immutable5-fetch-reload%26br%3Dfirefox%26rt%3Dfetch-reload&cc=no-store&sc=006&cs=firefox-http-immutable5-fetch-reload&n=1 HTTP/1.1" status=200 sc=006 v=- cs=firefox-http-immutable5-fetch-reload br=- rt=- inm="-" ims="-" ccreq="-"
2026-08-10T10:00:04+00:00 "GET /006/asset/app.css?v=immutable5&sc=006&cs=firefox-http-immutable5-fetch-reload&br=firefox&rt=fetch-reload HTTP/1.1" status=200 sc=006 v=immutable5 cs=firefox-http-immutable5-fetch-reload br=firefox rt=fetch-reload inm="-" ims="-" ccreq="-"
2026-08-10T10:00:05+00:00 "GET /006/asset/app.css?v=immutable5&sc=006&cs=firefox-http-immutable5-fetch-reload&br=firefox&rt=fetch-reload HTTP/1.1" status=200 sc=006 v=immutable5 cs=firefox-http-immutable5-fetch-reload br=firefox rt=fetch-reload inm="-" ims="-" ccreq="no-cache"
2026-08-10T10:00:07+00:00 "GET /006/page?asset=%2F006%2Fasset%2Fapp.css%3Fv%3Dplain5%26sc%3D006%26cs%3Dfirefox-https-plain5-stale%26br%3Dfirefox%26rt%3Dstale&cc=no-store&sc=006&cs=firefox-https-plain5-stale&n=1 HTTP/1.1" status=200 sc=006 v=- cs=firefox-https-plain5-stale br=- rt=- inm="-" ims="-" ccreq="-"
2026-08-10T10:00:07+00:00 "GET /006/asset/app.css?v=plain5&sc=006&cs=firefox-https-plain5-stale&br=firefox&rt=stale HTTP/1.1" status=200 sc=006 v=plain5 cs=firefox-https-plain5-stale br=firefox rt=stale inm="-" ims="-" ccreq="-"
2026-08-10T10:00:15+00:00 "GET /006/page?asset=%2F006%2Fasset%2Fapp.css%3Fv%3Dplain5%26sc%3D006%26cs%3Dfirefox-https-plain5-stale%26br%3Dfirefox%26rt%3Dstale&cc=no-store&sc=006&cs=firefox-https-plain5-stale&n=2 HTTP/1.1" status=200 sc=006 v=- cs=firefox-https-plain5-stale br=- rt=- inm="-" ims="-" ccreq="-"
2026-08-10T10:00:15+00:00 "GET /006/asset/app.css?v=plain5&sc=006&cs=firefox-https-plain5-stale&br=firefox&rt=stale HTTP/1.1" status=304 sc=006 v=plain5 cs=firefox-https-plain5-stale br=firefox rt=stale inm="\x226a79595e-156\x22" ims="Mon, 10 Aug 2026 04:53:50 GMT" ccreq="-"
2026-08-10T10:00:17+00:00 "GET /006/page?asset=%2F006%2Fasset%2Fapp.css%3Fv%3Dplain5%26sc%3D006%26cs%3Dfirefox-https-plain5-restart%26br%3Dfirefox%26rt%3Drestart&cc=no-store&sc=006&cs=firefox-https-plain5-restart&n=1 HTTP/1.1" status=200 sc=006 v=- cs=firefox-https-plain5-restart br=- rt=- inm="-" ims="-" ccreq="-"
2026-08-10T10:00:17+00:00 "GET /006/asset/app.css?v=plain5&sc=006&cs=firefox-https-plain5-restart&br=firefox&rt=restart HTTP/1.1" status=200 sc=006 v=plain5 cs=firefox-https-plain5-restart br=firefox rt=restart inm="-" ims="-" ccreq="-"
2026-08-10T10:00:19+00:00 "GET /006/page?asset=%2F006%2Fasset%2Fapp.css%3Fv%3Dplain5%26sc%3D006%26cs%3Dfirefox-https-plain5-restart%26br%3Dfirefox%26rt%3Drestart&cc=no-store&sc=006&cs=firefox-https-plain5-restart&n=2 HTTP/1.1" status=200 sc=006 v=- cs=firefox-https-plain5-restart br=- rt=- inm="-" ims="-" ccreq="-"
2026-08-10T10:00:22+00:00 "GET /006/page?asset=%2F006%2Fasset%2Fapp.css%3Fv%3Dplain5%26sc%3D006%26cs%3Dfirefox-https-plain5-fetch-nocache%26br%3Dfirefox%26rt%3Dfetch-nocache&cc=no-store&sc=006&cs=firefox-https-plain5-fetch-nocache&n=1 HTTP/1.1" status=200 sc=006 v=- cs=firefox-https-plain5-fetch-nocache br=- rt=- inm="-" ims="-" ccreq="-"
2026-08-10T10:00:22+00:00 "GET /006/asset/app.css?v=plain5&sc=006&cs=firefox-https-plain5-fetch-nocache&br=firefox&rt=fetch-nocache HTTP/1.1" status=200 sc=006 v=plain5 cs=firefox-https-plain5-fetch-nocache br=firefox rt=fetch-nocache inm="-" ims="-" ccreq="-"
2026-08-10T10:00:22+00:00 "GET /006/asset/app.css?v=plain5&sc=006&cs=firefox-https-plain5-fetch-nocache&br=firefox&rt=fetch-nocache HTTP/1.1" status=304 sc=006 v=plain5 cs=firefox-https-plain5-fetch-nocache br=firefox rt=fetch-nocache inm="\x226a79595e-156\x22" ims="Mon, 10 Aug 2026 04:53:50 GMT" ccreq="max-age=0"
2026-08-10T10:00:24+00:00 "GET /006/page?asset=%2F006%2Fasset%2Fapp.css%3Fv%3Dplain5%26sc%3D006%26cs%3Dfirefox-https-plain5-fetch-reload%26br%3Dfirefox%26rt%3Dfetch-reload&cc=no-store&sc=006&cs=firefox-https-plain5-fetch-reload&n=1 HTTP/1.1" status=200 sc=006 v=- cs=firefox-https-plain5-fetch-reload br=- rt=- inm="-" ims="-" ccreq="-"
2026-08-10T10:00:24+00:00 "GET /006/asset/app.css?v=plain5&sc=006&cs=firefox-https-plain5-fetch-reload&br=firefox&rt=fetch-reload HTTP/1.1" status=200 sc=006 v=plain5 cs=firefox-https-plain5-fetch-reload br=firefox rt=fetch-reload inm="-" ims="-" ccreq="-"
2026-08-10T10:00:25+00:00 "GET /006/asset/app.css?v=plain5&sc=006&cs=firefox-https-plain5-fetch-reload&br=firefox&rt=fetch-reload HTTP/1.1" status=200 sc=006 v=plain5 cs=firefox-https-plain5-fetch-reload br=firefox rt=fetch-reload inm="-" ims="-" ccreq="no-cache"
2026-08-10T10:00:27+00:00 "GET /006/page?asset=%2F006%2Fasset%2Fapp.css%3Fv%3Dimmutable5%26sc%3D006%26cs%3Dfirefox-https-immutable5-stale%26br%3Dfirefox%26rt%3Dstale&cc=no-store&sc=006&cs=firefox-https-immutable5-stale&n=1 HTTP/1.1" status=200 sc=006 v=- cs=firefox-https-immutable5-stale br=- rt=- inm="-" ims="-" ccreq="-"
2026-08-10T10:00:27+00:00 "GET /006/asset/app.css?v=immutable5&sc=006&cs=firefox-https-immutable5-stale&br=firefox&rt=stale HTTP/1.1" status=200 sc=006 v=immutable5 cs=firefox-https-immutable5-stale br=firefox rt=stale inm="-" ims="-" ccreq="-"
2026-08-10T10:00:35+00:00 "GET /006/page?asset=%2F006%2Fasset%2Fapp.css%3Fv%3Dimmutable5%26sc%3D006%26cs%3Dfirefox-https-immutable5-stale%26br%3Dfirefox%26rt%3Dstale&cc=no-store&sc=006&cs=firefox-https-immutable5-stale&n=2 HTTP/1.1" status=200 sc=006 v=- cs=firefox-https-immutable5-stale br=- rt=- inm="-" ims="-" ccreq="-"
2026-08-10T10:00:35+00:00 "GET /006/asset/app.css?v=immutable5&sc=006&cs=firefox-https-immutable5-stale&br=firefox&rt=stale HTTP/1.1" status=304 sc=006 v=immutable5 cs=firefox-https-immutable5-stale br=firefox rt=stale inm="\x226a79595e-156\x22" ims="Mon, 10 Aug 2026 04:53:50 GMT" ccreq="-"
2026-08-10T10:00:38+00:00 "GET /006/page?asset=%2F006%2Fasset%2Fapp.css%3Fv%3Dimmutable5%26sc%3D006%26cs%3Dfirefox-https-immutable5-restart%26br%3Dfirefox%26rt%3Drestart&cc=no-store&sc=006&cs=firefox-https-immutable5-restart&n=1 HTTP/1.1" status=200 sc=006 v=- cs=firefox-https-immutable5-restart br=- rt=- inm="-" ims="-" ccreq="-"
2026-08-10T10:00:38+00:00 "GET /006/asset/app.css?v=immutable5&sc=006&cs=firefox-https-immutable5-restart&br=firefox&rt=restart HTTP/1.1" status=200 sc=006 v=immutable5 cs=firefox-https-immutable5-restart br=firefox rt=restart inm="-" ims="-" ccreq="-"
2026-08-10T10:00:40+00:00 "GET /006/page?asset=%2F006%2Fasset%2Fapp.css%3Fv%3Dimmutable5%26sc%3D006%26cs%3Dfirefox-https-immutable5-restart%26br%3Dfirefox%26rt%3Drestart&cc=no-store&sc=006&cs=firefox-https-immutable5-restart&n=2 HTTP/1.1" status=200 sc=006 v=- cs=firefox-https-immutable5-restart br=- rt=- inm="-" ims="-" ccreq="-"
2026-08-10T10:00:42+00:00 "GET /006/page?asset=%2F006%2Fasset%2Fapp.css%3Fv%3Dimmutable5%26sc%3D006%26cs%3Dfirefox-https-immutable5-fetch-nocache%26br%3Dfirefox%26rt%3Dfetch-nocache&cc=no-store&sc=006&cs=firefox-https-immutable5-fetch-nocache&n=1 HTTP/1.1" status=200 sc=006 v=- cs=firefox-https-immutable5-fetch-nocache br=- rt=- inm="-" ims="-" ccreq="-"
2026-08-10T10:00:42+00:00 "GET /006/asset/app.css?v=immutable5&sc=006&cs=firefox-https-immutable5-fetch-nocache&br=firefox&rt=fetch-nocache HTTP/1.1" status=200 sc=006 v=immutable5 cs=firefox-https-immutable5-fetch-nocache br=firefox rt=fetch-nocache inm="-" ims="-" ccreq="-"
2026-08-10T10:00:45+00:00 "GET /006/page?asset=%2F006%2Fasset%2Fapp.css%3Fv%3Dimmutable5%26sc%3D006%26cs%3Dfirefox-https-immutable5-fetch-reload%26br%3Dfirefox%26rt%3Dfetch-reload&cc=no-store&sc=006&cs=firefox-https-immutable5-fetch-reload&n=1 HTTP/1.1" status=200 sc=006 v=- cs=firefox-https-immutable5-fetch-reload br=- rt=- inm="-" ims="-" ccreq="-"
2026-08-10T10:00:45+00:00 "GET /006/asset/app.css?v=immutable5&sc=006&cs=firefox-https-immutable5-fetch-reload&br=firefox&rt=fetch-reload HTTP/1.1" status=200 sc=006 v=immutable5 cs=firefox-https-immutable5-fetch-reload br=firefox rt=fetch-reload inm="-" ims="-" ccreq="-"
2026-08-10T10:00:46+00:00 "GET /006/asset/app.css?v=immutable5&sc=006&cs=firefox-https-immutable5-fetch-reload&br=firefox&rt=fetch-reload HTTP/1.1" status=200 sc=006 v=immutable5 cs=firefox-https-immutable5-fetch-reload br=firefox rt=fetch-reload inm="-" ims="-" ccreq="no-cache"
2026-08-10T10:00:48+00:00 "GET /006/page?asset=%2F006%2Fasset%2Fapp.css%3Fv%3Dplain%26sc%3D006%26cs%3Dwebkit-http-plain-nav%26br%3Dwebkit%26rt%3Dnav&cc=no-store&sc=006&cs=webkit-http-plain-nav&n=1 HTTP/1.1" status=200 sc=006 v=- cs=webkit-http-plain-nav br=- rt=- inm="-" ims="-" ccreq="-"
2026-08-10T10:00:48+00:00 "GET /006/asset/app.css?v=plain&sc=006&cs=webkit-http-plain-nav&br=webkit&rt=nav HTTP/1.1" status=200 sc=006 v=plain cs=webkit-http-plain-nav br=webkit rt=nav inm="-" ims="-" ccreq="-"
2026-08-10T10:00:49+00:00 "GET /006/page?asset=%2F006%2Fasset%2Fapp.css%3Fv%3Dplain%26sc%3D006%26cs%3Dwebkit-http-plain-nav%26br%3Dwebkit%26rt%3Dnav&cc=no-store&sc=006&cs=webkit-http-plain-nav&n=2 HTTP/1.1" status=200 sc=006 v=- cs=webkit-http-plain-nav br=- rt=- inm="-" ims="-" ccreq="-"
2026-08-10T10:00:50+00:00 "GET /006/page?asset=%2F006%2Fasset%2Fapp.css%3Fv%3Dnostore%26sc%3D006%26cs%3Dwebkit-http-nostore-nav%26br%3Dwebkit%26rt%3Dnav&cc=no-store&sc=006&cs=webkit-http-nostore-nav&n=1 HTTP/1.1" status=200 sc=006 v=- cs=webkit-http-nostore-nav br=- rt=- inm="-" ims="-" ccreq="-"
2026-08-10T10:00:50+00:00 "GET /006/asset/app.css?v=nostore&sc=006&cs=webkit-http-nostore-nav&br=webkit&rt=nav HTTP/1.1" status=200 sc=006 v=nostore cs=webkit-http-nostore-nav br=webkit rt=nav inm="-" ims="-" ccreq="-"
2026-08-10T10:00:51+00:00 "GET /006/page?asset=%2F006%2Fasset%2Fapp.css%3Fv%3Dnostore%26sc%3D006%26cs%3Dwebkit-http-nostore-nav%26br%3Dwebkit%26rt%3Dnav&cc=no-store&sc=006&cs=webkit-http-nostore-nav&n=2 HTTP/1.1" status=200 sc=006 v=- cs=webkit-http-nostore-nav br=- rt=- inm="-" ims="-" ccreq="-"
2026-08-10T10:00:51+00:00 "GET /006/asset/app.css?v=nostore&sc=006&cs=webkit-http-nostore-nav&br=webkit&rt=nav HTTP/1.1" status=200 sc=006 v=nostore cs=webkit-http-nostore-nav br=webkit rt=nav inm="-" ims="-" ccreq="-"
2026-08-10T10:00:53+00:00 "GET /006/page?asset=%2F006%2Fasset%2Fapp.css%3Fv%3Dnocache%26sc%3D006%26cs%3Dwebkit-http-nocache-nav%26br%3Dwebkit%26rt%3Dnav&cc=no-store&sc=006&cs=webkit-http-nocache-nav&n=1 HTTP/1.1" status=200 sc=006 v=- cs=webkit-http-nocache-nav br=- rt=- inm="-" ims="-" ccreq="-"
2026-08-10T10:00:53+00:00 "GET /006/asset/app.css?v=nocache&sc=006&cs=webkit-http-nocache-nav&br=webkit&rt=nav HTTP/1.1" status=200 sc=006 v=nocache cs=webkit-http-nocache-nav br=webkit rt=nav inm="-" ims="-" ccreq="-"
2026-08-10T10:00:53+00:00 "GET /006/page?asset=%2F006%2Fasset%2Fapp.css%3Fv%3Dnocache%26sc%3D006%26cs%3Dwebkit-http-nocache-nav%26br%3Dwebkit%26rt%3Dnav&cc=no-store&sc=006&cs=webkit-http-nocache-nav&n=2 HTTP/1.1" status=200 sc=006 v=- cs=webkit-http-nocache-nav br=- rt=- inm="-" ims="-" ccreq="-"
2026-08-10T10:00:53+00:00 "GET /006/asset/app.css?v=nocache&sc=006&cs=webkit-http-nocache-nav&br=webkit&rt=nav HTTP/1.1" status=304 sc=006 v=nocache cs=webkit-http-nocache-nav br=webkit rt=nav inm="\x226a79595e-156\x22" ims="Mon, 10 Aug 2026 04:53:50 GMT" ccreq="-"
2026-08-10T10:00:55+00:00 "GET /006/page?asset=%2F006%2Fasset%2Fapp.css%3Fv%3Dplain%26sc%3D006%26cs%3Dwebkit-https-plain-nav%26br%3Dwebkit%26rt%3Dnav&cc=no-store&sc=006&cs=webkit-https-plain-nav&n=1 HTTP/1.1" status=200 sc=006 v=- cs=webkit-https-plain-nav br=- rt=- inm="-" ims="-" ccreq="-"
2026-08-10T10:00:55+00:00 "GET /006/asset/app.css?v=plain&sc=006&cs=webkit-https-plain-nav&br=webkit&rt=nav HTTP/1.1" status=200 sc=006 v=plain cs=webkit-https-plain-nav br=webkit rt=nav inm="-" ims="-" ccreq="-"
2026-08-10T10:00:55+00:00 "GET /006/page?asset=%2F006%2Fasset%2Fapp.css%3Fv%3Dplain%26sc%3D006%26cs%3Dwebkit-https-plain-nav%26br%3Dwebkit%26rt%3Dnav&cc=no-store&sc=006&cs=webkit-https-plain-nav&n=2 HTTP/1.1" status=200 sc=006 v=- cs=webkit-https-plain-nav br=- rt=- inm="-" ims="-" ccreq="-"
2026-08-10T10:00:57+00:00 "GET /006/page?asset=%2F006%2Fasset%2Fapp.css%3Fv%3Dnostore%26sc%3D006%26cs%3Dwebkit-https-nostore-nav%26br%3Dwebkit%26rt%3Dnav&cc=no-store&sc=006&cs=webkit-https-nostore-nav&n=1 HTTP/1.1" status=200 sc=006 v=- cs=webkit-https-nostore-nav br=- rt=- inm="-" ims="-" ccreq="-"
2026-08-10T10:00:57+00:00 "GET /006/asset/app.css?v=nostore&sc=006&cs=webkit-https-nostore-nav&br=webkit&rt=nav HTTP/1.1" status=200 sc=006 v=nostore cs=webkit-https-nostore-nav br=webkit rt=nav inm="-" ims="-" ccreq="-"
2026-08-10T10:00:58+00:00 "GET /006/page?asset=%2F006%2Fasset%2Fapp.css%3Fv%3Dnostore%26sc%3D006%26cs%3Dwebkit-https-nostore-nav%26br%3Dwebkit%26rt%3Dnav&cc=no-store&sc=006&cs=webkit-https-nostore-nav&n=2 HTTP/1.1" status=200 sc=006 v=- cs=webkit-https-nostore-nav br=- rt=- inm="-" ims="-" ccreq="-"
2026-08-10T10:00:58+00:00 "GET /006/asset/app.css?v=nostore&sc=006&cs=webkit-https-nostore-nav&br=webkit&rt=nav HTTP/1.1" status=200 sc=006 v=nostore cs=webkit-https-nostore-nav br=webkit rt=nav inm="-" ims="-" ccreq="-"
2026-08-10T10:00:59+00:00 "GET /006/page?asset=%2F006%2Fasset%2Fapp.css%3Fv%3Dnocache%26sc%3D006%26cs%3Dwebkit-https-nocache-nav%26br%3Dwebkit%26rt%3Dnav&cc=no-store&sc=006&cs=webkit-https-nocache-nav&n=1 HTTP/1.1" status=200 sc=006 v=- cs=webkit-https-nocache-nav br=- rt=- inm="-" ims="-" ccreq="-"
2026-08-10T10:00:59+00:00 "GET /006/asset/app.css?v=nocache&sc=006&cs=webkit-https-nocache-nav&br=webkit&rt=nav HTTP/1.1" status=200 sc=006 v=nocache cs=webkit-https-nocache-nav br=webkit rt=nav inm="-" ims="-" ccreq="-"
2026-08-10T10:01:00+00:00 "GET /006/page?asset=%2F006%2Fasset%2Fapp.css%3Fv%3Dnocache%26sc%3D006%26cs%3Dwebkit-https-nocache-nav%26br%3Dwebkit%26rt%3Dnav&cc=no-store&sc=006&cs=webkit-https-nocache-nav&n=2 HTTP/1.1" status=200 sc=006 v=- cs=webkit-https-nocache-nav br=- rt=- inm="-" ims="-" ccreq="-"
2026-08-10T10:01:00+00:00 "GET /006/asset/app.css?v=nocache&sc=006&cs=webkit-https-nocache-nav&br=webkit&rt=nav HTTP/1.1" status=304 sc=006 v=nocache cs=webkit-https-nocache-nav br=webkit rt=nav inm="\x226a79595e-156\x22" ims="Mon, 10 Aug 2026 04:53:50 GMT" ccreq="-"
2026-08-10T10:01:01+00:00 "GET /006/page?asset=%2F006%2Fasset%2Fapp.css%3Fv%3Dplain5%26sc%3D006%26cs%3Dwebkit-http-plain5-stale%26br%3Dwebkit%26rt%3Dstale&cc=no-store&sc=006&cs=webkit-http-plain5-stale&n=1 HTTP/1.1" status=200 sc=006 v=- cs=webkit-http-plain5-stale br=- rt=- inm="-" ims="-" ccreq="-"
2026-08-10T10:01:01+00:00 "GET /006/asset/app.css?v=plain5&sc=006&cs=webkit-http-plain5-stale&br=webkit&rt=stale HTTP/1.1" status=200 sc=006 v=plain5 cs=webkit-http-plain5-stale br=webkit rt=stale inm="-" ims="-" ccreq="-"
2026-08-10T10:01:09+00:00 "GET /006/page?asset=%2F006%2Fasset%2Fapp.css%3Fv%3Dplain5%26sc%3D006%26cs%3Dwebkit-http-plain5-stale%26br%3Dwebkit%26rt%3Dstale&cc=no-store&sc=006&cs=webkit-http-plain5-stale&n=2 HTTP/1.1" status=200 sc=006 v=- cs=webkit-http-plain5-stale br=- rt=- inm="-" ims="-" ccreq="-"
2026-08-10T10:01:09+00:00 "GET /006/asset/app.css?v=plain5&sc=006&cs=webkit-http-plain5-stale&br=webkit&rt=stale HTTP/1.1" status=304 sc=006 v=plain5 cs=webkit-http-plain5-stale br=webkit rt=stale inm="\x226a79595e-156\x22" ims="Mon, 10 Aug 2026 04:53:50 GMT" ccreq="-"
2026-08-10T10:01:11+00:00 "GET /006/page?asset=%2F006%2Fasset%2Fapp.css%3Fv%3Dplain5%26sc%3D006%26cs%3Dwebkit-http-plain5-restart%26br%3Dwebkit%26rt%3Drestart&cc=no-store&sc=006&cs=webkit-http-plain5-restart&n=1 HTTP/1.1" status=200 sc=006 v=- cs=webkit-http-plain5-restart br=- rt=- inm="-" ims="-" ccreq="-"
2026-08-10T10:01:11+00:00 "GET /006/asset/app.css?v=plain5&sc=006&cs=webkit-http-plain5-restart&br=webkit&rt=restart HTTP/1.1" status=200 sc=006 v=plain5 cs=webkit-http-plain5-restart br=webkit rt=restart inm="-" ims="-" ccreq="-"
2026-08-10T10:01:12+00:00 "GET /006/page?asset=%2F006%2Fasset%2Fapp.css%3Fv%3Dplain5%26sc%3D006%26cs%3Dwebkit-http-plain5-restart%26br%3Dwebkit%26rt%3Drestart&cc=no-store&sc=006&cs=webkit-http-plain5-restart&n=2 HTTP/1.1" status=200 sc=006 v=- cs=webkit-http-plain5-restart br=- rt=- inm="-" ims="-" ccreq="-"
2026-08-10T10:01:12+00:00 "GET /006/asset/app.css?v=plain5&sc=006&cs=webkit-http-plain5-restart&br=webkit&rt=restart HTTP/1.1" status=200 sc=006 v=plain5 cs=webkit-http-plain5-restart br=webkit rt=restart inm="-" ims="-" ccreq="-"
2026-08-10T10:01:13+00:00 "GET /006/page?asset=%2F006%2Fasset%2Fapp.css%3Fv%3Dplain5%26sc%3D006%26cs%3Dwebkit-http-plain5-fetch-nocache%26br%3Dwebkit%26rt%3Dfetch-nocache&cc=no-store&sc=006&cs=webkit-http-plain5-fetch-nocache&n=1 HTTP/1.1" status=200 sc=006 v=- cs=webkit-http-plain5-fetch-nocache br=- rt=- inm="-" ims="-" ccreq="-"
2026-08-10T10:01:13+00:00 "GET /006/asset/app.css?v=plain5&sc=006&cs=webkit-http-plain5-fetch-nocache&br=webkit&rt=fetch-nocache HTTP/1.1" status=200 sc=006 v=plain5 cs=webkit-http-plain5-fetch-nocache br=webkit rt=fetch-nocache inm="-" ims="-" ccreq="-"
2026-08-10T10:01:14+00:00 "GET /006/asset/app.css?v=plain5&sc=006&cs=webkit-http-plain5-fetch-nocache&br=webkit&rt=fetch-nocache HTTP/1.1" status=200 sc=006 v=plain5 cs=webkit-http-plain5-fetch-nocache br=webkit rt=fetch-nocache inm="-" ims="-" ccreq="max-age=0"
2026-08-10T10:01:16+00:00 "GET /006/page?asset=%2F006%2Fasset%2Fapp.css%3Fv%3Dplain5%26sc%3D006%26cs%3Dwebkit-http-plain5-fetch-reload%26br%3Dwebkit%26rt%3Dfetch-reload&cc=no-store&sc=006&cs=webkit-http-plain5-fetch-reload&n=1 HTTP/1.1" status=200 sc=006 v=- cs=webkit-http-plain5-fetch-reload br=- rt=- inm="-" ims="-" ccreq="-"
2026-08-10T10:01:16+00:00 "GET /006/asset/app.css?v=plain5&sc=006&cs=webkit-http-plain5-fetch-reload&br=webkit&rt=fetch-reload HTTP/1.1" status=200 sc=006 v=plain5 cs=webkit-http-plain5-fetch-reload br=webkit rt=fetch-reload inm="-" ims="-" ccreq="-"
2026-08-10T10:01:16+00:00 "GET /006/asset/app.css?v=plain5&sc=006&cs=webkit-http-plain5-fetch-reload&br=webkit&rt=fetch-reload HTTP/1.1" status=200 sc=006 v=plain5 cs=webkit-http-plain5-fetch-reload br=webkit rt=fetch-reload inm="-" ims="-" ccreq="no-cache"
2026-08-10T10:01:18+00:00 "GET /006/page?asset=%2F006%2Fasset%2Fapp.css%3Fv%3Dimmutable5%26sc%3D006%26cs%3Dwebkit-http-immutable5-stale%26br%3Dwebkit%26rt%3Dstale&cc=no-store&sc=006&cs=webkit-http-immutable5-stale&n=1 HTTP/1.1" status=200 sc=006 v=- cs=webkit-http-immutable5-stale br=- rt=- inm="-" ims="-" ccreq="-"
2026-08-10T10:01:18+00:00 "GET /006/asset/app.css?v=immutable5&sc=006&cs=webkit-http-immutable5-stale&br=webkit&rt=stale HTTP/1.1" status=200 sc=006 v=immutable5 cs=webkit-http-immutable5-stale br=webkit rt=stale inm="-" ims="-" ccreq="-"
2026-08-10T10:01:25+00:00 "GET /006/page?asset=%2F006%2Fasset%2Fapp.css%3Fv%3Dimmutable5%26sc%3D006%26cs%3Dwebkit-http-immutable5-stale%26br%3Dwebkit%26rt%3Dstale&cc=no-store&sc=006&cs=webkit-http-immutable5-stale&n=2 HTTP/1.1" status=200 sc=006 v=- cs=webkit-http-immutable5-stale br=- rt=- inm="-" ims="-" ccreq="-"
2026-08-10T10:01:25+00:00 "GET /006/asset/app.css?v=immutable5&sc=006&cs=webkit-http-immutable5-stale&br=webkit&rt=stale HTTP/1.1" status=304 sc=006 v=immutable5 cs=webkit-http-immutable5-stale br=webkit rt=stale inm="\x226a79595e-156\x22" ims="Mon, 10 Aug 2026 04:53:50 GMT" ccreq="-"
2026-08-10T10:01:27+00:00 "GET /006/page?asset=%2F006%2Fasset%2Fapp.css%3Fv%3Dimmutable5%26sc%3D006%26cs%3Dwebkit-http-immutable5-restart%26br%3Dwebkit%26rt%3Drestart&cc=no-store&sc=006&cs=webkit-http-immutable5-restart&n=1 HTTP/1.1" status=200 sc=006 v=- cs=webkit-http-immutable5-restart br=- rt=- inm="-" ims="-" ccreq="-"
2026-08-10T10:01:27+00:00 "GET /006/asset/app.css?v=immutable5&sc=006&cs=webkit-http-immutable5-restart&br=webkit&rt=restart HTTP/1.1" status=200 sc=006 v=immutable5 cs=webkit-http-immutable5-restart br=webkit rt=restart inm="-" ims="-" ccreq="-"
2026-08-10T10:01:28+00:00 "GET /006/page?asset=%2F006%2Fasset%2Fapp.css%3Fv%3Dimmutable5%26sc%3D006%26cs%3Dwebkit-http-immutable5-restart%26br%3Dwebkit%26rt%3Drestart&cc=no-store&sc=006&cs=webkit-http-immutable5-restart&n=2 HTTP/1.1" status=200 sc=006 v=- cs=webkit-http-immutable5-restart br=- rt=- inm="-" ims="-" ccreq="-"
2026-08-10T10:01:28+00:00 "GET /006/asset/app.css?v=immutable5&sc=006&cs=webkit-http-immutable5-restart&br=webkit&rt=restart HTTP/1.1" status=200 sc=006 v=immutable5 cs=webkit-http-immutable5-restart br=webkit rt=restart inm="-" ims="-" ccreq="-"
2026-08-10T10:01:30+00:00 "GET /006/page?asset=%2F006%2Fasset%2Fapp.css%3Fv%3Dimmutable5%26sc%3D006%26cs%3Dwebkit-http-immutable5-fetch-nocache%26br%3Dwebkit%26rt%3Dfetch-nocache&cc=no-store&sc=006&cs=webkit-http-immutable5-fetch-nocache&n=1 HTTP/1.1" status=200 sc=006 v=- cs=webkit-http-immutable5-fetch-nocache br=- rt=- inm="-" ims="-" ccreq="-"
2026-08-10T10:01:30+00:00 "GET /006/asset/app.css?v=immutable5&sc=006&cs=webkit-http-immutable5-fetch-nocache&br=webkit&rt=fetch-nocache HTTP/1.1" status=200 sc=006 v=immutable5 cs=webkit-http-immutable5-fetch-nocache br=webkit rt=fetch-nocache inm="-" ims="-" ccreq="-"
2026-08-10T10:01:31+00:00 "GET /006/asset/app.css?v=immutable5&sc=006&cs=webkit-http-immutable5-fetch-nocache&br=webkit&rt=fetch-nocache HTTP/1.1" status=200 sc=006 v=immutable5 cs=webkit-http-immutable5-fetch-nocache br=webkit rt=fetch-nocache inm="-" ims="-" ccreq="max-age=0"
2026-08-10T10:01:32+00:00 "GET /006/page?asset=%2F006%2Fasset%2Fapp.css%3Fv%3Dimmutable5%26sc%3D006%26cs%3Dwebkit-http-immutable5-fetch-reload%26br%3Dwebkit%26rt%3Dfetch-reload&cc=no-store&sc=006&cs=webkit-http-immutable5-fetch-reload&n=1 HTTP/1.1" status=200 sc=006 v=- cs=webkit-http-immutable5-fetch-reload br=- rt=- inm="-" ims="-" ccreq="-"
2026-08-10T10:01:32+00:00 "GET /006/asset/app.css?v=immutable5&sc=006&cs=webkit-http-immutable5-fetch-reload&br=webkit&rt=fetch-reload HTTP/1.1" status=200 sc=006 v=immutable5 cs=webkit-http-immutable5-fetch-reload br=webkit rt=fetch-reload inm="-" ims="-" ccreq="-"
2026-08-10T10:01:33+00:00 "GET /006/asset/app.css?v=immutable5&sc=006&cs=webkit-http-immutable5-fetch-reload&br=webkit&rt=fetch-reload HTTP/1.1" status=200 sc=006 v=immutable5 cs=webkit-http-immutable5-fetch-reload br=webkit rt=fetch-reload inm="-" ims="-" ccreq="no-cache"
2026-08-10T10:01:34+00:00 "GET /006/page?asset=%2F006%2Fasset%2Fapp.css%3Fv%3Dplain5%26sc%3D006%26cs%3Dwebkit-https-plain5-stale%26br%3Dwebkit%26rt%3Dstale&cc=no-store&sc=006&cs=webkit-https-plain5-stale&n=1 HTTP/1.1" status=200 sc=006 v=- cs=webkit-https-plain5-stale br=- rt=- inm="-" ims="-" ccreq="-"
2026-08-10T10:01:34+00:00 "GET /006/asset/app.css?v=plain5&sc=006&cs=webkit-https-plain5-stale&br=webkit&rt=stale HTTP/1.1" status=200 sc=006 v=plain5 cs=webkit-https-plain5-stale br=webkit rt=stale inm="-" ims="-" ccreq="-"
2026-08-10T10:01:42+00:00 "GET /006/page?asset=%2F006%2Fasset%2Fapp.css%3Fv%3Dplain5%26sc%3D006%26cs%3Dwebkit-https-plain5-stale%26br%3Dwebkit%26rt%3Dstale&cc=no-store&sc=006&cs=webkit-https-plain5-stale&n=2 HTTP/1.1" status=200 sc=006 v=- cs=webkit-https-plain5-stale br=- rt=- inm="-" ims="-" ccreq="-"
2026-08-10T10:01:42+00:00 "GET /006/asset/app.css?v=plain5&sc=006&cs=webkit-https-plain5-stale&br=webkit&rt=stale HTTP/1.1" status=304 sc=006 v=plain5 cs=webkit-https-plain5-stale br=webkit rt=stale inm="\x226a79595e-156\x22" ims="Mon, 10 Aug 2026 04:53:50 GMT" ccreq="-"
2026-08-10T10:01:44+00:00 "GET /006/page?asset=%2F006%2Fasset%2Fapp.css%3Fv%3Dplain5%26sc%3D006%26cs%3Dwebkit-https-plain5-restart%26br%3Dwebkit%26rt%3Drestart&cc=no-store&sc=006&cs=webkit-https-plain5-restart&n=1 HTTP/1.1" status=200 sc=006 v=- cs=webkit-https-plain5-restart br=- rt=- inm="-" ims="-" ccreq="-"
2026-08-10T10:01:44+00:00 "GET /006/asset/app.css?v=plain5&sc=006&cs=webkit-https-plain5-restart&br=webkit&rt=restart HTTP/1.1" status=200 sc=006 v=plain5 cs=webkit-https-plain5-restart br=webkit rt=restart inm="-" ims="-" ccreq="-"
2026-08-10T10:01:45+00:00 "GET /006/page?asset=%2F006%2Fasset%2Fapp.css%3Fv%3Dplain5%26sc%3D006%26cs%3Dwebkit-https-plain5-restart%26br%3Dwebkit%26rt%3Drestart&cc=no-store&sc=006&cs=webkit-https-plain5-restart&n=2 HTTP/1.1" status=200 sc=006 v=- cs=webkit-https-plain5-restart br=- rt=- inm="-" ims="-" ccreq="-"
2026-08-10T10:01:45+00:00 "GET /006/asset/app.css?v=plain5&sc=006&cs=webkit-https-plain5-restart&br=webkit&rt=restart HTTP/1.1" status=200 sc=006 v=plain5 cs=webkit-https-plain5-restart br=webkit rt=restart inm="-" ims="-" ccreq="-"
2026-08-10T10:01:46+00:00 "GET /006/page?asset=%2F006%2Fasset%2Fapp.css%3Fv%3Dplain5%26sc%3D006%26cs%3Dwebkit-https-plain5-fetch-nocache%26br%3Dwebkit%26rt%3Dfetch-nocache&cc=no-store&sc=006&cs=webkit-https-plain5-fetch-nocache&n=1 HTTP/1.1" status=200 sc=006 v=- cs=webkit-https-plain5-fetch-nocache br=- rt=- inm="-" ims="-" ccreq="-"
2026-08-10T10:01:46+00:00 "GET /006/asset/app.css?v=plain5&sc=006&cs=webkit-https-plain5-fetch-nocache&br=webkit&rt=fetch-nocache HTTP/1.1" status=200 sc=006 v=plain5 cs=webkit-https-plain5-fetch-nocache br=webkit rt=fetch-nocache inm="-" ims="-" ccreq="-"
2026-08-10T10:01:47+00:00 "GET /006/asset/app.css?v=plain5&sc=006&cs=webkit-https-plain5-fetch-nocache&br=webkit&rt=fetch-nocache HTTP/1.1" status=200 sc=006 v=plain5 cs=webkit-https-plain5-fetch-nocache br=webkit rt=fetch-nocache inm="-" ims="-" ccreq="max-age=0"
2026-08-10T10:01:49+00:00 "GET /006/page?asset=%2F006%2Fasset%2Fapp.css%3Fv%3Dplain5%26sc%3D006%26cs%3Dwebkit-https-plain5-fetch-reload%26br%3Dwebkit%26rt%3Dfetch-reload&cc=no-store&sc=006&cs=webkit-https-plain5-fetch-reload&n=1 HTTP/1.1" status=200 sc=006 v=- cs=webkit-https-plain5-fetch-reload br=- rt=- inm="-" ims="-" ccreq="-"
2026-08-10T10:01:49+00:00 "GET /006/asset/app.css?v=plain5&sc=006&cs=webkit-https-plain5-fetch-reload&br=webkit&rt=fetch-reload HTTP/1.1" status=200 sc=006 v=plain5 cs=webkit-https-plain5-fetch-reload br=webkit rt=fetch-reload inm="-" ims="-" ccreq="-"
2026-08-10T10:01:49+00:00 "GET /006/asset/app.css?v=plain5&sc=006&cs=webkit-https-plain5-fetch-reload&br=webkit&rt=fetch-reload HTTP/1.1" status=200 sc=006 v=plain5 cs=webkit-https-plain5-fetch-reload br=webkit rt=fetch-reload inm="-" ims="-" ccreq="no-cache"
2026-08-10T10:01:51+00:00 "GET /006/page?asset=%2F006%2Fasset%2Fapp.css%3Fv%3Dimmutable5%26sc%3D006%26cs%3Dwebkit-https-immutable5-stale%26br%3Dwebkit%26rt%3Dstale&cc=no-store&sc=006&cs=webkit-https-immutable5-stale&n=1 HTTP/1.1" status=200 sc=006 v=- cs=webkit-https-immutable5-stale br=- rt=- inm="-" ims="-" ccreq="-"
2026-08-10T10:01:51+00:00 "GET /006/asset/app.css?v=immutable5&sc=006&cs=webkit-https-immutable5-stale&br=webkit&rt=stale HTTP/1.1" status=200 sc=006 v=immutable5 cs=webkit-https-immutable5-stale br=webkit rt=stale inm="-" ims="-" ccreq="-"
2026-08-10T10:01:58+00:00 "GET /006/page?asset=%2F006%2Fasset%2Fapp.css%3Fv%3Dimmutable5%26sc%3D006%26cs%3Dwebkit-https-immutable5-stale%26br%3Dwebkit%26rt%3Dstale&cc=no-store&sc=006&cs=webkit-https-immutable5-stale&n=2 HTTP/1.1" status=200 sc=006 v=- cs=webkit-https-immutable5-stale br=- rt=- inm="-" ims="-" ccreq="-"
2026-08-10T10:01:58+00:00 "GET /006/asset/app.css?v=immutable5&sc=006&cs=webkit-https-immutable5-stale&br=webkit&rt=stale HTTP/1.1" status=304 sc=006 v=immutable5 cs=webkit-https-immutable5-stale br=webkit rt=stale inm="\x226a79595e-156\x22" ims="Mon, 10 Aug 2026 04:53:50 GMT" ccreq="-"
2026-08-10T10:02:00+00:00 "GET /006/page?asset=%2F006%2Fasset%2Fapp.css%3Fv%3Dimmutable5%26sc%3D006%26cs%3Dwebkit-https-immutable5-restart%26br%3Dwebkit%26rt%3Drestart&cc=no-store&sc=006&cs=webkit-https-immutable5-restart&n=1 HTTP/1.1" status=200 sc=006 v=- cs=webkit-https-immutable5-restart br=- rt=- inm="-" ims="-" ccreq="-"
2026-08-10T10:02:00+00:00 "GET /006/asset/app.css?v=immutable5&sc=006&cs=webkit-https-immutable5-restart&br=webkit&rt=restart HTTP/1.1" status=200 sc=006 v=immutable5 cs=webkit-https-immutable5-restart br=webkit rt=restart inm="-" ims="-" ccreq="-"
2026-08-10T10:02:01+00:00 "GET /006/page?asset=%2F006%2Fasset%2Fapp.css%3Fv%3Dimmutable5%26sc%3D006%26cs%3Dwebkit-https-immutable5-restart%26br%3Dwebkit%26rt%3Drestart&cc=no-store&sc=006&cs=webkit-https-immutable5-restart&n=2 HTTP/1.1" status=200 sc=006 v=- cs=webkit-https-immutable5-restart br=- rt=- inm="-" ims="-" ccreq="-"
2026-08-10T10:02:01+00:00 "GET /006/asset/app.css?v=immutable5&sc=006&cs=webkit-https-immutable5-restart&br=webkit&rt=restart HTTP/1.1" status=200 sc=006 v=immutable5 cs=webkit-https-immutable5-restart br=webkit rt=restart inm="-" ims="-" ccreq="-"
2026-08-10T10:02:03+00:00 "GET /006/page?asset=%2F006%2Fasset%2Fapp.css%3Fv%3Dimmutable5%26sc%3D006%26cs%3Dwebkit-https-immutable5-fetch-nocache%26br%3Dwebkit%26rt%3Dfetch-nocache&cc=no-store&sc=006&cs=webkit-https-immutable5-fetch-nocache&n=1 HTTP/1.1" status=200 sc=006 v=- cs=webkit-https-immutable5-fetch-nocache br=- rt=- inm="-" ims="-" ccreq="-"
2026-08-10T10:02:03+00:00 "GET /006/asset/app.css?v=immutable5&sc=006&cs=webkit-https-immutable5-fetch-nocache&br=webkit&rt=fetch-nocache HTTP/1.1" status=200 sc=006 v=immutable5 cs=webkit-https-immutable5-fetch-nocache br=webkit rt=fetch-nocache inm="-" ims="-" ccreq="-"
2026-08-10T10:02:04+00:00 "GET /006/asset/app.css?v=immutable5&sc=006&cs=webkit-https-immutable5-fetch-nocache&br=webkit&rt=fetch-nocache HTTP/1.1" status=200 sc=006 v=immutable5 cs=webkit-https-immutable5-fetch-nocache br=webkit rt=fetch-nocache inm="-" ims="-" ccreq="max-age=0"
2026-08-10T10:02:05+00:00 "GET /006/page?asset=%2F006%2Fasset%2Fapp.css%3Fv%3Dimmutable5%26sc%3D006%26cs%3Dwebkit-https-immutable5-fetch-reload%26br%3Dwebkit%26rt%3Dfetch-reload&cc=no-store&sc=006&cs=webkit-https-immutable5-fetch-reload&n=1 HTTP/1.1" status=200 sc=006 v=- cs=webkit-https-immutable5-fetch-reload br=- rt=- inm="-" ims="-" ccreq="-"
2026-08-10T10:02:05+00:00 "GET /006/asset/app.css?v=immutable5&sc=006&cs=webkit-https-immutable5-fetch-reload&br=webkit&rt=fetch-reload HTTP/1.1" status=200 sc=006 v=immutable5 cs=webkit-https-immutable5-fetch-reload br=webkit rt=fetch-reload inm="-" ims="-" ccreq="-"
2026-08-10T10:02:06+00:00 "GET /006/asset/app.css?v=immutable5&sc=006&cs=webkit-https-immutable5-fetch-reload&br=webkit&rt=fetch-reload HTTP/1.1" status=200 sc=006 v=immutable5 cs=webkit-https-immutable5-fetch-reload br=webkit rt=fetch-reload inm="-" ims="-" ccreq="no-cache"
2026-08-10T12:03:10+00:00 "GET /006/asset/app.css?v=nocache HTTP/1.1" status=200 sc=- v=nocache cs=- br=- rt=- inm="-" ims="-" ccreq="-"
2026-08-10T12:03:10+00:00 "HEAD /006/asset/app.css?v=nocache HTTP/1.1" status=200 sc=- v=nocache cs=- br=- rt=- inm="-" ims="-" ccreq="-"
2026-08-10T12:03:10+00:00 "GET /006/asset/app.css?v=nocache HTTP/1.1" status=304 sc=- v=nocache cs=- br=- rt=- inm="\x226a79595e-156\x22" ims="-" ccreq="-"
2026-08-10T12:03:10+00:00 "GET /006/asset/app.css?v=nostore HTTP/1.1" status=200 sc=- v=nostore cs=- br=- rt=- inm="-" ims="-" ccreq="-"
2026-08-10T12:03:27+00:00 "GET /006/asset/app.css?v=nocache HTTP/1.1" status=200 sc=- v=nocache cs=- br=- rt=- inm="-" ims="-" ccreq="-"
2026-08-10T12:03:27+00:00 "GET /006/asset/app.css?v=nocache HTTP/1.1" status=304 sc=- v=nocache cs=- br=- rt=- inm="\x226a79595e-156\x22" ims="-" ccreq="-"
2026-08-10T12:03:27+00:00 "GET /006/asset/app.css?v=nostore HTTP/1.1" status=200 sc=- v=nostore cs=- br=- rt=- inm="-" ims="-" ccreq="-"
2026-08-10T12:22:24+00:00 "HEAD /006/exp/expires-only.css HTTP/1.1" status=200 sc=- v=- cs=- br=- rt=- inm="-" ims="-" ccreq="-"
2026-08-10T12:22:24+00:00 "HEAD /006/exp/nest/child-own.css HTTP/1.1" status=200 sc=- v=- cs=- br=- rt=- inm="-" ims="-" ccreq="-"
2026-08-10T14:31:24+00:00 "GET /006/exp/expires-only.css?sc=expdir HTTP/1.1" status=200 sc=expdir v=- cs=- br=- rt=- inm="-" ims="-" ccreq="-"
2026-08-10T14:31:24+00:00 "GET /006/exp/max.css?sc=expdir HTTP/1.1" status=200 sc=expdir v=- cs=- br=- rt=- inm="-" ims="-" ccreq="-"
2026-08-10T14:31:24+00:00 "GET /006/exp/minus.css?sc=expdir HTTP/1.1" status=200 sc=expdir v=- cs=- br=- rt=- inm="-" ims="-" ccreq="-"
2026-08-10T14:31:25+00:00 "GET /006/exp/epoch.css?sc=expdir HTTP/1.1" status=200 sc=expdir v=- cs=- br=- rt=- inm="-" ims="-" ccreq="-"
2026-08-10T14:31:25+00:00 "GET /006/exp/off.css?sc=expdir HTTP/1.1" status=200 sc=expdir v=- cs=- br=- rt=- inm="-" ims="-" ccreq="-"
2026-08-10T14:31:25+00:00 "GET /006/exp/error.css?sc=expdir HTTP/1.1" status=500 sc=expdir v=- cs=- br=- rt=- inm="-" ims="-" ccreq="-"
2026-08-10T22:32:48+00:00 "HEAD /006/asset/app.css?v=mustrev5 HTTP/1.1" status=200 sc=- v=mustrev5 cs=- br=- rt=- inm="-" ims="-" ccreq="-"
2026-08-10T22:32:48+00:00 "HEAD /006/asset/app.css?v=plain5 HTTP/1.1" status=200 sc=- v=plain5 cs=- br=- rt=- inm="-" ims="-" ccreq="-"
2026-08-10T22:32:54+00:00 "GET /006/page?asset=%2F006%2Fasset%2Fapp.css%3Fv%3Dplain%26sc%3D006%26cs%3Dchromium-https-plain-nav%26br%3Dchromium%26rt%3Dnav&cc=no-store&sc=006&cs=chromium-https-plain-nav&n=1 HTTP/1.1" status=200 sc=006 v=- cs=chromium-https-plain-nav br=- rt=- inm="-" ims="-" ccreq="-"
2026-08-10T22:32:54+00:00 "GET /006/asset/app.css?v=plain&sc=006&cs=chromium-https-plain-nav&br=chromium&rt=nav HTTP/1.1" status=200 sc=006 v=plain cs=chromium-https-plain-nav br=chromium rt=nav inm="-" ims="-" ccreq="-"
2026-08-10T22:32:55+00:00 "GET /006/page?asset=%2F006%2Fasset%2Fapp.css%3Fv%3Dplain%26sc%3D006%26cs%3Dchromium-https-plain-nav%26br%3Dchromium%26rt%3Dnav&cc=no-store&sc=006&cs=chromium-https-plain-nav&n=2 HTTP/1.1" status=200 sc=006 v=- cs=chromium-https-plain-nav br=- rt=- inm="-" ims="-" ccreq="-"
2026-08-10T22:32:56+00:00 "GET /006/page?asset=%2F006%2Fasset%2Fapp.css%3Fv%3Dnostore%26sc%3D006%26cs%3Dchromium-https-nostore-nav%26br%3Dchromium%26rt%3Dnav&cc=no-store&sc=006&cs=chromium-https-nostore-nav&n=1 HTTP/1.1" status=200 sc=006 v=- cs=chromium-https-nostore-nav br=- rt=- inm="-" ims="-" ccreq="-"
2026-08-10T22:32:56+00:00 "GET /006/asset/app.css?v=nostore&sc=006&cs=chromium-https-nostore-nav&br=chromium&rt=nav HTTP/1.1" status=200 sc=006 v=nostore cs=chromium-https-nostore-nav br=chromium rt=nav inm="-" ims="-" ccreq="-"
2026-08-10T22:32:57+00:00 "GET /006/page?asset=%2F006%2Fasset%2Fapp.css%3Fv%3Dnostore%26sc%3D006%26cs%3Dchromium-https-nostore-nav%26br%3Dchromium%26rt%3Dnav&cc=no-store&sc=006&cs=chromium-https-nostore-nav&n=2 HTTP/1.1" status=200 sc=006 v=- cs=chromium-https-nostore-nav br=- rt=- inm="-" ims="-" ccreq="-"
2026-08-10T22:32:57+00:00 "GET /006/asset/app.css?v=nostore&sc=006&cs=chromium-https-nostore-nav&br=chromium&rt=nav HTTP/1.1" status=200 sc=006 v=nostore cs=chromium-https-nostore-nav br=chromium rt=nav inm="-" ims="-" ccreq="-"
2026-08-10T22:32:58+00:00 "GET /006/page?asset=%2F006%2Fasset%2Fapp.css%3Fv%3Dnocache%26sc%3D006%26cs%3Dchromium-https-nocache-nav%26br%3Dchromium%26rt%3Dnav&cc=no-store&sc=006&cs=chromium-https-nocache-nav&n=1 HTTP/1.1" status=200 sc=006 v=- cs=chromium-https-nocache-nav br=- rt=- inm="-" ims="-" ccreq="-"
2026-08-10T22:32:58+00:00 "GET /006/asset/app.css?v=nocache&sc=006&cs=chromium-https-nocache-nav&br=chromium&rt=nav HTTP/1.1" status=200 sc=006 v=nocache cs=chromium-https-nocache-nav br=chromium rt=nav inm="-" ims="-" ccreq="-"
2026-08-10T22:32:59+00:00 "GET /006/page?asset=%2F006%2Fasset%2Fapp.css%3Fv%3Dnocache%26sc%3D006%26cs%3Dchromium-https-nocache-nav%26br%3Dchromium%26rt%3Dnav&cc=no-store&sc=006&cs=chromium-https-nocache-nav&n=2 HTTP/1.1" status=200 sc=006 v=- cs=chromium-https-nocache-nav br=- rt=- inm="-" ims="-" ccreq="-"
2026-08-10T22:32:59+00:00 "GET /006/asset/app.css?v=nocache&sc=006&cs=chromium-https-nocache-nav&br=chromium&rt=nav HTTP/1.1" status=304 sc=006 v=nocache cs=chromium-https-nocache-nav br=chromium rt=nav inm="\x226a79595e-156\x22" ims="Mon, 10 Aug 2026 04:53:50 GMT" ccreq="-"
2026-08-10T22:33:00+00:00 "GET /006/page?asset=%2F006%2Fasset%2Fapp.css%3Fv%3Dplain5%26sc%3D006%26cs%3Dchromium-https-plain5-stale%26br%3Dchromium%26rt%3Dstale&cc=no-store&sc=006&cs=chromium-https-plain5-stale&n=1 HTTP/1.1" status=200 sc=006 v=- cs=chromium-https-plain5-stale br=- rt=- inm="-" ims="-" ccreq="-"
2026-08-10T22:33:00+00:00 "GET /006/asset/app.css?v=plain5&sc=006&cs=chromium-https-plain5-stale&br=chromium&rt=stale HTTP/1.1" status=200 sc=006 v=plain5 cs=chromium-https-plain5-stale br=chromium rt=stale inm="-" ims="-" ccreq="-"
2026-08-10T22:33:08+00:00 "GET /006/page?asset=%2F006%2Fasset%2Fapp.css%3Fv%3Dplain5%26sc%3D006%26cs%3Dchromium-https-plain5-stale%26br%3Dchromium%26rt%3Dstale&cc=no-store&sc=006&cs=chromium-https-plain5-stale&n=2 HTTP/1.1" status=200 sc=006 v=- cs=chromium-https-plain5-stale br=- rt=- inm="-" ims="-" ccreq="-"
2026-08-10T22:33:08+00:00 "GET /006/asset/app.css?v=plain5&sc=006&cs=chromium-https-plain5-stale&br=chromium&rt=stale HTTP/1.1" status=304 sc=006 v=plain5 cs=chromium-https-plain5-stale br=chromium rt=stale inm="\x226a79595e-156\x22" ims="Mon, 10 Aug 2026 04:53:50 GMT" ccreq="-"
2026-08-10T22:33:09+00:00 "GET /006/page?asset=%2F006%2Fasset%2Fapp.css%3Fv%3Dmustrev5%26sc%3D006%26cs%3Dchromium-https-mustrev5-stale%26br%3Dchromium%26rt%3Dstale&cc=no-store&sc=006&cs=chromium-https-mustrev5-stale&n=1 HTTP/1.1" status=200 sc=006 v=- cs=chromium-https-mustrev5-stale br=- rt=- inm="-" ims="-" ccreq="-"
2026-08-10T22:33:09+00:00 "GET /006/asset/app.css?v=mustrev5&sc=006&cs=chromium-https-mustrev5-stale&br=chromium&rt=stale HTTP/1.1" status=200 sc=006 v=mustrev5 cs=chromium-https-mustrev5-stale br=chromium rt=stale inm="-" ims="-" ccreq="-"
2026-08-10T22:33:16+00:00 "GET /006/page?asset=%2F006%2Fasset%2Fapp.css%3Fv%3Dmustrev5%26sc%3D006%26cs%3Dchromium-https-mustrev5-stale%26br%3Dchromium%26rt%3Dstale&cc=no-store&sc=006&cs=chromium-https-mustrev5-stale&n=2 HTTP/1.1" status=200 sc=006 v=- cs=chromium-https-mustrev5-stale br=- rt=- inm="-" ims="-" ccreq="-"
2026-08-10T22:33:16+00:00 "GET /006/asset/app.css?v=mustrev5&sc=006&cs=chromium-https-mustrev5-stale&br=chromium&rt=stale HTTP/1.1" status=304 sc=006 v=mustrev5 cs=chromium-https-mustrev5-stale br=chromium rt=stale inm="\x226a79595e-156\x22" ims="Mon, 10 Aug 2026 04:53:50 GMT" ccreq="-"
2026-08-10T22:33:21+00:00 "GET /006/page?asset=%2F006%2Fasset%2Fapp.css%3Fv%3Dplain%26sc%3D006%26cs%3Dfirefox-https-plain-nav%26br%3Dfirefox%26rt%3Dnav&cc=no-store&sc=006&cs=firefox-https-plain-nav&n=1 HTTP/1.1" status=200 sc=006 v=- cs=firefox-https-plain-nav br=- rt=- inm="-" ims="-" ccreq="-"
2026-08-10T22:33:21+00:00 "GET /006/asset/app.css?v=plain&sc=006&cs=firefox-https-plain-nav&br=firefox&rt=nav HTTP/1.1" status=200 sc=006 v=plain cs=firefox-https-plain-nav br=firefox rt=nav inm="-" ims="-" ccreq="-"
2026-08-10T22:33:21+00:00 "GET /006/page?asset=%2F006%2Fasset%2Fapp.css%3Fv%3Dplain%26sc%3D006%26cs%3Dfirefox-https-plain-nav%26br%3Dfirefox%26rt%3Dnav&cc=no-store&sc=006&cs=firefox-https-plain-nav&n=2 HTTP/1.1" status=200 sc=006 v=- cs=firefox-https-plain-nav br=- rt=- inm="-" ims="-" ccreq="-"
2026-08-10T22:33:23+00:00 "GET /006/page?asset=%2F006%2Fasset%2Fapp.css%3Fv%3Dnostore%26sc%3D006%26cs%3Dfirefox-https-nostore-nav%26br%3Dfirefox%26rt%3Dnav&cc=no-store&sc=006&cs=firefox-https-nostore-nav&n=1 HTTP/1.1" status=200 sc=006 v=- cs=firefox-https-nostore-nav br=- rt=- inm="-" ims="-" ccreq="-"
2026-08-10T22:33:23+00:00 "GET /006/asset/app.css?v=nostore&sc=006&cs=firefox-https-nostore-nav&br=firefox&rt=nav HTTP/1.1" status=200 sc=006 v=nostore cs=firefox-https-nostore-nav br=firefox rt=nav inm="-" ims="-" ccreq="-"
2026-08-10T22:33:24+00:00 "GET /006/page?asset=%2F006%2Fasset%2Fapp.css%3Fv%3Dnostore%26sc%3D006%26cs%3Dfirefox-https-nostore-nav%26br%3Dfirefox%26rt%3Dnav&cc=no-store&sc=006&cs=firefox-https-nostore-nav&n=2 HTTP/1.1" status=200 sc=006 v=- cs=firefox-https-nostore-nav br=- rt=- inm="-" ims="-" ccreq="-"
2026-08-10T22:33:24+00:00 "GET /006/asset/app.css?v=nostore&sc=006&cs=firefox-https-nostore-nav&br=firefox&rt=nav HTTP/1.1" status=200 sc=006 v=nostore cs=firefox-https-nostore-nav br=firefox rt=nav inm="-" ims="-" ccreq="-"
2026-08-10T22:33:26+00:00 "GET /006/page?asset=%2F006%2Fasset%2Fapp.css%3Fv%3Dnocache%26sc%3D006%26cs%3Dfirefox-https-nocache-nav%26br%3Dfirefox%26rt%3Dnav&cc=no-store&sc=006&cs=firefox-https-nocache-nav&n=1 HTTP/1.1" status=200 sc=006 v=- cs=firefox-https-nocache-nav br=- rt=- inm="-" ims="-" ccreq="-"
2026-08-10T22:33:26+00:00 "GET /006/asset/app.css?v=nocache&sc=006&cs=firefox-https-nocache-nav&br=firefox&rt=nav HTTP/1.1" status=200 sc=006 v=nocache cs=firefox-https-nocache-nav br=firefox rt=nav inm="-" ims="-" ccreq="-"
2026-08-10T22:33:27+00:00 "GET /006/page?asset=%2F006%2Fasset%2Fapp.css%3Fv%3Dnocache%26sc%3D006%26cs%3Dfirefox-https-nocache-nav%26br%3Dfirefox%26rt%3Dnav&cc=no-store&sc=006&cs=firefox-https-nocache-nav&n=2 HTTP/1.1" status=200 sc=006 v=- cs=firefox-https-nocache-nav br=- rt=- inm="-" ims="-" ccreq="-"
2026-08-10T22:33:27+00:00 "GET /006/asset/app.css?v=nocache&sc=006&cs=firefox-https-nocache-nav&br=firefox&rt=nav HTTP/1.1" status=304 sc=006 v=nocache cs=firefox-https-nocache-nav br=firefox rt=nav inm="\x226a79595e-156\x22" ims="Mon, 10 Aug 2026 04:53:50 GMT" ccreq="-"
2026-08-10T22:33:29+00:00 "GET /006/page?asset=%2F006%2Fasset%2Fapp.css%3Fv%3Dplain5%26sc%3D006%26cs%3Dfirefox-https-plain5-stale%26br%3Dfirefox%26rt%3Dstale&cc=no-store&sc=006&cs=firefox-https-plain5-stale&n=1 HTTP/1.1" status=200 sc=006 v=- cs=firefox-https-plain5-stale br=- rt=- inm="-" ims="-" ccreq="-"
2026-08-10T22:33:29+00:00 "GET /006/asset/app.css?v=plain5&sc=006&cs=firefox-https-plain5-stale&br=firefox&rt=stale HTTP/1.1" status=200 sc=006 v=plain5 cs=firefox-https-plain5-stale br=firefox rt=stale inm="-" ims="-" ccreq="-"
2026-08-10T22:33:37+00:00 "GET /006/page?asset=%2F006%2Fasset%2Fapp.css%3Fv%3Dplain5%26sc%3D006%26cs%3Dfirefox-https-plain5-stale%26br%3Dfirefox%26rt%3Dstale&cc=no-store&sc=006&cs=firefox-https-plain5-stale&n=2 HTTP/1.1" status=200 sc=006 v=- cs=firefox-https-plain5-stale br=- rt=- inm="-" ims="-" ccreq="-"
2026-08-10T22:33:38+00:00 "GET /006/asset/app.css?v=plain5&sc=006&cs=firefox-https-plain5-stale&br=firefox&rt=stale HTTP/1.1" status=304 sc=006 v=plain5 cs=firefox-https-plain5-stale br=firefox rt=stale inm="\x226a79595e-156\x22" ims="Mon, 10 Aug 2026 04:53:50 GMT" ccreq="-"
2026-08-10T22:33:40+00:00 "GET /006/page?asset=%2F006%2Fasset%2Fapp.css%3Fv%3Dmustrev5%26sc%3D006%26cs%3Dfirefox-https-mustrev5-stale%26br%3Dfirefox%26rt%3Dstale&cc=no-store&sc=006&cs=firefox-https-mustrev5-stale&n=1 HTTP/1.1" status=200 sc=006 v=- cs=firefox-https-mustrev5-stale br=- rt=- inm="-" ims="-" ccreq="-"
2026-08-10T22:33:40+00:00 "GET /006/asset/app.css?v=mustrev5&sc=006&cs=firefox-https-mustrev5-stale&br=firefox&rt=stale HTTP/1.1" status=200 sc=006 v=mustrev5 cs=firefox-https-mustrev5-stale br=firefox rt=stale inm="-" ims="-" ccreq="-"
2026-08-10T22:33:48+00:00 "GET /006/page?asset=%2F006%2Fasset%2Fapp.css%3Fv%3Dmustrev5%26sc%3D006%26cs%3Dfirefox-https-mustrev5-stale%26br%3Dfirefox%26rt%3Dstale&cc=no-store&sc=006&cs=firefox-https-mustrev5-stale&n=2 HTTP/1.1" status=200 sc=006 v=- cs=firefox-https-mustrev5-stale br=- rt=- inm="-" ims="-" ccreq="-"
2026-08-10T22:33:48+00:00 "GET /006/asset/app.css?v=mustrev5&sc=006&cs=firefox-https-mustrev5-stale&br=firefox&rt=stale HTTP/1.1" status=304 sc=006 v=mustrev5 cs=firefox-https-mustrev5-stale br=firefox rt=stale inm="\x226a79595e-156\x22" ims="Mon, 10 Aug 2026 04:53:50 GMT" ccreq="-"
2026-08-10T22:33:50+00:00 "GET /006/page?asset=%2F006%2Fasset%2Fapp.css%3Fv%3Dplain%26sc%3D006%26cs%3Dwebkit-https-plain-nav%26br%3Dwebkit%26rt%3Dnav&cc=no-store&sc=006&cs=webkit-https-plain-nav&n=1 HTTP/1.1" status=200 sc=006 v=- cs=webkit-https-plain-nav br=- rt=- inm="-" ims="-" ccreq="-"
2026-08-10T22:33:50+00:00 "GET /006/asset/app.css?v=plain&sc=006&cs=webkit-https-plain-nav&br=webkit&rt=nav HTTP/1.1" status=200 sc=006 v=plain cs=webkit-https-plain-nav br=webkit rt=nav inm="-" ims="-" ccreq="-"
2026-08-10T22:33:51+00:00 "GET /006/page?asset=%2F006%2Fasset%2Fapp.css%3Fv%3Dplain%26sc%3D006%26cs%3Dwebkit-https-plain-nav%26br%3Dwebkit%26rt%3Dnav&cc=no-store&sc=006&cs=webkit-https-plain-nav&n=2 HTTP/1.1" status=200 sc=006 v=- cs=webkit-https-plain-nav br=- rt=- inm="-" ims="-" ccreq="-"
2026-08-10T22:33:52+00:00 "GET /006/page?asset=%2F006%2Fasset%2Fapp.css%3Fv%3Dnostore%26sc%3D006%26cs%3Dwebkit-https-nostore-nav%26br%3Dwebkit%26rt%3Dnav&cc=no-store&sc=006&cs=webkit-https-nostore-nav&n=1 HTTP/1.1" status=200 sc=006 v=- cs=webkit-https-nostore-nav br=- rt=- inm="-" ims="-" ccreq="-"
2026-08-10T22:33:52+00:00 "GET /006/asset/app.css?v=nostore&sc=006&cs=webkit-https-nostore-nav&br=webkit&rt=nav HTTP/1.1" status=200 sc=006 v=nostore cs=webkit-https-nostore-nav br=webkit rt=nav inm="-" ims="-" ccreq="-"
2026-08-10T22:33:53+00:00 "GET /006/page?asset=%2F006%2Fasset%2Fapp.css%3Fv%3Dnostore%26sc%3D006%26cs%3Dwebkit-https-nostore-nav%26br%3Dwebkit%26rt%3Dnav&cc=no-store&sc=006&cs=webkit-https-nostore-nav&n=2 HTTP/1.1" status=200 sc=006 v=- cs=webkit-https-nostore-nav br=- rt=- inm="-" ims="-" ccreq="-"
2026-08-10T22:33:53+00:00 "GET /006/asset/app.css?v=nostore&sc=006&cs=webkit-https-nostore-nav&br=webkit&rt=nav HTTP/1.1" status=200 sc=006 v=nostore cs=webkit-https-nostore-nav br=webkit rt=nav inm="-" ims="-" ccreq="-"
2026-08-10T22:33:55+00:00 "GET /006/page?asset=%2F006%2Fasset%2Fapp.css%3Fv%3Dnocache%26sc%3D006%26cs%3Dwebkit-https-nocache-nav%26br%3Dwebkit%26rt%3Dnav&cc=no-store&sc=006&cs=webkit-https-nocache-nav&n=1 HTTP/1.1" status=200 sc=006 v=- cs=webkit-https-nocache-nav br=- rt=- inm="-" ims="-" ccreq="-"
2026-08-10T22:33:55+00:00 "GET /006/asset/app.css?v=nocache&sc=006&cs=webkit-https-nocache-nav&br=webkit&rt=nav HTTP/1.1" status=200 sc=006 v=nocache cs=webkit-https-nocache-nav br=webkit rt=nav inm="-" ims="-" ccreq="-"
2026-08-10T22:33:55+00:00 "GET /006/page?asset=%2F006%2Fasset%2Fapp.css%3Fv%3Dnocache%26sc%3D006%26cs%3Dwebkit-https-nocache-nav%26br%3Dwebkit%26rt%3Dnav&cc=no-store&sc=006&cs=webkit-https-nocache-nav&n=2 HTTP/1.1" status=200 sc=006 v=- cs=webkit-https-nocache-nav br=- rt=- inm="-" ims="-" ccreq="-"
2026-08-10T22:33:55+00:00 "GET /006/asset/app.css?v=nocache&sc=006&cs=webkit-https-nocache-nav&br=webkit&rt=nav HTTP/1.1" status=304 sc=006 v=nocache cs=webkit-https-nocache-nav br=webkit rt=nav inm="\x226a79595e-156\x22" ims="Mon, 10 Aug 2026 04:53:50 GMT" ccreq="-"
2026-08-10T22:33:57+00:00 "GET /006/page?asset=%2F006%2Fasset%2Fapp.css%3Fv%3Dplain5%26sc%3D006%26cs%3Dwebkit-https-plain5-stale%26br%3Dwebkit%26rt%3Dstale&cc=no-store&sc=006&cs=webkit-https-plain5-stale&n=1 HTTP/1.1" status=200 sc=006 v=- cs=webkit-https-plain5-stale br=- rt=- inm="-" ims="-" ccreq="-"
2026-08-10T22:33:57+00:00 "GET /006/asset/app.css?v=plain5&sc=006&cs=webkit-https-plain5-stale&br=webkit&rt=stale HTTP/1.1" status=200 sc=006 v=plain5 cs=webkit-https-plain5-stale br=webkit rt=stale inm="-" ims="-" ccreq="-"
2026-08-10T22:34:04+00:00 "GET /006/page?asset=%2F006%2Fasset%2Fapp.css%3Fv%3Dplain5%26sc%3D006%26cs%3Dwebkit-https-plain5-stale%26br%3Dwebkit%26rt%3Dstale&cc=no-store&sc=006&cs=webkit-https-plain5-stale&n=2 HTTP/1.1" status=200 sc=006 v=- cs=webkit-https-plain5-stale br=- rt=- inm="-" ims="-" ccreq="-"
2026-08-10T22:34:04+00:00 "GET /006/asset/app.css?v=plain5&sc=006&cs=webkit-https-plain5-stale&br=webkit&rt=stale HTTP/1.1" status=304 sc=006 v=plain5 cs=webkit-https-plain5-stale br=webkit rt=stale inm="\x226a79595e-156\x22" ims="Mon, 10 Aug 2026 04:53:50 GMT" ccreq="-"
2026-08-10T22:34:06+00:00 "GET /006/page?asset=%2F006%2Fasset%2Fapp.css%3Fv%3Dmustrev5%26sc%3D006%26cs%3Dwebkit-https-mustrev5-stale%26br%3Dwebkit%26rt%3Dstale&cc=no-store&sc=006&cs=webkit-https-mustrev5-stale&n=1 HTTP/1.1" status=200 sc=006 v=- cs=webkit-https-mustrev5-stale br=- rt=- inm="-" ims="-" ccreq="-"
2026-08-10T22:34:06+00:00 "GET /006/asset/app.css?v=mustrev5&sc=006&cs=webkit-https-mustrev5-stale&br=webkit&rt=stale HTTP/1.1" status=200 sc=006 v=mustrev5 cs=webkit-https-mustrev5-stale br=webkit rt=stale inm="-" ims="-" ccreq="-"
2026-08-10T22:34:13+00:00 "GET /006/page?asset=%2F006%2Fasset%2Fapp.css%3Fv%3Dmustrev5%26sc%3D006%26cs%3Dwebkit-https-mustrev5-stale%26br%3Dwebkit%26rt%3Dstale&cc=no-store&sc=006&cs=webkit-https-mustrev5-stale&n=2 HTTP/1.1" status=200 sc=006 v=- cs=webkit-https-mustrev5-stale br=- rt=- inm="-" ims="-" ccreq="-"
2026-08-10T22:34:13+00:00 "GET /006/asset/app.css?v=mustrev5&sc=006&cs=webkit-https-mustrev5-stale&br=webkit&rt=stale HTTP/1.1" status=304 sc=006 v=mustrev5 cs=webkit-https-mustrev5-stale br=webkit rt=stale inm="\x226a79595e-156\x22" ims="Mon, 10 Aug 2026 04:53:50 GMT" ccreq="-"
2026-08-23T13:04:43+00:00 "GET /006/etag/on.css?sc=etag HTTP/1.1" status=200 sc=etag v=- cs=- br=- rt=- inm="-" ims="-" ccreq="-"
2026-08-23T13:04:44+00:00 "GET /006/etag/on.css?sc=etag HTTP/1.1" status=304 sc=etag v=- cs=- br=- rt=- inm="\x226a79595e-156\x22" ims="-" ccreq="-"
2026-08-23T13:04:44+00:00 "GET /006/etag/off.css?sc=etag HTTP/1.1" status=200 sc=etag v=- cs=- br=- rt=- inm="-" ims="-" ccreq="-"
2026-08-23T13:04:44+00:00 "GET /006/etag/off.css?sc=etag HTTP/1.1" status=200 sc=etag v=- cs=- br=- rt=- inm="-" ims="-" ccreq="-"
2026-08-23T13:04:44+00:00 "GET /006/exp/expires-only.css?sc=expdir HTTP/1.1" status=200 sc=expdir v=- cs=- br=- rt=- inm="-" ims="-" ccreq="-"
2026-08-23T13:04:44+00:00 "GET /006/exp/max.css?sc=expdir HTTP/1.1" status=200 sc=expdir v=- cs=- br=- rt=- inm="-" ims="-" ccreq="-"
2026-08-23T13:04:44+00:00 "GET /006/exp/minus.css?sc=expdir HTTP/1.1" status=200 sc=expdir v=- cs=- br=- rt=- inm="-" ims="-" ccreq="-"
2026-08-23T13:04:44+00:00 "GET /006/exp/epoch.css?sc=expdir HTTP/1.1" status=200 sc=expdir v=- cs=- br=- rt=- inm="-" ims="-" ccreq="-"
2026-08-23T13:04:44+00:00 "GET /006/exp/off.css?sc=expdir HTTP/1.1" status=200 sc=expdir v=- cs=- br=- rt=- inm="-" ims="-" ccreq="-"
2026-08-23T13:04:44+00:00 "GET /006/exp/error.css?sc=expdir HTTP/1.1" status=500 sc=expdir v=- cs=- br=- rt=- inm="-" ims="-" ccreq="-"
2026-08-23T13:04:44+00:00 "POST /006/api/hits/reset HTTP/1.1" status=200 sc=- v=- cs=- br=- rt=- inm="-" ims="-" ccreq="-"
2026-08-23T13:04:44+00:00 "GET /006/shared/r?sc=pcache&k=k902288322&cc=public%2C%20max-age%3D60 HTTP/1.1" status=200 sc=pcache v=- cs=- br=- rt=- inm="-" ims="-" ccreq="-"
2026-08-23T13:04:44+00:00 "GET /006/shared/r?sc=pcache&k=k902288322&cc=public%2C%20max-age%3D60 HTTP/1.1" status=200 sc=pcache v=- cs=- br=- rt=- inm="-" ims="-" ccreq="-"
2026-08-23T13:04:44+00:00 "GET /006/api/hits?k=k902288322 HTTP/1.1" status=200 sc=- v=- cs=- br=- rt=- inm="-" ims="-" ccreq="-"
2026-08-23T13:04:45+00:00 "GET /006/shared/r?sc=pcache&k=k629815208&cc=private%2C%20max-age%3D60 HTTP/1.1" status=200 sc=pcache v=- cs=- br=- rt=- inm="-" ims="-" ccreq="-"
2026-08-23T13:04:45+00:00 "GET /006/shared/r?sc=pcache&k=k629815208&cc=private%2C%20max-age%3D60 HTTP/1.1" status=200 sc=pcache v=- cs=- br=- rt=- inm="-" ims="-" ccreq="-"
2026-08-23T13:04:45+00:00 "GET /006/api/hits?k=k629815208 HTTP/1.1" status=200 sc=- v=- cs=- br=- rt=- inm="-" ims="-" ccreq="-"
2026-08-23T13:04:45+00:00 "GET /006/shared/r?sc=pcache&k=k437647915&cc=no-store HTTP/1.1" status=200 sc=pcache v=- cs=- br=- rt=- inm="-" ims="-" ccreq="-"
2026-08-23T13:04:45+00:00 "GET /006/shared/r?sc=pcache&k=k437647915&cc=no-store HTTP/1.1" status=200 sc=pcache v=- cs=- br=- rt=- inm="-" ims="-" ccreq="-"
2026-08-23T13:04:45+00:00 "GET /006/api/hits?k=k437647915 HTTP/1.1" status=200 sc=- v=- cs=- br=- rt=- inm="-" ims="-" ccreq="-"
2026-08-23T13:04:45+00:00 "GET /006/shared/r?sc=pcache&k=k0 HTTP/1.1" status=200 sc=pcache v=- cs=- br=- rt=- inm="-" ims="-" ccreq="-"
2026-08-23T13:04:45+00:00 "GET /006/shared/r?sc=pcache&k=k0 HTTP/1.1" status=200 sc=pcache v=- cs=- br=- rt=- inm="-" ims="-" ccreq="-"
2026-08-23T13:04:45+00:00 "GET /006/api/hits?k=k0 HTTP/1.1" status=200 sc=- v=- cs=- br=- rt=- inm="-" ims="-" ccreq="-"
2026-08-23T13:27:03+00:00 "GET /006/page?asset=%2F006%2Fasset%2Fapp.css%3Fv%3Dplain%26sc%3D006%26cs%3Dchromium-https-plain-nav%26br%3Dchromium%26rt%3Dnav&cc=no-store&sc=006&cs=chromium-https-plain-nav&n=1 HTTP/1.1" status=200 sc=006 v=- cs=chromium-https-plain-nav br=- rt=- inm="-" ims="-" ccreq="-"
2026-08-23T13:27:03+00:00 "GET /006/asset/app.css?v=plain&sc=006&cs=chromium-https-plain-nav&br=chromium&rt=nav HTTP/1.1" status=200 sc=006 v=plain cs=chromium-https-plain-nav br=chromium rt=nav inm="-" ims="-" ccreq="-"
2026-08-23T13:27:04+00:00 "GET /006/page?asset=%2F006%2Fasset%2Fapp.css%3Fv%3Dplain%26sc%3D006%26cs%3Dchromium-https-plain-nav%26br%3Dchromium%26rt%3Dnav&cc=no-store&sc=006&cs=chromium-https-plain-nav&n=2 HTTP/1.1" status=200 sc=006 v=- cs=chromium-https-plain-nav br=- rt=- inm="-" ims="-" ccreq="-"
2026-08-23T13:27:05+00:00 "GET /006/page?asset=%2F006%2Fasset%2Fapp.css%3Fv%3Dnostore%26sc%3D006%26cs%3Dchromium-https-nostore-nav%26br%3Dchromium%26rt%3Dnav&cc=no-store&sc=006&cs=chromium-https-nostore-nav&n=1 HTTP/1.1" status=200 sc=006 v=- cs=chromium-https-nostore-nav br=- rt=- inm="-" ims="-" ccreq="-"
2026-08-23T13:27:05+00:00 "GET /006/asset/app.css?v=nostore&sc=006&cs=chromium-https-nostore-nav&br=chromium&rt=nav HTTP/1.1" status=200 sc=006 v=nostore cs=chromium-https-nostore-nav br=chromium rt=nav inm="-" ims="-" ccreq="-"
2026-08-23T13:27:05+00:00 "GET /006/page?asset=%2F006%2Fasset%2Fapp.css%3Fv%3Dnostore%26sc%3D006%26cs%3Dchromium-https-nostore-nav%26br%3Dchromium%26rt%3Dnav&cc=no-store&sc=006&cs=chromium-https-nostore-nav&n=2 HTTP/1.1" status=200 sc=006 v=- cs=chromium-https-nostore-nav br=- rt=- inm="-" ims="-" ccreq="-"
2026-08-23T13:27:05+00:00 "GET /006/asset/app.css?v=nostore&sc=006&cs=chromium-https-nostore-nav&br=chromium&rt=nav HTTP/1.1" status=200 sc=006 v=nostore cs=chromium-https-nostore-nav br=chromium rt=nav inm="-" ims="-" ccreq="-"
2026-08-23T13:27:06+00:00 "GET /006/page?asset=%2F006%2Fasset%2Fapp.css%3Fv%3Dnocache%26sc%3D006%26cs%3Dchromium-https-nocache-nav%26br%3Dchromium%26rt%3Dnav&cc=no-store&sc=006&cs=chromium-https-nocache-nav&n=1 HTTP/1.1" status=200 sc=006 v=- cs=chromium-https-nocache-nav br=- rt=- inm="-" ims="-" ccreq="-"
2026-08-23T13:27:06+00:00 "GET /006/asset/app.css?v=nocache&sc=006&cs=chromium-https-nocache-nav&br=chromium&rt=nav HTTP/1.1" status=200 sc=006 v=nocache cs=chromium-https-nocache-nav br=chromium rt=nav inm="-" ims="-" ccreq="-"
2026-08-23T13:27:07+00:00 "GET /006/page?asset=%2F006%2Fasset%2Fapp.css%3Fv%3Dnocache%26sc%3D006%26cs%3Dchromium-https-nocache-nav%26br%3Dchromium%26rt%3Dnav&cc=no-store&sc=006&cs=chromium-https-nocache-nav&n=2 HTTP/1.1" status=200 sc=006 v=- cs=chromium-https-nocache-nav br=- rt=- inm="-" ims="-" ccreq="-"
2026-08-23T13:27:07+00:00 "GET /006/asset/app.css?v=nocache&sc=006&cs=chromium-https-nocache-nav&br=chromium&rt=nav HTTP/1.1" status=304 sc=006 v=nocache cs=chromium-https-nocache-nav br=chromium rt=nav inm="\x226a79595e-156\x22" ims="Mon, 10 Aug 2026 04:53:50 GMT" ccreq="-"
2026-08-23T13:27:08+00:00 "GET /006/page?asset=%2F006%2Fasset%2Fapp.css%3Fv%3Dns-max%26sc%3D006%26cs%3Dchromium-https-ns-max-nav%26br%3Dchromium%26rt%3Dnav&cc=no-store&sc=006&cs=chromium-https-ns-max-nav&n=1 HTTP/1.1" status=200 sc=006 v=- cs=chromium-https-ns-max-nav br=- rt=- inm="-" ims="-" ccreq="-"
2026-08-23T13:27:08+00:00 "GET /006/asset/app.css?v=ns-max&sc=006&cs=chromium-https-ns-max-nav&br=chromium&rt=nav HTTP/1.1" status=200 sc=006 v=ns-max cs=chromium-https-ns-max-nav br=chromium rt=nav inm="-" ims="-" ccreq="-"
2026-08-23T13:27:09+00:00 "GET /006/page?asset=%2F006%2Fasset%2Fapp.css%3Fv%3Dns-max%26sc%3D006%26cs%3Dchromium-https-ns-max-nav%26br%3Dchromium%26rt%3Dnav&cc=no-store&sc=006&cs=chromium-https-ns-max-nav&n=2 HTTP/1.1" status=200 sc=006 v=- cs=chromium-https-ns-max-nav br=- rt=- inm="-" ims="-" ccreq="-"
2026-08-23T13:27:09+00:00 "GET /006/asset/app.css?v=ns-max&sc=006&cs=chromium-https-ns-max-nav&br=chromium&rt=nav HTTP/1.1" status=200 sc=006 v=ns-max cs=chromium-https-ns-max-nav br=chromium rt=nav inm="-" ims="-" ccreq="-"
2026-08-23T13:27:10+00:00 "GET /006/page?asset=%2F006%2Fasset%2Fapp.css%3Fv%3Dnc-max%26sc%3D006%26cs%3Dchromium-https-nc-max-nav%26br%3Dchromium%26rt%3Dnav&cc=no-store&sc=006&cs=chromium-https-nc-max-nav&n=1 HTTP/1.1" status=200 sc=006 v=- cs=chromium-https-nc-max-nav br=- rt=- inm="-" ims="-" ccreq="-"
2026-08-23T13:27:10+00:00 "GET /006/asset/app.css?v=nc-max&sc=006&cs=chromium-https-nc-max-nav&br=chromium&rt=nav HTTP/1.1" status=200 sc=006 v=nc-max cs=chromium-https-nc-max-nav br=chromium rt=nav inm="-" ims="-" ccreq="-"
2026-08-23T13:27:11+00:00 "GET /006/page?asset=%2F006%2Fasset%2Fapp.css%3Fv%3Dnc-max%26sc%3D006%26cs%3Dchromium-https-nc-max-nav%26br%3Dchromium%26rt%3Dnav&cc=no-store&sc=006&cs=chromium-https-nc-max-nav&n=2 HTTP/1.1" status=200 sc=006 v=- cs=chromium-https-nc-max-nav br=- rt=- inm="-" ims="-" ccreq="-"
2026-08-23T13:27:11+00:00 "GET /006/asset/app.css?v=nc-max&sc=006&cs=chromium-https-nc-max-nav&br=chromium&rt=nav HTTP/1.1" status=304 sc=006 v=nc-max cs=chromium-https-nc-max-nav br=chromium rt=nav inm="\x226a79595e-156\x22" ims="Mon, 10 Aug 2026 04:53:50 GMT" ccreq="-"
2026-08-23T13:27:12+00:00 "GET /006/page?asset=%2F006%2Fasset%2Fapp.css%3Fv%3Dns-nc%26sc%3D006%26cs%3Dchromium-https-ns-nc-nav%26br%3Dchromium%26rt%3Dnav&cc=no-store&sc=006&cs=chromium-https-ns-nc-nav&n=1 HTTP/1.1" status=200 sc=006 v=- cs=chromium-https-ns-nc-nav br=- rt=- inm="-" ims="-" ccreq="-"
2026-08-23T13:27:12+00:00 "GET /006/asset/app.css?v=ns-nc&sc=006&cs=chromium-https-ns-nc-nav&br=chromium&rt=nav HTTP/1.1" status=200 sc=006 v=ns-nc cs=chromium-https-ns-nc-nav br=chromium rt=nav inm="-" ims="-" ccreq="-"
2026-08-23T13:27:13+00:00 "GET /006/page?asset=%2F006%2Fasset%2Fapp.css%3Fv%3Dns-nc%26sc%3D006%26cs%3Dchromium-https-ns-nc-nav%26br%3Dchromium%26rt%3Dnav&cc=no-store&sc=006&cs=chromium-https-ns-nc-nav&n=2 HTTP/1.1" status=200 sc=006 v=- cs=chromium-https-ns-nc-nav br=- rt=- inm="-" ims="-" ccreq="-"
2026-08-23T13:27:13+00:00 "GET /006/asset/app.css?v=ns-nc&sc=006&cs=chromium-https-ns-nc-nav&br=chromium&rt=nav HTTP/1.1" status=200 sc=006 v=ns-nc cs=chromium-https-ns-nc-nav br=chromium rt=nav inm="-" ims="-" ccreq="-"
2026-08-23T13:27:14+00:00 "GET /006/page?asset=%2F006%2Fasset%2Fapp.css%3Fv%3Dconflicted%26sc%3D006%26cs%3Dchromium-https-conflicted-nav%26br%3Dchromium%26rt%3Dnav&cc=no-store&sc=006&cs=chromium-https-conflicted-nav&n=1 HTTP/1.1" status=200 sc=006 v=- cs=chromium-https-conflicted-nav br=- rt=- inm="-" ims="-" ccreq="-"
2026-08-23T13:27:14+00:00 "GET /006/asset/app.css?v=conflicted&sc=006&cs=chromium-https-conflicted-nav&br=chromium&rt=nav HTTP/1.1" status=200 sc=006 v=conflicted cs=chromium-https-conflicted-nav br=chromium rt=nav inm="-" ims="-" ccreq="-"
2026-08-23T13:27:14+00:00 "GET /006/page?asset=%2F006%2Fasset%2Fapp.css%3Fv%3Dconflicted%26sc%3D006%26cs%3Dchromium-https-conflicted-nav%26br%3Dchromium%26rt%3Dnav&cc=no-store&sc=006&cs=chromium-https-conflicted-nav&n=2 HTTP/1.1" status=200 sc=006 v=- cs=chromium-https-conflicted-nav br=- rt=- inm="-" ims="-" ccreq="-"
2026-08-23T13:27:14+00:00 "GET /006/asset/app.css?v=conflicted&sc=006&cs=chromium-https-conflicted-nav&br=chromium&rt=nav HTTP/1.1" status=200 sc=006 v=conflicted cs=chromium-https-conflicted-nav br=chromium rt=nav inm="-" ims="-" ccreq="-"
2026-08-23T13:27:16+00:00 "GET /006/page?asset=%2F006%2Fasset%2Fapp.css%3Fv%3Dmustrev%26sc%3D006%26cs%3Dchromium-https-mustrev-nav%26br%3Dchromium%26rt%3Dnav&cc=no-store&sc=006&cs=chromium-https-mustrev-nav&n=1 HTTP/1.1" status=200 sc=006 v=- cs=chromium-https-mustrev-nav br=- rt=- inm="-" ims="-" ccreq="-"
2026-08-23T13:27:16+00:00 "GET /006/asset/app.css?v=mustrev&sc=006&cs=chromium-https-mustrev-nav&br=chromium&rt=nav HTTP/1.1" status=200 sc=006 v=mustrev cs=chromium-https-mustrev-nav br=chromium rt=nav inm="-" ims="-" ccreq="-"
2026-08-23T13:27:16+00:00 "GET /006/page?asset=%2F006%2Fasset%2Fapp.css%3Fv%3Dmustrev%26sc%3D006%26cs%3Dchromium-https-mustrev-nav%26br%3Dchromium%26rt%3Dnav&cc=no-store&sc=006&cs=chromium-https-mustrev-nav&n=2 HTTP/1.1" status=200 sc=006 v=- cs=chromium-https-mustrev-nav br=- rt=- inm="-" ims="-" ccreq="-"
2026-08-23T13:27:19+00:00 "GET /006/page?asset=%2F006%2Fasset%2Fapp.css%3Fv%3Dplain%26sc%3D006%26cs%3Dfirefox-https-plain-nav%26br%3Dfirefox%26rt%3Dnav&cc=no-store&sc=006&cs=firefox-https-plain-nav&n=1 HTTP/1.1" status=200 sc=006 v=- cs=firefox-https-plain-nav br=- rt=- inm="-" ims="-" ccreq="-"
2026-08-23T13:27:19+00:00 "GET /006/asset/app.css?v=plain&sc=006&cs=firefox-https-plain-nav&br=firefox&rt=nav HTTP/1.1" status=200 sc=006 v=plain cs=firefox-https-plain-nav br=firefox rt=nav inm="-" ims="-" ccreq="-"
2026-08-23T13:27:20+00:00 "GET /006/page?asset=%2F006%2Fasset%2Fapp.css%3Fv%3Dplain%26sc%3D006%26cs%3Dfirefox-https-plain-nav%26br%3Dfirefox%26rt%3Dnav&cc=no-store&sc=006&cs=firefox-https-plain-nav&n=2 HTTP/1.1" status=200 sc=006 v=- cs=firefox-https-plain-nav br=- rt=- inm="-" ims="-" ccreq="-"
2026-08-23T13:27:22+00:00 "GET /006/page?asset=%2F006%2Fasset%2Fapp.css%3Fv%3Dnostore%26sc%3D006%26cs%3Dfirefox-https-nostore-nav%26br%3Dfirefox%26rt%3Dnav&cc=no-store&sc=006&cs=firefox-https-nostore-nav&n=1 HTTP/1.1" status=200 sc=006 v=- cs=firefox-https-nostore-nav br=- rt=- inm="-" ims="-" ccreq="-"
2026-08-23T13:27:22+00:00 "GET /006/asset/app.css?v=nostore&sc=006&cs=firefox-https-nostore-nav&br=firefox&rt=nav HTTP/1.1" status=200 sc=006 v=nostore cs=firefox-https-nostore-nav br=firefox rt=nav inm="-" ims="-" ccreq="-"
2026-08-23T13:27:23+00:00 "GET /006/page?asset=%2F006%2Fasset%2Fapp.css%3Fv%3Dnostore%26sc%3D006%26cs%3Dfirefox-https-nostore-nav%26br%3Dfirefox%26rt%3Dnav&cc=no-store&sc=006&cs=firefox-https-nostore-nav&n=2 HTTP/1.1" status=200 sc=006 v=- cs=firefox-https-nostore-nav br=- rt=- inm="-" ims="-" ccreq="-"
2026-08-23T13:27:23+00:00 "GET /006/asset/app.css?v=nostore&sc=006&cs=firefox-https-nostore-nav&br=firefox&rt=nav HTTP/1.1" status=200 sc=006 v=nostore cs=firefox-https-nostore-nav br=firefox rt=nav inm="-" ims="-" ccreq="-"
2026-08-23T13:27:25+00:00 "GET /006/page?asset=%2F006%2Fasset%2Fapp.css%3Fv%3Dnocache%26sc%3D006%26cs%3Dfirefox-https-nocache-nav%26br%3Dfirefox%26rt%3Dnav&cc=no-store&sc=006&cs=firefox-https-nocache-nav&n=1 HTTP/1.1" status=200 sc=006 v=- cs=firefox-https-nocache-nav br=- rt=- inm="-" ims="-" ccreq="-"
2026-08-23T13:27:25+00:00 "GET /006/asset/app.css?v=nocache&sc=006&cs=firefox-https-nocache-nav&br=firefox&rt=nav HTTP/1.1" status=200 sc=006 v=nocache cs=firefox-https-nocache-nav br=firefox rt=nav inm="-" ims="-" ccreq="-"
2026-08-23T13:27:26+00:00 "GET /006/page?asset=%2F006%2Fasset%2Fapp.css%3Fv%3Dnocache%26sc%3D006%26cs%3Dfirefox-https-nocache-nav%26br%3Dfirefox%26rt%3Dnav&cc=no-store&sc=006&cs=firefox-https-nocache-nav&n=2 HTTP/1.1" status=200 sc=006 v=- cs=firefox-https-nocache-nav br=- rt=- inm="-" ims="-" ccreq="-"
2026-08-23T13:27:26+00:00 "GET /006/asset/app.css?v=nocache&sc=006&cs=firefox-https-nocache-nav&br=firefox&rt=nav HTTP/1.1" status=304 sc=006 v=nocache cs=firefox-https-nocache-nav br=firefox rt=nav inm="\x226a79595e-156\x22" ims="Mon, 10 Aug 2026 04:53:50 GMT" ccreq="-"
2026-08-23T13:27:28+00:00 "GET /006/page?asset=%2F006%2Fasset%2Fapp.css%3Fv%3Dns-max%26sc%3D006%26cs%3Dfirefox-https-ns-max-nav%26br%3Dfirefox%26rt%3Dnav&cc=no-store&sc=006&cs=firefox-https-ns-max-nav&n=1 HTTP/1.1" status=200 sc=006 v=- cs=firefox-https-ns-max-nav br=- rt=- inm="-" ims="-" ccreq="-"
2026-08-23T13:27:28+00:00 "GET /006/asset/app.css?v=ns-max&sc=006&cs=firefox-https-ns-max-nav&br=firefox&rt=nav HTTP/1.1" status=200 sc=006 v=ns-max cs=firefox-https-ns-max-nav br=firefox rt=nav inm="-" ims="-" ccreq="-"
2026-08-23T13:27:29+00:00 "GET /006/page?asset=%2F006%2Fasset%2Fapp.css%3Fv%3Dns-max%26sc%3D006%26cs%3Dfirefox-https-ns-max-nav%26br%3Dfirefox%26rt%3Dnav&cc=no-store&sc=006&cs=firefox-https-ns-max-nav&n=2 HTTP/1.1" status=200 sc=006 v=- cs=firefox-https-ns-max-nav br=- rt=- inm="-" ims="-" ccreq="-"
2026-08-23T13:27:29+00:00 "GET /006/asset/app.css?v=ns-max&sc=006&cs=firefox-https-ns-max-nav&br=firefox&rt=nav HTTP/1.1" status=200 sc=006 v=ns-max cs=firefox-https-ns-max-nav br=firefox rt=nav inm="-" ims="-" ccreq="-"
2026-08-23T13:27:31+00:00 "GET /006/page?asset=%2F006%2Fasset%2Fapp.css%3Fv%3Dnc-max%26sc%3D006%26cs%3Dfirefox-https-nc-max-nav%26br%3Dfirefox%26rt%3Dnav&cc=no-store&sc=006&cs=firefox-https-nc-max-nav&n=1 HTTP/1.1" status=200 sc=006 v=- cs=firefox-https-nc-max-nav br=- rt=- inm="-" ims="-" ccreq="-"
2026-08-23T13:27:31+00:00 "GET /006/asset/app.css?v=nc-max&sc=006&cs=firefox-https-nc-max-nav&br=firefox&rt=nav HTTP/1.1" status=200 sc=006 v=nc-max cs=firefox-https-nc-max-nav br=firefox rt=nav inm="-" ims="-" ccreq="-"
2026-08-23T13:27:32+00:00 "GET /006/page?asset=%2F006%2Fasset%2Fapp.css%3Fv%3Dnc-max%26sc%3D006%26cs%3Dfirefox-https-nc-max-nav%26br%3Dfirefox%26rt%3Dnav&cc=no-store&sc=006&cs=firefox-https-nc-max-nav&n=2 HTTP/1.1" status=200 sc=006 v=- cs=firefox-https-nc-max-nav br=- rt=- inm="-" ims="-" ccreq="-"
2026-08-23T13:27:32+00:00 "GET /006/asset/app.css?v=nc-max&sc=006&cs=firefox-https-nc-max-nav&br=firefox&rt=nav HTTP/1.1" status=304 sc=006 v=nc-max cs=firefox-https-nc-max-nav br=firefox rt=nav inm="\x226a79595e-156\x22" ims="Mon, 10 Aug 2026 04:53:50 GMT" ccreq="-"
2026-08-23T13:27:34+00:00 "GET /006/page?asset=%2F006%2Fasset%2Fapp.css%3Fv%3Dns-nc%26sc%3D006%26cs%3Dfirefox-https-ns-nc-nav%26br%3Dfirefox%26rt%3Dnav&cc=no-store&sc=006&cs=firefox-https-ns-nc-nav&n=1 HTTP/1.1" status=200 sc=006 v=- cs=firefox-https-ns-nc-nav br=- rt=- inm="-" ims="-" ccreq="-"
2026-08-23T13:27:34+00:00 "GET /006/asset/app.css?v=ns-nc&sc=006&cs=firefox-https-ns-nc-nav&br=firefox&rt=nav HTTP/1.1" status=200 sc=006 v=ns-nc cs=firefox-https-ns-nc-nav br=firefox rt=nav inm="-" ims="-" ccreq="-"
2026-08-23T13:27:35+00:00 "GET /006/page?asset=%2F006%2Fasset%2Fapp.css%3Fv%3Dns-nc%26sc%3D006%26cs%3Dfirefox-https-ns-nc-nav%26br%3Dfirefox%26rt%3Dnav&cc=no-store&sc=006&cs=firefox-https-ns-nc-nav&n=2 HTTP/1.1" status=200 sc=006 v=- cs=firefox-https-ns-nc-nav br=- rt=- inm="-" ims="-" ccreq="-"
2026-08-23T13:27:35+00:00 "GET /006/asset/app.css?v=ns-nc&sc=006&cs=firefox-https-ns-nc-nav&br=firefox&rt=nav HTTP/1.1" status=200 sc=006 v=ns-nc cs=firefox-https-ns-nc-nav br=firefox rt=nav inm="-" ims="-" ccreq="-"
2026-08-23T13:27:37+00:00 "GET /006/page?asset=%2F006%2Fasset%2Fapp.css%3Fv%3Dconflicted%26sc%3D006%26cs%3Dfirefox-https-conflicted-nav%26br%3Dfirefox%26rt%3Dnav&cc=no-store&sc=006&cs=firefox-https-conflicted-nav&n=1 HTTP/1.1" status=200 sc=006 v=- cs=firefox-https-conflicted-nav br=- rt=- inm="-" ims="-" ccreq="-"
2026-08-23T13:27:37+00:00 "GET /006/asset/app.css?v=conflicted&sc=006&cs=firefox-https-conflicted-nav&br=firefox&rt=nav HTTP/1.1" status=200 sc=006 v=conflicted cs=firefox-https-conflicted-nav br=firefox rt=nav inm="-" ims="-" ccreq="-"
2026-08-23T13:27:37+00:00 "GET /006/page?asset=%2F006%2Fasset%2Fapp.css%3Fv%3Dconflicted%26sc%3D006%26cs%3Dfirefox-https-conflicted-nav%26br%3Dfirefox%26rt%3Dnav&cc=no-store&sc=006&cs=firefox-https-conflicted-nav&n=2 HTTP/1.1" status=200 sc=006 v=- cs=firefox-https-conflicted-nav br=- rt=- inm="-" ims="-" ccreq="-"
2026-08-23T13:27:37+00:00 "GET /006/asset/app.css?v=conflicted&sc=006&cs=firefox-https-conflicted-nav&br=firefox&rt=nav HTTP/1.1" status=200 sc=006 v=conflicted cs=firefox-https-conflicted-nav br=firefox rt=nav inm="-" ims="-" ccreq="-"
2026-08-23T13:27:39+00:00 "GET /006/page?asset=%2F006%2Fasset%2Fapp.css%3Fv%3Dmustrev%26sc%3D006%26cs%3Dfirefox-https-mustrev-nav%26br%3Dfirefox%26rt%3Dnav&cc=no-store&sc=006&cs=firefox-https-mustrev-nav&n=1 HTTP/1.1" status=200 sc=006 v=- cs=firefox-https-mustrev-nav br=- rt=- inm="-" ims="-" ccreq="-"
2026-08-23T13:27:40+00:00 "GET /006/asset/app.css?v=mustrev&sc=006&cs=firefox-https-mustrev-nav&br=firefox&rt=nav HTTP/1.1" status=200 sc=006 v=mustrev cs=firefox-https-mustrev-nav br=firefox rt=nav inm="-" ims="-" ccreq="-"
2026-08-23T13:27:40+00:00 "GET /006/page?asset=%2F006%2Fasset%2Fapp.css%3Fv%3Dmustrev%26sc%3D006%26cs%3Dfirefox-https-mustrev-nav%26br%3Dfirefox%26rt%3Dnav&cc=no-store&sc=006&cs=firefox-https-mustrev-nav&n=2 HTTP/1.1" status=200 sc=006 v=- cs=firefox-https-mustrev-nav br=- rt=- inm="-" ims="-" ccreq="-"
2026-08-23T13:27:42+00:00 "GET /006/page?asset=%2F006%2Fasset%2Fapp.css%3Fv%3Dplain%26sc%3D006%26cs%3Dwebkit-https-plain-nav%26br%3Dwebkit%26rt%3Dnav&cc=no-store&sc=006&cs=webkit-https-plain-nav&n=1 HTTP/1.1" status=200 sc=006 v=- cs=webkit-https-plain-nav br=- rt=- inm="-" ims="-" ccreq="-"
2026-08-23T13:27:42+00:00 "GET /006/asset/app.css?v=plain&sc=006&cs=webkit-https-plain-nav&br=webkit&rt=nav HTTP/1.1" status=200 sc=006 v=plain cs=webkit-https-plain-nav br=webkit rt=nav inm="-" ims="-" ccreq="-"
2026-08-23T13:27:43+00:00 "GET /006/page?asset=%2F006%2Fasset%2Fapp.css%3Fv%3Dplain%26sc%3D006%26cs%3Dwebkit-https-plain-nav%26br%3Dwebkit%26rt%3Dnav&cc=no-store&sc=006&cs=webkit-https-plain-nav&n=2 HTTP/1.1" status=200 sc=006 v=- cs=webkit-https-plain-nav br=- rt=- inm="-" ims="-" ccreq="-"
2026-08-23T13:27:44+00:00 "GET /006/page?asset=%2F006%2Fasset%2Fapp.css%3Fv%3Dnostore%26sc%3D006%26cs%3Dwebkit-https-nostore-nav%26br%3Dwebkit%26rt%3Dnav&cc=no-store&sc=006&cs=webkit-https-nostore-nav&n=1 HTTP/1.1" status=200 sc=006 v=- cs=webkit-https-nostore-nav br=- rt=- inm="-" ims="-" ccreq="-"
2026-08-23T13:27:44+00:00 "GET /006/asset/app.css?v=nostore&sc=006&cs=webkit-https-nostore-nav&br=webkit&rt=nav HTTP/1.1" status=200 sc=006 v=nostore cs=webkit-https-nostore-nav br=webkit rt=nav inm="-" ims="-" ccreq="-"
2026-08-23T13:27:45+00:00 "GET /006/page?asset=%2F006%2Fasset%2Fapp.css%3Fv%3Dnostore%26sc%3D006%26cs%3Dwebkit-https-nostore-nav%26br%3Dwebkit%26rt%3Dnav&cc=no-store&sc=006&cs=webkit-https-nostore-nav&n=2 HTTP/1.1" status=200 sc=006 v=- cs=webkit-https-nostore-nav br=- rt=- inm="-" ims="-" ccreq="-"
2026-08-23T13:27:45+00:00 "GET /006/asset/app.css?v=nostore&sc=006&cs=webkit-https-nostore-nav&br=webkit&rt=nav HTTP/1.1" status=200 sc=006 v=nostore cs=webkit-https-nostore-nav br=webkit rt=nav inm="-" ims="-" ccreq="-"
2026-08-23T13:27:47+00:00 "GET /006/page?asset=%2F006%2Fasset%2Fapp.css%3Fv%3Dnocache%26sc%3D006%26cs%3Dwebkit-https-nocache-nav%26br%3Dwebkit%26rt%3Dnav&cc=no-store&sc=006&cs=webkit-https-nocache-nav&n=1 HTTP/1.1" status=200 sc=006 v=- cs=webkit-https-nocache-nav br=- rt=- inm="-" ims="-" ccreq="-"
2026-08-23T13:27:47+00:00 "GET /006/asset/app.css?v=nocache&sc=006&cs=webkit-https-nocache-nav&br=webkit&rt=nav HTTP/1.1" status=200 sc=006 v=nocache cs=webkit-https-nocache-nav br=webkit rt=nav inm="-" ims="-" ccreq="-"
2026-08-23T13:27:47+00:00 "GET /006/page?asset=%2F006%2Fasset%2Fapp.css%3Fv%3Dnocache%26sc%3D006%26cs%3Dwebkit-https-nocache-nav%26br%3Dwebkit%26rt%3Dnav&cc=no-store&sc=006&cs=webkit-https-nocache-nav&n=2 HTTP/1.1" status=200 sc=006 v=- cs=webkit-https-nocache-nav br=- rt=- inm="-" ims="-" ccreq="-"
2026-08-23T13:27:47+00:00 "GET /006/asset/app.css?v=nocache&sc=006&cs=webkit-https-nocache-nav&br=webkit&rt=nav HTTP/1.1" status=304 sc=006 v=nocache cs=webkit-https-nocache-nav br=webkit rt=nav inm="\x226a79595e-156\x22" ims="Mon, 10 Aug 2026 04:53:50 GMT" ccreq="-"
2026-08-23T13:27:49+00:00 "GET /006/page?asset=%2F006%2Fasset%2Fapp.css%3Fv%3Dns-max%26sc%3D006%26cs%3Dwebkit-https-ns-max-nav%26br%3Dwebkit%26rt%3Dnav&cc=no-store&sc=006&cs=webkit-https-ns-max-nav&n=1 HTTP/1.1" status=200 sc=006 v=- cs=webkit-https-ns-max-nav br=- rt=- inm="-" ims="-" ccreq="-"
2026-08-23T13:27:49+00:00 "GET /006/asset/app.css?v=ns-max&sc=006&cs=webkit-https-ns-max-nav&br=webkit&rt=nav HTTP/1.1" status=200 sc=006 v=ns-max cs=webkit-https-ns-max-nav br=webkit rt=nav inm="-" ims="-" ccreq="-"
2026-08-23T13:27:49+00:00 "GET /006/page?asset=%2F006%2Fasset%2Fapp.css%3Fv%3Dns-max%26sc%3D006%26cs%3Dwebkit-https-ns-max-nav%26br%3Dwebkit%26rt%3Dnav&cc=no-store&sc=006&cs=webkit-https-ns-max-nav&n=2 HTTP/1.1" status=200 sc=006 v=- cs=webkit-https-ns-max-nav br=- rt=- inm="-" ims="-" ccreq="-"
2026-08-23T13:27:49+00:00 "GET /006/asset/app.css?v=ns-max&sc=006&cs=webkit-https-ns-max-nav&br=webkit&rt=nav HTTP/1.1" status=200 sc=006 v=ns-max cs=webkit-https-ns-max-nav br=webkit rt=nav inm="-" ims="-" ccreq="-"
2026-08-23T13:27:51+00:00 "GET /006/page?asset=%2F006%2Fasset%2Fapp.css%3Fv%3Dnc-max%26sc%3D006%26cs%3Dwebkit-https-nc-max-nav%26br%3Dwebkit%26rt%3Dnav&cc=no-store&sc=006&cs=webkit-https-nc-max-nav&n=1 HTTP/1.1" status=200 sc=006 v=- cs=webkit-https-nc-max-nav br=- rt=- inm="-" ims="-" ccreq="-"
2026-08-23T13:27:51+00:00 "GET /006/asset/app.css?v=nc-max&sc=006&cs=webkit-https-nc-max-nav&br=webkit&rt=nav HTTP/1.1" status=200 sc=006 v=nc-max cs=webkit-https-nc-max-nav br=webkit rt=nav inm="-" ims="-" ccreq="-"
2026-08-23T13:27:52+00:00 "GET /006/page?asset=%2F006%2Fasset%2Fapp.css%3Fv%3Dnc-max%26sc%3D006%26cs%3Dwebkit-https-nc-max-nav%26br%3Dwebkit%26rt%3Dnav&cc=no-store&sc=006&cs=webkit-https-nc-max-nav&n=2 HTTP/1.1" status=200 sc=006 v=- cs=webkit-https-nc-max-nav br=- rt=- inm="-" ims="-" ccreq="-"
2026-08-23T13:27:52+00:00 "GET /006/asset/app.css?v=nc-max&sc=006&cs=webkit-https-nc-max-nav&br=webkit&rt=nav HTTP/1.1" status=304 sc=006 v=nc-max cs=webkit-https-nc-max-nav br=webkit rt=nav inm="\x226a79595e-156\x22" ims="Mon, 10 Aug 2026 04:53:50 GMT" ccreq="-"
2026-08-23T13:27:53+00:00 "GET /006/page?asset=%2F006%2Fasset%2Fapp.css%3Fv%3Dns-nc%26sc%3D006%26cs%3Dwebkit-https-ns-nc-nav%26br%3Dwebkit%26rt%3Dnav&cc=no-store&sc=006&cs=webkit-https-ns-nc-nav&n=1 HTTP/1.1" status=200 sc=006 v=- cs=webkit-https-ns-nc-nav br=- rt=- inm="-" ims="-" ccreq="-"
2026-08-23T13:27:53+00:00 "GET /006/asset/app.css?v=ns-nc&sc=006&cs=webkit-https-ns-nc-nav&br=webkit&rt=nav HTTP/1.1" status=200 sc=006 v=ns-nc cs=webkit-https-ns-nc-nav br=webkit rt=nav inm="-" ims="-" ccreq="-"
2026-08-23T13:27:54+00:00 "GET /006/page?asset=%2F006%2Fasset%2Fapp.css%3Fv%3Dns-nc%26sc%3D006%26cs%3Dwebkit-https-ns-nc-nav%26br%3Dwebkit%26rt%3Dnav&cc=no-store&sc=006&cs=webkit-https-ns-nc-nav&n=2 HTTP/1.1" status=200 sc=006 v=- cs=webkit-https-ns-nc-nav br=- rt=- inm="-" ims="-" ccreq="-"
2026-08-23T13:27:54+00:00 "GET /006/asset/app.css?v=ns-nc&sc=006&cs=webkit-https-ns-nc-nav&br=webkit&rt=nav HTTP/1.1" status=200 sc=006 v=ns-nc cs=webkit-https-ns-nc-nav br=webkit rt=nav inm="-" ims="-" ccreq="-"
2026-08-23T13:27:55+00:00 "GET /006/page?asset=%2F006%2Fasset%2Fapp.css%3Fv%3Dconflicted%26sc%3D006%26cs%3Dwebkit-https-conflicted-nav%26br%3Dwebkit%26rt%3Dnav&cc=no-store&sc=006&cs=webkit-https-conflicted-nav&n=1 HTTP/1.1" status=200 sc=006 v=- cs=webkit-https-conflicted-nav br=- rt=- inm="-" ims="-" ccreq="-"
2026-08-23T13:27:55+00:00 "GET /006/asset/app.css?v=conflicted&sc=006&cs=webkit-https-conflicted-nav&br=webkit&rt=nav HTTP/1.1" status=200 sc=006 v=conflicted cs=webkit-https-conflicted-nav br=webkit rt=nav inm="-" ims="-" ccreq="-"
2026-08-23T13:27:56+00:00 "GET /006/page?asset=%2F006%2Fasset%2Fapp.css%3Fv%3Dconflicted%26sc%3D006%26cs%3Dwebkit-https-conflicted-nav%26br%3Dwebkit%26rt%3Dnav&cc=no-store&sc=006&cs=webkit-https-conflicted-nav&n=2 HTTP/1.1" status=200 sc=006 v=- cs=webkit-https-conflicted-nav br=- rt=- inm="-" ims="-" ccreq="-"
2026-08-23T13:27:56+00:00 "GET /006/asset/app.css?v=conflicted&sc=006&cs=webkit-https-conflicted-nav&br=webkit&rt=nav HTTP/1.1" status=200 sc=006 v=conflicted cs=webkit-https-conflicted-nav br=webkit rt=nav inm="-" ims="-" ccreq="-"
2026-08-23T13:27:57+00:00 "GET /006/page?asset=%2F006%2Fasset%2Fapp.css%3Fv%3Dmustrev%26sc%3D006%26cs%3Dwebkit-https-mustrev-nav%26br%3Dwebkit%26rt%3Dnav&cc=no-store&sc=006&cs=webkit-https-mustrev-nav&n=1 HTTP/1.1" status=200 sc=006 v=- cs=webkit-https-mustrev-nav br=- rt=- inm="-" ims="-" ccreq="-"
2026-08-23T13:27:57+00:00 "GET /006/asset/app.css?v=mustrev&sc=006&cs=webkit-https-mustrev-nav&br=webkit&rt=nav HTTP/1.1" status=200 sc=006 v=mustrev cs=webkit-https-mustrev-nav br=webkit rt=nav inm="-" ims="-" ccreq="-"
2026-08-23T13:27:58+00:00 "GET /006/page?asset=%2F006%2Fasset%2Fapp.css%3Fv%3Dmustrev%26sc%3D006%26cs%3Dwebkit-https-mustrev-nav%26br%3Dwebkit%26rt%3Dnav&cc=no-store&sc=006&cs=webkit-https-mustrev-nav&n=2 HTTP/1.1" status=200 sc=006 v=- cs=webkit-https-mustrev-nav br=- rt=- inm="-" ims="-" ccreq="-"
2026-08-23T13:28:01+00:00 "GET /006/exp/expires-only.css?sc=expconf HTTP/1.1" status=200 sc=expconf v=- cs=- br=- rt=- inm="-" ims="-" ccreq="-"
2026-08-23T13:28:01+00:00 "GET /006/exp/addheader-only.css?sc=expconf HTTP/1.1" status=200 sc=expconf v=- cs=- br=- rt=- inm="-" ims="-" ccreq="-"
2026-08-23T13:28:01+00:00 "GET /006/exp/both.css?sc=expconf HTTP/1.1" status=200 sc=expconf v=- cs=- br=- rt=- inm="-" ims="-" ccreq="-"
2026-08-23T13:28:01+00:00 "GET /006/exp/both-reverse.css?sc=expconf HTTP/1.1" status=200 sc=expconf v=- cs=- br=- rt=- inm="-" ims="-" ccreq="-"
2026-08-23T13:28:01+00:00 "GET /006/exp/nest/child-own.css?sc=expconf HTTP/1.1" status=200 sc=expconf v=- cs=- br=- rt=- inm="-" ims="-" ccreq="-"
2026-08-23T13:28:01+00:00 "GET /006/exp/nest/child-none.css?sc=expconf HTTP/1.1" status=200 sc=expconf v=- cs=- br=- rt=- inm="-" ims="-" ccreq="-"
2026-08-23T13:28:01+00:00 "GET /006/page?asset=%2F006%2Fasset%2Fapp.css%3Fv%3Dplain%26sc%3D006%26cs%3Dchromium-https-plain-nav%26br%3Dchromium%26rt%3Dnav&cc=no-store&sc=006&cs=chromium-https-plain-nav&n=1 HTTP/1.1" status=200 sc=006 v=- cs=chromium-https-plain-nav br=- rt=- inm="-" ims="-" ccreq="-"
2026-08-23T13:28:01+00:00 "GET /006/asset/app.css?v=plain&sc=006&cs=chromium-https-plain-nav&br=chromium&rt=nav HTTP/1.1" status=200 sc=006 v=plain cs=chromium-https-plain-nav br=chromium rt=nav inm="-" ims="-" ccreq="-"
2026-08-23T13:28:02+00:00 "GET /006/page?asset=%2F006%2Fasset%2Fapp.css%3Fv%3Dplain%26sc%3D006%26cs%3Dchromium-https-plain-nav%26br%3Dchromium%26rt%3Dnav&cc=no-store&sc=006&cs=chromium-https-plain-nav&n=2 HTTP/1.1" status=200 sc=006 v=- cs=chromium-https-plain-nav br=- rt=- inm="-" ims="-" ccreq="-"
2026-08-23T13:28:03+00:00 "GET /006/page?asset=%2F006%2Fasset%2Fapp.css%3Fv%3Dnostore%26sc%3D006%26cs%3Dchromium-https-nostore-nav%26br%3Dchromium%26rt%3Dnav&cc=no-store&sc=006&cs=chromium-https-nostore-nav&n=1 HTTP/1.1" status=200 sc=006 v=- cs=chromium-https-nostore-nav br=- rt=- inm="-" ims="-" ccreq="-"
2026-08-23T13:28:03+00:00 "GET /006/asset/app.css?v=nostore&sc=006&cs=chromium-https-nostore-nav&br=chromium&rt=nav HTTP/1.1" status=200 sc=006 v=nostore cs=chromium-https-nostore-nav br=chromium rt=nav inm="-" ims="-" ccreq="-"
2026-08-23T13:28:04+00:00 "GET /006/page?asset=%2F006%2Fasset%2Fapp.css%3Fv%3Dnostore%26sc%3D006%26cs%3Dchromium-https-nostore-nav%26br%3Dchromium%26rt%3Dnav&cc=no-store&sc=006&cs=chromium-https-nostore-nav&n=2 HTTP/1.1" status=200 sc=006 v=- cs=chromium-https-nostore-nav br=- rt=- inm="-" ims="-" ccreq="-"
2026-08-23T13:28:04+00:00 "GET /006/asset/app.css?v=nostore&sc=006&cs=chromium-https-nostore-nav&br=chromium&rt=nav HTTP/1.1" status=200 sc=006 v=nostore cs=chromium-https-nostore-nav br=chromium rt=nav inm="-" ims="-" ccreq="-"
2026-08-23T13:28:05+00:00 "GET /006/page?asset=%2F006%2Fasset%2Fapp.css%3Fv%3Dnocache%26sc%3D006%26cs%3Dchromium-https-nocache-nav%26br%3Dchromium%26rt%3Dnav&cc=no-store&sc=006&cs=chromium-https-nocache-nav&n=1 HTTP/1.1" status=200 sc=006 v=- cs=chromium-https-nocache-nav br=- rt=- inm="-" ims="-" ccreq="-"
2026-08-23T13:28:05+00:00 "GET /006/asset/app.css?v=nocache&sc=006&cs=chromium-https-nocache-nav&br=chromium&rt=nav HTTP/1.1" status=200 sc=006 v=nocache cs=chromium-https-nocache-nav br=chromium rt=nav inm="-" ims="-" ccreq="-"
2026-08-23T13:28:06+00:00 "GET /006/page?asset=%2F006%2Fasset%2Fapp.css%3Fv%3Dnocache%26sc%3D006%26cs%3Dchromium-https-nocache-nav%26br%3Dchromium%26rt%3Dnav&cc=no-store&sc=006&cs=chromium-https-nocache-nav&n=2 HTTP/1.1" status=200 sc=006 v=- cs=chromium-https-nocache-nav br=- rt=- inm="-" ims="-" ccreq="-"
2026-08-23T13:28:06+00:00 "GET /006/asset/app.css?v=nocache&sc=006&cs=chromium-https-nocache-nav&br=chromium&rt=nav HTTP/1.1" status=304 sc=006 v=nocache cs=chromium-https-nocache-nav br=chromium rt=nav inm="\x226a79595e-156\x22" ims="Mon, 10 Aug 2026 04:53:50 GMT" ccreq="-"
2026-08-23T13:28:07+00:00 "GET /006/page?asset=%2F006%2Fexp%2Fexpires-only.css%3Fsc%3D006%26cs%3Dchromium-https-p0-nav%26br%3Dchromium%26rt%3Dnav&cc=no-store&sc=006&cs=chromium-https-p0-nav&n=1 HTTP/1.1" status=200 sc=006 v=- cs=chromium-https-p0-nav br=- rt=- inm="-" ims="-" ccreq="-"
2026-08-23T13:28:07+00:00 "GET /006/exp/expires-only.css?sc=006&cs=chromium-https-p0-nav&br=chromium&rt=nav HTTP/1.1" status=200 sc=006 v=- cs=chromium-https-p0-nav br=chromium rt=nav inm="-" ims="-" ccreq="-"
2026-08-23T13:28:07+00:00 "GET /006/page?asset=%2F006%2Fexp%2Fexpires-only.css%3Fsc%3D006%26cs%3Dchromium-https-p0-nav%26br%3Dchromium%26rt%3Dnav&cc=no-store&sc=006&cs=chromium-https-p0-nav&n=2 HTTP/1.1" status=200 sc=006 v=- cs=chromium-https-p0-nav br=- rt=- inm="-" ims="-" ccreq="-"
2026-08-23T13:28:08+00:00 "GET /006/page?asset=%2F006%2Fexp%2Faddheader-only.css%3Fsc%3D006%26cs%3Dchromium-https-p1-nav%26br%3Dchromium%26rt%3Dnav&cc=no-store&sc=006&cs=chromium-https-p1-nav&n=1 HTTP/1.1" status=200 sc=006 v=- cs=chromium-https-p1-nav br=- rt=- inm="-" ims="-" ccreq="-"
2026-08-23T13:28:08+00:00 "GET /006/exp/addheader-only.css?sc=006&cs=chromium-https-p1-nav&br=chromium&rt=nav HTTP/1.1" status=200 sc=006 v=- cs=chromium-https-p1-nav br=chromium rt=nav inm="-" ims="-" ccreq="-"
2026-08-23T13:28:09+00:00 "GET /006/page?asset=%2F006%2Fexp%2Faddheader-only.css%3Fsc%3D006%26cs%3Dchromium-https-p1-nav%26br%3Dchromium%26rt%3Dnav&cc=no-store&sc=006&cs=chromium-https-p1-nav&n=2 HTTP/1.1" status=200 sc=006 v=- cs=chromium-https-p1-nav br=- rt=- inm="-" ims="-" ccreq="-"
2026-08-23T13:28:09+00:00 "GET /006/exp/addheader-only.css?sc=006&cs=chromium-https-p1-nav&br=chromium&rt=nav HTTP/1.1" status=200 sc=006 v=- cs=chromium-https-p1-nav br=chromium rt=nav inm="-" ims="-" ccreq="-"
2026-08-23T13:28:10+00:00 "GET /006/page?asset=%2F006%2Fexp%2Fboth.css%3Fsc%3D006%26cs%3Dchromium-https-p2-nav%26br%3Dchromium%26rt%3Dnav&cc=no-store&sc=006&cs=chromium-https-p2-nav&n=1 HTTP/1.1" status=200 sc=006 v=- cs=chromium-https-p2-nav br=- rt=- inm="-" ims="-" ccreq="-"
2026-08-23T13:28:10+00:00 "GET /006/exp/both.css?sc=006&cs=chromium-https-p2-nav&br=chromium&rt=nav HTTP/1.1" status=200 sc=006 v=- cs=chromium-https-p2-nav br=chromium rt=nav inm="-" ims="-" ccreq="-"
2026-08-23T13:28:11+00:00 "GET /006/page?asset=%2F006%2Fexp%2Fboth.css%3Fsc%3D006%26cs%3Dchromium-https-p2-nav%26br%3Dchromium%26rt%3Dnav&cc=no-store&sc=006&cs=chromium-https-p2-nav&n=2 HTTP/1.1" status=200 sc=006 v=- cs=chromium-https-p2-nav br=- rt=- inm="-" ims="-" ccreq="-"
2026-08-23T13:28:11+00:00 "GET /006/exp/both.css?sc=006&cs=chromium-https-p2-nav&br=chromium&rt=nav HTTP/1.1" status=200 sc=006 v=- cs=chromium-https-p2-nav br=chromium rt=nav inm="-" ims="-" ccreq="-"
2026-08-23T13:28:12+00:00 "GET /006/page?asset=%2F006%2Fexp%2Fnest%2Fchild-own.css%3Fsc%3D006%26cs%3Dchromium-https-p3-nav%26br%3Dchromium%26rt%3Dnav&cc=no-store&sc=006&cs=chromium-https-p3-nav&n=1 HTTP/1.1" status=200 sc=006 v=- cs=chromium-https-p3-nav br=- rt=- inm="-" ims="-" ccreq="-"
2026-08-23T13:28:12+00:00 "GET /006/exp/nest/child-own.css?sc=006&cs=chromium-https-p3-nav&br=chromium&rt=nav HTTP/1.1" status=200 sc=006 v=- cs=chromium-https-p3-nav br=chromium rt=nav inm="-" ims="-" ccreq="-"
2026-08-23T13:28:13+00:00 "GET /006/page?asset=%2F006%2Fexp%2Fnest%2Fchild-own.css%3Fsc%3D006%26cs%3Dchromium-https-p3-nav%26br%3Dchromium%26rt%3Dnav&cc=no-store&sc=006&cs=chromium-https-p3-nav&n=2 HTTP/1.1" status=200 sc=006 v=- cs=chromium-https-p3-nav br=- rt=- inm="-" ims="-" ccreq="-"
2026-08-23T13:28:16+00:00 "GET /006/page?asset=%2F006%2Fasset%2Fapp.css%3Fv%3Dplain%26sc%3D006%26cs%3Dfirefox-https-plain-nav%26br%3Dfirefox%26rt%3Dnav&cc=no-store&sc=006&cs=firefox-https-plain-nav&n=1 HTTP/1.1" status=200 sc=006 v=- cs=firefox-https-plain-nav br=- rt=- inm="-" ims="-" ccreq="-"
2026-08-23T13:28:16+00:00 "GET /006/asset/app.css?v=plain&sc=006&cs=firefox-https-plain-nav&br=firefox&rt=nav HTTP/1.1" status=200 sc=006 v=plain cs=firefox-https-plain-nav br=firefox rt=nav inm="-" ims="-" ccreq="-"
2026-08-23T13:28:17+00:00 "GET /006/page?asset=%2F006%2Fasset%2Fapp.css%3Fv%3Dplain%26sc%3D006%26cs%3Dfirefox-https-plain-nav%26br%3Dfirefox%26rt%3Dnav&cc=no-store&sc=006&cs=firefox-https-plain-nav&n=2 HTTP/1.1" status=200 sc=006 v=- cs=firefox-https-plain-nav br=- rt=- inm="-" ims="-" ccreq="-"
2026-08-23T13:28:19+00:00 "GET /006/page?asset=%2F006%2Fasset%2Fapp.css%3Fv%3Dnostore%26sc%3D006%26cs%3Dfirefox-https-nostore-nav%26br%3Dfirefox%26rt%3Dnav&cc=no-store&sc=006&cs=firefox-https-nostore-nav&n=1 HTTP/1.1" status=200 sc=006 v=- cs=firefox-https-nostore-nav br=- rt=- inm="-" ims="-" ccreq="-"
2026-08-23T13:28:19+00:00 "GET /006/asset/app.css?v=nostore&sc=006&cs=firefox-https-nostore-nav&br=firefox&rt=nav HTTP/1.1" status=200 sc=006 v=nostore cs=firefox-https-nostore-nav br=firefox rt=nav inm="-" ims="-" ccreq="-"
2026-08-23T13:28:19+00:00 "GET /006/page?asset=%2F006%2Fasset%2Fapp.css%3Fv%3Dnostore%26sc%3D006%26cs%3Dfirefox-https-nostore-nav%26br%3Dfirefox%26rt%3Dnav&cc=no-store&sc=006&cs=firefox-https-nostore-nav&n=2 HTTP/1.1" status=200 sc=006 v=- cs=firefox-https-nostore-nav br=- rt=- inm="-" ims="-" ccreq="-"
2026-08-23T13:28:19+00:00 "GET /006/asset/app.css?v=nostore&sc=006&cs=firefox-https-nostore-nav&br=firefox&rt=nav HTTP/1.1" status=200 sc=006 v=nostore cs=firefox-https-nostore-nav br=firefox rt=nav inm="-" ims="-" ccreq="-"
2026-08-23T13:28:22+00:00 "GET /006/page?asset=%2F006%2Fasset%2Fapp.css%3Fv%3Dnocache%26sc%3D006%26cs%3Dfirefox-https-nocache-nav%26br%3Dfirefox%26rt%3Dnav&cc=no-store&sc=006&cs=firefox-https-nocache-nav&n=1 HTTP/1.1" status=200 sc=006 v=- cs=firefox-https-nocache-nav br=- rt=- inm="-" ims="-" ccreq="-"
2026-08-23T13:28:22+00:00 "GET /006/asset/app.css?v=nocache&sc=006&cs=firefox-https-nocache-nav&br=firefox&rt=nav HTTP/1.1" status=200 sc=006 v=nocache cs=firefox-https-nocache-nav br=firefox rt=nav inm="-" ims="-" ccreq="-"
2026-08-23T13:28:22+00:00 "GET /006/page?asset=%2F006%2Fasset%2Fapp.css%3Fv%3Dnocache%26sc%3D006%26cs%3Dfirefox-https-nocache-nav%26br%3Dfirefox%26rt%3Dnav&cc=no-store&sc=006&cs=firefox-https-nocache-nav&n=2 HTTP/1.1" status=200 sc=006 v=- cs=firefox-https-nocache-nav br=- rt=- inm="-" ims="-" ccreq="-"
2026-08-23T13:28:22+00:00 "GET /006/asset/app.css?v=nocache&sc=006&cs=firefox-https-nocache-nav&br=firefox&rt=nav HTTP/1.1" status=304 sc=006 v=nocache cs=firefox-https-nocache-nav br=firefox rt=nav inm="\x226a79595e-156\x22" ims="Mon, 10 Aug 2026 04:53:50 GMT" ccreq="-"
2026-08-23T13:28:24+00:00 "GET /006/page?asset=%2F006%2Fexp%2Fexpires-only.css%3Fsc%3D006%26cs%3Dfirefox-https-p0-nav%26br%3Dfirefox%26rt%3Dnav&cc=no-store&sc=006&cs=firefox-https-p0-nav&n=1 HTTP/1.1" status=200 sc=006 v=- cs=firefox-https-p0-nav br=- rt=- inm="-" ims="-" ccreq="-"
2026-08-23T13:28:24+00:00 "GET /006/exp/expires-only.css?sc=006&cs=firefox-https-p0-nav&br=firefox&rt=nav HTTP/1.1" status=200 sc=006 v=- cs=firefox-https-p0-nav br=firefox rt=nav inm="-" ims="-" ccreq="-"
2026-08-23T13:28:25+00:00 "GET /006/page?asset=%2F006%2Fexp%2Fexpires-only.css%3Fsc%3D006%26cs%3Dfirefox-https-p0-nav%26br%3Dfirefox%26rt%3Dnav&cc=no-store&sc=006&cs=firefox-https-p0-nav&n=2 HTTP/1.1" status=200 sc=006 v=- cs=firefox-https-p0-nav br=- rt=- inm="-" ims="-" ccreq="-"
2026-08-23T13:28:27+00:00 "GET /006/page?asset=%2F006%2Fexp%2Faddheader-only.css%3Fsc%3D006%26cs%3Dfirefox-https-p1-nav%26br%3Dfirefox%26rt%3Dnav&cc=no-store&sc=006&cs=firefox-https-p1-nav&n=1 HTTP/1.1" status=200 sc=006 v=- cs=firefox-https-p1-nav br=- rt=- inm="-" ims="-" ccreq="-"
2026-08-23T13:28:27+00:00 "GET /006/exp/addheader-only.css?sc=006&cs=firefox-https-p1-nav&br=firefox&rt=nav HTTP/1.1" status=200 sc=006 v=- cs=firefox-https-p1-nav br=firefox rt=nav inm="-" ims="-" ccreq="-"
2026-08-23T13:28:28+00:00 "GET /006/page?asset=%2F006%2Fexp%2Faddheader-only.css%3Fsc%3D006%26cs%3Dfirefox-https-p1-nav%26br%3Dfirefox%26rt%3Dnav&cc=no-store&sc=006&cs=firefox-https-p1-nav&n=2 HTTP/1.1" status=200 sc=006 v=- cs=firefox-https-p1-nav br=- rt=- inm="-" ims="-" ccreq="-"
2026-08-23T13:28:28+00:00 "GET /006/exp/addheader-only.css?sc=006&cs=firefox-https-p1-nav&br=firefox&rt=nav HTTP/1.1" status=200 sc=006 v=- cs=firefox-https-p1-nav br=firefox rt=nav inm="-" ims="-" ccreq="-"
2026-08-23T13:28:30+00:00 "GET /006/page?asset=%2F006%2Fexp%2Fboth.css%3Fsc%3D006%26cs%3Dfirefox-https-p2-nav%26br%3Dfirefox%26rt%3Dnav&cc=no-store&sc=006&cs=firefox-https-p2-nav&n=1 HTTP/1.1" status=200 sc=006 v=- cs=firefox-https-p2-nav br=- rt=- inm="-" ims="-" ccreq="-"
2026-08-23T13:28:30+00:00 "GET /006/exp/both.css?sc=006&cs=firefox-https-p2-nav&br=firefox&rt=nav HTTP/1.1" status=200 sc=006 v=- cs=firefox-https-p2-nav br=firefox rt=nav inm="-" ims="-" ccreq="-"
2026-08-23T13:28:31+00:00 "GET /006/page?asset=%2F006%2Fexp%2Fboth.css%3Fsc%3D006%26cs%3Dfirefox-https-p2-nav%26br%3Dfirefox%26rt%3Dnav&cc=no-store&sc=006&cs=firefox-https-p2-nav&n=2 HTTP/1.1" status=200 sc=006 v=- cs=firefox-https-p2-nav br=- rt=- inm="-" ims="-" ccreq="-"
2026-08-23T13:28:31+00:00 "GET /006/exp/both.css?sc=006&cs=firefox-https-p2-nav&br=firefox&rt=nav HTTP/1.1" status=200 sc=006 v=- cs=firefox-https-p2-nav br=firefox rt=nav inm="-" ims="-" ccreq="-"
2026-08-23T13:28:33+00:00 "GET /006/page?asset=%2F006%2Fexp%2Fnest%2Fchild-own.css%3Fsc%3D006%26cs%3Dfirefox-https-p3-nav%26br%3Dfirefox%26rt%3Dnav&cc=no-store&sc=006&cs=firefox-https-p3-nav&n=1 HTTP/1.1" status=200 sc=006 v=- cs=firefox-https-p3-nav br=- rt=- inm="-" ims="-" ccreq="-"
2026-08-23T13:28:33+00:00 "GET /006/exp/nest/child-own.css?sc=006&cs=firefox-https-p3-nav&br=firefox&rt=nav HTTP/1.1" status=200 sc=006 v=- cs=firefox-https-p3-nav br=firefox rt=nav inm="-" ims="-" ccreq="-"
2026-08-23T13:28:34+00:00 "GET /006/page?asset=%2F006%2Fexp%2Fnest%2Fchild-own.css%3Fsc%3D006%26cs%3Dfirefox-https-p3-nav%26br%3Dfirefox%26rt%3Dnav&cc=no-store&sc=006&cs=firefox-https-p3-nav&n=2 HTTP/1.1" status=200 sc=006 v=- cs=firefox-https-p3-nav br=- rt=- inm="-" ims="-" ccreq="-"
2026-08-23T13:28:36+00:00 "GET /006/page?asset=%2F006%2Fasset%2Fapp.css%3Fv%3Dplain%26sc%3D006%26cs%3Dwebkit-https-plain-nav%26br%3Dwebkit%26rt%3Dnav&cc=no-store&sc=006&cs=webkit-https-plain-nav&n=1 HTTP/1.1" status=200 sc=006 v=- cs=webkit-https-plain-nav br=- rt=- inm="-" ims="-" ccreq="-"
2026-08-23T13:28:36+00:00 "GET /006/asset/app.css?v=plain&sc=006&cs=webkit-https-plain-nav&br=webkit&rt=nav HTTP/1.1" status=200 sc=006 v=plain cs=webkit-https-plain-nav br=webkit rt=nav inm="-" ims="-" ccreq="-"
2026-08-23T13:28:37+00:00 "GET /006/page?asset=%2F006%2Fasset%2Fapp.css%3Fv%3Dplain%26sc%3D006%26cs%3Dwebkit-https-plain-nav%26br%3Dwebkit%26rt%3Dnav&cc=no-store&sc=006&cs=webkit-https-plain-nav&n=2 HTTP/1.1" status=200 sc=006 v=- cs=webkit-https-plain-nav br=- rt=- inm="-" ims="-" ccreq="-"
2026-08-23T13:28:38+00:00 "GET /006/page?asset=%2F006%2Fasset%2Fapp.css%3Fv%3Dnostore%26sc%3D006%26cs%3Dwebkit-https-nostore-nav%26br%3Dwebkit%26rt%3Dnav&cc=no-store&sc=006&cs=webkit-https-nostore-nav&n=1 HTTP/1.1" status=200 sc=006 v=- cs=webkit-https-nostore-nav br=- rt=- inm="-" ims="-" ccreq="-"
2026-08-23T13:28:38+00:00 "GET /006/asset/app.css?v=nostore&sc=006&cs=webkit-https-nostore-nav&br=webkit&rt=nav HTTP/1.1" status=200 sc=006 v=nostore cs=webkit-https-nostore-nav br=webkit rt=nav inm="-" ims="-" ccreq="-"
2026-08-23T13:28:39+00:00 "GET /006/page?asset=%2F006%2Fasset%2Fapp.css%3Fv%3Dnostore%26sc%3D006%26cs%3Dwebkit-https-nostore-nav%26br%3Dwebkit%26rt%3Dnav&cc=no-store&sc=006&cs=webkit-https-nostore-nav&n=2 HTTP/1.1" status=200 sc=006 v=- cs=webkit-https-nostore-nav br=- rt=- inm="-" ims="-" ccreq="-"
2026-08-23T13:28:39+00:00 "GET /006/asset/app.css?v=nostore&sc=006&cs=webkit-https-nostore-nav&br=webkit&rt=nav HTTP/1.1" status=200 sc=006 v=nostore cs=webkit-https-nostore-nav br=webkit rt=nav inm="-" ims="-" ccreq="-"
2026-08-23T13:28:40+00:00 "GET /006/page?asset=%2F006%2Fasset%2Fapp.css%3Fv%3Dnocache%26sc%3D006%26cs%3Dwebkit-https-nocache-nav%26br%3Dwebkit%26rt%3Dnav&cc=no-store&sc=006&cs=webkit-https-nocache-nav&n=1 HTTP/1.1" status=200 sc=006 v=- cs=webkit-https-nocache-nav br=- rt=- inm="-" ims="-" ccreq="-"
2026-08-23T13:28:40+00:00 "GET /006/asset/app.css?v=nocache&sc=006&cs=webkit-https-nocache-nav&br=webkit&rt=nav HTTP/1.1" status=200 sc=006 v=nocache cs=webkit-https-nocache-nav br=webkit rt=nav inm="-" ims="-" ccreq="-"
2026-08-23T13:28:41+00:00 "GET /006/page?asset=%2F006%2Fasset%2Fapp.css%3Fv%3Dnocache%26sc%3D006%26cs%3Dwebkit-https-nocache-nav%26br%3Dwebkit%26rt%3Dnav&cc=no-store&sc=006&cs=webkit-https-nocache-nav&n=2 HTTP/1.1" status=200 sc=006 v=- cs=webkit-https-nocache-nav br=- rt=- inm="-" ims="-" ccreq="-"
2026-08-23T13:28:41+00:00 "GET /006/asset/app.css?v=nocache&sc=006&cs=webkit-https-nocache-nav&br=webkit&rt=nav HTTP/1.1" status=304 sc=006 v=nocache cs=webkit-https-nocache-nav br=webkit rt=nav inm="\x226a79595e-156\x22" ims="Mon, 10 Aug 2026 04:53:50 GMT" ccreq="-"
2026-08-23T13:28:42+00:00 "GET /006/page?asset=%2F006%2Fexp%2Fexpires-only.css%3Fsc%3D006%26cs%3Dwebkit-https-p0-nav%26br%3Dwebkit%26rt%3Dnav&cc=no-store&sc=006&cs=webkit-https-p0-nav&n=1 HTTP/1.1" status=200 sc=006 v=- cs=webkit-https-p0-nav br=- rt=- inm="-" ims="-" ccreq="-"
2026-08-23T13:28:42+00:00 "GET /006/exp/expires-only.css?sc=006&cs=webkit-https-p0-nav&br=webkit&rt=nav HTTP/1.1" status=200 sc=006 v=- cs=webkit-https-p0-nav br=webkit rt=nav inm="-" ims="-" ccreq="-"
2026-08-23T13:28:43+00:00 "GET /006/page?asset=%2F006%2Fexp%2Fexpires-only.css%3Fsc%3D006%26cs%3Dwebkit-https-p0-nav%26br%3Dwebkit%26rt%3Dnav&cc=no-store&sc=006&cs=webkit-https-p0-nav&n=2 HTTP/1.1" status=200 sc=006 v=- cs=webkit-https-p0-nav br=- rt=- inm="-" ims="-" ccreq="-"
2026-08-23T13:28:44+00:00 "GET /006/page?asset=%2F006%2Fexp%2Faddheader-only.css%3Fsc%3D006%26cs%3Dwebkit-https-p1-nav%26br%3Dwebkit%26rt%3Dnav&cc=no-store&sc=006&cs=webkit-https-p1-nav&n=1 HTTP/1.1" status=200 sc=006 v=- cs=webkit-https-p1-nav br=- rt=- inm="-" ims="-" ccreq="-"
2026-08-23T13:28:44+00:00 "GET /006/exp/addheader-only.css?sc=006&cs=webkit-https-p1-nav&br=webkit&rt=nav HTTP/1.1" status=200 sc=006 v=- cs=webkit-https-p1-nav br=webkit rt=nav inm="-" ims="-" ccreq="-"
2026-08-23T13:28:45+00:00 "GET /006/page?asset=%2F006%2Fexp%2Faddheader-only.css%3Fsc%3D006%26cs%3Dwebkit-https-p1-nav%26br%3Dwebkit%26rt%3Dnav&cc=no-store&sc=006&cs=webkit-https-p1-nav&n=2 HTTP/1.1" status=200 sc=006 v=- cs=webkit-https-p1-nav br=- rt=- inm="-" ims="-" ccreq="-"
2026-08-23T13:28:45+00:00 "GET /006/exp/addheader-only.css?sc=006&cs=webkit-https-p1-nav&br=webkit&rt=nav HTTP/1.1" status=200 sc=006 v=- cs=webkit-https-p1-nav br=webkit rt=nav inm="-" ims="-" ccreq="-"
2026-08-23T13:28:47+00:00 "GET /006/page?asset=%2F006%2Fexp%2Fboth.css%3Fsc%3D006%26cs%3Dwebkit-https-p2-nav%26br%3Dwebkit%26rt%3Dnav&cc=no-store&sc=006&cs=webkit-https-p2-nav&n=1 HTTP/1.1" status=200 sc=006 v=- cs=webkit-https-p2-nav br=- rt=- inm="-" ims="-" ccreq="-"
2026-08-23T13:28:47+00:00 "GET /006/exp/both.css?sc=006&cs=webkit-https-p2-nav&br=webkit&rt=nav HTTP/1.1" status=200 sc=006 v=- cs=webkit-https-p2-nav br=webkit rt=nav inm="-" ims="-" ccreq="-"
2026-08-23T13:28:47+00:00 "GET /006/page?asset=%2F006%2Fexp%2Fboth.css%3Fsc%3D006%26cs%3Dwebkit-https-p2-nav%26br%3Dwebkit%26rt%3Dnav&cc=no-store&sc=006&cs=webkit-https-p2-nav&n=2 HTTP/1.1" status=200 sc=006 v=- cs=webkit-https-p2-nav br=- rt=- inm="-" ims="-" ccreq="-"
2026-08-23T13:28:47+00:00 "GET /006/exp/both.css?sc=006&cs=webkit-https-p2-nav&br=webkit&rt=nav HTTP/1.1" status=200 sc=006 v=- cs=webkit-https-p2-nav br=webkit rt=nav inm="-" ims="-" ccreq="-"
2026-08-23T13:28:49+00:00 "GET /006/page?asset=%2F006%2Fexp%2Fnest%2Fchild-own.css%3Fsc%3D006%26cs%3Dwebkit-https-p3-nav%26br%3Dwebkit%26rt%3Dnav&cc=no-store&sc=006&cs=webkit-https-p3-nav&n=1 HTTP/1.1" status=200 sc=006 v=- cs=webkit-https-p3-nav br=- rt=- inm="-" ims="-" ccreq="-"
2026-08-23T13:28:49+00:00 "GET /006/exp/nest/child-own.css?sc=006&cs=webkit-https-p3-nav&br=webkit&rt=nav HTTP/1.1" status=200 sc=006 v=- cs=webkit-https-p3-nav br=webkit rt=nav inm="-" ims="-" ccreq="-"
2026-08-23T13:28:49+00:00 "GET /006/page?asset=%2F006%2Fexp%2Fnest%2Fchild-own.css%3Fsc%3D006%26cs%3Dwebkit-https-p3-nav%26br%3Dwebkit%26rt%3Dnav&cc=no-store&sc=006&cs=webkit-https-p3-nav&n=2 HTTP/1.1" status=200 sc=006 v=- cs=webkit-https-p3-nav br=- rt=- inm="-" ims="-" ccreq="-"
2026-08-23T13:28:53+00:00 "GET /006/page?asset=%2F006%2Fasset%2Fapp.css%3Fv%3Dplain%26sc%3D006%26cs%3Dhr-firefox-plain-normal&cc=no-store&sc=006&cs=hr-firefox-plain-normal&n=1 HTTP/1.1" status=200 sc=006 v=- cs=hr-firefox-plain-normal br=- rt=- inm="-" ims="-" ccreq="-"
2026-08-23T13:28:53+00:00 "GET /006/asset/app.css?v=plain&sc=006&cs=hr-firefox-plain-normal HTTP/1.1" status=200 sc=006 v=plain cs=hr-firefox-plain-normal br=- rt=- inm="-" ims="-" ccreq="-"
2026-08-23T13:29:01+00:00 "GET /006/page?asset=%2F006%2Fasset%2Fapp.css%3Fv%3Dplain%26sc%3D006%26cs%3Dchromium-http-plain-nav%26br%3Dchromium%26rt%3Dnav&cc=no-store&sc=006&cs=chromium-http-plain-nav&n=1 HTTP/1.1" status=200 sc=006 v=- cs=chromium-http-plain-nav br=- rt=- inm="-" ims="-" ccreq="-"
2026-08-23T13:29:01+00:00 "GET /006/asset/app.css?v=plain&sc=006&cs=chromium-http-plain-nav&br=chromium&rt=nav HTTP/1.1" status=200 sc=006 v=plain cs=chromium-http-plain-nav br=chromium rt=nav inm="-" ims="-" ccreq="-"
2026-08-23T13:29:01+00:00 "GET /006/page?asset=%2F006%2Fasset%2Fapp.css%3Fv%3Dplain%26sc%3D006%26cs%3Dchromium-http-plain-nav%26br%3Dchromium%26rt%3Dnav&cc=no-store&sc=006&cs=chromium-http-plain-nav&n=2 HTTP/1.1" status=200 sc=006 v=- cs=chromium-http-plain-nav br=- rt=- inm="-" ims="-" ccreq="-"
2026-08-23T13:29:02+00:00 "GET /006/page?asset=%2F006%2Fasset%2Fapp.css%3Fv%3Dnostore%26sc%3D006%26cs%3Dchromium-http-nostore-nav%26br%3Dchromium%26rt%3Dnav&cc=no-store&sc=006&cs=chromium-http-nostore-nav&n=1 HTTP/1.1" status=200 sc=006 v=- cs=chromium-http-nostore-nav br=- rt=- inm="-" ims="-" ccreq="-"
2026-08-23T13:29:02+00:00 "GET /006/asset/app.css?v=nostore&sc=006&cs=chromium-http-nostore-nav&br=chromium&rt=nav HTTP/1.1" status=200 sc=006 v=nostore cs=chromium-http-nostore-nav br=chromium rt=nav inm="-" ims="-" ccreq="-"
2026-08-23T13:29:03+00:00 "GET /006/page?asset=%2F006%2Fasset%2Fapp.css%3Fv%3Dnostore%26sc%3D006%26cs%3Dchromium-http-nostore-nav%26br%3Dchromium%26rt%3Dnav&cc=no-store&sc=006&cs=chromium-http-nostore-nav&n=2 HTTP/1.1" status=200 sc=006 v=- cs=chromium-http-nostore-nav br=- rt=- inm="-" ims="-" ccreq="-"
2026-08-23T13:29:03+00:00 "GET /006/asset/app.css?v=nostore&sc=006&cs=chromium-http-nostore-nav&br=chromium&rt=nav HTTP/1.1" status=200 sc=006 v=nostore cs=chromium-http-nostore-nav br=chromium rt=nav inm="-" ims="-" ccreq="-"
2026-08-23T13:29:04+00:00 "GET /006/page?asset=%2F006%2Fasset%2Fapp.css%3Fv%3Dnocache%26sc%3D006%26cs%3Dchromium-http-nocache-nav%26br%3Dchromium%26rt%3Dnav&cc=no-store&sc=006&cs=chromium-http-nocache-nav&n=1 HTTP/1.1" status=200 sc=006 v=- cs=chromium-http-nocache-nav br=- rt=- inm="-" ims="-" ccreq="-"
2026-08-23T13:29:04+00:00 "GET /006/asset/app.css?v=nocache&sc=006&cs=chromium-http-nocache-nav&br=chromium&rt=nav HTTP/1.1" status=200 sc=006 v=nocache cs=chromium-http-nocache-nav br=chromium rt=nav inm="-" ims="-" ccreq="-"
2026-08-23T13:29:05+00:00 "GET /006/page?asset=%2F006%2Fasset%2Fapp.css%3Fv%3Dnocache%26sc%3D006%26cs%3Dchromium-http-nocache-nav%26br%3Dchromium%26rt%3Dnav&cc=no-store&sc=006&cs=chromium-http-nocache-nav&n=2 HTTP/1.1" status=200 sc=006 v=- cs=chromium-http-nocache-nav br=- rt=- inm="-" ims="-" ccreq="-"
2026-08-23T13:29:05+00:00 "GET /006/asset/app.css?v=nocache&sc=006&cs=chromium-http-nocache-nav&br=chromium&rt=nav HTTP/1.1" status=304 sc=006 v=nocache cs=chromium-http-nocache-nav br=chromium rt=nav inm="\x226a79595e-156\x22" ims="Mon, 10 Aug 2026 04:53:50 GMT" ccreq="-"
2026-08-23T13:29:06+00:00 "GET /006/page?asset=%2F006%2Fasset%2Fapp.css%3Fv%3Dplain%26sc%3D006%26cs%3Dchromium-https-plain-nav%26br%3Dchromium%26rt%3Dnav&cc=no-store&sc=006&cs=chromium-https-plain-nav&n=1 HTTP/1.1" status=200 sc=006 v=- cs=chromium-https-plain-nav br=- rt=- inm="-" ims="-" ccreq="-"
2026-08-23T13:29:06+00:00 "GET /006/asset/app.css?v=plain&sc=006&cs=chromium-https-plain-nav&br=chromium&rt=nav HTTP/1.1" status=200 sc=006 v=plain cs=chromium-https-plain-nav br=chromium rt=nav inm="-" ims="-" ccreq="-"
2026-08-23T13:29:07+00:00 "GET /006/page?asset=%2F006%2Fasset%2Fapp.css%3Fv%3Dplain%26sc%3D006%26cs%3Dchromium-https-plain-nav%26br%3Dchromium%26rt%3Dnav&cc=no-store&sc=006&cs=chromium-https-plain-nav&n=2 HTTP/1.1" status=200 sc=006 v=- cs=chromium-https-plain-nav br=- rt=- inm="-" ims="-" ccreq="-"
2026-08-23T13:29:08+00:00 "GET /006/page?asset=%2F006%2Fasset%2Fapp.css%3Fv%3Dnostore%26sc%3D006%26cs%3Dchromium-https-nostore-nav%26br%3Dchromium%26rt%3Dnav&cc=no-store&sc=006&cs=chromium-https-nostore-nav&n=1 HTTP/1.1" status=200 sc=006 v=- cs=chromium-https-nostore-nav br=- rt=- inm="-" ims="-" ccreq="-"
2026-08-23T13:29:08+00:00 "GET /006/asset/app.css?v=nostore&sc=006&cs=chromium-https-nostore-nav&br=chromium&rt=nav HTTP/1.1" status=200 sc=006 v=nostore cs=chromium-https-nostore-nav br=chromium rt=nav inm="-" ims="-" ccreq="-"
2026-08-23T13:29:09+00:00 "GET /006/page?asset=%2F006%2Fasset%2Fapp.css%3Fv%3Dnostore%26sc%3D006%26cs%3Dchromium-https-nostore-nav%26br%3Dchromium%26rt%3Dnav&cc=no-store&sc=006&cs=chromium-https-nostore-nav&n=2 HTTP/1.1" status=200 sc=006 v=- cs=chromium-https-nostore-nav br=- rt=- inm="-" ims="-" ccreq="-"
2026-08-23T13:29:09+00:00 "GET /006/asset/app.css?v=nostore&sc=006&cs=chromium-https-nostore-nav&br=chromium&rt=nav HTTP/1.1" status=200 sc=006 v=nostore cs=chromium-https-nostore-nav br=chromium rt=nav inm="-" ims="-" ccreq="-"
2026-08-23T13:29:10+00:00 "GET /006/page?asset=%2F006%2Fasset%2Fapp.css%3Fv%3Dnocache%26sc%3D006%26cs%3Dchromium-https-nocache-nav%26br%3Dchromium%26rt%3Dnav&cc=no-store&sc=006&cs=chromium-https-nocache-nav&n=1 HTTP/1.1" status=200 sc=006 v=- cs=chromium-https-nocache-nav br=- rt=- inm="-" ims="-" ccreq="-"
2026-08-23T13:29:10+00:00 "GET /006/asset/app.css?v=nocache&sc=006&cs=chromium-https-nocache-nav&br=chromium&rt=nav HTTP/1.1" status=200 sc=006 v=nocache cs=chromium-https-nocache-nav br=chromium rt=nav inm="-" ims="-" ccreq="-"
2026-08-23T13:29:10+00:00 "GET /006/page?asset=%2F006%2Fasset%2Fapp.css%3Fv%3Dnocache%26sc%3D006%26cs%3Dchromium-https-nocache-nav%26br%3Dchromium%26rt%3Dnav&cc=no-store&sc=006&cs=chromium-https-nocache-nav&n=2 HTTP/1.1" status=200 sc=006 v=- cs=chromium-https-nocache-nav br=- rt=- inm="-" ims="-" ccreq="-"
2026-08-23T13:29:10+00:00 "GET /006/asset/app.css?v=nocache&sc=006&cs=chromium-https-nocache-nav&br=chromium&rt=nav HTTP/1.1" status=304 sc=006 v=nocache cs=chromium-https-nocache-nav br=chromium rt=nav inm="\x226a79595e-156\x22" ims="Mon, 10 Aug 2026 04:53:50 GMT" ccreq="-"
2026-08-23T13:29:12+00:00 "GET /006/page?asset=%2F006%2Fasset%2Fapp.css%3Fv%3Dplain5%26sc%3D006%26cs%3Dchromium-http-plain5-stale%26br%3Dchromium%26rt%3Dstale&cc=no-store&sc=006&cs=chromium-http-plain5-stale&n=1 HTTP/1.1" status=200 sc=006 v=- cs=chromium-http-plain5-stale br=- rt=- inm="-" ims="-" ccreq="-"
2026-08-23T13:29:12+00:00 "GET /006/asset/app.css?v=plain5&sc=006&cs=chromium-http-plain5-stale&br=chromium&rt=stale HTTP/1.1" status=200 sc=006 v=plain5 cs=chromium-http-plain5-stale br=chromium rt=stale inm="-" ims="-" ccreq="-"
2026-08-23T13:29:19+00:00 "GET /006/page?asset=%2F006%2Fasset%2Fapp.css%3Fv%3Dplain5%26sc%3D006%26cs%3Dchromium-http-plain5-stale%26br%3Dchromium%26rt%3Dstale&cc=no-store&sc=006&cs=chromium-http-plain5-stale&n=2 HTTP/1.1" status=200 sc=006 v=- cs=chromium-http-plain5-stale br=- rt=- inm="-" ims="-" ccreq="-"
2026-08-23T13:29:19+00:00 "GET /006/asset/app.css?v=plain5&sc=006&cs=chromium-http-plain5-stale&br=chromium&rt=stale HTTP/1.1" status=304 sc=006 v=plain5 cs=chromium-http-plain5-stale br=chromium rt=stale inm="\x226a79595e-156\x22" ims="Mon, 10 Aug 2026 04:53:50 GMT" ccreq="-"
2026-08-23T13:29:20+00:00 "GET /006/page?asset=%2F006%2Fasset%2Fapp.css%3Fv%3Dplain5%26sc%3D006%26cs%3Dchromium-http-plain5-restart%26br%3Dchromium%26rt%3Drestart&cc=no-store&sc=006&cs=chromium-http-plain5-restart&n=1 HTTP/1.1" status=200 sc=006 v=- cs=chromium-http-plain5-restart br=- rt=- inm="-" ims="-" ccreq="-"
2026-08-23T13:29:20+00:00 "GET /006/asset/app.css?v=plain5&sc=006&cs=chromium-http-plain5-restart&br=chromium&rt=restart HTTP/1.1" status=200 sc=006 v=plain5 cs=chromium-http-plain5-restart br=chromium rt=restart inm="-" ims="-" ccreq="-"
2026-08-23T13:29:21+00:00 "GET /006/page?asset=%2F006%2Fasset%2Fapp.css%3Fv%3Dplain5%26sc%3D006%26cs%3Dchromium-http-plain5-restart%26br%3Dchromium%26rt%3Drestart&cc=no-store&sc=006&cs=chromium-http-plain5-restart&n=2 HTTP/1.1" status=200 sc=006 v=- cs=chromium-http-plain5-restart br=- rt=- inm="-" ims="-" ccreq="-"
2026-08-23T13:29:22+00:00 "GET /006/page?asset=%2F006%2Fasset%2Fapp.css%3Fv%3Dplain5%26sc%3D006%26cs%3Dchromium-http-plain5-fetch-nocache%26br%3Dchromium%26rt%3Dfetch-nocache&cc=no-store&sc=006&cs=chromium-http-plain5-fetch-nocache&n=1 HTTP/1.1" status=200 sc=006 v=- cs=chromium-http-plain5-fetch-nocache br=- rt=- inm="-" ims="-" ccreq="-"
2026-08-23T13:29:22+00:00 "GET /006/asset/app.css?v=plain5&sc=006&cs=chromium-http-plain5-fetch-nocache&br=chromium&rt=fetch-nocache HTTP/1.1" status=200 sc=006 v=plain5 cs=chromium-http-plain5-fetch-nocache br=chromium rt=fetch-nocache inm="-" ims="-" ccreq="-"
2026-08-23T13:29:23+00:00 "GET /006/asset/app.css?v=plain5&sc=006&cs=chromium-http-plain5-fetch-nocache&br=chromium&rt=fetch-nocache HTTP/1.1" status=304 sc=006 v=plain5 cs=chromium-http-plain5-fetch-nocache br=chromium rt=fetch-nocache inm="\x226a79595e-156\x22" ims="Mon, 10 Aug 2026 04:53:50 GMT" ccreq="max-age=0"
2026-08-23T13:29:24+00:00 "GET /006/page?asset=%2F006%2Fasset%2Fapp.css%3Fv%3Dplain5%26sc%3D006%26cs%3Dchromium-http-plain5-fetch-reload%26br%3Dchromium%26rt%3Dfetch-reload&cc=no-store&sc=006&cs=chromium-http-plain5-fetch-reload&n=1 HTTP/1.1" status=200 sc=006 v=- cs=chromium-http-plain5-fetch-reload br=- rt=- inm="-" ims="-" ccreq="-"
2026-08-23T13:29:24+00:00 "GET /006/asset/app.css?v=plain5&sc=006&cs=chromium-http-plain5-fetch-reload&br=chromium&rt=fetch-reload HTTP/1.1" status=200 sc=006 v=plain5 cs=chromium-http-plain5-fetch-reload br=chromium rt=fetch-reload inm="-" ims="-" ccreq="-"
2026-08-23T13:29:25+00:00 "GET /006/asset/app.css?v=plain5&sc=006&cs=chromium-http-plain5-fetch-reload&br=chromium&rt=fetch-reload HTTP/1.1" status=200 sc=006 v=plain5 cs=chromium-http-plain5-fetch-reload br=chromium rt=fetch-reload inm="-" ims="-" ccreq="no-cache"
2026-08-23T13:29:26+00:00 "GET /006/page?asset=%2F006%2Fasset%2Fapp.css%3Fv%3Dimmutable5%26sc%3D006%26cs%3Dchromium-http-immutable5-stale%26br%3Dchromium%26rt%3Dstale&cc=no-store&sc=006&cs=chromium-http-immutable5-stale&n=1 HTTP/1.1" status=200 sc=006 v=- cs=chromium-http-immutable5-stale br=- rt=- inm="-" ims="-" ccreq="-"
2026-08-23T13:29:26+00:00 "GET /006/asset/app.css?v=immutable5&sc=006&cs=chromium-http-immutable5-stale&br=chromium&rt=stale HTTP/1.1" status=200 sc=006 v=immutable5 cs=chromium-http-immutable5-stale br=chromium rt=stale inm="-" ims="-" ccreq="-"
2026-08-23T13:29:34+00:00 "GET /006/page?asset=%2F006%2Fasset%2Fapp.css%3Fv%3Dimmutable5%26sc%3D006%26cs%3Dchromium-http-immutable5-stale%26br%3Dchromium%26rt%3Dstale&cc=no-store&sc=006&cs=chromium-http-immutable5-stale&n=2 HTTP/1.1" status=200 sc=006 v=- cs=chromium-http-immutable5-stale br=- rt=- inm="-" ims="-" ccreq="-"
2026-08-23T13:29:34+00:00 "GET /006/asset/app.css?v=immutable5&sc=006&cs=chromium-http-immutable5-stale&br=chromium&rt=stale HTTP/1.1" status=304 sc=006 v=immutable5 cs=chromium-http-immutable5-stale br=chromium rt=stale inm="\x226a79595e-156\x22" ims="Mon, 10 Aug 2026 04:53:50 GMT" ccreq="-"
2026-08-23T13:29:35+00:00 "GET /006/page?asset=%2F006%2Fasset%2Fapp.css%3Fv%3Dimmutable5%26sc%3D006%26cs%3Dchromium-http-immutable5-restart%26br%3Dchromium%26rt%3Drestart&cc=no-store&sc=006&cs=chromium-http-immutable5-restart&n=1 HTTP/1.1" status=200 sc=006 v=- cs=chromium-http-immutable5-restart br=- rt=- inm="-" ims="-" ccreq="-"
2026-08-23T13:29:35+00:00 "GET /006/asset/app.css?v=immutable5&sc=006&cs=chromium-http-immutable5-restart&br=chromium&rt=restart HTTP/1.1" status=200 sc=006 v=immutable5 cs=chromium-http-immutable5-restart br=chromium rt=restart inm="-" ims="-" ccreq="-"
2026-08-23T13:29:36+00:00 "GET /006/page?asset=%2F006%2Fasset%2Fapp.css%3Fv%3Dimmutable5%26sc%3D006%26cs%3Dchromium-http-immutable5-restart%26br%3Dchromium%26rt%3Drestart&cc=no-store&sc=006&cs=chromium-http-immutable5-restart&n=2 HTTP/1.1" status=200 sc=006 v=- cs=chromium-http-immutable5-restart br=- rt=- inm="-" ims="-" ccreq="-"
2026-08-23T13:29:37+00:00 "GET /006/page?asset=%2F006%2Fasset%2Fapp.css%3Fv%3Dimmutable5%26sc%3D006%26cs%3Dchromium-http-immutable5-fetch-nocache%26br%3Dchromium%26rt%3Dfetch-nocache&cc=no-store&sc=006&cs=chromium-http-immutable5-fetch-nocache&n=1 HTTP/1.1" status=200 sc=006 v=- cs=chromium-http-immutable5-fetch-nocache br=- rt=- inm="-" ims="-" ccreq="-"
2026-08-23T13:29:37+00:00 "GET /006/asset/app.css?v=immutable5&sc=006&cs=chromium-http-immutable5-fetch-nocache&br=chromium&rt=fetch-nocache HTTP/1.1" status=200 sc=006 v=immutable5 cs=chromium-http-immutable5-fetch-nocache br=chromium rt=fetch-nocache inm="-" ims="-" ccreq="-"
2026-08-23T13:29:37+00:00 "GET /006/asset/app.css?v=immutable5&sc=006&cs=chromium-http-immutable5-fetch-nocache&br=chromium&rt=fetch-nocache HTTP/1.1" status=304 sc=006 v=immutable5 cs=chromium-http-immutable5-fetch-nocache br=chromium rt=fetch-nocache inm="\x226a79595e-156\x22" ims="Mon, 10 Aug 2026 04:53:50 GMT" ccreq="max-age=0"
2026-08-23T13:29:39+00:00 "GET /006/page?asset=%2F006%2Fasset%2Fapp.css%3Fv%3Dimmutable5%26sc%3D006%26cs%3Dchromium-http-immutable5-fetch-reload%26br%3Dchromium%26rt%3Dfetch-reload&cc=no-store&sc=006&cs=chromium-http-immutable5-fetch-reload&n=1 HTTP/1.1" status=200 sc=006 v=- cs=chromium-http-immutable5-fetch-reload br=- rt=- inm="-" ims="-" ccreq="-"
2026-08-23T13:29:39+00:00 "GET /006/asset/app.css?v=immutable5&sc=006&cs=chromium-http-immutable5-fetch-reload&br=chromium&rt=fetch-reload HTTP/1.1" status=200 sc=006 v=immutable5 cs=chromium-http-immutable5-fetch-reload br=chromium rt=fetch-reload inm="-" ims="-" ccreq="-"
2026-08-23T13:29:39+00:00 "GET /006/asset/app.css?v=immutable5&sc=006&cs=chromium-http-immutable5-fetch-reload&br=chromium&rt=fetch-reload HTTP/1.1" status=200 sc=006 v=immutable5 cs=chromium-http-immutable5-fetch-reload br=chromium rt=fetch-reload inm="-" ims="-" ccreq="no-cache"
2026-08-23T13:29:40+00:00 "GET /006/page?asset=%2F006%2Fasset%2Fapp.css%3Fv%3Dplain5%26sc%3D006%26cs%3Dchromium-https-plain5-stale%26br%3Dchromium%26rt%3Dstale&cc=no-store&sc=006&cs=chromium-https-plain5-stale&n=1 HTTP/1.1" status=200 sc=006 v=- cs=chromium-https-plain5-stale br=- rt=- inm="-" ims="-" ccreq="-"
2026-08-23T13:29:40+00:00 "GET /006/asset/app.css?v=plain5&sc=006&cs=chromium-https-plain5-stale&br=chromium&rt=stale HTTP/1.1" status=200 sc=006 v=plain5 cs=chromium-https-plain5-stale br=chromium rt=stale inm="-" ims="-" ccreq="-"
2026-08-23T13:29:48+00:00 "GET /006/page?asset=%2F006%2Fasset%2Fapp.css%3Fv%3Dplain5%26sc%3D006%26cs%3Dchromium-https-plain5-stale%26br%3Dchromium%26rt%3Dstale&cc=no-store&sc=006&cs=chromium-https-plain5-stale&n=2 HTTP/1.1" status=200 sc=006 v=- cs=chromium-https-plain5-stale br=- rt=- inm="-" ims="-" ccreq="-"
2026-08-23T13:29:48+00:00 "GET /006/asset/app.css?v=plain5&sc=006&cs=chromium-https-plain5-stale&br=chromium&rt=stale HTTP/1.1" status=304 sc=006 v=plain5 cs=chromium-https-plain5-stale br=chromium rt=stale inm="\x226a79595e-156\x22" ims="Mon, 10 Aug 2026 04:53:50 GMT" ccreq="-"
2026-08-23T13:29:49+00:00 "GET /006/page?asset=%2F006%2Fasset%2Fapp.css%3Fv%3Dplain5%26sc%3D006%26cs%3Dchromium-https-plain5-restart%26br%3Dchromium%26rt%3Drestart&cc=no-store&sc=006&cs=chromium-https-plain5-restart&n=1 HTTP/1.1" status=200 sc=006 v=- cs=chromium-https-plain5-restart br=- rt=- inm="-" ims="-" ccreq="-"
2026-08-23T13:29:49+00:00 "GET /006/asset/app.css?v=plain5&sc=006&cs=chromium-https-plain5-restart&br=chromium&rt=restart HTTP/1.1" status=200 sc=006 v=plain5 cs=chromium-https-plain5-restart br=chromium rt=restart inm="-" ims="-" ccreq="-"
2026-08-23T13:29:50+00:00 "GET /006/page?asset=%2F006%2Fasset%2Fapp.css%3Fv%3Dplain5%26sc%3D006%26cs%3Dchromium-https-plain5-restart%26br%3Dchromium%26rt%3Drestart&cc=no-store&sc=006&cs=chromium-https-plain5-restart&n=2 HTTP/1.1" status=200 sc=006 v=- cs=chromium-https-plain5-restart br=- rt=- inm="-" ims="-" ccreq="-"
2026-08-23T13:29:51+00:00 "GET /006/page?asset=%2F006%2Fasset%2Fapp.css%3Fv%3Dplain5%26sc%3D006%26cs%3Dchromium-https-plain5-fetch-nocache%26br%3Dchromium%26rt%3Dfetch-nocache&cc=no-store&sc=006&cs=chromium-https-plain5-fetch-nocache&n=1 HTTP/1.1" status=200 sc=006 v=- cs=chromium-https-plain5-fetch-nocache br=- rt=- inm="-" ims="-" ccreq="-"
2026-08-23T13:29:51+00:00 "GET /006/asset/app.css?v=plain5&sc=006&cs=chromium-https-plain5-fetch-nocache&br=chromium&rt=fetch-nocache HTTP/1.1" status=200 sc=006 v=plain5 cs=chromium-https-plain5-fetch-nocache br=chromium rt=fetch-nocache inm="-" ims="-" ccreq="-"
2026-08-23T13:29:52+00:00 "GET /006/asset/app.css?v=plain5&sc=006&cs=chromium-https-plain5-fetch-nocache&br=chromium&rt=fetch-nocache HTTP/1.1" status=304 sc=006 v=plain5 cs=chromium-https-plain5-fetch-nocache br=chromium rt=fetch-nocache inm="\x226a79595e-156\x22" ims="Mon, 10 Aug 2026 04:53:50 GMT" ccreq="max-age=0"
2026-08-23T13:29:53+00:00 "GET /006/page?asset=%2F006%2Fasset%2Fapp.css%3Fv%3Dplain5%26sc%3D006%26cs%3Dchromium-https-plain5-fetch-reload%26br%3Dchromium%26rt%3Dfetch-reload&cc=no-store&sc=006&cs=chromium-https-plain5-fetch-reload&n=1 HTTP/1.1" status=200 sc=006 v=- cs=chromium-https-plain5-fetch-reload br=- rt=- inm="-" ims="-" ccreq="-"
2026-08-23T13:29:53+00:00 "GET /006/asset/app.css?v=plain5&sc=006&cs=chromium-https-plain5-fetch-reload&br=chromium&rt=fetch-reload HTTP/1.1" status=200 sc=006 v=plain5 cs=chromium-https-plain5-fetch-reload br=chromium rt=fetch-reload inm="-" ims="-" ccreq="-"
2026-08-23T13:29:54+00:00 "GET /006/asset/app.css?v=plain5&sc=006&cs=chromium-https-plain5-fetch-reload&br=chromium&rt=fetch-reload HTTP/1.1" status=200 sc=006 v=plain5 cs=chromium-https-plain5-fetch-reload br=chromium rt=fetch-reload inm="-" ims="-" ccreq="no-cache"
2026-08-23T13:29:55+00:00 "GET /006/page?asset=%2F006%2Fasset%2Fapp.css%3Fv%3Dimmutable5%26sc%3D006%26cs%3Dchromium-https-immutable5-stale%26br%3Dchromium%26rt%3Dstale&cc=no-store&sc=006&cs=chromium-https-immutable5-stale&n=1 HTTP/1.1" status=200 sc=006 v=- cs=chromium-https-immutable5-stale br=- rt=- inm="-" ims="-" ccreq="-"
2026-08-23T13:29:55+00:00 "GET /006/asset/app.css?v=immutable5&sc=006&cs=chromium-https-immutable5-stale&br=chromium&rt=stale HTTP/1.1" status=200 sc=006 v=immutable5 cs=chromium-https-immutable5-stale br=chromium rt=stale inm="-" ims="-" ccreq="-"
2026-08-23T13:30:02+00:00 "GET /006/page?asset=%2F006%2Fasset%2Fapp.css%3Fv%3Dimmutable5%26sc%3D006%26cs%3Dchromium-https-immutable5-stale%26br%3Dchromium%26rt%3Dstale&cc=no-store&sc=006&cs=chromium-https-immutable5-stale&n=2 HTTP/1.1" status=200 sc=006 v=- cs=chromium-https-immutable5-stale br=- rt=- inm="-" ims="-" ccreq="-"
2026-08-23T13:30:02+00:00 "GET /006/asset/app.css?v=immutable5&sc=006&cs=chromium-https-immutable5-stale&br=chromium&rt=stale HTTP/1.1" status=304 sc=006 v=immutable5 cs=chromium-https-immutable5-stale br=chromium rt=stale inm="\x226a79595e-156\x22" ims="Mon, 10 Aug 2026 04:53:50 GMT" ccreq="-"
2026-08-23T13:30:04+00:00 "GET /006/page?asset=%2F006%2Fasset%2Fapp.css%3Fv%3Dimmutable5%26sc%3D006%26cs%3Dchromium-https-immutable5-restart%26br%3Dchromium%26rt%3Drestart&cc=no-store&sc=006&cs=chromium-https-immutable5-restart&n=1 HTTP/1.1" status=200 sc=006 v=- cs=chromium-https-immutable5-restart br=- rt=- inm="-" ims="-" ccreq="-"
2026-08-23T13:30:04+00:00 "GET /006/asset/app.css?v=immutable5&sc=006&cs=chromium-https-immutable5-restart&br=chromium&rt=restart HTTP/1.1" status=200 sc=006 v=immutable5 cs=chromium-https-immutable5-restart br=chromium rt=restart inm="-" ims="-" ccreq="-"
2026-08-23T13:30:04+00:00 "GET /006/page?asset=%2F006%2Fasset%2Fapp.css%3Fv%3Dimmutable5%26sc%3D006%26cs%3Dchromium-https-immutable5-restart%26br%3Dchromium%26rt%3Drestart&cc=no-store&sc=006&cs=chromium-https-immutable5-restart&n=2 HTTP/1.1" status=200 sc=006 v=- cs=chromium-https-immutable5-restart br=- rt=- inm="-" ims="-" ccreq="-"
2026-08-23T13:30:06+00:00 "GET /006/page?asset=%2F006%2Fasset%2Fapp.css%3Fv%3Dimmutable5%26sc%3D006%26cs%3Dchromium-https-immutable5-fetch-nocache%26br%3Dchromium%26rt%3Dfetch-nocache&cc=no-store&sc=006&cs=chromium-https-immutable5-fetch-nocache&n=1 HTTP/1.1" status=200 sc=006 v=- cs=chromium-https-immutable5-fetch-nocache br=- rt=- inm="-" ims="-" ccreq="-"
2026-08-23T13:30:06+00:00 "GET /006/asset/app.css?v=immutable5&sc=006&cs=chromium-https-immutable5-fetch-nocache&br=chromium&rt=fetch-nocache HTTP/1.1" status=200 sc=006 v=immutable5 cs=chromium-https-immutable5-fetch-nocache br=chromium rt=fetch-nocache inm="-" ims="-" ccreq="-"
2026-08-23T13:30:06+00:00 "GET /006/asset/app.css?v=immutable5&sc=006&cs=chromium-https-immutable5-fetch-nocache&br=chromium&rt=fetch-nocache HTTP/1.1" status=304 sc=006 v=immutable5 cs=chromium-https-immutable5-fetch-nocache br=chromium rt=fetch-nocache inm="\x226a79595e-156\x22" ims="Mon, 10 Aug 2026 04:53:50 GMT" ccreq="max-age=0"
2026-08-23T13:30:07+00:00 "GET /006/page?asset=%2F006%2Fasset%2Fapp.css%3Fv%3Dimmutable5%26sc%3D006%26cs%3Dchromium-https-immutable5-fetch-reload%26br%3Dchromium%26rt%3Dfetch-reload&cc=no-store&sc=006&cs=chromium-https-immutable5-fetch-reload&n=1 HTTP/1.1" status=200 sc=006 v=- cs=chromium-https-immutable5-fetch-reload br=- rt=- inm="-" ims="-" ccreq="-"
2026-08-23T13:30:07+00:00 "GET /006/asset/app.css?v=immutable5&sc=006&cs=chromium-https-immutable5-fetch-reload&br=chromium&rt=fetch-reload HTTP/1.1" status=200 sc=006 v=immutable5 cs=chromium-https-immutable5-fetch-reload br=chromium rt=fetch-reload inm="-" ims="-" ccreq="-"
2026-08-23T13:30:08+00:00 "GET /006/asset/app.css?v=immutable5&sc=006&cs=chromium-https-immutable5-fetch-reload&br=chromium&rt=fetch-reload HTTP/1.1" status=200 sc=006 v=immutable5 cs=chromium-https-immutable5-fetch-reload br=chromium rt=fetch-reload inm="-" ims="-" ccreq="no-cache"
2026-08-23T13:30:11+00:00 "GET /006/page?asset=%2F006%2Fasset%2Fapp.css%3Fv%3Dplain%26sc%3D006%26cs%3Dfirefox-http-plain-nav%26br%3Dfirefox%26rt%3Dnav&cc=no-store&sc=006&cs=firefox-http-plain-nav&n=1 HTTP/1.1" status=200 sc=006 v=- cs=firefox-http-plain-nav br=- rt=- inm="-" ims="-" ccreq="-"
2026-08-23T13:30:11+00:00 "GET /006/asset/app.css?v=plain&sc=006&cs=firefox-http-plain-nav&br=firefox&rt=nav HTTP/1.1" status=200 sc=006 v=plain cs=firefox-http-plain-nav br=firefox rt=nav inm="-" ims="-" ccreq="-"
2026-08-23T13:30:12+00:00 "GET /006/page?asset=%2F006%2Fasset%2Fapp.css%3Fv%3Dplain%26sc%3D006%26cs%3Dfirefox-http-plain-nav%26br%3Dfirefox%26rt%3Dnav&cc=no-store&sc=006&cs=firefox-http-plain-nav&n=2 HTTP/1.1" status=200 sc=006 v=- cs=firefox-http-plain-nav br=- rt=- inm="-" ims="-" ccreq="-"
2026-08-23T13:30:14+00:00 "GET /006/page?asset=%2F006%2Fasset%2Fapp.css%3Fv%3Dnostore%26sc%3D006%26cs%3Dfirefox-http-nostore-nav%26br%3Dfirefox%26rt%3Dnav&cc=no-store&sc=006&cs=firefox-http-nostore-nav&n=1 HTTP/1.1" status=200 sc=006 v=- cs=firefox-http-nostore-nav br=- rt=- inm="-" ims="-" ccreq="-"
2026-08-23T13:30:14+00:00 "GET /006/asset/app.css?v=nostore&sc=006&cs=firefox-http-nostore-nav&br=firefox&rt=nav HTTP/1.1" status=200 sc=006 v=nostore cs=firefox-http-nostore-nav br=firefox rt=nav inm="-" ims="-" ccreq="-"
2026-08-23T13:30:15+00:00 "GET /006/page?asset=%2F006%2Fasset%2Fapp.css%3Fv%3Dnostore%26sc%3D006%26cs%3Dfirefox-http-nostore-nav%26br%3Dfirefox%26rt%3Dnav&cc=no-store&sc=006&cs=firefox-http-nostore-nav&n=2 HTTP/1.1" status=200 sc=006 v=- cs=firefox-http-nostore-nav br=- rt=- inm="-" ims="-" ccreq="-"
2026-08-23T13:30:15+00:00 "GET /006/asset/app.css?v=nostore&sc=006&cs=firefox-http-nostore-nav&br=firefox&rt=nav HTTP/1.1" status=200 sc=006 v=nostore cs=firefox-http-nostore-nav br=firefox rt=nav inm="-" ims="-" ccreq="-"
2026-08-23T13:30:17+00:00 "GET /006/page?asset=%2F006%2Fasset%2Fapp.css%3Fv%3Dnocache%26sc%3D006%26cs%3Dfirefox-http-nocache-nav%26br%3Dfirefox%26rt%3Dnav&cc=no-store&sc=006&cs=firefox-http-nocache-nav&n=1 HTTP/1.1" status=200 sc=006 v=- cs=firefox-http-nocache-nav br=- rt=- inm="-" ims="-" ccreq="-"
2026-08-23T13:30:17+00:00 "GET /006/asset/app.css?v=nocache&sc=006&cs=firefox-http-nocache-nav&br=firefox&rt=nav HTTP/1.1" status=200 sc=006 v=nocache cs=firefox-http-nocache-nav br=firefox rt=nav inm="-" ims="-" ccreq="-"
2026-08-23T13:30:18+00:00 "GET /006/page?asset=%2F006%2Fasset%2Fapp.css%3Fv%3Dnocache%26sc%3D006%26cs%3Dfirefox-http-nocache-nav%26br%3Dfirefox%26rt%3Dnav&cc=no-store&sc=006&cs=firefox-http-nocache-nav&n=2 HTTP/1.1" status=200 sc=006 v=- cs=firefox-http-nocache-nav br=- rt=- inm="-" ims="-" ccreq="-"
2026-08-23T13:30:18+00:00 "GET /006/asset/app.css?v=nocache&sc=006&cs=firefox-http-nocache-nav&br=firefox&rt=nav HTTP/1.1" status=304 sc=006 v=nocache cs=firefox-http-nocache-nav br=firefox rt=nav inm="\x226a79595e-156\x22" ims="Mon, 10 Aug 2026 04:53:50 GMT" ccreq="-"
2026-08-23T13:30:20+00:00 "GET /006/page?asset=%2F006%2Fasset%2Fapp.css%3Fv%3Dplain%26sc%3D006%26cs%3Dfirefox-https-plain-nav%26br%3Dfirefox%26rt%3Dnav&cc=no-store&sc=006&cs=firefox-https-plain-nav&n=1 HTTP/1.1" status=200 sc=006 v=- cs=firefox-https-plain-nav br=- rt=- inm="-" ims="-" ccreq="-"
2026-08-23T13:30:20+00:00 "GET /006/asset/app.css?v=plain&sc=006&cs=firefox-https-plain-nav&br=firefox&rt=nav HTTP/1.1" status=200 sc=006 v=plain cs=firefox-https-plain-nav br=firefox rt=nav inm="-" ims="-" ccreq="-"
2026-08-23T13:30:21+00:00 "GET /006/page?asset=%2F006%2Fasset%2Fapp.css%3Fv%3Dplain%26sc%3D006%26cs%3Dfirefox-https-plain-nav%26br%3Dfirefox%26rt%3Dnav&cc=no-store&sc=006&cs=firefox-https-plain-nav&n=2 HTTP/1.1" status=200 sc=006 v=- cs=firefox-https-plain-nav br=- rt=- inm="-" ims="-" ccreq="-"
2026-08-23T13:30:23+00:00 "GET /006/page?asset=%2F006%2Fasset%2Fapp.css%3Fv%3Dnostore%26sc%3D006%26cs%3Dfirefox-https-nostore-nav%26br%3Dfirefox%26rt%3Dnav&cc=no-store&sc=006&cs=firefox-https-nostore-nav&n=1 HTTP/1.1" status=200 sc=006 v=- cs=firefox-https-nostore-nav br=- rt=- inm="-" ims="-" ccreq="-"
2026-08-23T13:30:23+00:00 "GET /006/asset/app.css?v=nostore&sc=006&cs=firefox-https-nostore-nav&br=firefox&rt=nav HTTP/1.1" status=200 sc=006 v=nostore cs=firefox-https-nostore-nav br=firefox rt=nav inm="-" ims="-" ccreq="-"
2026-08-23T13:30:23+00:00 "GET /006/page?asset=%2F006%2Fasset%2Fapp.css%3Fv%3Dnostore%26sc%3D006%26cs%3Dfirefox-https-nostore-nav%26br%3Dfirefox%26rt%3Dnav&cc=no-store&sc=006&cs=firefox-https-nostore-nav&n=2 HTTP/1.1" status=200 sc=006 v=- cs=firefox-https-nostore-nav br=- rt=- inm="-" ims="-" ccreq="-"
2026-08-23T13:30:23+00:00 "GET /006/asset/app.css?v=nostore&sc=006&cs=firefox-https-nostore-nav&br=firefox&rt=nav HTTP/1.1" status=200 sc=006 v=nostore cs=firefox-https-nostore-nav br=firefox rt=nav inm="-" ims="-" ccreq="-"
2026-08-23T13:30:26+00:00 "GET /006/page?asset=%2F006%2Fasset%2Fapp.css%3Fv%3Dnocache%26sc%3D006%26cs%3Dfirefox-https-nocache-nav%26br%3Dfirefox%26rt%3Dnav&cc=no-store&sc=006&cs=firefox-https-nocache-nav&n=1 HTTP/1.1" status=200 sc=006 v=- cs=firefox-https-nocache-nav br=- rt=- inm="-" ims="-" ccreq="-"
2026-08-23T13:30:26+00:00 "GET /006/asset/app.css?v=nocache&sc=006&cs=firefox-https-nocache-nav&br=firefox&rt=nav HTTP/1.1" status=200 sc=006 v=nocache cs=firefox-https-nocache-nav br=firefox rt=nav inm="-" ims="-" ccreq="-"
2026-08-23T13:30:26+00:00 "GET /006/page?asset=%2F006%2Fasset%2Fapp.css%3Fv%3Dnocache%26sc%3D006%26cs%3Dfirefox-https-nocache-nav%26br%3Dfirefox%26rt%3Dnav&cc=no-store&sc=006&cs=firefox-https-nocache-nav&n=2 HTTP/1.1" status=200 sc=006 v=- cs=firefox-https-nocache-nav br=- rt=- inm="-" ims="-" ccreq="-"
2026-08-23T13:30:26+00:00 "GET /006/asset/app.css?v=nocache&sc=006&cs=firefox-https-nocache-nav&br=firefox&rt=nav HTTP/1.1" status=304 sc=006 v=nocache cs=firefox-https-nocache-nav br=firefox rt=nav inm="\x226a79595e-156\x22" ims="Mon, 10 Aug 2026 04:53:50 GMT" ccreq="-"
2026-08-23T13:30:28+00:00 "GET /006/page?asset=%2F006%2Fasset%2Fapp.css%3Fv%3Dplain5%26sc%3D006%26cs%3Dfirefox-http-plain5-stale%26br%3Dfirefox%26rt%3Dstale&cc=no-store&sc=006&cs=firefox-http-plain5-stale&n=1 HTTP/1.1" status=200 sc=006 v=- cs=firefox-http-plain5-stale br=- rt=- inm="-" ims="-" ccreq="-"
2026-08-23T13:30:29+00:00 "GET /006/asset/app.css?v=plain5&sc=006&cs=firefox-http-plain5-stale&br=firefox&rt=stale HTTP/1.1" status=200 sc=006 v=plain5 cs=firefox-http-plain5-stale br=firefox rt=stale inm="-" ims="-" ccreq="-"
2026-08-23T13:30:36+00:00 "GET /006/page?asset=%2F006%2Fasset%2Fapp.css%3Fv%3Dplain5%26sc%3D006%26cs%3Dfirefox-http-plain5-stale%26br%3Dfirefox%26rt%3Dstale&cc=no-store&sc=006&cs=firefox-http-plain5-stale&n=2 HTTP/1.1" status=200 sc=006 v=- cs=firefox-http-plain5-stale br=- rt=- inm="-" ims="-" ccreq="-"
2026-08-23T13:30:37+00:00 "GET /006/asset/app.css?v=plain5&sc=006&cs=firefox-http-plain5-stale&br=firefox&rt=stale HTTP/1.1" status=304 sc=006 v=plain5 cs=firefox-http-plain5-stale br=firefox rt=stale inm="\x226a79595e-156\x22" ims="Mon, 10 Aug 2026 04:53:50 GMT" ccreq="-"
2026-08-23T13:30:39+00:00 "GET /006/page?asset=%2F006%2Fasset%2Fapp.css%3Fv%3Dplain5%26sc%3D006%26cs%3Dfirefox-http-plain5-restart%26br%3Dfirefox%26rt%3Drestart&cc=no-store&sc=006&cs=firefox-http-plain5-restart&n=1 HTTP/1.1" status=200 sc=006 v=- cs=firefox-http-plain5-restart br=- rt=- inm="-" ims="-" ccreq="-"
2026-08-23T13:30:39+00:00 "GET /006/asset/app.css?v=plain5&sc=006&cs=firefox-http-plain5-restart&br=firefox&rt=restart HTTP/1.1" status=200 sc=006 v=plain5 cs=firefox-http-plain5-restart br=firefox rt=restart inm="-" ims="-" ccreq="-"
2026-08-23T13:30:41+00:00 "GET /006/page?asset=%2F006%2Fasset%2Fapp.css%3Fv%3Dplain5%26sc%3D006%26cs%3Dfirefox-http-plain5-restart%26br%3Dfirefox%26rt%3Drestart&cc=no-store&sc=006&cs=firefox-http-plain5-restart&n=2 HTTP/1.1" status=200 sc=006 v=- cs=firefox-http-plain5-restart br=- rt=- inm="-" ims="-" ccreq="-"
2026-08-23T13:30:43+00:00 "GET /006/page?asset=%2F006%2Fasset%2Fapp.css%3Fv%3Dplain5%26sc%3D006%26cs%3Dfirefox-http-plain5-fetch-nocache%26br%3Dfirefox%26rt%3Dfetch-nocache&cc=no-store&sc=006&cs=firefox-http-plain5-fetch-nocache&n=1 HTTP/1.1" status=200 sc=006 v=- cs=firefox-http-plain5-fetch-nocache br=- rt=- inm="-" ims="-" ccreq="-"
2026-08-23T13:30:43+00:00 "GET /006/asset/app.css?v=plain5&sc=006&cs=firefox-http-plain5-fetch-nocache&br=firefox&rt=fetch-nocache HTTP/1.1" status=200 sc=006 v=plain5 cs=firefox-http-plain5-fetch-nocache br=firefox rt=fetch-nocache inm="-" ims="-" ccreq="-"
2026-08-23T13:30:44+00:00 "GET /006/asset/app.css?v=plain5&sc=006&cs=firefox-http-plain5-fetch-nocache&br=firefox&rt=fetch-nocache HTTP/1.1" status=304 sc=006 v=plain5 cs=firefox-http-plain5-fetch-nocache br=firefox rt=fetch-nocache inm="\x226a79595e-156\x22" ims="Mon, 10 Aug 2026 04:53:50 GMT" ccreq="max-age=0"
2026-08-23T13:30:46+00:00 "GET /006/page?asset=%2F006%2Fasset%2Fapp.css%3Fv%3Dplain5%26sc%3D006%26cs%3Dfirefox-http-plain5-fetch-reload%26br%3Dfirefox%26rt%3Dfetch-reload&cc=no-store&sc=006&cs=firefox-http-plain5-fetch-reload&n=1 HTTP/1.1" status=200 sc=006 v=- cs=firefox-http-plain5-fetch-reload br=- rt=- inm="-" ims="-" ccreq="-"
2026-08-23T13:30:46+00:00 "GET /006/asset/app.css?v=plain5&sc=006&cs=firefox-http-plain5-fetch-reload&br=firefox&rt=fetch-reload HTTP/1.1" status=200 sc=006 v=plain5 cs=firefox-http-plain5-fetch-reload br=firefox rt=fetch-reload inm="-" ims="-" ccreq="-"
2026-08-23T13:30:47+00:00 "GET /006/asset/app.css?v=plain5&sc=006&cs=firefox-http-plain5-fetch-reload&br=firefox&rt=fetch-reload HTTP/1.1" status=200 sc=006 v=plain5 cs=firefox-http-plain5-fetch-reload br=firefox rt=fetch-reload inm="-" ims="-" ccreq="no-cache"
2026-08-23T13:30:49+00:00 "GET /006/page?asset=%2F006%2Fasset%2Fapp.css%3Fv%3Dimmutable5%26sc%3D006%26cs%3Dfirefox-http-immutable5-stale%26br%3Dfirefox%26rt%3Dstale&cc=no-store&sc=006&cs=firefox-http-immutable5-stale&n=1 HTTP/1.1" status=200 sc=006 v=- cs=firefox-http-immutable5-stale br=- rt=- inm="-" ims="-" ccreq="-"
2026-08-23T13:30:49+00:00 "GET /006/asset/app.css?v=immutable5&sc=006&cs=firefox-http-immutable5-stale&br=firefox&rt=stale HTTP/1.1" status=200 sc=006 v=immutable5 cs=firefox-http-immutable5-stale br=firefox rt=stale inm="-" ims="-" ccreq="-"
2026-08-23T13:30:57+00:00 "GET /006/page?asset=%2F006%2Fasset%2Fapp.css%3Fv%3Dimmutable5%26sc%3D006%26cs%3Dfirefox-http-immutable5-stale%26br%3Dfirefox%26rt%3Dstale&cc=no-store&sc=006&cs=firefox-http-immutable5-stale&n=2 HTTP/1.1" status=200 sc=006 v=- cs=firefox-http-immutable5-stale br=- rt=- inm="-" ims="-" ccreq="-"
2026-08-23T13:30:57+00:00 "GET /006/asset/app.css?v=immutable5&sc=006&cs=firefox-http-immutable5-stale&br=firefox&rt=stale HTTP/1.1" status=304 sc=006 v=immutable5 cs=firefox-http-immutable5-stale br=firefox rt=stale inm="\x226a79595e-156\x22" ims="Mon, 10 Aug 2026 04:53:50 GMT" ccreq="-"
2026-08-23T13:30:59+00:00 "GET /006/page?asset=%2F006%2Fasset%2Fapp.css%3Fv%3Dimmutable5%26sc%3D006%26cs%3Dfirefox-http-immutable5-restart%26br%3Dfirefox%26rt%3Drestart&cc=no-store&sc=006&cs=firefox-http-immutable5-restart&n=1 HTTP/1.1" status=200 sc=006 v=- cs=firefox-http-immutable5-restart br=- rt=- inm="-" ims="-" ccreq="-"
2026-08-23T13:30:59+00:00 "GET /006/asset/app.css?v=immutable5&sc=006&cs=firefox-http-immutable5-restart&br=firefox&rt=restart HTTP/1.1" status=200 sc=006 v=immutable5 cs=firefox-http-immutable5-restart br=firefox rt=restart inm="-" ims="-" ccreq="-"
2026-08-23T13:31:01+00:00 "GET /006/page?asset=%2F006%2Fasset%2Fapp.css%3Fv%3Dimmutable5%26sc%3D006%26cs%3Dfirefox-http-immutable5-restart%26br%3Dfirefox%26rt%3Drestart&cc=no-store&sc=006&cs=firefox-http-immutable5-restart&n=2 HTTP/1.1" status=200 sc=006 v=- cs=firefox-http-immutable5-restart br=- rt=- inm="-" ims="-" ccreq="-"
2026-08-23T13:31:03+00:00 "GET /006/page?asset=%2F006%2Fasset%2Fapp.css%3Fv%3Dimmutable5%26sc%3D006%26cs%3Dfirefox-http-immutable5-fetch-nocache%26br%3Dfirefox%26rt%3Dfetch-nocache&cc=no-store&sc=006&cs=firefox-http-immutable5-fetch-nocache&n=1 HTTP/1.1" status=200 sc=006 v=- cs=firefox-http-immutable5-fetch-nocache br=- rt=- inm="-" ims="-" ccreq="-"
2026-08-23T13:31:03+00:00 "GET /006/asset/app.css?v=immutable5&sc=006&cs=firefox-http-immutable5-fetch-nocache&br=firefox&rt=fetch-nocache HTTP/1.1" status=200 sc=006 v=immutable5 cs=firefox-http-immutable5-fetch-nocache br=firefox rt=fetch-nocache inm="-" ims="-" ccreq="-"
2026-08-23T13:31:04+00:00 "GET /006/asset/app.css?v=immutable5&sc=006&cs=firefox-http-immutable5-fetch-nocache&br=firefox&rt=fetch-nocache HTTP/1.1" status=304 sc=006 v=immutable5 cs=firefox-http-immutable5-fetch-nocache br=firefox rt=fetch-nocache inm="\x226a79595e-156\x22" ims="Mon, 10 Aug 2026 04:53:50 GMT" ccreq="max-age=0"
2026-08-23T13:31:06+00:00 "GET /006/page?asset=%2F006%2Fasset%2Fapp.css%3Fv%3Dimmutable5%26sc%3D006%26cs%3Dfirefox-http-immutable5-fetch-reload%26br%3Dfirefox%26rt%3Dfetch-reload&cc=no-store&sc=006&cs=firefox-http-immutable5-fetch-reload&n=1 HTTP/1.1" status=200 sc=006 v=- cs=firefox-http-immutable5-fetch-reload br=- rt=- inm="-" ims="-" ccreq="-"
2026-08-23T13:31:06+00:00 "GET /006/asset/app.css?v=immutable5&sc=006&cs=firefox-http-immutable5-fetch-reload&br=firefox&rt=fetch-reload HTTP/1.1" status=200 sc=006 v=immutable5 cs=firefox-http-immutable5-fetch-reload br=firefox rt=fetch-reload inm="-" ims="-" ccreq="-"
2026-08-23T13:31:07+00:00 "GET /006/asset/app.css?v=immutable5&sc=006&cs=firefox-http-immutable5-fetch-reload&br=firefox&rt=fetch-reload HTTP/1.1" status=200 sc=006 v=immutable5 cs=firefox-http-immutable5-fetch-reload br=firefox rt=fetch-reload inm="-" ims="-" ccreq="no-cache"
2026-08-23T13:31:09+00:00 "GET /006/page?asset=%2F006%2Fasset%2Fapp.css%3Fv%3Dplain5%26sc%3D006%26cs%3Dfirefox-https-plain5-stale%26br%3Dfirefox%26rt%3Dstale&cc=no-store&sc=006&cs=firefox-https-plain5-stale&n=1 HTTP/1.1" status=200 sc=006 v=- cs=firefox-https-plain5-stale br=- rt=- inm="-" ims="-" ccreq="-"
2026-08-23T13:31:09+00:00 "GET /006/asset/app.css?v=plain5&sc=006&cs=firefox-https-plain5-stale&br=firefox&rt=stale HTTP/1.1" status=200 sc=006 v=plain5 cs=firefox-https-plain5-stale br=firefox rt=stale inm="-" ims="-" ccreq="-"
2026-08-23T13:31:17+00:00 "GET /006/page?asset=%2F006%2Fasset%2Fapp.css%3Fv%3Dplain5%26sc%3D006%26cs%3Dfirefox-https-plain5-stale%26br%3Dfirefox%26rt%3Dstale&cc=no-store&sc=006&cs=firefox-https-plain5-stale&n=2 HTTP/1.1" status=200 sc=006 v=- cs=firefox-https-plain5-stale br=- rt=- inm="-" ims="-" ccreq="-"
2026-08-23T13:31:17+00:00 "GET /006/asset/app.css?v=plain5&sc=006&cs=firefox-https-plain5-stale&br=firefox&rt=stale HTTP/1.1" status=304 sc=006 v=plain5 cs=firefox-https-plain5-stale br=firefox rt=stale inm="\x226a79595e-156\x22" ims="Mon, 10 Aug 2026 04:53:50 GMT" ccreq="-"
2026-08-23T13:31:20+00:00 "GET /006/page?asset=%2F006%2Fasset%2Fapp.css%3Fv%3Dplain5%26sc%3D006%26cs%3Dfirefox-https-plain5-restart%26br%3Dfirefox%26rt%3Drestart&cc=no-store&sc=006&cs=firefox-https-plain5-restart&n=1 HTTP/1.1" status=200 sc=006 v=- cs=firefox-https-plain5-restart br=- rt=- inm="-" ims="-" ccreq="-"
2026-08-23T13:31:20+00:00 "GET /006/asset/app.css?v=plain5&sc=006&cs=firefox-https-plain5-restart&br=firefox&rt=restart HTTP/1.1" status=200 sc=006 v=plain5 cs=firefox-https-plain5-restart br=firefox rt=restart inm="-" ims="-" ccreq="-"
2026-08-23T13:31:22+00:00 "GET /006/page?asset=%2F006%2Fasset%2Fapp.css%3Fv%3Dplain5%26sc%3D006%26cs%3Dfirefox-https-plain5-restart%26br%3Dfirefox%26rt%3Drestart&cc=no-store&sc=006&cs=firefox-https-plain5-restart&n=2 HTTP/1.1" status=200 sc=006 v=- cs=firefox-https-plain5-restart br=- rt=- inm="-" ims="-" ccreq="-"
2026-08-23T13:31:24+00:00 "GET /006/page?asset=%2F006%2Fasset%2Fapp.css%3Fv%3Dplain5%26sc%3D006%26cs%3Dfirefox-https-plain5-fetch-nocache%26br%3Dfirefox%26rt%3Dfetch-nocache&cc=no-store&sc=006&cs=firefox-https-plain5-fetch-nocache&n=1 HTTP/1.1" status=200 sc=006 v=- cs=firefox-https-plain5-fetch-nocache br=- rt=- inm="-" ims="-" ccreq="-"
2026-08-23T13:31:24+00:00 "GET /006/asset/app.css?v=plain5&sc=006&cs=firefox-https-plain5-fetch-nocache&br=firefox&rt=fetch-nocache HTTP/1.1" status=200 sc=006 v=plain5 cs=firefox-https-plain5-fetch-nocache br=firefox rt=fetch-nocache inm="-" ims="-" ccreq="-"
2026-08-23T13:31:24+00:00 "GET /006/asset/app.css?v=plain5&sc=006&cs=firefox-https-plain5-fetch-nocache&br=firefox&rt=fetch-nocache HTTP/1.1" status=304 sc=006 v=plain5 cs=firefox-https-plain5-fetch-nocache br=firefox rt=fetch-nocache inm="\x226a79595e-156\x22" ims="Mon, 10 Aug 2026 04:53:50 GMT" ccreq="max-age=0"
2026-08-23T13:31:27+00:00 "GET /006/page?asset=%2F006%2Fasset%2Fapp.css%3Fv%3Dplain5%26sc%3D006%26cs%3Dfirefox-https-plain5-fetch-reload%26br%3Dfirefox%26rt%3Dfetch-reload&cc=no-store&sc=006&cs=firefox-https-plain5-fetch-reload&n=1 HTTP/1.1" status=200 sc=006 v=- cs=firefox-https-plain5-fetch-reload br=- rt=- inm="-" ims="-" ccreq="-"
2026-08-23T13:31:27+00:00 "GET /006/asset/app.css?v=plain5&sc=006&cs=firefox-https-plain5-fetch-reload&br=firefox&rt=fetch-reload HTTP/1.1" status=200 sc=006 v=plain5 cs=firefox-https-plain5-fetch-reload br=firefox rt=fetch-reload inm="-" ims="-" ccreq="-"
2026-08-23T13:31:27+00:00 "GET /006/asset/app.css?v=plain5&sc=006&cs=firefox-https-plain5-fetch-reload&br=firefox&rt=fetch-reload HTTP/1.1" status=200 sc=006 v=plain5 cs=firefox-https-plain5-fetch-reload br=firefox rt=fetch-reload inm="-" ims="-" ccreq="no-cache"
2026-08-23T13:31:29+00:00 "GET /006/page?asset=%2F006%2Fasset%2Fapp.css%3Fv%3Dimmutable5%26sc%3D006%26cs%3Dfirefox-https-immutable5-stale%26br%3Dfirefox%26rt%3Dstale&cc=no-store&sc=006&cs=firefox-https-immutable5-stale&n=1 HTTP/1.1" status=200 sc=006 v=- cs=firefox-https-immutable5-stale br=- rt=- inm="-" ims="-" ccreq="-"
2026-08-23T13:31:29+00:00 "GET /006/asset/app.css?v=immutable5&sc=006&cs=firefox-https-immutable5-stale&br=firefox&rt=stale HTTP/1.1" status=200 sc=006 v=immutable5 cs=firefox-https-immutable5-stale br=firefox rt=stale inm="-" ims="-" ccreq="-"
2026-08-23T13:31:37+00:00 "GET /006/page?asset=%2F006%2Fasset%2Fapp.css%3Fv%3Dimmutable5%26sc%3D006%26cs%3Dfirefox-https-immutable5-stale%26br%3Dfirefox%26rt%3Dstale&cc=no-store&sc=006&cs=firefox-https-immutable5-stale&n=2 HTTP/1.1" status=200 sc=006 v=- cs=firefox-https-immutable5-stale br=- rt=- inm="-" ims="-" ccreq="-"
2026-08-23T13:31:37+00:00 "GET /006/asset/app.css?v=immutable5&sc=006&cs=firefox-https-immutable5-stale&br=firefox&rt=stale HTTP/1.1" status=304 sc=006 v=immutable5 cs=firefox-https-immutable5-stale br=firefox rt=stale inm="\x226a79595e-156\x22" ims="Mon, 10 Aug 2026 04:53:50 GMT" ccreq="-"
2026-08-23T13:31:40+00:00 "GET /006/page?asset=%2F006%2Fasset%2Fapp.css%3Fv%3Dimmutable5%26sc%3D006%26cs%3Dfirefox-https-immutable5-restart%26br%3Dfirefox%26rt%3Drestart&cc=no-store&sc=006&cs=firefox-https-immutable5-restart&n=1 HTTP/1.1" status=200 sc=006 v=- cs=firefox-https-immutable5-restart br=- rt=- inm="-" ims="-" ccreq="-"
2026-08-23T13:31:40+00:00 "GET /006/asset/app.css?v=immutable5&sc=006&cs=firefox-https-immutable5-restart&br=firefox&rt=restart HTTP/1.1" status=200 sc=006 v=immutable5 cs=firefox-https-immutable5-restart br=firefox rt=restart inm="-" ims="-" ccreq="-"
2026-08-23T13:31:42+00:00 "GET /006/page?asset=%2F006%2Fasset%2Fapp.css%3Fv%3Dimmutable5%26sc%3D006%26cs%3Dfirefox-https-immutable5-restart%26br%3Dfirefox%26rt%3Drestart&cc=no-store&sc=006&cs=firefox-https-immutable5-restart&n=2 HTTP/1.1" status=200 sc=006 v=- cs=firefox-https-immutable5-restart br=- rt=- inm="-" ims="-" ccreq="-"
2026-08-23T13:31:44+00:00 "GET /006/page?asset=%2F006%2Fasset%2Fapp.css%3Fv%3Dimmutable5%26sc%3D006%26cs%3Dfirefox-https-immutable5-fetch-nocache%26br%3Dfirefox%26rt%3Dfetch-nocache&cc=no-store&sc=006&cs=firefox-https-immutable5-fetch-nocache&n=1 HTTP/1.1" status=200 sc=006 v=- cs=firefox-https-immutable5-fetch-nocache br=- rt=- inm="-" ims="-" ccreq="-"
2026-08-23T13:31:44+00:00 "GET /006/asset/app.css?v=immutable5&sc=006&cs=firefox-https-immutable5-fetch-nocache&br=firefox&rt=fetch-nocache HTTP/1.1" status=200 sc=006 v=immutable5 cs=firefox-https-immutable5-fetch-nocache br=firefox rt=fetch-nocache inm="-" ims="-" ccreq="-"
2026-08-23T13:31:47+00:00 "GET /006/page?asset=%2F006%2Fasset%2Fapp.css%3Fv%3Dimmutable5%26sc%3D006%26cs%3Dfirefox-https-immutable5-fetch-reload%26br%3Dfirefox%26rt%3Dfetch-reload&cc=no-store&sc=006&cs=firefox-https-immutable5-fetch-reload&n=1 HTTP/1.1" status=200 sc=006 v=- cs=firefox-https-immutable5-fetch-reload br=- rt=- inm="-" ims="-" ccreq="-"
2026-08-23T13:31:47+00:00 "GET /006/asset/app.css?v=immutable5&sc=006&cs=firefox-https-immutable5-fetch-reload&br=firefox&rt=fetch-reload HTTP/1.1" status=200 sc=006 v=immutable5 cs=firefox-https-immutable5-fetch-reload br=firefox rt=fetch-reload inm="-" ims="-" ccreq="-"
2026-08-23T13:31:48+00:00 "GET /006/asset/app.css?v=immutable5&sc=006&cs=firefox-https-immutable5-fetch-reload&br=firefox&rt=fetch-reload HTTP/1.1" status=200 sc=006 v=immutable5 cs=firefox-https-immutable5-fetch-reload br=firefox rt=fetch-reload inm="-" ims="-" ccreq="no-cache"
2026-08-23T13:31:50+00:00 "GET /006/page?asset=%2F006%2Fasset%2Fapp.css%3Fv%3Dplain%26sc%3D006%26cs%3Dwebkit-http-plain-nav%26br%3Dwebkit%26rt%3Dnav&cc=no-store&sc=006&cs=webkit-http-plain-nav&n=1 HTTP/1.1" status=200 sc=006 v=- cs=webkit-http-plain-nav br=- rt=- inm="-" ims="-" ccreq="-"
2026-08-23T13:31:50+00:00 "GET /006/asset/app.css?v=plain&sc=006&cs=webkit-http-plain-nav&br=webkit&rt=nav HTTP/1.1" status=200 sc=006 v=plain cs=webkit-http-plain-nav br=webkit rt=nav inm="-" ims="-" ccreq="-"
2026-08-23T13:31:50+00:00 "GET /006/page?asset=%2F006%2Fasset%2Fapp.css%3Fv%3Dplain%26sc%3D006%26cs%3Dwebkit-http-plain-nav%26br%3Dwebkit%26rt%3Dnav&cc=no-store&sc=006&cs=webkit-http-plain-nav&n=2 HTTP/1.1" status=200 sc=006 v=- cs=webkit-http-plain-nav br=- rt=- inm="-" ims="-" ccreq="-"
2026-08-23T13:31:52+00:00 "GET /006/page?asset=%2F006%2Fasset%2Fapp.css%3Fv%3Dnostore%26sc%3D006%26cs%3Dwebkit-http-nostore-nav%26br%3Dwebkit%26rt%3Dnav&cc=no-store&sc=006&cs=webkit-http-nostore-nav&n=1 HTTP/1.1" status=200 sc=006 v=- cs=webkit-http-nostore-nav br=- rt=- inm="-" ims="-" ccreq="-"
2026-08-23T13:31:52+00:00 "GET /006/asset/app.css?v=nostore&sc=006&cs=webkit-http-nostore-nav&br=webkit&rt=nav HTTP/1.1" status=200 sc=006 v=nostore cs=webkit-http-nostore-nav br=webkit rt=nav inm="-" ims="-" ccreq="-"
2026-08-23T13:31:52+00:00 "GET /006/page?asset=%2F006%2Fasset%2Fapp.css%3Fv%3Dnostore%26sc%3D006%26cs%3Dwebkit-http-nostore-nav%26br%3Dwebkit%26rt%3Dnav&cc=no-store&sc=006&cs=webkit-http-nostore-nav&n=2 HTTP/1.1" status=200 sc=006 v=- cs=webkit-http-nostore-nav br=- rt=- inm="-" ims="-" ccreq="-"
2026-08-23T13:31:52+00:00 "GET /006/asset/app.css?v=nostore&sc=006&cs=webkit-http-nostore-nav&br=webkit&rt=nav HTTP/1.1" status=200 sc=006 v=nostore cs=webkit-http-nostore-nav br=webkit rt=nav inm="-" ims="-" ccreq="-"
2026-08-23T13:31:54+00:00 "GET /006/page?asset=%2F006%2Fasset%2Fapp.css%3Fv%3Dnocache%26sc%3D006%26cs%3Dwebkit-http-nocache-nav%26br%3Dwebkit%26rt%3Dnav&cc=no-store&sc=006&cs=webkit-http-nocache-nav&n=1 HTTP/1.1" status=200 sc=006 v=- cs=webkit-http-nocache-nav br=- rt=- inm="-" ims="-" ccreq="-"
2026-08-23T13:31:54+00:00 "GET /006/asset/app.css?v=nocache&sc=006&cs=webkit-http-nocache-nav&br=webkit&rt=nav HTTP/1.1" status=200 sc=006 v=nocache cs=webkit-http-nocache-nav br=webkit rt=nav inm="-" ims="-" ccreq="-"
2026-08-23T13:31:55+00:00 "GET /006/page?asset=%2F006%2Fasset%2Fapp.css%3Fv%3Dnocache%26sc%3D006%26cs%3Dwebkit-http-nocache-nav%26br%3Dwebkit%26rt%3Dnav&cc=no-store&sc=006&cs=webkit-http-nocache-nav&n=2 HTTP/1.1" status=200 sc=006 v=- cs=webkit-http-nocache-nav br=- rt=- inm="-" ims="-" ccreq="-"
2026-08-23T13:31:55+00:00 "GET /006/asset/app.css?v=nocache&sc=006&cs=webkit-http-nocache-nav&br=webkit&rt=nav HTTP/1.1" status=304 sc=006 v=nocache cs=webkit-http-nocache-nav br=webkit rt=nav inm="\x226a79595e-156\x22" ims="Mon, 10 Aug 2026 04:53:50 GMT" ccreq="-"
2026-08-23T13:31:56+00:00 "GET /006/page?asset=%2F006%2Fasset%2Fapp.css%3Fv%3Dplain%26sc%3D006%26cs%3Dwebkit-https-plain-nav%26br%3Dwebkit%26rt%3Dnav&cc=no-store&sc=006&cs=webkit-https-plain-nav&n=1 HTTP/1.1" status=200 sc=006 v=- cs=webkit-https-plain-nav br=- rt=- inm="-" ims="-" ccreq="-"
2026-08-23T13:31:56+00:00 "GET /006/asset/app.css?v=plain&sc=006&cs=webkit-https-plain-nav&br=webkit&rt=nav HTTP/1.1" status=200 sc=006 v=plain cs=webkit-https-plain-nav br=webkit rt=nav inm="-" ims="-" ccreq="-"
2026-08-23T13:31:57+00:00 "GET /006/page?asset=%2F006%2Fasset%2Fapp.css%3Fv%3Dplain%26sc%3D006%26cs%3Dwebkit-https-plain-nav%26br%3Dwebkit%26rt%3Dnav&cc=no-store&sc=006&cs=webkit-https-plain-nav&n=2 HTTP/1.1" status=200 sc=006 v=- cs=webkit-https-plain-nav br=- rt=- inm="-" ims="-" ccreq="-"
2026-08-23T13:31:58+00:00 "GET /006/page?asset=%2F006%2Fasset%2Fapp.css%3Fv%3Dnostore%26sc%3D006%26cs%3Dwebkit-https-nostore-nav%26br%3Dwebkit%26rt%3Dnav&cc=no-store&sc=006&cs=webkit-https-nostore-nav&n=1 HTTP/1.1" status=200 sc=006 v=- cs=webkit-https-nostore-nav br=- rt=- inm="-" ims="-" ccreq="-"
2026-08-23T13:31:58+00:00 "GET /006/asset/app.css?v=nostore&sc=006&cs=webkit-https-nostore-nav&br=webkit&rt=nav HTTP/1.1" status=200 sc=006 v=nostore cs=webkit-https-nostore-nav br=webkit rt=nav inm="-" ims="-" ccreq="-"
2026-08-23T13:31:59+00:00 "GET /006/page?asset=%2F006%2Fasset%2Fapp.css%3Fv%3Dnostore%26sc%3D006%26cs%3Dwebkit-https-nostore-nav%26br%3Dwebkit%26rt%3Dnav&cc=no-store&sc=006&cs=webkit-https-nostore-nav&n=2 HTTP/1.1" status=200 sc=006 v=- cs=webkit-https-nostore-nav br=- rt=- inm="-" ims="-" ccreq="-"
2026-08-23T13:31:59+00:00 "GET /006/asset/app.css?v=nostore&sc=006&cs=webkit-https-nostore-nav&br=webkit&rt=nav HTTP/1.1" status=200 sc=006 v=nostore cs=webkit-https-nostore-nav br=webkit rt=nav inm="-" ims="-" ccreq="-"
2026-08-23T13:32:00+00:00 "GET /006/page?asset=%2F006%2Fasset%2Fapp.css%3Fv%3Dnocache%26sc%3D006%26cs%3Dwebkit-https-nocache-nav%26br%3Dwebkit%26rt%3Dnav&cc=no-store&sc=006&cs=webkit-https-nocache-nav&n=1 HTTP/1.1" status=200 sc=006 v=- cs=webkit-https-nocache-nav br=- rt=- inm="-" ims="-" ccreq="-"
2026-08-23T13:32:00+00:00 "GET /006/asset/app.css?v=nocache&sc=006&cs=webkit-https-nocache-nav&br=webkit&rt=nav HTTP/1.1" status=200 sc=006 v=nocache cs=webkit-https-nocache-nav br=webkit rt=nav inm="-" ims="-" ccreq="-"
2026-08-23T13:32:01+00:00 "GET /006/page?asset=%2F006%2Fasset%2Fapp.css%3Fv%3Dnocache%26sc%3D006%26cs%3Dwebkit-https-nocache-nav%26br%3Dwebkit%26rt%3Dnav&cc=no-store&sc=006&cs=webkit-https-nocache-nav&n=2 HTTP/1.1" status=200 sc=006 v=- cs=webkit-https-nocache-nav br=- rt=- inm="-" ims="-" ccreq="-"
2026-08-23T13:32:01+00:00 "GET /006/asset/app.css?v=nocache&sc=006&cs=webkit-https-nocache-nav&br=webkit&rt=nav HTTP/1.1" status=304 sc=006 v=nocache cs=webkit-https-nocache-nav br=webkit rt=nav inm="\x226a79595e-156\x22" ims="Mon, 10 Aug 2026 04:53:50 GMT" ccreq="-"
2026-08-23T13:32:03+00:00 "GET /006/page?asset=%2F006%2Fasset%2Fapp.css%3Fv%3Dplain5%26sc%3D006%26cs%3Dwebkit-http-plain5-stale%26br%3Dwebkit%26rt%3Dstale&cc=no-store&sc=006&cs=webkit-http-plain5-stale&n=1 HTTP/1.1" status=200 sc=006 v=- cs=webkit-http-plain5-stale br=- rt=- inm="-" ims="-" ccreq="-"
2026-08-23T13:32:03+00:00 "GET /006/asset/app.css?v=plain5&sc=006&cs=webkit-http-plain5-stale&br=webkit&rt=stale HTTP/1.1" status=200 sc=006 v=plain5 cs=webkit-http-plain5-stale br=webkit rt=stale inm="-" ims="-" ccreq="-"
2026-08-23T13:32:10+00:00 "GET /006/page?asset=%2F006%2Fasset%2Fapp.css%3Fv%3Dplain5%26sc%3D006%26cs%3Dwebkit-http-plain5-stale%26br%3Dwebkit%26rt%3Dstale&cc=no-store&sc=006&cs=webkit-http-plain5-stale&n=2 HTTP/1.1" status=200 sc=006 v=- cs=webkit-http-plain5-stale br=- rt=- inm="-" ims="-" ccreq="-"
2026-08-23T13:32:10+00:00 "GET /006/asset/app.css?v=plain5&sc=006&cs=webkit-http-plain5-stale&br=webkit&rt=stale HTTP/1.1" status=304 sc=006 v=plain5 cs=webkit-http-plain5-stale br=webkit rt=stale inm="\x226a79595e-156\x22" ims="Mon, 10 Aug 2026 04:53:50 GMT" ccreq="-"
2026-08-23T13:32:12+00:00 "GET /006/page?asset=%2F006%2Fasset%2Fapp.css%3Fv%3Dplain5%26sc%3D006%26cs%3Dwebkit-http-plain5-restart%26br%3Dwebkit%26rt%3Drestart&cc=no-store&sc=006&cs=webkit-http-plain5-restart&n=1 HTTP/1.1" status=200 sc=006 v=- cs=webkit-http-plain5-restart br=- rt=- inm="-" ims="-" ccreq="-"
2026-08-23T13:32:12+00:00 "GET /006/asset/app.css?v=plain5&sc=006&cs=webkit-http-plain5-restart&br=webkit&rt=restart HTTP/1.1" status=200 sc=006 v=plain5 cs=webkit-http-plain5-restart br=webkit rt=restart inm="-" ims="-" ccreq="-"
2026-08-23T13:32:13+00:00 "GET /006/page?asset=%2F006%2Fasset%2Fapp.css%3Fv%3Dplain5%26sc%3D006%26cs%3Dwebkit-http-plain5-restart%26br%3Dwebkit%26rt%3Drestart&cc=no-store&sc=006&cs=webkit-http-plain5-restart&n=2 HTTP/1.1" status=200 sc=006 v=- cs=webkit-http-plain5-restart br=- rt=- inm="-" ims="-" ccreq="-"
2026-08-23T13:32:13+00:00 "GET /006/asset/app.css?v=plain5&sc=006&cs=webkit-http-plain5-restart&br=webkit&rt=restart HTTP/1.1" status=200 sc=006 v=plain5 cs=webkit-http-plain5-restart br=webkit rt=restart inm="-" ims="-" ccreq="-"
2026-08-23T13:32:15+00:00 "GET /006/page?asset=%2F006%2Fasset%2Fapp.css%3Fv%3Dplain5%26sc%3D006%26cs%3Dwebkit-http-plain5-fetch-nocache%26br%3Dwebkit%26rt%3Dfetch-nocache&cc=no-store&sc=006&cs=webkit-http-plain5-fetch-nocache&n=1 HTTP/1.1" status=200 sc=006 v=- cs=webkit-http-plain5-fetch-nocache br=- rt=- inm="-" ims="-" ccreq="-"
2026-08-23T13:32:15+00:00 "GET /006/asset/app.css?v=plain5&sc=006&cs=webkit-http-plain5-fetch-nocache&br=webkit&rt=fetch-nocache HTTP/1.1" status=200 sc=006 v=plain5 cs=webkit-http-plain5-fetch-nocache br=webkit rt=fetch-nocache inm="-" ims="-" ccreq="-"
2026-08-23T13:32:15+00:00 "GET /006/asset/app.css?v=plain5&sc=006&cs=webkit-http-plain5-fetch-nocache&br=webkit&rt=fetch-nocache HTTP/1.1" status=200 sc=006 v=plain5 cs=webkit-http-plain5-fetch-nocache br=webkit rt=fetch-nocache inm="-" ims="-" ccreq="max-age=0"
2026-08-23T13:32:17+00:00 "GET /006/page?asset=%2F006%2Fasset%2Fapp.css%3Fv%3Dplain5%26sc%3D006%26cs%3Dwebkit-http-plain5-fetch-reload%26br%3Dwebkit%26rt%3Dfetch-reload&cc=no-store&sc=006&cs=webkit-http-plain5-fetch-reload&n=1 HTTP/1.1" status=200 sc=006 v=- cs=webkit-http-plain5-fetch-reload br=- rt=- inm="-" ims="-" ccreq="-"
2026-08-23T13:32:17+00:00 "GET /006/asset/app.css?v=plain5&sc=006&cs=webkit-http-plain5-fetch-reload&br=webkit&rt=fetch-reload HTTP/1.1" status=200 sc=006 v=plain5 cs=webkit-http-plain5-fetch-reload br=webkit rt=fetch-reload inm="-" ims="-" ccreq="-"
2026-08-23T13:32:18+00:00 "GET /006/asset/app.css?v=plain5&sc=006&cs=webkit-http-plain5-fetch-reload&br=webkit&rt=fetch-reload HTTP/1.1" status=200 sc=006 v=plain5 cs=webkit-http-plain5-fetch-reload br=webkit rt=fetch-reload inm="-" ims="-" ccreq="no-cache"
2026-08-23T13:32:19+00:00 "GET /006/page?asset=%2F006%2Fasset%2Fapp.css%3Fv%3Dimmutable5%26sc%3D006%26cs%3Dwebkit-http-immutable5-stale%26br%3Dwebkit%26rt%3Dstale&cc=no-store&sc=006&cs=webkit-http-immutable5-stale&n=1 HTTP/1.1" status=200 sc=006 v=- cs=webkit-http-immutable5-stale br=- rt=- inm="-" ims="-" ccreq="-"
2026-08-23T13:32:19+00:00 "GET /006/asset/app.css?v=immutable5&sc=006&cs=webkit-http-immutable5-stale&br=webkit&rt=stale HTTP/1.1" status=200 sc=006 v=immutable5 cs=webkit-http-immutable5-stale br=webkit rt=stale inm="-" ims="-" ccreq="-"
2026-08-23T13:32:27+00:00 "GET /006/page?asset=%2F006%2Fasset%2Fapp.css%3Fv%3Dimmutable5%26sc%3D006%26cs%3Dwebkit-http-immutable5-stale%26br%3Dwebkit%26rt%3Dstale&cc=no-store&sc=006&cs=webkit-http-immutable5-stale&n=2 HTTP/1.1" status=200 sc=006 v=- cs=webkit-http-immutable5-stale br=- rt=- inm="-" ims="-" ccreq="-"
2026-08-23T13:32:27+00:00 "GET /006/asset/app.css?v=immutable5&sc=006&cs=webkit-http-immutable5-stale&br=webkit&rt=stale HTTP/1.1" status=304 sc=006 v=immutable5 cs=webkit-http-immutable5-stale br=webkit rt=stale inm="\x226a79595e-156\x22" ims="Mon, 10 Aug 2026 04:53:50 GMT" ccreq="-"
2026-08-23T13:32:28+00:00 "GET /006/page?asset=%2F006%2Fasset%2Fapp.css%3Fv%3Dimmutable5%26sc%3D006%26cs%3Dwebkit-http-immutable5-restart%26br%3Dwebkit%26rt%3Drestart&cc=no-store&sc=006&cs=webkit-http-immutable5-restart&n=1 HTTP/1.1" status=200 sc=006 v=- cs=webkit-http-immutable5-restart br=- rt=- inm="-" ims="-" ccreq="-"
2026-08-23T13:32:28+00:00 "GET /006/asset/app.css?v=immutable5&sc=006&cs=webkit-http-immutable5-restart&br=webkit&rt=restart HTTP/1.1" status=200 sc=006 v=immutable5 cs=webkit-http-immutable5-restart br=webkit rt=restart inm="-" ims="-" ccreq="-"
2026-08-23T13:32:30+00:00 "GET /006/page?asset=%2F006%2Fasset%2Fapp.css%3Fv%3Dimmutable5%26sc%3D006%26cs%3Dwebkit-http-immutable5-restart%26br%3Dwebkit%26rt%3Drestart&cc=no-store&sc=006&cs=webkit-http-immutable5-restart&n=2 HTTP/1.1" status=200 sc=006 v=- cs=webkit-http-immutable5-restart br=- rt=- inm="-" ims="-" ccreq="-"
2026-08-23T13:32:30+00:00 "GET /006/asset/app.css?v=immutable5&sc=006&cs=webkit-http-immutable5-restart&br=webkit&rt=restart HTTP/1.1" status=200 sc=006 v=immutable5 cs=webkit-http-immutable5-restart br=webkit rt=restart inm="-" ims="-" ccreq="-"
2026-08-23T13:32:31+00:00 "GET /006/page?asset=%2F006%2Fasset%2Fapp.css%3Fv%3Dimmutable5%26sc%3D006%26cs%3Dwebkit-http-immutable5-fetch-nocache%26br%3Dwebkit%26rt%3Dfetch-nocache&cc=no-store&sc=006&cs=webkit-http-immutable5-fetch-nocache&n=1 HTTP/1.1" status=200 sc=006 v=- cs=webkit-http-immutable5-fetch-nocache br=- rt=- inm="-" ims="-" ccreq="-"
2026-08-23T13:32:31+00:00 "GET /006/asset/app.css?v=immutable5&sc=006&cs=webkit-http-immutable5-fetch-nocache&br=webkit&rt=fetch-nocache HTTP/1.1" status=200 sc=006 v=immutable5 cs=webkit-http-immutable5-fetch-nocache br=webkit rt=fetch-nocache inm="-" ims="-" ccreq="-"
2026-08-23T13:32:32+00:00 "GET /006/asset/app.css?v=immutable5&sc=006&cs=webkit-http-immutable5-fetch-nocache&br=webkit&rt=fetch-nocache HTTP/1.1" status=200 sc=006 v=immutable5 cs=webkit-http-immutable5-fetch-nocache br=webkit rt=fetch-nocache inm="-" ims="-" ccreq="max-age=0"
2026-08-23T13:32:33+00:00 "GET /006/page?asset=%2F006%2Fasset%2Fapp.css%3Fv%3Dimmutable5%26sc%3D006%26cs%3Dwebkit-http-immutable5-fetch-reload%26br%3Dwebkit%26rt%3Dfetch-reload&cc=no-store&sc=006&cs=webkit-http-immutable5-fetch-reload&n=1 HTTP/1.1" status=200 sc=006 v=- cs=webkit-http-immutable5-fetch-reload br=- rt=- inm="-" ims="-" ccreq="-"
2026-08-23T13:32:33+00:00 "GET /006/asset/app.css?v=immutable5&sc=006&cs=webkit-http-immutable5-fetch-reload&br=webkit&rt=fetch-reload HTTP/1.1" status=200 sc=006 v=immutable5 cs=webkit-http-immutable5-fetch-reload br=webkit rt=fetch-reload inm="-" ims="-" ccreq="-"
2026-08-23T13:32:34+00:00 "GET /006/asset/app.css?v=immutable5&sc=006&cs=webkit-http-immutable5-fetch-reload&br=webkit&rt=fetch-reload HTTP/1.1" status=200 sc=006 v=immutable5 cs=webkit-http-immutable5-fetch-reload br=webkit rt=fetch-reload inm="-" ims="-" ccreq="no-cache"
2026-08-23T13:32:35+00:00 "GET /006/page?asset=%2F006%2Fasset%2Fapp.css%3Fv%3Dplain5%26sc%3D006%26cs%3Dwebkit-https-plain5-stale%26br%3Dwebkit%26rt%3Dstale&cc=no-store&sc=006&cs=webkit-https-plain5-stale&n=1 HTTP/1.1" status=200 sc=006 v=- cs=webkit-https-plain5-stale br=- rt=- inm="-" ims="-" ccreq="-"
2026-08-23T13:32:35+00:00 "GET /006/asset/app.css?v=plain5&sc=006&cs=webkit-https-plain5-stale&br=webkit&rt=stale HTTP/1.1" status=200 sc=006 v=plain5 cs=webkit-https-plain5-stale br=webkit rt=stale inm="-" ims="-" ccreq="-"
2026-08-23T13:32:43+00:00 "GET /006/page?asset=%2F006%2Fasset%2Fapp.css%3Fv%3Dplain5%26sc%3D006%26cs%3Dwebkit-https-plain5-stale%26br%3Dwebkit%26rt%3Dstale&cc=no-store&sc=006&cs=webkit-https-plain5-stale&n=2 HTTP/1.1" status=200 sc=006 v=- cs=webkit-https-plain5-stale br=- rt=- inm="-" ims="-" ccreq="-"
2026-08-23T13:32:43+00:00 "GET /006/asset/app.css?v=plain5&sc=006&cs=webkit-https-plain5-stale&br=webkit&rt=stale HTTP/1.1" status=304 sc=006 v=plain5 cs=webkit-https-plain5-stale br=webkit rt=stale inm="\x226a79595e-156\x22" ims="Mon, 10 Aug 2026 04:53:50 GMT" ccreq="-"
2026-08-23T13:32:45+00:00 "GET /006/page?asset=%2F006%2Fasset%2Fapp.css%3Fv%3Dplain5%26sc%3D006%26cs%3Dwebkit-https-plain5-restart%26br%3Dwebkit%26rt%3Drestart&cc=no-store&sc=006&cs=webkit-https-plain5-restart&n=1 HTTP/1.1" status=200 sc=006 v=- cs=webkit-https-plain5-restart br=- rt=- inm="-" ims="-" ccreq="-"
2026-08-23T13:32:45+00:00 "GET /006/asset/app.css?v=plain5&sc=006&cs=webkit-https-plain5-restart&br=webkit&rt=restart HTTP/1.1" status=200 sc=006 v=plain5 cs=webkit-https-plain5-restart br=webkit rt=restart inm="-" ims="-" ccreq="-"
2026-08-23T13:32:46+00:00 "GET /006/page?asset=%2F006%2Fasset%2Fapp.css%3Fv%3Dplain5%26sc%3D006%26cs%3Dwebkit-https-plain5-restart%26br%3Dwebkit%26rt%3Drestart&cc=no-store&sc=006&cs=webkit-https-plain5-restart&n=2 HTTP/1.1" status=200 sc=006 v=- cs=webkit-https-plain5-restart br=- rt=- inm="-" ims="-" ccreq="-"
2026-08-23T13:32:46+00:00 "GET /006/asset/app.css?v=plain5&sc=006&cs=webkit-https-plain5-restart&br=webkit&rt=restart HTTP/1.1" status=200 sc=006 v=plain5 cs=webkit-https-plain5-restart br=webkit rt=restart inm="-" ims="-" ccreq="-"
2026-08-23T13:32:48+00:00 "GET /006/page?asset=%2F006%2Fasset%2Fapp.css%3Fv%3Dplain5%26sc%3D006%26cs%3Dwebkit-https-plain5-fetch-nocache%26br%3Dwebkit%26rt%3Dfetch-nocache&cc=no-store&sc=006&cs=webkit-https-plain5-fetch-nocache&n=1 HTTP/1.1" status=200 sc=006 v=- cs=webkit-https-plain5-fetch-nocache br=- rt=- inm="-" ims="-" ccreq="-"
2026-08-23T13:32:48+00:00 "GET /006/asset/app.css?v=plain5&sc=006&cs=webkit-https-plain5-fetch-nocache&br=webkit&rt=fetch-nocache HTTP/1.1" status=200 sc=006 v=plain5 cs=webkit-https-plain5-fetch-nocache br=webkit rt=fetch-nocache inm="-" ims="-" ccreq="-"
2026-08-23T13:32:48+00:00 "GET /006/asset/app.css?v=plain5&sc=006&cs=webkit-https-plain5-fetch-nocache&br=webkit&rt=fetch-nocache HTTP/1.1" status=200 sc=006 v=plain5 cs=webkit-https-plain5-fetch-nocache br=webkit rt=fetch-nocache inm="-" ims="-" ccreq="max-age=0"
2026-08-23T13:32:50+00:00 "GET /006/page?asset=%2F006%2Fasset%2Fapp.css%3Fv%3Dplain5%26sc%3D006%26cs%3Dwebkit-https-plain5-fetch-reload%26br%3Dwebkit%26rt%3Dfetch-reload&cc=no-store&sc=006&cs=webkit-https-plain5-fetch-reload&n=1 HTTP/1.1" status=200 sc=006 v=- cs=webkit-https-plain5-fetch-reload br=- rt=- inm="-" ims="-" ccreq="-"
2026-08-23T13:32:50+00:00 "GET /006/asset/app.css?v=plain5&sc=006&cs=webkit-https-plain5-fetch-reload&br=webkit&rt=fetch-reload HTTP/1.1" status=200 sc=006 v=plain5 cs=webkit-https-plain5-fetch-reload br=webkit rt=fetch-reload inm="-" ims="-" ccreq="-"
2026-08-23T13:32:50+00:00 "GET /006/asset/app.css?v=plain5&sc=006&cs=webkit-https-plain5-fetch-reload&br=webkit&rt=fetch-reload HTTP/1.1" status=200 sc=006 v=plain5 cs=webkit-https-plain5-fetch-reload br=webkit rt=fetch-reload inm="-" ims="-" ccreq="no-cache"
2026-08-23T13:32:52+00:00 "GET /006/page?asset=%2F006%2Fasset%2Fapp.css%3Fv%3Dimmutable5%26sc%3D006%26cs%3Dwebkit-https-immutable5-stale%26br%3Dwebkit%26rt%3Dstale&cc=no-store&sc=006&cs=webkit-https-immutable5-stale&n=1 HTTP/1.1" status=200 sc=006 v=- cs=webkit-https-immutable5-stale br=- rt=- inm="-" ims="-" ccreq="-"
2026-08-23T13:32:52+00:00 "GET /006/asset/app.css?v=immutable5&sc=006&cs=webkit-https-immutable5-stale&br=webkit&rt=stale HTTP/1.1" status=200 sc=006 v=immutable5 cs=webkit-https-immutable5-stale br=webkit rt=stale inm="-" ims="-" ccreq="-"
2026-08-23T13:33:00+00:00 "GET /006/page?asset=%2F006%2Fasset%2Fapp.css%3Fv%3Dimmutable5%26sc%3D006%26cs%3Dwebkit-https-immutable5-stale%26br%3Dwebkit%26rt%3Dstale&cc=no-store&sc=006&cs=webkit-https-immutable5-stale&n=2 HTTP/1.1" status=200 sc=006 v=- cs=webkit-https-immutable5-stale br=- rt=- inm="-" ims="-" ccreq="-"
2026-08-23T13:33:00+00:00 "GET /006/asset/app.css?v=immutable5&sc=006&cs=webkit-https-immutable5-stale&br=webkit&rt=stale HTTP/1.1" status=304 sc=006 v=immutable5 cs=webkit-https-immutable5-stale br=webkit rt=stale inm="\x226a79595e-156\x22" ims="Mon, 10 Aug 2026 04:53:50 GMT" ccreq="-"
2026-08-23T13:33:01+00:00 "GET /006/page?asset=%2F006%2Fasset%2Fapp.css%3Fv%3Dimmutable5%26sc%3D006%26cs%3Dwebkit-https-immutable5-restart%26br%3Dwebkit%26rt%3Drestart&cc=no-store&sc=006&cs=webkit-https-immutable5-restart&n=1 HTTP/1.1" status=200 sc=006 v=- cs=webkit-https-immutable5-restart br=- rt=- inm="-" ims="-" ccreq="-"
2026-08-23T13:33:01+00:00 "GET /006/asset/app.css?v=immutable5&sc=006&cs=webkit-https-immutable5-restart&br=webkit&rt=restart HTTP/1.1" status=200 sc=006 v=immutable5 cs=webkit-https-immutable5-restart br=webkit rt=restart inm="-" ims="-" ccreq="-"
2026-08-23T13:33:03+00:00 "GET /006/page?asset=%2F006%2Fasset%2Fapp.css%3Fv%3Dimmutable5%26sc%3D006%26cs%3Dwebkit-https-immutable5-restart%26br%3Dwebkit%26rt%3Drestart&cc=no-store&sc=006&cs=webkit-https-immutable5-restart&n=2 HTTP/1.1" status=200 sc=006 v=- cs=webkit-https-immutable5-restart br=- rt=- inm="-" ims="-" ccreq="-"
2026-08-23T13:33:03+00:00 "GET /006/asset/app.css?v=immutable5&sc=006&cs=webkit-https-immutable5-restart&br=webkit&rt=restart HTTP/1.1" status=200 sc=006 v=immutable5 cs=webkit-https-immutable5-restart br=webkit rt=restart inm="-" ims="-" ccreq="-"
2026-08-23T13:33:04+00:00 "GET /006/page?asset=%2F006%2Fasset%2Fapp.css%3Fv%3Dimmutable5%26sc%3D006%26cs%3Dwebkit-https-immutable5-fetch-nocache%26br%3Dwebkit%26rt%3Dfetch-nocache&cc=no-store&sc=006&cs=webkit-https-immutable5-fetch-nocache&n=1 HTTP/1.1" status=200 sc=006 v=- cs=webkit-https-immutable5-fetch-nocache br=- rt=- inm="-" ims="-" ccreq="-"
2026-08-23T13:33:04+00:00 "GET /006/asset/app.css?v=immutable5&sc=006&cs=webkit-https-immutable5-fetch-nocache&br=webkit&rt=fetch-nocache HTTP/1.1" status=200 sc=006 v=immutable5 cs=webkit-https-immutable5-fetch-nocache br=webkit rt=fetch-nocache inm="-" ims="-" ccreq="-"
2026-08-23T13:33:05+00:00 "GET /006/asset/app.css?v=immutable5&sc=006&cs=webkit-https-immutable5-fetch-nocache&br=webkit&rt=fetch-nocache HTTP/1.1" status=200 sc=006 v=immutable5 cs=webkit-https-immutable5-fetch-nocache br=webkit rt=fetch-nocache inm="-" ims="-" ccreq="max-age=0"
2026-08-23T13:33:06+00:00 "GET /006/page?asset=%2F006%2Fasset%2Fapp.css%3Fv%3Dimmutable5%26sc%3D006%26cs%3Dwebkit-https-immutable5-fetch-reload%26br%3Dwebkit%26rt%3Dfetch-reload&cc=no-store&sc=006&cs=webkit-https-immutable5-fetch-reload&n=1 HTTP/1.1" status=200 sc=006 v=- cs=webkit-https-immutable5-fetch-reload br=- rt=- inm="-" ims="-" ccreq="-"
2026-08-23T13:33:06+00:00 "GET /006/asset/app.css?v=immutable5&sc=006&cs=webkit-https-immutable5-fetch-reload&br=webkit&rt=fetch-reload HTTP/1.1" status=200 sc=006 v=immutable5 cs=webkit-https-immutable5-fetch-reload br=webkit rt=fetch-reload inm="-" ims="-" ccreq="-"
2026-08-23T13:33:07+00:00 "GET /006/asset/app.css?v=immutable5&sc=006&cs=webkit-https-immutable5-fetch-reload&br=webkit&rt=fetch-reload HTTP/1.1" status=200 sc=006 v=immutable5 cs=webkit-https-immutable5-fetch-reload br=webkit rt=fetch-reload inm="-" ims="-" ccreq="no-cache"
2026-08-23T13:33:10+00:00 "GET /006/page?asset=%2F006%2Fasset%2Fapp.css%3Fv%3Dplain%26sc%3D006%26cs%3Dchromium-https-plain-nav%26br%3Dchromium%26rt%3Dnav&cc=no-store&sc=006&cs=chromium-https-plain-nav&n=1 HTTP/1.1" status=200 sc=006 v=- cs=chromium-https-plain-nav br=- rt=- inm="-" ims="-" ccreq="-"
2026-08-23T13:33:10+00:00 "GET /006/asset/app.css?v=plain&sc=006&cs=chromium-https-plain-nav&br=chromium&rt=nav HTTP/1.1" status=200 sc=006 v=plain cs=chromium-https-plain-nav br=chromium rt=nav inm="-" ims="-" ccreq="-"
2026-08-23T13:33:10+00:00 "GET /006/page?asset=%2F006%2Fasset%2Fapp.css%3Fv%3Dplain%26sc%3D006%26cs%3Dchromium-https-plain-nav%26br%3Dchromium%26rt%3Dnav&cc=no-store&sc=006&cs=chromium-https-plain-nav&n=2 HTTP/1.1" status=200 sc=006 v=- cs=chromium-https-plain-nav br=- rt=- inm="-" ims="-" ccreq="-"
2026-08-23T13:33:12+00:00 "GET /006/page?asset=%2F006%2Fasset%2Fapp.css%3Fv%3Dnostore%26sc%3D006%26cs%3Dchromium-https-nostore-nav%26br%3Dchromium%26rt%3Dnav&cc=no-store&sc=006&cs=chromium-https-nostore-nav&n=1 HTTP/1.1" status=200 sc=006 v=- cs=chromium-https-nostore-nav br=- rt=- inm="-" ims="-" ccreq="-"
2026-08-23T13:33:12+00:00 "GET /006/asset/app.css?v=nostore&sc=006&cs=chromium-https-nostore-nav&br=chromium&rt=nav HTTP/1.1" status=200 sc=006 v=nostore cs=chromium-https-nostore-nav br=chromium rt=nav inm="-" ims="-" ccreq="-"
2026-08-23T13:33:12+00:00 "GET /006/page?asset=%2F006%2Fasset%2Fapp.css%3Fv%3Dnostore%26sc%3D006%26cs%3Dchromium-https-nostore-nav%26br%3Dchromium%26rt%3Dnav&cc=no-store&sc=006&cs=chromium-https-nostore-nav&n=2 HTTP/1.1" status=200 sc=006 v=- cs=chromium-https-nostore-nav br=- rt=- inm="-" ims="-" ccreq="-"
2026-08-23T13:33:12+00:00 "GET /006/asset/app.css?v=nostore&sc=006&cs=chromium-https-nostore-nav&br=chromium&rt=nav HTTP/1.1" status=200 sc=006 v=nostore cs=chromium-https-nostore-nav br=chromium rt=nav inm="-" ims="-" ccreq="-"
2026-08-23T13:33:13+00:00 "GET /006/page?asset=%2F006%2Fasset%2Fapp.css%3Fv%3Dnocache%26sc%3D006%26cs%3Dchromium-https-nocache-nav%26br%3Dchromium%26rt%3Dnav&cc=no-store&sc=006&cs=chromium-https-nocache-nav&n=1 HTTP/1.1" status=200 sc=006 v=- cs=chromium-https-nocache-nav br=- rt=- inm="-" ims="-" ccreq="-"
2026-08-23T13:33:13+00:00 "GET /006/asset/app.css?v=nocache&sc=006&cs=chromium-https-nocache-nav&br=chromium&rt=nav HTTP/1.1" status=200 sc=006 v=nocache cs=chromium-https-nocache-nav br=chromium rt=nav inm="-" ims="-" ccreq="-"
2026-08-23T13:33:14+00:00 "GET /006/page?asset=%2F006%2Fasset%2Fapp.css%3Fv%3Dnocache%26sc%3D006%26cs%3Dchromium-https-nocache-nav%26br%3Dchromium%26rt%3Dnav&cc=no-store&sc=006&cs=chromium-https-nocache-nav&n=2 HTTP/1.1" status=200 sc=006 v=- cs=chromium-https-nocache-nav br=- rt=- inm="-" ims="-" ccreq="-"
2026-08-23T13:33:14+00:00 "GET /006/asset/app.css?v=nocache&sc=006&cs=chromium-https-nocache-nav&br=chromium&rt=nav HTTP/1.1" status=304 sc=006 v=nocache cs=chromium-https-nocache-nav br=chromium rt=nav inm="\x226a79595e-156\x22" ims="Mon, 10 Aug 2026 04:53:50 GMT" ccreq="-"
2026-08-23T13:33:15+00:00 "GET /006/page?asset=%2F006%2Fasset%2Fapp.css%3Fv%3Dplain5%26sc%3D006%26cs%3Dchromium-https-plain5-stale%26br%3Dchromium%26rt%3Dstale&cc=no-store&sc=006&cs=chromium-https-plain5-stale&n=1 HTTP/1.1" status=200 sc=006 v=- cs=chromium-https-plain5-stale br=- rt=- inm="-" ims="-" ccreq="-"
2026-08-23T13:33:15+00:00 "GET /006/asset/app.css?v=plain5&sc=006&cs=chromium-https-plain5-stale&br=chromium&rt=stale HTTP/1.1" status=200 sc=006 v=plain5 cs=chromium-https-plain5-stale br=chromium rt=stale inm="-" ims="-" ccreq="-"
2026-08-23T13:33:23+00:00 "GET /006/page?asset=%2F006%2Fasset%2Fapp.css%3Fv%3Dplain5%26sc%3D006%26cs%3Dchromium-https-plain5-stale%26br%3Dchromium%26rt%3Dstale&cc=no-store&sc=006&cs=chromium-https-plain5-stale&n=2 HTTP/1.1" status=200 sc=006 v=- cs=chromium-https-plain5-stale br=- rt=- inm="-" ims="-" ccreq="-"
2026-08-23T13:33:23+00:00 "GET /006/asset/app.css?v=plain5&sc=006&cs=chromium-https-plain5-stale&br=chromium&rt=stale HTTP/1.1" status=304 sc=006 v=plain5 cs=chromium-https-plain5-stale br=chromium rt=stale inm="\x226a79595e-156\x22" ims="Mon, 10 Aug 2026 04:53:50 GMT" ccreq="-"
2026-08-23T13:33:24+00:00 "GET /006/page?asset=%2F006%2Fasset%2Fapp.css%3Fv%3Dmustrev5%26sc%3D006%26cs%3Dchromium-https-mustrev5-stale%26br%3Dchromium%26rt%3Dstale&cc=no-store&sc=006&cs=chromium-https-mustrev5-stale&n=1 HTTP/1.1" status=200 sc=006 v=- cs=chromium-https-mustrev5-stale br=- rt=- inm="-" ims="-" ccreq="-"
2026-08-23T13:33:24+00:00 "GET /006/asset/app.css?v=mustrev5&sc=006&cs=chromium-https-mustrev5-stale&br=chromium&rt=stale HTTP/1.1" status=200 sc=006 v=mustrev5 cs=chromium-https-mustrev5-stale br=chromium rt=stale inm="-" ims="-" ccreq="-"
2026-08-23T13:33:32+00:00 "GET /006/page?asset=%2F006%2Fasset%2Fapp.css%3Fv%3Dmustrev5%26sc%3D006%26cs%3Dchromium-https-mustrev5-stale%26br%3Dchromium%26rt%3Dstale&cc=no-store&sc=006&cs=chromium-https-mustrev5-stale&n=2 HTTP/1.1" status=200 sc=006 v=- cs=chromium-https-mustrev5-stale br=- rt=- inm="-" ims="-" ccreq="-"
2026-08-23T13:33:32+00:00 "GET /006/asset/app.css?v=mustrev5&sc=006&cs=chromium-https-mustrev5-stale&br=chromium&rt=stale HTTP/1.1" status=304 sc=006 v=mustrev5 cs=chromium-https-mustrev5-stale br=chromium rt=stale inm="\x226a79595e-156\x22" ims="Mon, 10 Aug 2026 04:53:50 GMT" ccreq="-"
2026-08-23T13:33:35+00:00 "GET /006/page?asset=%2F006%2Fasset%2Fapp.css%3Fv%3Dplain%26sc%3D006%26cs%3Dfirefox-https-plain-nav%26br%3Dfirefox%26rt%3Dnav&cc=no-store&sc=006&cs=firefox-https-plain-nav&n=1 HTTP/1.1" status=200 sc=006 v=- cs=firefox-https-plain-nav br=- rt=- inm="-" ims="-" ccreq="-"
2026-08-23T13:33:35+00:00 "GET /006/asset/app.css?v=plain&sc=006&cs=firefox-https-plain-nav&br=firefox&rt=nav HTTP/1.1" status=200 sc=006 v=plain cs=firefox-https-plain-nav br=firefox rt=nav inm="-" ims="-" ccreq="-"
2026-08-23T13:33:35+00:00 "GET /006/page?asset=%2F006%2Fasset%2Fapp.css%3Fv%3Dplain%26sc%3D006%26cs%3Dfirefox-https-plain-nav%26br%3Dfirefox%26rt%3Dnav&cc=no-store&sc=006&cs=firefox-https-plain-nav&n=2 HTTP/1.1" status=200 sc=006 v=- cs=firefox-https-plain-nav br=- rt=- inm="-" ims="-" ccreq="-"
2026-08-23T13:33:37+00:00 "GET /006/page?asset=%2F006%2Fasset%2Fapp.css%3Fv%3Dnostore%26sc%3D006%26cs%3Dfirefox-https-nostore-nav%26br%3Dfirefox%26rt%3Dnav&cc=no-store&sc=006&cs=firefox-https-nostore-nav&n=1 HTTP/1.1" status=200 sc=006 v=- cs=firefox-https-nostore-nav br=- rt=- inm="-" ims="-" ccreq="-"
2026-08-23T13:33:38+00:00 "GET /006/asset/app.css?v=nostore&sc=006&cs=firefox-https-nostore-nav&br=firefox&rt=nav HTTP/1.1" status=200 sc=006 v=nostore cs=firefox-https-nostore-nav br=firefox rt=nav inm="-" ims="-" ccreq="-"
2026-08-23T13:33:38+00:00 "GET /006/page?asset=%2F006%2Fasset%2Fapp.css%3Fv%3Dnostore%26sc%3D006%26cs%3Dfirefox-https-nostore-nav%26br%3Dfirefox%26rt%3Dnav&cc=no-store&sc=006&cs=firefox-https-nostore-nav&n=2 HTTP/1.1" status=200 sc=006 v=- cs=firefox-https-nostore-nav br=- rt=- inm="-" ims="-" ccreq="-"
2026-08-23T13:33:38+00:00 "GET /006/asset/app.css?v=nostore&sc=006&cs=firefox-https-nostore-nav&br=firefox&rt=nav HTTP/1.1" status=200 sc=006 v=nostore cs=firefox-https-nostore-nav br=firefox rt=nav inm="-" ims="-" ccreq="-"
2026-08-23T13:33:40+00:00 "GET /006/page?asset=%2F006%2Fasset%2Fapp.css%3Fv%3Dnocache%26sc%3D006%26cs%3Dfirefox-https-nocache-nav%26br%3Dfirefox%26rt%3Dnav&cc=no-store&sc=006&cs=firefox-https-nocache-nav&n=1 HTTP/1.1" status=200 sc=006 v=- cs=firefox-https-nocache-nav br=- rt=- inm="-" ims="-" ccreq="-"
2026-08-23T13:33:40+00:00 "GET /006/asset/app.css?v=nocache&sc=006&cs=firefox-https-nocache-nav&br=firefox&rt=nav HTTP/1.1" status=200 sc=006 v=nocache cs=firefox-https-nocache-nav br=firefox rt=nav inm="-" ims="-" ccreq="-"
2026-08-23T13:33:41+00:00 "GET /006/page?asset=%2F006%2Fasset%2Fapp.css%3Fv%3Dnocache%26sc%3D006%26cs%3Dfirefox-https-nocache-nav%26br%3Dfirefox%26rt%3Dnav&cc=no-store&sc=006&cs=firefox-https-nocache-nav&n=2 HTTP/1.1" status=200 sc=006 v=- cs=firefox-https-nocache-nav br=- rt=- inm="-" ims="-" ccreq="-"
2026-08-23T13:33:41+00:00 "GET /006/asset/app.css?v=nocache&sc=006&cs=firefox-https-nocache-nav&br=firefox&rt=nav HTTP/1.1" status=304 sc=006 v=nocache cs=firefox-https-nocache-nav br=firefox rt=nav inm="\x226a79595e-156\x22" ims="Mon, 10 Aug 2026 04:53:50 GMT" ccreq="-"
2026-08-23T13:33:43+00:00 "GET /006/page?asset=%2F006%2Fasset%2Fapp.css%3Fv%3Dplain5%26sc%3D006%26cs%3Dfirefox-https-plain5-stale%26br%3Dfirefox%26rt%3Dstale&cc=no-store&sc=006&cs=firefox-https-plain5-stale&n=1 HTTP/1.1" status=200 sc=006 v=- cs=firefox-https-plain5-stale br=- rt=- inm="-" ims="-" ccreq="-"
2026-08-23T13:33:43+00:00 "GET /006/asset/app.css?v=plain5&sc=006&cs=firefox-https-plain5-stale&br=firefox&rt=stale HTTP/1.1" status=200 sc=006 v=plain5 cs=firefox-https-plain5-stale br=firefox rt=stale inm="-" ims="-" ccreq="-"
2026-08-23T13:33:51+00:00 "GET /006/page?asset=%2F006%2Fasset%2Fapp.css%3Fv%3Dplain5%26sc%3D006%26cs%3Dfirefox-https-plain5-stale%26br%3Dfirefox%26rt%3Dstale&cc=no-store&sc=006&cs=firefox-https-plain5-stale&n=2 HTTP/1.1" status=200 sc=006 v=- cs=firefox-https-plain5-stale br=- rt=- inm="-" ims="-" ccreq="-"
2026-08-23T13:33:51+00:00 "GET /006/asset/app.css?v=plain5&sc=006&cs=firefox-https-plain5-stale&br=firefox&rt=stale HTTP/1.1" status=304 sc=006 v=plain5 cs=firefox-https-plain5-stale br=firefox rt=stale inm="\x226a79595e-156\x22" ims="Mon, 10 Aug 2026 04:53:50 GMT" ccreq="-"
2026-08-23T13:33:53+00:00 "GET /006/page?asset=%2F006%2Fasset%2Fapp.css%3Fv%3Dmustrev5%26sc%3D006%26cs%3Dfirefox-https-mustrev5-stale%26br%3Dfirefox%26rt%3Dstale&cc=no-store&sc=006&cs=firefox-https-mustrev5-stale&n=1 HTTP/1.1" status=200 sc=006 v=- cs=firefox-https-mustrev5-stale br=- rt=- inm="-" ims="-" ccreq="-"
2026-08-23T13:33:53+00:00 "GET /006/asset/app.css?v=mustrev5&sc=006&cs=firefox-https-mustrev5-stale&br=firefox&rt=stale HTTP/1.1" status=200 sc=006 v=mustrev5 cs=firefox-https-mustrev5-stale br=firefox rt=stale inm="-" ims="-" ccreq="-"
2026-08-23T13:34:01+00:00 "GET /006/page?asset=%2F006%2Fasset%2Fapp.css%3Fv%3Dmustrev5%26sc%3D006%26cs%3Dfirefox-https-mustrev5-stale%26br%3Dfirefox%26rt%3Dstale&cc=no-store&sc=006&cs=firefox-https-mustrev5-stale&n=2 HTTP/1.1" status=200 sc=006 v=- cs=firefox-https-mustrev5-stale br=- rt=- inm="-" ims="-" ccreq="-"
2026-08-23T13:34:01+00:00 "GET /006/asset/app.css?v=mustrev5&sc=006&cs=firefox-https-mustrev5-stale&br=firefox&rt=stale HTTP/1.1" status=304 sc=006 v=mustrev5 cs=firefox-https-mustrev5-stale br=firefox rt=stale inm="\x226a79595e-156\x22" ims="Mon, 10 Aug 2026 04:53:50 GMT" ccreq="-"
2026-08-23T13:34:03+00:00 "GET /006/page?asset=%2F006%2Fasset%2Fapp.css%3Fv%3Dplain%26sc%3D006%26cs%3Dwebkit-https-plain-nav%26br%3Dwebkit%26rt%3Dnav&cc=no-store&sc=006&cs=webkit-https-plain-nav&n=1 HTTP/1.1" status=200 sc=006 v=- cs=webkit-https-plain-nav br=- rt=- inm="-" ims="-" ccreq="-"
2026-08-23T13:34:03+00:00 "GET /006/asset/app.css?v=plain&sc=006&cs=webkit-https-plain-nav&br=webkit&rt=nav HTTP/1.1" status=200 sc=006 v=plain cs=webkit-https-plain-nav br=webkit rt=nav inm="-" ims="-" ccreq="-"
2026-08-23T13:34:04+00:00 "GET /006/page?asset=%2F006%2Fasset%2Fapp.css%3Fv%3Dplain%26sc%3D006%26cs%3Dwebkit-https-plain-nav%26br%3Dwebkit%26rt%3Dnav&cc=no-store&sc=006&cs=webkit-https-plain-nav&n=2 HTTP/1.1" status=200 sc=006 v=- cs=webkit-https-plain-nav br=- rt=- inm="-" ims="-" ccreq="-"
2026-08-23T13:34:06+00:00 "GET /006/page?asset=%2F006%2Fasset%2Fapp.css%3Fv%3Dnostore%26sc%3D006%26cs%3Dwebkit-https-nostore-nav%26br%3Dwebkit%26rt%3Dnav&cc=no-store&sc=006&cs=webkit-https-nostore-nav&n=1 HTTP/1.1" status=200 sc=006 v=- cs=webkit-https-nostore-nav br=- rt=- inm="-" ims="-" ccreq="-"
2026-08-23T13:34:06+00:00 "GET /006/asset/app.css?v=nostore&sc=006&cs=webkit-https-nostore-nav&br=webkit&rt=nav HTTP/1.1" status=200 sc=006 v=nostore cs=webkit-https-nostore-nav br=webkit rt=nav inm="-" ims="-" ccreq="-"
2026-08-23T13:34:06+00:00 "GET /006/page?asset=%2F006%2Fasset%2Fapp.css%3Fv%3Dnostore%26sc%3D006%26cs%3Dwebkit-https-nostore-nav%26br%3Dwebkit%26rt%3Dnav&cc=no-store&sc=006&cs=webkit-https-nostore-nav&n=2 HTTP/1.1" status=200 sc=006 v=- cs=webkit-https-nostore-nav br=- rt=- inm="-" ims="-" ccreq="-"
2026-08-23T13:34:06+00:00 "GET /006/asset/app.css?v=nostore&sc=006&cs=webkit-https-nostore-nav&br=webkit&rt=nav HTTP/1.1" status=200 sc=006 v=nostore cs=webkit-https-nostore-nav br=webkit rt=nav inm="-" ims="-" ccreq="-"
2026-08-23T13:34:08+00:00 "GET /006/page?asset=%2F006%2Fasset%2Fapp.css%3Fv%3Dnocache%26sc%3D006%26cs%3Dwebkit-https-nocache-nav%26br%3Dwebkit%26rt%3Dnav&cc=no-store&sc=006&cs=webkit-https-nocache-nav&n=1 HTTP/1.1" status=200 sc=006 v=- cs=webkit-https-nocache-nav br=- rt=- inm="-" ims="-" ccreq="-"
2026-08-23T13:34:08+00:00 "GET /006/asset/app.css?v=nocache&sc=006&cs=webkit-https-nocache-nav&br=webkit&rt=nav HTTP/1.1" status=200 sc=006 v=nocache cs=webkit-https-nocache-nav br=webkit rt=nav inm="-" ims="-" ccreq="-"
2026-08-23T13:34:08+00:00 "GET /006/page?asset=%2F006%2Fasset%2Fapp.css%3Fv%3Dnocache%26sc%3D006%26cs%3Dwebkit-https-nocache-nav%26br%3Dwebkit%26rt%3Dnav&cc=no-store&sc=006&cs=webkit-https-nocache-nav&n=2 HTTP/1.1" status=200 sc=006 v=- cs=webkit-https-nocache-nav br=- rt=- inm="-" ims="-" ccreq="-"
2026-08-23T13:34:08+00:00 "GET /006/asset/app.css?v=nocache&sc=006&cs=webkit-https-nocache-nav&br=webkit&rt=nav HTTP/1.1" status=304 sc=006 v=nocache cs=webkit-https-nocache-nav br=webkit rt=nav inm="\x226a79595e-156\x22" ims="Mon, 10 Aug 2026 04:53:50 GMT" ccreq="-"
2026-08-23T13:34:10+00:00 "GET /006/page?asset=%2F006%2Fasset%2Fapp.css%3Fv%3Dplain5%26sc%3D006%26cs%3Dwebkit-https-plain5-stale%26br%3Dwebkit%26rt%3Dstale&cc=no-store&sc=006&cs=webkit-https-plain5-stale&n=1 HTTP/1.1" status=200 sc=006 v=- cs=webkit-https-plain5-stale br=- rt=- inm="-" ims="-" ccreq="-"
2026-08-23T13:34:10+00:00 "GET /006/asset/app.css?v=plain5&sc=006&cs=webkit-https-plain5-stale&br=webkit&rt=stale HTTP/1.1" status=200 sc=006 v=plain5 cs=webkit-https-plain5-stale br=webkit rt=stale inm="-" ims="-" ccreq="-"
2026-08-23T13:34:18+00:00 "GET /006/page?asset=%2F006%2Fasset%2Fapp.css%3Fv%3Dplain5%26sc%3D006%26cs%3Dwebkit-https-plain5-stale%26br%3Dwebkit%26rt%3Dstale&cc=no-store&sc=006&cs=webkit-https-plain5-stale&n=2 HTTP/1.1" status=200 sc=006 v=- cs=webkit-https-plain5-stale br=- rt=- inm="-" ims="-" ccreq="-"
2026-08-23T13:34:18+00:00 "GET /006/asset/app.css?v=plain5&sc=006&cs=webkit-https-plain5-stale&br=webkit&rt=stale HTTP/1.1" status=304 sc=006 v=plain5 cs=webkit-https-plain5-stale br=webkit rt=stale inm="\x226a79595e-156\x22" ims="Mon, 10 Aug 2026 04:53:50 GMT" ccreq="-"
2026-08-23T13:34:19+00:00 "GET /006/page?asset=%2F006%2Fasset%2Fapp.css%3Fv%3Dmustrev5%26sc%3D006%26cs%3Dwebkit-https-mustrev5-stale%26br%3Dwebkit%26rt%3Dstale&cc=no-store&sc=006&cs=webkit-https-mustrev5-stale&n=1 HTTP/1.1" status=200 sc=006 v=- cs=webkit-https-mustrev5-stale br=- rt=- inm="-" ims="-" ccreq="-"
2026-08-23T13:34:19+00:00 "GET /006/asset/app.css?v=mustrev5&sc=006&cs=webkit-https-mustrev5-stale&br=webkit&rt=stale HTTP/1.1" status=200 sc=006 v=mustrev5 cs=webkit-https-mustrev5-stale br=webkit rt=stale inm="-" ims="-" ccreq="-"
2026-08-23T13:34:27+00:00 "GET /006/page?asset=%2F006%2Fasset%2Fapp.css%3Fv%3Dmustrev5%26sc%3D006%26cs%3Dwebkit-https-mustrev5-stale%26br%3Dwebkit%26rt%3Dstale&cc=no-store&sc=006&cs=webkit-https-mustrev5-stale&n=2 HTTP/1.1" status=200 sc=006 v=- cs=webkit-https-mustrev5-stale br=- rt=- inm="-" ims="-" ccreq="-"
2026-08-23T13:34:27+00:00 "GET /006/asset/app.css?v=mustrev5&sc=006&cs=webkit-https-mustrev5-stale&br=webkit&rt=stale HTTP/1.1" status=304 sc=006 v=mustrev5 cs=webkit-https-mustrev5-stale br=webkit rt=stale inm="\x226a79595e-156\x22" ims="Mon, 10 Aug 2026 04:53:50 GMT" ccreq="-"
2026-08-23T13:34:30+00:00 "GET /006/page?asset=%2F006%2Fasset%2Fapp.css%3Fv%3Dplain%26sc%3D006%26cs%3Dchromium-https-plain-nav%26br%3Dchromium%26rt%3Dnav&cc=no-store&sc=006&cs=chromium-https-plain-nav&n=1 HTTP/1.1" status=200 sc=006 v=- cs=chromium-https-plain-nav br=- rt=- inm="-" ims="-" ccreq="-"
2026-08-23T13:34:30+00:00 "GET /006/asset/app.css?v=plain&sc=006&cs=chromium-https-plain-nav&br=chromium&rt=nav HTTP/1.1" status=200 sc=006 v=plain cs=chromium-https-plain-nav br=chromium rt=nav inm="-" ims="-" ccreq="-"
2026-08-23T13:34:30+00:00 "GET /006/page?asset=%2F006%2Fasset%2Fapp.css%3Fv%3Dplain%26sc%3D006%26cs%3Dchromium-https-plain-nav%26br%3Dchromium%26rt%3Dnav&cc=no-store&sc=006&cs=chromium-https-plain-nav&n=2 HTTP/1.1" status=200 sc=006 v=- cs=chromium-https-plain-nav br=- rt=- inm="-" ims="-" ccreq="-"
2026-08-23T13:34:31+00:00 "GET /006/page?asset=%2F006%2Fasset%2Fapp.css%3Fv%3Dnostore%26sc%3D006%26cs%3Dchromium-https-nostore-nav%26br%3Dchromium%26rt%3Dnav&cc=no-store&sc=006&cs=chromium-https-nostore-nav&n=1 HTTP/1.1" status=200 sc=006 v=- cs=chromium-https-nostore-nav br=- rt=- inm="-" ims="-" ccreq="-"
2026-08-23T13:34:31+00:00 "GET /006/asset/app.css?v=nostore&sc=006&cs=chromium-https-nostore-nav&br=chromium&rt=nav HTTP/1.1" status=200 sc=006 v=nostore cs=chromium-https-nostore-nav br=chromium rt=nav inm="-" ims="-" ccreq="-"
2026-08-23T13:34:32+00:00 "GET /006/page?asset=%2F006%2Fasset%2Fapp.css%3Fv%3Dnostore%26sc%3D006%26cs%3Dchromium-https-nostore-nav%26br%3Dchromium%26rt%3Dnav&cc=no-store&sc=006&cs=chromium-https-nostore-nav&n=2 HTTP/1.1" status=200 sc=006 v=- cs=chromium-https-nostore-nav br=- rt=- inm="-" ims="-" ccreq="-"
2026-08-23T13:34:32+00:00 "GET /006/asset/app.css?v=nostore&sc=006&cs=chromium-https-nostore-nav&br=chromium&rt=nav HTTP/1.1" status=200 sc=006 v=nostore cs=chromium-https-nostore-nav br=chromium rt=nav inm="-" ims="-" ccreq="-"
2026-08-23T13:34:33+00:00 "GET /006/page?asset=%2F006%2Fasset%2Fapp.css%3Fv%3Dnocache%26sc%3D006%26cs%3Dchromium-https-nocache-nav%26br%3Dchromium%26rt%3Dnav&cc=no-store&sc=006&cs=chromium-https-nocache-nav&n=1 HTTP/1.1" status=200 sc=006 v=- cs=chromium-https-nocache-nav br=- rt=- inm="-" ims="-" ccreq="-"
2026-08-23T13:34:33+00:00 "GET /006/asset/app.css?v=nocache&sc=006&cs=chromium-https-nocache-nav&br=chromium&rt=nav HTTP/1.1" status=200 sc=006 v=nocache cs=chromium-https-nocache-nav br=chromium rt=nav inm="-" ims="-" ccreq="-"
2026-08-23T13:34:34+00:00 "GET /006/page?asset=%2F006%2Fasset%2Fapp.css%3Fv%3Dnocache%26sc%3D006%26cs%3Dchromium-https-nocache-nav%26br%3Dchromium%26rt%3Dnav&cc=no-store&sc=006&cs=chromium-https-nocache-nav&n=2 HTTP/1.1" status=200 sc=006 v=- cs=chromium-https-nocache-nav br=- rt=- inm="-" ims="-" ccreq="-"
2026-08-23T13:34:34+00:00 "GET /006/asset/app.css?v=nocache&sc=006&cs=chromium-https-nocache-nav&br=chromium&rt=nav HTTP/1.1" status=304 sc=006 v=nocache cs=chromium-https-nocache-nav br=chromium rt=nav inm="\x226a79595e-156\x22" ims="Mon, 10 Aug 2026 04:53:50 GMT" ccreq="-"
2026-08-23T13:34:35+00:00 "GET /006/page?asset=%2F006%2Fasset%2Fapp.css%3Fv%3Dplain%26sc%3D006%26cs%3Dchromium-https-plain-nav%26br%3Dchromium%26rt%3Dnav&cc=no-store&sc=006&cs=chromium-https-plain-nav&n=1 HTTP/1.1" status=200 sc=006 v=- cs=chromium-https-plain-nav br=- rt=- inm="-" ims="-" ccreq="-"
2026-08-23T13:34:35+00:00 "GET /006/asset/app.css?v=plain&sc=006&cs=chromium-https-plain-nav&br=chromium&rt=nav HTTP/1.1" status=200 sc=006 v=plain cs=chromium-https-plain-nav br=chromium rt=nav inm="-" ims="-" ccreq="-"
2026-08-23T13:34:36+00:00 "GET /006/page?asset=%2F006%2Fasset%2Fapp.css%3Fv%3Dplain%26sc%3D006%26cs%3Dchromium-https-plain-nav%26br%3Dchromium%26rt%3Dnav&cc=no-store&sc=006&cs=chromium-https-plain-nav&n=2 HTTP/1.1" status=200 sc=006 v=- cs=chromium-https-plain-nav br=- rt=- inm="-" ims="-" ccreq="-"
2026-08-23T13:34:37+00:00 "GET /006/page?asset=%2F006%2Fasset%2Fapp.css%3Fv%3Dplain%26sc%3D006%26cs%3Dchromium-https-plain-reload%26br%3Dchromium%26rt%3Dreload&cc=no-store&sc=006&cs=chromium-https-plain-reload&n=1 HTTP/1.1" status=200 sc=006 v=- cs=chromium-https-plain-reload br=- rt=- inm="-" ims="-" ccreq="-"
2026-08-23T13:34:37+00:00 "GET /006/asset/app.css?v=plain&sc=006&cs=chromium-https-plain-reload&br=chromium&rt=reload HTTP/1.1" status=200 sc=006 v=plain cs=chromium-https-plain-reload br=chromium rt=reload inm="-" ims="-" ccreq="-"
2026-08-23T13:34:38+00:00 "GET /006/page?asset=%2F006%2Fasset%2Fapp.css%3Fv%3Dplain%26sc%3D006%26cs%3Dchromium-https-plain-reload%26br%3Dchromium%26rt%3Dreload&cc=no-store&sc=006&cs=chromium-https-plain-reload&n=1 HTTP/1.1" status=200 sc=006 v=- cs=chromium-https-plain-reload br=- rt=- inm="-" ims="-" ccreq="max-age=0"
2026-08-23T13:34:39+00:00 "GET /006/page?asset=%2F006%2Fasset%2Fapp.css%3Fv%3Dmustrev%26sc%3D006%26cs%3Dchromium-https-mustrev-nav%26br%3Dchromium%26rt%3Dnav&cc=no-store&sc=006&cs=chromium-https-mustrev-nav&n=1 HTTP/1.1" status=200 sc=006 v=- cs=chromium-https-mustrev-nav br=- rt=- inm="-" ims="-" ccreq="-"
2026-08-23T13:34:39+00:00 "GET /006/asset/app.css?v=mustrev&sc=006&cs=chromium-https-mustrev-nav&br=chromium&rt=nav HTTP/1.1" status=200 sc=006 v=mustrev cs=chromium-https-mustrev-nav br=chromium rt=nav inm="-" ims="-" ccreq="-"
2026-08-23T13:34:39+00:00 "GET /006/page?asset=%2F006%2Fasset%2Fapp.css%3Fv%3Dmustrev%26sc%3D006%26cs%3Dchromium-https-mustrev-nav%26br%3Dchromium%26rt%3Dnav&cc=no-store&sc=006&cs=chromium-https-mustrev-nav&n=2 HTTP/1.1" status=200 sc=006 v=- cs=chromium-https-mustrev-nav br=- rt=- inm="-" ims="-" ccreq="-"
2026-08-23T13:34:40+00:00 "GET /006/page?asset=%2F006%2Fasset%2Fapp.css%3Fv%3Dmustrev%26sc%3D006%26cs%3Dchromium-https-mustrev-reload%26br%3Dchromium%26rt%3Dreload&cc=no-store&sc=006&cs=chromium-https-mustrev-reload&n=1 HTTP/1.1" status=200 sc=006 v=- cs=chromium-https-mustrev-reload br=- rt=- inm="-" ims="-" ccreq="-"
2026-08-23T13:34:40+00:00 "GET /006/asset/app.css?v=mustrev&sc=006&cs=chromium-https-mustrev-reload&br=chromium&rt=reload HTTP/1.1" status=200 sc=006 v=mustrev cs=chromium-https-mustrev-reload br=chromium rt=reload inm="-" ims="-" ccreq="-"
2026-08-23T13:34:41+00:00 "GET /006/page?asset=%2F006%2Fasset%2Fapp.css%3Fv%3Dmustrev%26sc%3D006%26cs%3Dchromium-https-mustrev-reload%26br%3Dchromium%26rt%3Dreload&cc=no-store&sc=006&cs=chromium-https-mustrev-reload&n=1 HTTP/1.1" status=200 sc=006 v=- cs=chromium-https-mustrev-reload br=- rt=- inm="-" ims="-" ccreq="max-age=0"
2026-08-23T13:34:42+00:00 "GET /006/page?asset=%2F006%2Fasset%2Fapp.css%3Fv%3Dnocache%26sc%3D006%26cs%3Dchromium-https-nocache-nav%26br%3Dchromium%26rt%3Dnav&cc=no-store&sc=006&cs=chromium-https-nocache-nav&n=1 HTTP/1.1" status=200 sc=006 v=- cs=chromium-https-nocache-nav br=- rt=- inm="-" ims="-" ccreq="-"
2026-08-23T13:34:42+00:00 "GET /006/asset/app.css?v=nocache&sc=006&cs=chromium-https-nocache-nav&br=chromium&rt=nav HTTP/1.1" status=200 sc=006 v=nocache cs=chromium-https-nocache-nav br=chromium rt=nav inm="-" ims="-" ccreq="-"
2026-08-23T13:34:43+00:00 "GET /006/page?asset=%2F006%2Fasset%2Fapp.css%3Fv%3Dnocache%26sc%3D006%26cs%3Dchromium-https-nocache-nav%26br%3Dchromium%26rt%3Dnav&cc=no-store&sc=006&cs=chromium-https-nocache-nav&n=2 HTTP/1.1" status=200 sc=006 v=- cs=chromium-https-nocache-nav br=- rt=- inm="-" ims="-" ccreq="-"
2026-08-23T13:34:43+00:00 "GET /006/asset/app.css?v=nocache&sc=006&cs=chromium-https-nocache-nav&br=chromium&rt=nav HTTP/1.1" status=304 sc=006 v=nocache cs=chromium-https-nocache-nav br=chromium rt=nav inm="\x226a79595e-156\x22" ims="Mon, 10 Aug 2026 04:53:50 GMT" ccreq="-"
2026-08-23T13:34:44+00:00 "GET /006/page?asset=%2F006%2Fasset%2Fapp.css%3Fv%3Dnocache%26sc%3D006%26cs%3Dchromium-https-nocache-reload%26br%3Dchromium%26rt%3Dreload&cc=no-store&sc=006&cs=chromium-https-nocache-reload&n=1 HTTP/1.1" status=200 sc=006 v=- cs=chromium-https-nocache-reload br=- rt=- inm="-" ims="-" ccreq="-"
2026-08-23T13:34:44+00:00 "GET /006/asset/app.css?v=nocache&sc=006&cs=chromium-https-nocache-reload&br=chromium&rt=reload HTTP/1.1" status=200 sc=006 v=nocache cs=chromium-https-nocache-reload br=chromium rt=reload inm="-" ims="-" ccreq="-"
2026-08-23T13:34:45+00:00 "GET /006/page?asset=%2F006%2Fasset%2Fapp.css%3Fv%3Dnocache%26sc%3D006%26cs%3Dchromium-https-nocache-reload%26br%3Dchromium%26rt%3Dreload&cc=no-store&sc=006&cs=chromium-https-nocache-reload&n=1 HTTP/1.1" status=200 sc=006 v=- cs=chromium-https-nocache-reload br=- rt=- inm="-" ims="-" ccreq="max-age=0"
2026-08-23T13:34:45+00:00 "GET /006/asset/app.css?v=nocache&sc=006&cs=chromium-https-nocache-reload&br=chromium&rt=reload HTTP/1.1" status=304 sc=006 v=nocache cs=chromium-https-nocache-reload br=chromium rt=reload inm="\x226a79595e-156\x22" ims="Mon, 10 Aug 2026 04:53:50 GMT" ccreq="-"
2026-08-23T13:34:48+00:00 "GET /006/page?asset=%2F006%2Fasset%2Fapp.css%3Fv%3Dplain%26sc%3D006%26cs%3Dfirefox-https-plain-nav%26br%3Dfirefox%26rt%3Dnav&cc=no-store&sc=006&cs=firefox-https-plain-nav&n=1 HTTP/1.1" status=200 sc=006 v=- cs=firefox-https-plain-nav br=- rt=- inm="-" ims="-" ccreq="-"
2026-08-23T13:34:48+00:00 "GET /006/asset/app.css?v=plain&sc=006&cs=firefox-https-plain-nav&br=firefox&rt=nav HTTP/1.1" status=200 sc=006 v=plain cs=firefox-https-plain-nav br=firefox rt=nav inm="-" ims="-" ccreq="-"
2026-08-23T13:34:49+00:00 "GET /006/page?asset=%2F006%2Fasset%2Fapp.css%3Fv%3Dplain%26sc%3D006%26cs%3Dfirefox-https-plain-nav%26br%3Dfirefox%26rt%3Dnav&cc=no-store&sc=006&cs=firefox-https-plain-nav&n=2 HTTP/1.1" status=200 sc=006 v=- cs=firefox-https-plain-nav br=- rt=- inm="-" ims="-" ccreq="-"
2026-08-23T13:34:51+00:00 "GET /006/page?asset=%2F006%2Fasset%2Fapp.css%3Fv%3Dnostore%26sc%3D006%26cs%3Dfirefox-https-nostore-nav%26br%3Dfirefox%26rt%3Dnav&cc=no-store&sc=006&cs=firefox-https-nostore-nav&n=1 HTTP/1.1" status=200 sc=006 v=- cs=firefox-https-nostore-nav br=- rt=- inm="-" ims="-" ccreq="-"
2026-08-23T13:34:51+00:00 "GET /006/asset/app.css?v=nostore&sc=006&cs=firefox-https-nostore-nav&br=firefox&rt=nav HTTP/1.1" status=200 sc=006 v=nostore cs=firefox-https-nostore-nav br=firefox rt=nav inm="-" ims="-" ccreq="-"
2026-08-23T13:34:51+00:00 "GET /006/page?asset=%2F006%2Fasset%2Fapp.css%3Fv%3Dnostore%26sc%3D006%26cs%3Dfirefox-https-nostore-nav%26br%3Dfirefox%26rt%3Dnav&cc=no-store&sc=006&cs=firefox-https-nostore-nav&n=2 HTTP/1.1" status=200 sc=006 v=- cs=firefox-https-nostore-nav br=- rt=- inm="-" ims="-" ccreq="-"
2026-08-23T13:34:51+00:00 "GET /006/asset/app.css?v=nostore&sc=006&cs=firefox-https-nostore-nav&br=firefox&rt=nav HTTP/1.1" status=200 sc=006 v=nostore cs=firefox-https-nostore-nav br=firefox rt=nav inm="-" ims="-" ccreq="-"
2026-08-23T13:34:54+00:00 "GET /006/page?asset=%2F006%2Fasset%2Fapp.css%3Fv%3Dnocache%26sc%3D006%26cs%3Dfirefox-https-nocache-nav%26br%3Dfirefox%26rt%3Dnav&cc=no-store&sc=006&cs=firefox-https-nocache-nav&n=1 HTTP/1.1" status=200 sc=006 v=- cs=firefox-https-nocache-nav br=- rt=- inm="-" ims="-" ccreq="-"
2026-08-23T13:34:54+00:00 "GET /006/asset/app.css?v=nocache&sc=006&cs=firefox-https-nocache-nav&br=firefox&rt=nav HTTP/1.1" status=200 sc=006 v=nocache cs=firefox-https-nocache-nav br=firefox rt=nav inm="-" ims="-" ccreq="-"
2026-08-23T13:34:54+00:00 "GET /006/page?asset=%2F006%2Fasset%2Fapp.css%3Fv%3Dnocache%26sc%3D006%26cs%3Dfirefox-https-nocache-nav%26br%3Dfirefox%26rt%3Dnav&cc=no-store&sc=006&cs=firefox-https-nocache-nav&n=2 HTTP/1.1" status=200 sc=006 v=- cs=firefox-https-nocache-nav br=- rt=- inm="-" ims="-" ccreq="-"
2026-08-23T13:34:54+00:00 "GET /006/asset/app.css?v=nocache&sc=006&cs=firefox-https-nocache-nav&br=firefox&rt=nav HTTP/1.1" status=304 sc=006 v=nocache cs=firefox-https-nocache-nav br=firefox rt=nav inm="\x226a79595e-156\x22" ims="Mon, 10 Aug 2026 04:53:50 GMT" ccreq="-"
2026-08-23T13:34:56+00:00 "GET /006/page?asset=%2F006%2Fasset%2Fapp.css%3Fv%3Dplain%26sc%3D006%26cs%3Dfirefox-https-plain-nav%26br%3Dfirefox%26rt%3Dnav&cc=no-store&sc=006&cs=firefox-https-plain-nav&n=1 HTTP/1.1" status=200 sc=006 v=- cs=firefox-https-plain-nav br=- rt=- inm="-" ims="-" ccreq="-"
2026-08-23T13:34:56+00:00 "GET /006/asset/app.css?v=plain&sc=006&cs=firefox-https-plain-nav&br=firefox&rt=nav HTTP/1.1" status=200 sc=006 v=plain cs=firefox-https-plain-nav br=firefox rt=nav inm="-" ims="-" ccreq="-"
2026-08-23T13:34:57+00:00 "GET /006/page?asset=%2F006%2Fasset%2Fapp.css%3Fv%3Dplain%26sc%3D006%26cs%3Dfirefox-https-plain-nav%26br%3Dfirefox%26rt%3Dnav&cc=no-store&sc=006&cs=firefox-https-plain-nav&n=2 HTTP/1.1" status=200 sc=006 v=- cs=firefox-https-plain-nav br=- rt=- inm="-" ims="-" ccreq="-"
2026-08-23T13:34:59+00:00 "GET /006/page?asset=%2F006%2Fasset%2Fapp.css%3Fv%3Dplain%26sc%3D006%26cs%3Dfirefox-https-plain-reload%26br%3Dfirefox%26rt%3Dreload&cc=no-store&sc=006&cs=firefox-https-plain-reload&n=1 HTTP/1.1" status=200 sc=006 v=- cs=firefox-https-plain-reload br=- rt=- inm="-" ims="-" ccreq="-"
2026-08-23T13:34:59+00:00 "GET /006/asset/app.css?v=plain&sc=006&cs=firefox-https-plain-reload&br=firefox&rt=reload HTTP/1.1" status=200 sc=006 v=plain cs=firefox-https-plain-reload br=firefox rt=reload inm="-" ims="-" ccreq="-"
2026-08-23T13:35:00+00:00 "GET /006/page?asset=%2F006%2Fasset%2Fapp.css%3Fv%3Dplain%26sc%3D006%26cs%3Dfirefox-https-plain-reload%26br%3Dfirefox%26rt%3Dreload&cc=no-store&sc=006&cs=firefox-https-plain-reload&n=1 HTTP/1.1" status=200 sc=006 v=- cs=firefox-https-plain-reload br=- rt=- inm="-" ims="-" ccreq="-"
2026-08-23T13:35:03+00:00 "GET /006/page?asset=%2F006%2Fasset%2Fapp.css%3Fv%3Dmustrev%26sc%3D006%26cs%3Dfirefox-https-mustrev-nav%26br%3Dfirefox%26rt%3Dnav&cc=no-store&sc=006&cs=firefox-https-mustrev-nav&n=1 HTTP/1.1" status=200 sc=006 v=- cs=firefox-https-mustrev-nav br=- rt=- inm="-" ims="-" ccreq="-"
2026-08-23T13:35:04+00:00 "GET /006/asset/app.css?v=mustrev&sc=006&cs=firefox-https-mustrev-nav&br=firefox&rt=nav HTTP/1.1" status=200 sc=006 v=mustrev cs=firefox-https-mustrev-nav br=firefox rt=nav inm="-" ims="-" ccreq="-"
2026-08-23T13:35:04+00:00 "GET /006/page?asset=%2F006%2Fasset%2Fapp.css%3Fv%3Dmustrev%26sc%3D006%26cs%3Dfirefox-https-mustrev-nav%26br%3Dfirefox%26rt%3Dnav&cc=no-store&sc=006&cs=firefox-https-mustrev-nav&n=2 HTTP/1.1" status=200 sc=006 v=- cs=firefox-https-mustrev-nav br=- rt=- inm="-" ims="-" ccreq="-"
2026-08-23T13:35:08+00:00 "GET /006/page?asset=%2F006%2Fasset%2Fapp.css%3Fv%3Dmustrev%26sc%3D006%26cs%3Dfirefox-https-mustrev-reload%26br%3Dfirefox%26rt%3Dreload&cc=no-store&sc=006&cs=firefox-https-mustrev-reload&n=1 HTTP/1.1" status=200 sc=006 v=- cs=firefox-https-mustrev-reload br=- rt=- inm="-" ims="-" ccreq="-"
2026-08-23T13:35:09+00:00 "GET /006/asset/app.css?v=mustrev&sc=006&cs=firefox-https-mustrev-reload&br=firefox&rt=reload HTTP/1.1" status=200 sc=006 v=mustrev cs=firefox-https-mustrev-reload br=firefox rt=reload inm="-" ims="-" ccreq="-"
2026-08-23T13:35:10+00:00 "GET /006/page?asset=%2F006%2Fasset%2Fapp.css%3Fv%3Dmustrev%26sc%3D006%26cs%3Dfirefox-https-mustrev-reload%26br%3Dfirefox%26rt%3Dreload&cc=no-store&sc=006&cs=firefox-https-mustrev-reload&n=1 HTTP/1.1" status=200 sc=006 v=- cs=firefox-https-mustrev-reload br=- rt=- inm="-" ims="-" ccreq="-"
2026-08-23T13:35:13+00:00 "GET /006/page?asset=%2F006%2Fasset%2Fapp.css%3Fv%3Dnocache%26sc%3D006%26cs%3Dfirefox-https-nocache-nav%26br%3Dfirefox%26rt%3Dnav&cc=no-store&sc=006&cs=firefox-https-nocache-nav&n=1 HTTP/1.1" status=200 sc=006 v=- cs=firefox-https-nocache-nav br=- rt=- inm="-" ims="-" ccreq="-"
2026-08-23T13:35:13+00:00 "GET /006/asset/app.css?v=nocache&sc=006&cs=firefox-https-nocache-nav&br=firefox&rt=nav HTTP/1.1" status=200 sc=006 v=nocache cs=firefox-https-nocache-nav br=firefox rt=nav inm="-" ims="-" ccreq="-"
2026-08-23T13:35:14+00:00 "GET /006/page?asset=%2F006%2Fasset%2Fapp.css%3Fv%3Dnocache%26sc%3D006%26cs%3Dfirefox-https-nocache-nav%26br%3Dfirefox%26rt%3Dnav&cc=no-store&sc=006&cs=firefox-https-nocache-nav&n=2 HTTP/1.1" status=200 sc=006 v=- cs=firefox-https-nocache-nav br=- rt=- inm="-" ims="-" ccreq="-"
2026-08-23T13:35:14+00:00 "GET /006/asset/app.css?v=nocache&sc=006&cs=firefox-https-nocache-nav&br=firefox&rt=nav HTTP/1.1" status=304 sc=006 v=nocache cs=firefox-https-nocache-nav br=firefox rt=nav inm="\x226a79595e-156\x22" ims="Mon, 10 Aug 2026 04:53:50 GMT" ccreq="-"
2026-08-23T13:35:16+00:00 "GET /006/page?asset=%2F006%2Fasset%2Fapp.css%3Fv%3Dnocache%26sc%3D006%26cs%3Dfirefox-https-nocache-reload%26br%3Dfirefox%26rt%3Dreload&cc=no-store&sc=006&cs=firefox-https-nocache-reload&n=1 HTTP/1.1" status=200 sc=006 v=- cs=firefox-https-nocache-reload br=- rt=- inm="-" ims="-" ccreq="-"
2026-08-23T13:35:16+00:00 "GET /006/asset/app.css?v=nocache&sc=006&cs=firefox-https-nocache-reload&br=firefox&rt=reload HTTP/1.1" status=200 sc=006 v=nocache cs=firefox-https-nocache-reload br=firefox rt=reload inm="-" ims="-" ccreq="-"
2026-08-23T13:35:17+00:00 "GET /006/page?asset=%2F006%2Fasset%2Fapp.css%3Fv%3Dnocache%26sc%3D006%26cs%3Dfirefox-https-nocache-reload%26br%3Dfirefox%26rt%3Dreload&cc=no-store&sc=006&cs=firefox-https-nocache-reload&n=1 HTTP/1.1" status=200 sc=006 v=- cs=firefox-https-nocache-reload br=- rt=- inm="-" ims="-" ccreq="-"
2026-08-23T13:35:17+00:00 "GET /006/asset/app.css?v=nocache&sc=006&cs=firefox-https-nocache-reload&br=firefox&rt=reload HTTP/1.1" status=304 sc=006 v=nocache cs=firefox-https-nocache-reload br=firefox rt=reload inm="\x226a79595e-156\x22" ims="Mon, 10 Aug 2026 04:53:50 GMT" ccreq="-"
2026-08-23T13:35:19+00:00 "GET /006/page?asset=%2F006%2Fasset%2Fapp.css%3Fv%3Dplain%26sc%3D006%26cs%3Dwebkit-https-plain-nav%26br%3Dwebkit%26rt%3Dnav&cc=no-store&sc=006&cs=webkit-https-plain-nav&n=1 HTTP/1.1" status=200 sc=006 v=- cs=webkit-https-plain-nav br=- rt=- inm="-" ims="-" ccreq="-"
2026-08-23T13:35:19+00:00 "GET /006/asset/app.css?v=plain&sc=006&cs=webkit-https-plain-nav&br=webkit&rt=nav HTTP/1.1" status=200 sc=006 v=plain cs=webkit-https-plain-nav br=webkit rt=nav inm="-" ims="-" ccreq="-"
2026-08-23T13:35:19+00:00 "GET /006/page?asset=%2F006%2Fasset%2Fapp.css%3Fv%3Dplain%26sc%3D006%26cs%3Dwebkit-https-plain-nav%26br%3Dwebkit%26rt%3Dnav&cc=no-store&sc=006&cs=webkit-https-plain-nav&n=2 HTTP/1.1" status=200 sc=006 v=- cs=webkit-https-plain-nav br=- rt=- inm="-" ims="-" ccreq="-"
2026-08-23T13:35:21+00:00 "GET /006/page?asset=%2F006%2Fasset%2Fapp.css%3Fv%3Dnostore%26sc%3D006%26cs%3Dwebkit-https-nostore-nav%26br%3Dwebkit%26rt%3Dnav&cc=no-store&sc=006&cs=webkit-https-nostore-nav&n=1 HTTP/1.1" status=200 sc=006 v=- cs=webkit-https-nostore-nav br=- rt=- inm="-" ims="-" ccreq="-"
2026-08-23T13:35:21+00:00 "GET /006/asset/app.css?v=nostore&sc=006&cs=webkit-https-nostore-nav&br=webkit&rt=nav HTTP/1.1" status=200 sc=006 v=nostore cs=webkit-https-nostore-nav br=webkit rt=nav inm="-" ims="-" ccreq="-"
2026-08-23T13:35:22+00:00 "GET /006/page?asset=%2F006%2Fasset%2Fapp.css%3Fv%3Dnostore%26sc%3D006%26cs%3Dwebkit-https-nostore-nav%26br%3Dwebkit%26rt%3Dnav&cc=no-store&sc=006&cs=webkit-https-nostore-nav&n=2 HTTP/1.1" status=200 sc=006 v=- cs=webkit-https-nostore-nav br=- rt=- inm="-" ims="-" ccreq="-"
2026-08-23T13:35:22+00:00 "GET /006/asset/app.css?v=nostore&sc=006&cs=webkit-https-nostore-nav&br=webkit&rt=nav HTTP/1.1" status=200 sc=006 v=nostore cs=webkit-https-nostore-nav br=webkit rt=nav inm="-" ims="-" ccreq="-"
2026-08-23T13:35:23+00:00 "GET /006/page?asset=%2F006%2Fasset%2Fapp.css%3Fv%3Dnocache%26sc%3D006%26cs%3Dwebkit-https-nocache-nav%26br%3Dwebkit%26rt%3Dnav&cc=no-store&sc=006&cs=webkit-https-nocache-nav&n=1 HTTP/1.1" status=200 sc=006 v=- cs=webkit-https-nocache-nav br=- rt=- inm="-" ims="-" ccreq="-"
2026-08-23T13:35:23+00:00 "GET /006/asset/app.css?v=nocache&sc=006&cs=webkit-https-nocache-nav&br=webkit&rt=nav HTTP/1.1" status=200 sc=006 v=nocache cs=webkit-https-nocache-nav br=webkit rt=nav inm="-" ims="-" ccreq="-"
2026-08-23T13:35:24+00:00 "GET /006/page?asset=%2F006%2Fasset%2Fapp.css%3Fv%3Dnocache%26sc%3D006%26cs%3Dwebkit-https-nocache-nav%26br%3Dwebkit%26rt%3Dnav&cc=no-store&sc=006&cs=webkit-https-nocache-nav&n=2 HTTP/1.1" status=200 sc=006 v=- cs=webkit-https-nocache-nav br=- rt=- inm="-" ims="-" ccreq="-"
2026-08-23T13:35:24+00:00 "GET /006/asset/app.css?v=nocache&sc=006&cs=webkit-https-nocache-nav&br=webkit&rt=nav HTTP/1.1" status=304 sc=006 v=nocache cs=webkit-https-nocache-nav br=webkit rt=nav inm="\x226a79595e-156\x22" ims="Mon, 10 Aug 2026 04:53:50 GMT" ccreq="-"
2026-08-23T13:35:25+00:00 "GET /006/page?asset=%2F006%2Fasset%2Fapp.css%3Fv%3Dplain%26sc%3D006%26cs%3Dwebkit-https-plain-nav%26br%3Dwebkit%26rt%3Dnav&cc=no-store&sc=006&cs=webkit-https-plain-nav&n=1 HTTP/1.1" status=200 sc=006 v=- cs=webkit-https-plain-nav br=- rt=- inm="-" ims="-" ccreq="-"
2026-08-23T13:35:25+00:00 "GET /006/asset/app.css?v=plain&sc=006&cs=webkit-https-plain-nav&br=webkit&rt=nav HTTP/1.1" status=200 sc=006 v=plain cs=webkit-https-plain-nav br=webkit rt=nav inm="-" ims="-" ccreq="-"
2026-08-23T13:35:26+00:00 "GET /006/page?asset=%2F006%2Fasset%2Fapp.css%3Fv%3Dplain%26sc%3D006%26cs%3Dwebkit-https-plain-nav%26br%3Dwebkit%26rt%3Dnav&cc=no-store&sc=006&cs=webkit-https-plain-nav&n=2 HTTP/1.1" status=200 sc=006 v=- cs=webkit-https-plain-nav br=- rt=- inm="-" ims="-" ccreq="-"
2026-08-23T13:35:27+00:00 "GET /006/page?asset=%2F006%2Fasset%2Fapp.css%3Fv%3Dplain%26sc%3D006%26cs%3Dwebkit-https-plain-reload%26br%3Dwebkit%26rt%3Dreload&cc=no-store&sc=006&cs=webkit-https-plain-reload&n=1 HTTP/1.1" status=200 sc=006 v=- cs=webkit-https-plain-reload br=- rt=- inm="-" ims="-" ccreq="-"
2026-08-23T13:35:27+00:00 "GET /006/asset/app.css?v=plain&sc=006&cs=webkit-https-plain-reload&br=webkit&rt=reload HTTP/1.1" status=200 sc=006 v=plain cs=webkit-https-plain-reload br=webkit rt=reload inm="-" ims="-" ccreq="-"
2026-08-23T13:35:28+00:00 "GET /006/page?asset=%2F006%2Fasset%2Fapp.css%3Fv%3Dplain%26sc%3D006%26cs%3Dwebkit-https-plain-reload%26br%3Dwebkit%26rt%3Dreload&cc=no-store&sc=006&cs=webkit-https-plain-reload&n=1 HTTP/1.1" status=200 sc=006 v=- cs=webkit-https-plain-reload br=- rt=- inm="-" ims="-" ccreq="-"
2026-08-23T13:35:29+00:00 "GET /006/page?asset=%2F006%2Fasset%2Fapp.css%3Fv%3Dmustrev%26sc%3D006%26cs%3Dwebkit-https-mustrev-nav%26br%3Dwebkit%26rt%3Dnav&cc=no-store&sc=006&cs=webkit-https-mustrev-nav&n=1 HTTP/1.1" status=200 sc=006 v=- cs=webkit-https-mustrev-nav br=- rt=- inm="-" ims="-" ccreq="-"
2026-08-23T13:35:29+00:00 "GET /006/asset/app.css?v=mustrev&sc=006&cs=webkit-https-mustrev-nav&br=webkit&rt=nav HTTP/1.1" status=200 sc=006 v=mustrev cs=webkit-https-mustrev-nav br=webkit rt=nav inm="-" ims="-" ccreq="-"
2026-08-23T13:35:30+00:00 "GET /006/page?asset=%2F006%2Fasset%2Fapp.css%3Fv%3Dmustrev%26sc%3D006%26cs%3Dwebkit-https-mustrev-nav%26br%3Dwebkit%26rt%3Dnav&cc=no-store&sc=006&cs=webkit-https-mustrev-nav&n=2 HTTP/1.1" status=200 sc=006 v=- cs=webkit-https-mustrev-nav br=- rt=- inm="-" ims="-" ccreq="-"
2026-08-23T13:35:32+00:00 "GET /006/page?asset=%2F006%2Fasset%2Fapp.css%3Fv%3Dmustrev%26sc%3D006%26cs%3Dwebkit-https-mustrev-reload%26br%3Dwebkit%26rt%3Dreload&cc=no-store&sc=006&cs=webkit-https-mustrev-reload&n=1 HTTP/1.1" status=200 sc=006 v=- cs=webkit-https-mustrev-reload br=- rt=- inm="-" ims="-" ccreq="-"
2026-08-23T13:35:32+00:00 "GET /006/asset/app.css?v=mustrev&sc=006&cs=webkit-https-mustrev-reload&br=webkit&rt=reload HTTP/1.1" status=200 sc=006 v=mustrev cs=webkit-https-mustrev-reload br=webkit rt=reload inm="-" ims="-" ccreq="-"
2026-08-23T13:36:06+00:00 "GET /006/page?asset=%2F006%2Fasset%2Fapp.css%3Fv%3Dplain%26sc%3D006%26cs%3Dchromium-https-plain-nav%26br%3Dchromium%26rt%3Dnav&cc=no-store&sc=006&cs=chromium-https-plain-nav&n=1 HTTP/1.1" status=200 sc=006 v=- cs=chromium-https-plain-nav br=- rt=- inm="-" ims="-" ccreq="-"
2026-08-23T13:36:06+00:00 "GET /006/asset/app.css?v=plain&sc=006&cs=chromium-https-plain-nav&br=chromium&rt=nav HTTP/1.1" status=200 sc=006 v=plain cs=chromium-https-plain-nav br=chromium rt=nav inm="-" ims="-" ccreq="-"
2026-08-23T13:36:07+00:00 "GET /006/page?asset=%2F006%2Fasset%2Fapp.css%3Fv%3Dplain%26sc%3D006%26cs%3Dchromium-https-plain-nav%26br%3Dchromium%26rt%3Dnav&cc=no-store&sc=006&cs=chromium-https-plain-nav&n=2 HTTP/1.1" status=200 sc=006 v=- cs=chromium-https-plain-nav br=- rt=- inm="-" ims="-" ccreq="-"
2026-08-23T13:36:08+00:00 "GET /006/page?asset=%2F006%2Fasset%2Fapp.css%3Fv%3Dnostore%26sc%3D006%26cs%3Dchromium-https-nostore-nav%26br%3Dchromium%26rt%3Dnav&cc=no-store&sc=006&cs=chromium-https-nostore-nav&n=1 HTTP/1.1" status=200 sc=006 v=- cs=chromium-https-nostore-nav br=- rt=- inm="-" ims="-" ccreq="-"
2026-08-23T13:36:08+00:00 "GET /006/asset/app.css?v=nostore&sc=006&cs=chromium-https-nostore-nav&br=chromium&rt=nav HTTP/1.1" status=200 sc=006 v=nostore cs=chromium-https-nostore-nav br=chromium rt=nav inm="-" ims="-" ccreq="-"
2026-08-23T13:36:09+00:00 "GET /006/page?asset=%2F006%2Fasset%2Fapp.css%3Fv%3Dnostore%26sc%3D006%26cs%3Dchromium-https-nostore-nav%26br%3Dchromium%26rt%3Dnav&cc=no-store&sc=006&cs=chromium-https-nostore-nav&n=2 HTTP/1.1" status=200 sc=006 v=- cs=chromium-https-nostore-nav br=- rt=- inm="-" ims="-" ccreq="-"
2026-08-23T13:36:09+00:00 "GET /006/asset/app.css?v=nostore&sc=006&cs=chromium-https-nostore-nav&br=chromium&rt=nav HTTP/1.1" status=200 sc=006 v=nostore cs=chromium-https-nostore-nav br=chromium rt=nav inm="-" ims="-" ccreq="-"
2026-08-23T13:36:10+00:00 "GET /006/page?asset=%2F006%2Fasset%2Fapp.css%3Fv%3Dnocache%26sc%3D006%26cs%3Dchromium-https-nocache-nav%26br%3Dchromium%26rt%3Dnav&cc=no-store&sc=006&cs=chromium-https-nocache-nav&n=1 HTTP/1.1" status=200 sc=006 v=- cs=chromium-https-nocache-nav br=- rt=- inm="-" ims="-" ccreq="-"
2026-08-23T13:36:10+00:00 "GET /006/asset/app.css?v=nocache&sc=006&cs=chromium-https-nocache-nav&br=chromium&rt=nav HTTP/1.1" status=200 sc=006 v=nocache cs=chromium-https-nocache-nav br=chromium rt=nav inm="-" ims="-" ccreq="-"
2026-08-23T13:36:11+00:00 "GET /006/page?asset=%2F006%2Fasset%2Fapp.css%3Fv%3Dnocache%26sc%3D006%26cs%3Dchromium-https-nocache-nav%26br%3Dchromium%26rt%3Dnav&cc=no-store&sc=006&cs=chromium-https-nocache-nav&n=2 HTTP/1.1" status=200 sc=006 v=- cs=chromium-https-nocache-nav br=- rt=- inm="-" ims="-" ccreq="-"
2026-08-23T13:36:11+00:00 "GET /006/asset/app.css?v=nocache&sc=006&cs=chromium-https-nocache-nav&br=chromium&rt=nav HTTP/1.1" status=304 sc=006 v=nocache cs=chromium-https-nocache-nav br=chromium rt=nav inm="\x226a79595e-156\x22" ims="Mon, 10 Aug 2026 04:53:50 GMT" ccreq="-"
2026-08-23T13:36:12+00:00 "GET /006/page?asset=%2F006%2Fasset%2Fapp.css%3Fv%3Dplain%26sc%3D006%26cs%3Dchromium-https-plain-nav%26br%3Dchromium%26rt%3Dnav&cc=no-store&sc=006&cs=chromium-https-plain-nav&n=1 HTTP/1.1" status=200 sc=006 v=- cs=chromium-https-plain-nav br=- rt=- inm="-" ims="-" ccreq="-"
2026-08-23T13:36:12+00:00 "GET /006/asset/app.css?v=plain&sc=006&cs=chromium-https-plain-nav&br=chromium&rt=nav HTTP/1.1" status=200 sc=006 v=plain cs=chromium-https-plain-nav br=chromium rt=nav inm="-" ims="-" ccreq="-"
2026-08-23T13:36:12+00:00 "GET /006/page?asset=%2F006%2Fasset%2Fapp.css%3Fv%3Dplain%26sc%3D006%26cs%3Dchromium-https-plain-nav%26br%3Dchromium%26rt%3Dnav&cc=no-store&sc=006&cs=chromium-https-plain-nav&n=2 HTTP/1.1" status=200 sc=006 v=- cs=chromium-https-plain-nav br=- rt=- inm="-" ims="-" ccreq="-"
2026-08-23T13:36:14+00:00 "GET /006/page?asset=%2F006%2Fasset%2Fapp.css%3Fv%3Dplain%26sc%3D006%26cs%3Dchromium-https-plain-reload%26br%3Dchromium%26rt%3Dreload&cc=no-store&sc=006&cs=chromium-https-plain-reload&n=1 HTTP/1.1" status=200 sc=006 v=- cs=chromium-https-plain-reload br=- rt=- inm="-" ims="-" ccreq="-"
2026-08-23T13:36:14+00:00 "GET /006/asset/app.css?v=plain&sc=006&cs=chromium-https-plain-reload&br=chromium&rt=reload HTTP/1.1" status=200 sc=006 v=plain cs=chromium-https-plain-reload br=chromium rt=reload inm="-" ims="-" ccreq="-"
2026-08-23T13:36:14+00:00 "GET /006/page?asset=%2F006%2Fasset%2Fapp.css%3Fv%3Dplain%26sc%3D006%26cs%3Dchromium-https-plain-reload%26br%3Dchromium%26rt%3Dreload&cc=no-store&sc=006&cs=chromium-https-plain-reload&n=1 HTTP/1.1" status=200 sc=006 v=- cs=chromium-https-plain-reload br=- rt=- inm="-" ims="-" ccreq="max-age=0"
2026-08-23T13:36:15+00:00 "GET /006/page?asset=%2F006%2Fasset%2Fapp.css%3Fv%3Dmustrev%26sc%3D006%26cs%3Dchromium-https-mustrev-nav%26br%3Dchromium%26rt%3Dnav&cc=no-store&sc=006&cs=chromium-https-mustrev-nav&n=1 HTTP/1.1" status=200 sc=006 v=- cs=chromium-https-mustrev-nav br=- rt=- inm="-" ims="-" ccreq="-"
2026-08-23T13:36:15+00:00 "GET /006/asset/app.css?v=mustrev&sc=006&cs=chromium-https-mustrev-nav&br=chromium&rt=nav HTTP/1.1" status=200 sc=006 v=mustrev cs=chromium-https-mustrev-nav br=chromium rt=nav inm="-" ims="-" ccreq="-"
2026-08-23T13:36:16+00:00 "GET /006/page?asset=%2F006%2Fasset%2Fapp.css%3Fv%3Dmustrev%26sc%3D006%26cs%3Dchromium-https-mustrev-nav%26br%3Dchromium%26rt%3Dnav&cc=no-store&sc=006&cs=chromium-https-mustrev-nav&n=2 HTTP/1.1" status=200 sc=006 v=- cs=chromium-https-mustrev-nav br=- rt=- inm="-" ims="-" ccreq="-"
2026-08-23T13:36:17+00:00 "GET /006/page?asset=%2F006%2Fasset%2Fapp.css%3Fv%3Dmustrev%26sc%3D006%26cs%3Dchromium-https-mustrev-reload%26br%3Dchromium%26rt%3Dreload&cc=no-store&sc=006&cs=chromium-https-mustrev-reload&n=1 HTTP/1.1" status=200 sc=006 v=- cs=chromium-https-mustrev-reload br=- rt=- inm="-" ims="-" ccreq="-"
2026-08-23T13:36:17+00:00 "GET /006/asset/app.css?v=mustrev&sc=006&cs=chromium-https-mustrev-reload&br=chromium&rt=reload HTTP/1.1" status=200 sc=006 v=mustrev cs=chromium-https-mustrev-reload br=chromium rt=reload inm="-" ims="-" ccreq="-"
2026-08-23T13:36:18+00:00 "GET /006/page?asset=%2F006%2Fasset%2Fapp.css%3Fv%3Dmustrev%26sc%3D006%26cs%3Dchromium-https-mustrev-reload%26br%3Dchromium%26rt%3Dreload&cc=no-store&sc=006&cs=chromium-https-mustrev-reload&n=1 HTTP/1.1" status=200 sc=006 v=- cs=chromium-https-mustrev-reload br=- rt=- inm="-" ims="-" ccreq="max-age=0"
2026-08-23T13:36:19+00:00 "GET /006/page?asset=%2F006%2Fasset%2Fapp.css%3Fv%3Dnocache%26sc%3D006%26cs%3Dchromium-https-nocache-nav%26br%3Dchromium%26rt%3Dnav&cc=no-store&sc=006&cs=chromium-https-nocache-nav&n=1 HTTP/1.1" status=200 sc=006 v=- cs=chromium-https-nocache-nav br=- rt=- inm="-" ims="-" ccreq="-"
2026-08-23T13:36:19+00:00 "GET /006/asset/app.css?v=nocache&sc=006&cs=chromium-https-nocache-nav&br=chromium&rt=nav HTTP/1.1" status=200 sc=006 v=nocache cs=chromium-https-nocache-nav br=chromium rt=nav inm="-" ims="-" ccreq="-"
2026-08-23T13:36:20+00:00 "GET /006/page?asset=%2F006%2Fasset%2Fapp.css%3Fv%3Dnocache%26sc%3D006%26cs%3Dchromium-https-nocache-nav%26br%3Dchromium%26rt%3Dnav&cc=no-store&sc=006&cs=chromium-https-nocache-nav&n=2 HTTP/1.1" status=200 sc=006 v=- cs=chromium-https-nocache-nav br=- rt=- inm="-" ims="-" ccreq="-"
2026-08-23T13:36:20+00:00 "GET /006/asset/app.css?v=nocache&sc=006&cs=chromium-https-nocache-nav&br=chromium&rt=nav HTTP/1.1" status=304 sc=006 v=nocache cs=chromium-https-nocache-nav br=chromium rt=nav inm="\x226a79595e-156\x22" ims="Mon, 10 Aug 2026 04:53:50 GMT" ccreq="-"
2026-08-23T13:36:21+00:00 "GET /006/page?asset=%2F006%2Fasset%2Fapp.css%3Fv%3Dnocache%26sc%3D006%26cs%3Dchromium-https-nocache-reload%26br%3Dchromium%26rt%3Dreload&cc=no-store&sc=006&cs=chromium-https-nocache-reload&n=1 HTTP/1.1" status=200 sc=006 v=- cs=chromium-https-nocache-reload br=- rt=- inm="-" ims="-" ccreq="-"
2026-08-23T13:36:21+00:00 "GET /006/asset/app.css?v=nocache&sc=006&cs=chromium-https-nocache-reload&br=chromium&rt=reload HTTP/1.1" status=200 sc=006 v=nocache cs=chromium-https-nocache-reload br=chromium rt=reload inm="-" ims="-" ccreq="-"
2026-08-23T13:36:21+00:00 "GET /006/page?asset=%2F006%2Fasset%2Fapp.css%3Fv%3Dnocache%26sc%3D006%26cs%3Dchromium-https-nocache-reload%26br%3Dchromium%26rt%3Dreload&cc=no-store&sc=006&cs=chromium-https-nocache-reload&n=1 HTTP/1.1" status=200 sc=006 v=- cs=chromium-https-nocache-reload br=- rt=- inm="-" ims="-" ccreq="max-age=0"
2026-08-23T13:36:21+00:00 "GET /006/asset/app.css?v=nocache&sc=006&cs=chromium-https-nocache-reload&br=chromium&rt=reload HTTP/1.1" status=304 sc=006 v=nocache cs=chromium-https-nocache-reload br=chromium rt=reload inm="\x226a79595e-156\x22" ims="Mon, 10 Aug 2026 04:53:50 GMT" ccreq="-"
2026-08-23T13:36:24+00:00 "GET /006/page?asset=%2F006%2Fasset%2Fapp.css%3Fv%3Dplain%26sc%3D006%26cs%3Dfirefox-https-plain-nav%26br%3Dfirefox%26rt%3Dnav&cc=no-store&sc=006&cs=firefox-https-plain-nav&n=1 HTTP/1.1" status=200 sc=006 v=- cs=firefox-https-plain-nav br=- rt=- inm="-" ims="-" ccreq="-"
2026-08-23T13:36:24+00:00 "GET /006/asset/app.css?v=plain&sc=006&cs=firefox-https-plain-nav&br=firefox&rt=nav HTTP/1.1" status=200 sc=006 v=plain cs=firefox-https-plain-nav br=firefox rt=nav inm="-" ims="-" ccreq="-"
2026-08-23T13:36:25+00:00 "GET /006/page?asset=%2F006%2Fasset%2Fapp.css%3Fv%3Dplain%26sc%3D006%26cs%3Dfirefox-https-plain-nav%26br%3Dfirefox%26rt%3Dnav&cc=no-store&sc=006&cs=firefox-https-plain-nav&n=2 HTTP/1.1" status=200 sc=006 v=- cs=firefox-https-plain-nav br=- rt=- inm="-" ims="-" ccreq="-"
2026-08-23T13:36:27+00:00 "GET /006/page?asset=%2F006%2Fasset%2Fapp.css%3Fv%3Dnostore%26sc%3D006%26cs%3Dfirefox-https-nostore-nav%26br%3Dfirefox%26rt%3Dnav&cc=no-store&sc=006&cs=firefox-https-nostore-nav&n=1 HTTP/1.1" status=200 sc=006 v=- cs=firefox-https-nostore-nav br=- rt=- inm="-" ims="-" ccreq="-"
2026-08-23T13:36:27+00:00 "GET /006/asset/app.css?v=nostore&sc=006&cs=firefox-https-nostore-nav&br=firefox&rt=nav HTTP/1.1" status=200 sc=006 v=nostore cs=firefox-https-nostore-nav br=firefox rt=nav inm="-" ims="-" ccreq="-"
2026-08-23T13:36:28+00:00 "GET /006/page?asset=%2F006%2Fasset%2Fapp.css%3Fv%3Dnostore%26sc%3D006%26cs%3Dfirefox-https-nostore-nav%26br%3Dfirefox%26rt%3Dnav&cc=no-store&sc=006&cs=firefox-https-nostore-nav&n=2 HTTP/1.1" status=200 sc=006 v=- cs=firefox-https-nostore-nav br=- rt=- inm="-" ims="-" ccreq="-"
2026-08-23T13:36:28+00:00 "GET /006/asset/app.css?v=nostore&sc=006&cs=firefox-https-nostore-nav&br=firefox&rt=nav HTTP/1.1" status=200 sc=006 v=nostore cs=firefox-https-nostore-nav br=firefox rt=nav inm="-" ims="-" ccreq="-"
2026-08-23T13:36:30+00:00 "GET /006/page?asset=%2F006%2Fasset%2Fapp.css%3Fv%3Dnocache%26sc%3D006%26cs%3Dfirefox-https-nocache-nav%26br%3Dfirefox%26rt%3Dnav&cc=no-store&sc=006&cs=firefox-https-nocache-nav&n=1 HTTP/1.1" status=200 sc=006 v=- cs=firefox-https-nocache-nav br=- rt=- inm="-" ims="-" ccreq="-"
2026-08-23T13:36:30+00:00 "GET /006/asset/app.css?v=nocache&sc=006&cs=firefox-https-nocache-nav&br=firefox&rt=nav HTTP/1.1" status=200 sc=006 v=nocache cs=firefox-https-nocache-nav br=firefox rt=nav inm="-" ims="-" ccreq="-"
2026-08-23T13:36:31+00:00 "GET /006/page?asset=%2F006%2Fasset%2Fapp.css%3Fv%3Dnocache%26sc%3D006%26cs%3Dfirefox-https-nocache-nav%26br%3Dfirefox%26rt%3Dnav&cc=no-store&sc=006&cs=firefox-https-nocache-nav&n=2 HTTP/1.1" status=200 sc=006 v=- cs=firefox-https-nocache-nav br=- rt=- inm="-" ims="-" ccreq="-"
2026-08-23T13:36:31+00:00 "GET /006/asset/app.css?v=nocache&sc=006&cs=firefox-https-nocache-nav&br=firefox&rt=nav HTTP/1.1" status=304 sc=006 v=nocache cs=firefox-https-nocache-nav br=firefox rt=nav inm="\x226a79595e-156\x22" ims="Mon, 10 Aug 2026 04:53:50 GMT" ccreq="-"
2026-08-23T13:36:33+00:00 "GET /006/page?asset=%2F006%2Fasset%2Fapp.css%3Fv%3Dplain%26sc%3D006%26cs%3Dfirefox-https-plain-nav%26br%3Dfirefox%26rt%3Dnav&cc=no-store&sc=006&cs=firefox-https-plain-nav&n=1 HTTP/1.1" status=200 sc=006 v=- cs=firefox-https-plain-nav br=- rt=- inm="-" ims="-" ccreq="-"
2026-08-23T13:36:33+00:00 "GET /006/asset/app.css?v=plain&sc=006&cs=firefox-https-plain-nav&br=firefox&rt=nav HTTP/1.1" status=200 sc=006 v=plain cs=firefox-https-plain-nav br=firefox rt=nav inm="-" ims="-" ccreq="-"
2026-08-23T13:36:34+00:00 "GET /006/page?asset=%2F006%2Fasset%2Fapp.css%3Fv%3Dplain%26sc%3D006%26cs%3Dfirefox-https-plain-nav%26br%3Dfirefox%26rt%3Dnav&cc=no-store&sc=006&cs=firefox-https-plain-nav&n=2 HTTP/1.1" status=200 sc=006 v=- cs=firefox-https-plain-nav br=- rt=- inm="-" ims="-" ccreq="-"
2026-08-23T13:36:36+00:00 "GET /006/page?asset=%2F006%2Fasset%2Fapp.css%3Fv%3Dplain%26sc%3D006%26cs%3Dfirefox-https-plain-reload%26br%3Dfirefox%26rt%3Dreload&cc=no-store&sc=006&cs=firefox-https-plain-reload&n=1 HTTP/1.1" status=200 sc=006 v=- cs=firefox-https-plain-reload br=- rt=- inm="-" ims="-" ccreq="-"
2026-08-23T13:36:36+00:00 "GET /006/asset/app.css?v=plain&sc=006&cs=firefox-https-plain-reload&br=firefox&rt=reload HTTP/1.1" status=200 sc=006 v=plain cs=firefox-https-plain-reload br=firefox rt=reload inm="-" ims="-" ccreq="-"
2026-08-23T13:36:37+00:00 "GET /006/page?asset=%2F006%2Fasset%2Fapp.css%3Fv%3Dplain%26sc%3D006%26cs%3Dfirefox-https-plain-reload%26br%3Dfirefox%26rt%3Dreload&cc=no-store&sc=006&cs=firefox-https-plain-reload&n=1 HTTP/1.1" status=200 sc=006 v=- cs=firefox-https-plain-reload br=- rt=- inm="-" ims="-" ccreq="-"
2026-08-23T13:36:39+00:00 "GET /006/page?asset=%2F006%2Fasset%2Fapp.css%3Fv%3Dmustrev%26sc%3D006%26cs%3Dfirefox-https-mustrev-nav%26br%3Dfirefox%26rt%3Dnav&cc=no-store&sc=006&cs=firefox-https-mustrev-nav&n=1 HTTP/1.1" status=200 sc=006 v=- cs=firefox-https-mustrev-nav br=- rt=- inm="-" ims="-" ccreq="-"
2026-08-23T13:36:39+00:00 "GET /006/asset/app.css?v=mustrev&sc=006&cs=firefox-https-mustrev-nav&br=firefox&rt=nav HTTP/1.1" status=200 sc=006 v=mustrev cs=firefox-https-mustrev-nav br=firefox rt=nav inm="-" ims="-" ccreq="-"
2026-08-23T13:36:40+00:00 "GET /006/page?asset=%2F006%2Fasset%2Fapp.css%3Fv%3Dmustrev%26sc%3D006%26cs%3Dfirefox-https-mustrev-nav%26br%3Dfirefox%26rt%3Dnav&cc=no-store&sc=006&cs=firefox-https-mustrev-nav&n=2 HTTP/1.1" status=200 sc=006 v=- cs=firefox-https-mustrev-nav br=- rt=- inm="-" ims="-" ccreq="-"
2026-08-23T13:36:42+00:00 "GET /006/page?asset=%2F006%2Fasset%2Fapp.css%3Fv%3Dmustrev%26sc%3D006%26cs%3Dfirefox-https-mustrev-reload%26br%3Dfirefox%26rt%3Dreload&cc=no-store&sc=006&cs=firefox-https-mustrev-reload&n=1 HTTP/1.1" status=200 sc=006 v=- cs=firefox-https-mustrev-reload br=- rt=- inm="-" ims="-" ccreq="-"
2026-08-23T13:36:42+00:00 "GET /006/asset/app.css?v=mustrev&sc=006&cs=firefox-https-mustrev-reload&br=firefox&rt=reload HTTP/1.1" status=200 sc=006 v=mustrev cs=firefox-https-mustrev-reload br=firefox rt=reload inm="-" ims="-" ccreq="-"
2026-08-23T13:36:43+00:00 "GET /006/page?asset=%2F006%2Fasset%2Fapp.css%3Fv%3Dmustrev%26sc%3D006%26cs%3Dfirefox-https-mustrev-reload%26br%3Dfirefox%26rt%3Dreload&cc=no-store&sc=006&cs=firefox-https-mustrev-reload&n=1 HTTP/1.1" status=200 sc=006 v=- cs=firefox-https-mustrev-reload br=- rt=- inm="-" ims="-" ccreq="-"
2026-08-23T13:36:45+00:00 "GET /006/page?asset=%2F006%2Fasset%2Fapp.css%3Fv%3Dnocache%26sc%3D006%26cs%3Dfirefox-https-nocache-nav%26br%3Dfirefox%26rt%3Dnav&cc=no-store&sc=006&cs=firefox-https-nocache-nav&n=1 HTTP/1.1" status=200 sc=006 v=- cs=firefox-https-nocache-nav br=- rt=- inm="-" ims="-" ccreq="-"
2026-08-23T13:36:45+00:00 "GET /006/asset/app.css?v=nocache&sc=006&cs=firefox-https-nocache-nav&br=firefox&rt=nav HTTP/1.1" status=200 sc=006 v=nocache cs=firefox-https-nocache-nav br=firefox rt=nav inm="-" ims="-" ccreq="-"
2026-08-23T13:36:46+00:00 "GET /006/page?asset=%2F006%2Fasset%2Fapp.css%3Fv%3Dnocache%26sc%3D006%26cs%3Dfirefox-https-nocache-nav%26br%3Dfirefox%26rt%3Dnav&cc=no-store&sc=006&cs=firefox-https-nocache-nav&n=2 HTTP/1.1" status=200 sc=006 v=- cs=firefox-https-nocache-nav br=- rt=- inm="-" ims="-" ccreq="-"
2026-08-23T13:36:46+00:00 "GET /006/asset/app.css?v=nocache&sc=006&cs=firefox-https-nocache-nav&br=firefox&rt=nav HTTP/1.1" status=304 sc=006 v=nocache cs=firefox-https-nocache-nav br=firefox rt=nav inm="\x226a79595e-156\x22" ims="Mon, 10 Aug 2026 04:53:50 GMT" ccreq="-"
2026-08-23T13:36:48+00:00 "GET /006/page?asset=%2F006%2Fasset%2Fapp.css%3Fv%3Dnocache%26sc%3D006%26cs%3Dfirefox-https-nocache-reload%26br%3Dfirefox%26rt%3Dreload&cc=no-store&sc=006&cs=firefox-https-nocache-reload&n=1 HTTP/1.1" status=200 sc=006 v=- cs=firefox-https-nocache-reload br=- rt=- inm="-" ims="-" ccreq="-"
2026-08-23T13:36:48+00:00 "GET /006/asset/app.css?v=nocache&sc=006&cs=firefox-https-nocache-reload&br=firefox&rt=reload HTTP/1.1" status=200 sc=006 v=nocache cs=firefox-https-nocache-reload br=firefox rt=reload inm="-" ims="-" ccreq="-"
2026-08-23T13:36:48+00:00 "GET /006/page?asset=%2F006%2Fasset%2Fapp.css%3Fv%3Dnocache%26sc%3D006%26cs%3Dfirefox-https-nocache-reload%26br%3Dfirefox%26rt%3Dreload&cc=no-store&sc=006&cs=firefox-https-nocache-reload&n=1 HTTP/1.1" status=200 sc=006 v=- cs=firefox-https-nocache-reload br=- rt=- inm="-" ims="-" ccreq="-"
2026-08-23T13:36:48+00:00 "GET /006/asset/app.css?v=nocache&sc=006&cs=firefox-https-nocache-reload&br=firefox&rt=reload HTTP/1.1" status=304 sc=006 v=nocache cs=firefox-https-nocache-reload br=firefox rt=reload inm="\x226a79595e-156\x22" ims="Mon, 10 Aug 2026 04:53:50 GMT" ccreq="-"
2026-08-23T13:36:50+00:00 "GET /006/page?asset=%2F006%2Fasset%2Fapp.css%3Fv%3Dplain%26sc%3D006%26cs%3Dwebkit-https-plain-nav%26br%3Dwebkit%26rt%3Dnav&cc=no-store&sc=006&cs=webkit-https-plain-nav&n=1 HTTP/1.1" status=200 sc=006 v=- cs=webkit-https-plain-nav br=- rt=- inm="-" ims="-" ccreq="-"
2026-08-23T13:36:50+00:00 "GET /006/asset/app.css?v=plain&sc=006&cs=webkit-https-plain-nav&br=webkit&rt=nav HTTP/1.1" status=200 sc=006 v=plain cs=webkit-https-plain-nav br=webkit rt=nav inm="-" ims="-" ccreq="-"
2026-08-23T13:36:51+00:00 "GET /006/page?asset=%2F006%2Fasset%2Fapp.css%3Fv%3Dplain%26sc%3D006%26cs%3Dwebkit-https-plain-nav%26br%3Dwebkit%26rt%3Dnav&cc=no-store&sc=006&cs=webkit-https-plain-nav&n=2 HTTP/1.1" status=200 sc=006 v=- cs=webkit-https-plain-nav br=- rt=- inm="-" ims="-" ccreq="-"
2026-08-23T13:36:53+00:00 "GET /006/page?asset=%2F006%2Fasset%2Fapp.css%3Fv%3Dnostore%26sc%3D006%26cs%3Dwebkit-https-nostore-nav%26br%3Dwebkit%26rt%3Dnav&cc=no-store&sc=006&cs=webkit-https-nostore-nav&n=1 HTTP/1.1" status=200 sc=006 v=- cs=webkit-https-nostore-nav br=- rt=- inm="-" ims="-" ccreq="-"
2026-08-23T13:36:53+00:00 "GET /006/asset/app.css?v=nostore&sc=006&cs=webkit-https-nostore-nav&br=webkit&rt=nav HTTP/1.1" status=200 sc=006 v=nostore cs=webkit-https-nostore-nav br=webkit rt=nav inm="-" ims="-" ccreq="-"
2026-08-23T13:36:53+00:00 "GET /006/page?asset=%2F006%2Fasset%2Fapp.css%3Fv%3Dnostore%26sc%3D006%26cs%3Dwebkit-https-nostore-nav%26br%3Dwebkit%26rt%3Dnav&cc=no-store&sc=006&cs=webkit-https-nostore-nav&n=2 HTTP/1.1" status=200 sc=006 v=- cs=webkit-https-nostore-nav br=- rt=- inm="-" ims="-" ccreq="-"
2026-08-23T13:36:53+00:00 "GET /006/asset/app.css?v=nostore&sc=006&cs=webkit-https-nostore-nav&br=webkit&rt=nav HTTP/1.1" status=200 sc=006 v=nostore cs=webkit-https-nostore-nav br=webkit rt=nav inm="-" ims="-" ccreq="-"
2026-08-23T13:36:55+00:00 "GET /006/page?asset=%2F006%2Fasset%2Fapp.css%3Fv%3Dnocache%26sc%3D006%26cs%3Dwebkit-https-nocache-nav%26br%3Dwebkit%26rt%3Dnav&cc=no-store&sc=006&cs=webkit-https-nocache-nav&n=1 HTTP/1.1" status=200 sc=006 v=- cs=webkit-https-nocache-nav br=- rt=- inm="-" ims="-" ccreq="-"
2026-08-23T13:36:55+00:00 "GET /006/asset/app.css?v=nocache&sc=006&cs=webkit-https-nocache-nav&br=webkit&rt=nav HTTP/1.1" status=200 sc=006 v=nocache cs=webkit-https-nocache-nav br=webkit rt=nav inm="-" ims="-" ccreq="-"
2026-08-23T13:36:55+00:00 "GET /006/page?asset=%2F006%2Fasset%2Fapp.css%3Fv%3Dnocache%26sc%3D006%26cs%3Dwebkit-https-nocache-nav%26br%3Dwebkit%26rt%3Dnav&cc=no-store&sc=006&cs=webkit-https-nocache-nav&n=2 HTTP/1.1" status=200 sc=006 v=- cs=webkit-https-nocache-nav br=- rt=- inm="-" ims="-" ccreq="-"
2026-08-23T13:36:55+00:00 "GET /006/asset/app.css?v=nocache&sc=006&cs=webkit-https-nocache-nav&br=webkit&rt=nav HTTP/1.1" status=304 sc=006 v=nocache cs=webkit-https-nocache-nav br=webkit rt=nav inm="\x226a79595e-156\x22" ims="Mon, 10 Aug 2026 04:53:50 GMT" ccreq="-"
2026-08-23T13:36:57+00:00 "GET /006/page?asset=%2F006%2Fasset%2Fapp.css%3Fv%3Dplain%26sc%3D006%26cs%3Dwebkit-https-plain-nav%26br%3Dwebkit%26rt%3Dnav&cc=no-store&sc=006&cs=webkit-https-plain-nav&n=1 HTTP/1.1" status=200 sc=006 v=- cs=webkit-https-plain-nav br=- rt=- inm="-" ims="-" ccreq="-"
2026-08-23T13:36:57+00:00 "GET /006/asset/app.css?v=plain&sc=006&cs=webkit-https-plain-nav&br=webkit&rt=nav HTTP/1.1" status=200 sc=006 v=plain cs=webkit-https-plain-nav br=webkit rt=nav inm="-" ims="-" ccreq="-"
2026-08-23T13:36:58+00:00 "GET /006/page?asset=%2F006%2Fasset%2Fapp.css%3Fv%3Dplain%26sc%3D006%26cs%3Dwebkit-https-plain-nav%26br%3Dwebkit%26rt%3Dnav&cc=no-store&sc=006&cs=webkit-https-plain-nav&n=2 HTTP/1.1" status=200 sc=006 v=- cs=webkit-https-plain-nav br=- rt=- inm="-" ims="-" ccreq="-"
2026-08-23T13:36:59+00:00 "GET /006/page?asset=%2F006%2Fasset%2Fapp.css%3Fv%3Dplain%26sc%3D006%26cs%3Dwebkit-https-plain-reload%26br%3Dwebkit%26rt%3Dreload&cc=no-store&sc=006&cs=webkit-https-plain-reload&n=1 HTTP/1.1" status=200 sc=006 v=- cs=webkit-https-plain-reload br=- rt=- inm="-" ims="-" ccreq="-"
2026-08-23T13:36:59+00:00 "GET /006/asset/app.css?v=plain&sc=006&cs=webkit-https-plain-reload&br=webkit&rt=reload HTTP/1.1" status=200 sc=006 v=plain cs=webkit-https-plain-reload br=webkit rt=reload inm="-" ims="-" ccreq="-"
2026-08-23T13:37:00+00:00 "GET /006/page?asset=%2F006%2Fasset%2Fapp.css%3Fv%3Dplain%26sc%3D006%26cs%3Dwebkit-https-plain-reload%26br%3Dwebkit%26rt%3Dreload&cc=no-store&sc=006&cs=webkit-https-plain-reload&n=1 HTTP/1.1" status=200 sc=006 v=- cs=webkit-https-plain-reload br=- rt=- inm="-" ims="-" ccreq="-"
2026-08-23T13:37:01+00:00 "GET /006/page?asset=%2F006%2Fasset%2Fapp.css%3Fv%3Dmustrev%26sc%3D006%26cs%3Dwebkit-https-mustrev-nav%26br%3Dwebkit%26rt%3Dnav&cc=no-store&sc=006&cs=webkit-https-mustrev-nav&n=1 HTTP/1.1" status=200 sc=006 v=- cs=webkit-https-mustrev-nav br=- rt=- inm="-" ims="-" ccreq="-"
2026-08-23T13:37:01+00:00 "GET /006/asset/app.css?v=mustrev&sc=006&cs=webkit-https-mustrev-nav&br=webkit&rt=nav HTTP/1.1" status=200 sc=006 v=mustrev cs=webkit-https-mustrev-nav br=webkit rt=nav inm="-" ims="-" ccreq="-"
2026-08-23T13:37:02+00:00 "GET /006/page?asset=%2F006%2Fasset%2Fapp.css%3Fv%3Dmustrev%26sc%3D006%26cs%3Dwebkit-https-mustrev-nav%26br%3Dwebkit%26rt%3Dnav&cc=no-store&sc=006&cs=webkit-https-mustrev-nav&n=2 HTTP/1.1" status=200 sc=006 v=- cs=webkit-https-mustrev-nav br=- rt=- inm="-" ims="-" ccreq="-"
2026-08-23T13:37:03+00:00 "GET /006/page?asset=%2F006%2Fasset%2Fapp.css%3Fv%3Dmustrev%26sc%3D006%26cs%3Dwebkit-https-mustrev-reload%26br%3Dwebkit%26rt%3Dreload&cc=no-store&sc=006&cs=webkit-https-mustrev-reload&n=1 HTTP/1.1" status=200 sc=006 v=- cs=webkit-https-mustrev-reload br=- rt=- inm="-" ims="-" ccreq="-"
2026-08-23T13:37:03+00:00 "GET /006/asset/app.css?v=mustrev&sc=006&cs=webkit-https-mustrev-reload&br=webkit&rt=reload HTTP/1.1" status=200 sc=006 v=mustrev cs=webkit-https-mustrev-reload br=webkit rt=reload inm="-" ims="-" ccreq="-"
2026-08-23T13:37:04+00:00 "GET /006/page?asset=%2F006%2Fasset%2Fapp.css%3Fv%3Dmustrev%26sc%3D006%26cs%3Dwebkit-https-mustrev-reload%26br%3Dwebkit%26rt%3Dreload&cc=no-store&sc=006&cs=webkit-https-mustrev-reload&n=1 HTTP/1.1" status=200 sc=006 v=- cs=webkit-https-mustrev-reload br=- rt=- inm="-" ims="-" ccreq="-"
2026-08-23T13:37:05+00:00 "GET /006/page?asset=%2F006%2Fasset%2Fapp.css%3Fv%3Dnocache%26sc%3D006%26cs%3Dwebkit-https-nocache-nav%26br%3Dwebkit%26rt%3Dnav&cc=no-store&sc=006&cs=webkit-https-nocache-nav&n=1 HTTP/1.1" status=200 sc=006 v=- cs=webkit-https-nocache-nav br=- rt=- inm="-" ims="-" ccreq="-"
2026-08-23T13:37:05+00:00 "GET /006/asset/app.css?v=nocache&sc=006&cs=webkit-https-nocache-nav&br=webkit&rt=nav HTTP/1.1" status=200 sc=006 v=nocache cs=webkit-https-nocache-nav br=webkit rt=nav inm="-" ims="-" ccreq="-"
2026-08-23T13:37:06+00:00 "GET /006/page?asset=%2F006%2Fasset%2Fapp.css%3Fv%3Dnocache%26sc%3D006%26cs%3Dwebkit-https-nocache-nav%26br%3Dwebkit%26rt%3Dnav&cc=no-store&sc=006&cs=webkit-https-nocache-nav&n=2 HTTP/1.1" status=200 sc=006 v=- cs=webkit-https-nocache-nav br=- rt=- inm="-" ims="-" ccreq="-"
2026-08-23T13:37:06+00:00 "GET /006/asset/app.css?v=nocache&sc=006&cs=webkit-https-nocache-nav&br=webkit&rt=nav HTTP/1.1" status=304 sc=006 v=nocache cs=webkit-https-nocache-nav br=webkit rt=nav inm="\x226a79595e-156\x22" ims="Mon, 10 Aug 2026 04:53:50 GMT" ccreq="-"
2026-08-23T13:37:08+00:00 "GET /006/page?asset=%2F006%2Fasset%2Fapp.css%3Fv%3Dnocache%26sc%3D006%26cs%3Dwebkit-https-nocache-reload%26br%3Dwebkit%26rt%3Dreload&cc=no-store&sc=006&cs=webkit-https-nocache-reload&n=1 HTTP/1.1" status=200 sc=006 v=- cs=webkit-https-nocache-reload br=- rt=- inm="-" ims="-" ccreq="-"
2026-08-23T13:37:08+00:00 "GET /006/asset/app.css?v=nocache&sc=006&cs=webkit-https-nocache-reload&br=webkit&rt=reload HTTP/1.1" status=200 sc=006 v=nocache cs=webkit-https-nocache-reload br=webkit rt=reload inm="-" ims="-" ccreq="-"
2026-08-23T13:37:08+00:00 "GET /006/page?asset=%2F006%2Fasset%2Fapp.css%3Fv%3Dnocache%26sc%3D006%26cs%3Dwebkit-https-nocache-reload%26br%3Dwebkit%26rt%3Dreload&cc=no-store&sc=006&cs=webkit-https-nocache-reload&n=1 HTTP/1.1" status=200 sc=006 v=- cs=webkit-https-nocache-reload br=- rt=- inm="-" ims="-" ccreq="-"
2026-08-23T13:37:08+00:00 "GET /006/asset/app.css?v=nocache&sc=006&cs=webkit-https-nocache-reload&br=webkit&rt=reload HTTP/1.1" status=304 sc=006 v=nocache cs=webkit-https-nocache-reload br=webkit rt=reload inm="\x226a79595e-156\x22" ims="Mon, 10 Aug 2026 04:53:50 GMT" ccreq="-"
2026-08-23T13:37:11+00:00 "GET /006/page?asset=%2F006%2Fgen%2Fapp.css%3Fv%3Dplain%26sc%3D006%26cs%3Dstale-chromium&cc=no-store&sc=006&cs=stale-chromium&n=1 HTTP/1.1" status=200 sc=006 v=- cs=stale-chromium br=- rt=- inm="-" ims="-" ccreq="-"
2026-08-23T13:37:11+00:00 "GET /006/gen/app.css?v=plain&sc=006&cs=stale-chromium HTTP/1.1" status=200 sc=006 v=plain cs=stale-chromium br=- rt=- inm="-" ims="-" ccreq="-"
2026-08-23T13:37:12+00:00 "GET /006/page?asset=%2F006%2Fgen%2Fapp.css%3Fv%3Dplain%26sc%3D006%26cs%3Dstale-chromium&cc=no-store&sc=006&cs=stale-chromium&n=2 HTTP/1.1" status=200 sc=006 v=- cs=stale-chromium br=- rt=- inm="-" ims="-" ccreq="-"
2026-08-23T13:37:13+00:00 "GET /006/page?asset=%2F006%2Fgen%2Fapp.css%3Fv%3Dplain%26sc%3D006%26cs%3Dstale-chromium%26rev%3D2&cc=no-store&sc=006&cs=stale-chromium&n=3 HTTP/1.1" status=200 sc=006 v=- cs=stale-chromium br=- rt=- inm="-" ims="-" ccreq="-"
2026-08-23T13:37:13+00:00 "GET /006/gen/app.css?v=plain&sc=006&cs=stale-chromium&rev=2 HTTP/1.1" status=200 sc=006 v=plain cs=stale-chromium br=- rt=- inm="-" ims="-" ccreq="-"
2026-08-23T13:37:15+00:00 "GET /006/page?asset=%2F006%2Fgen%2Fapp.css%3Fv%3Dplain%26sc%3D006%26cs%3Dstale-firefox&cc=no-store&sc=006&cs=stale-firefox&n=1 HTTP/1.1" status=200 sc=006 v=- cs=stale-firefox br=- rt=- inm="-" ims="-" ccreq="-"
2026-08-23T13:37:15+00:00 "GET /006/gen/app.css?v=plain&sc=006&cs=stale-firefox HTTP/1.1" status=200 sc=006 v=plain cs=stale-firefox br=- rt=- inm="-" ims="-" ccreq="-"
2026-08-23T13:37:16+00:00 "GET /006/page?asset=%2F006%2Fgen%2Fapp.css%3Fv%3Dplain%26sc%3D006%26cs%3Dstale-firefox&cc=no-store&sc=006&cs=stale-firefox&n=2 HTTP/1.1" status=200 sc=006 v=- cs=stale-firefox br=- rt=- inm="-" ims="-" ccreq="-"
2026-08-23T13:37:17+00:00 "GET /006/page?asset=%2F006%2Fgen%2Fapp.css%3Fv%3Dplain%26sc%3D006%26cs%3Dstale-firefox%26rev%3D2&cc=no-store&sc=006&cs=stale-firefox&n=3 HTTP/1.1" status=200 sc=006 v=- cs=stale-firefox br=- rt=- inm="-" ims="-" ccreq="-"
2026-08-23T13:37:17+00:00 "GET /006/gen/app.css?v=plain&sc=006&cs=stale-firefox&rev=2 HTTP/1.1" status=200 sc=006 v=plain cs=stale-firefox br=- rt=- inm="-" ims="-" ccreq="-"
2026-08-23T13:37:19+00:00 "GET /006/page?asset=%2F006%2Fgen%2Fapp.css%3Fv%3Dplain%26sc%3D006%26cs%3Dstale-webkit&cc=no-store&sc=006&cs=stale-webkit&n=1 HTTP/1.1" status=200 sc=006 v=- cs=stale-webkit br=- rt=- inm="-" ims="-" ccreq="-"
2026-08-23T13:37:19+00:00 "GET /006/gen/app.css?v=plain&sc=006&cs=stale-webkit HTTP/1.1" status=200 sc=006 v=plain cs=stale-webkit br=- rt=- inm="-" ims="-" ccreq="-"
2026-08-23T13:37:20+00:00 "GET /006/page?asset=%2F006%2Fgen%2Fapp.css%3Fv%3Dplain%26sc%3D006%26cs%3Dstale-webkit&cc=no-store&sc=006&cs=stale-webkit&n=2 HTTP/1.1" status=200 sc=006 v=- cs=stale-webkit br=- rt=- inm="-" ims="-" ccreq="-"
2026-08-23T13:37:21+00:00 "GET /006/page?asset=%2F006%2Fgen%2Fapp.css%3Fv%3Dplain%26sc%3D006%26cs%3Dstale-webkit%26rev%3D2&cc=no-store&sc=006&cs=stale-webkit&n=3 HTTP/1.1" status=200 sc=006 v=- cs=stale-webkit br=- rt=- inm="-" ims="-" ccreq="-"
2026-08-23T13:37:21+00:00 "GET /006/gen/app.css?v=plain&sc=006&cs=stale-webkit&rev=2 HTTP/1.1" status=200 sc=006 v=plain cs=stale-webkit br=- rt=- inm="-" ims="-" ccreq="-"
