2026-08-15T15:07:48+00:00 "GET /012/bundle-v2.js HTTP/2.0" ae="-" avail="-" dict_matched=0 ce="-" served="bundle-v2.js" bytes=100814 status=200
2026-08-15T15:07:48+00:00 "GET /012/bundle-v2.js HTTP/2.0" ae="gzip, deflate, br, zstd, dcb, dcz" avail=":waMBlW5oPJ8orWCX6X3OEk82TM6QsDY3P7oauiTTUqo=:" dict_matched=1 ce="dcb" served="bundle-v2.js.dcb" bytes=573 status=200
2026-08-15T15:08:39+00:00 "GET /012/index.html HTTP/2.0" ae="gzip, deflate, br, zstd" avail="-" dict_matched=0 ce="-" served="-" bytes=1240 status=200
2026-08-15T15:08:39+00:00 "GET /012/bundle-v1.js HTTP/2.0" ae="gzip, deflate, br, zstd" avail="-" dict_matched=0 ce="-" served="bundle-v1.js" bytes=99465 status=200
2026-08-15T15:08:39+00:00 "GET /favicon.ico HTTP/2.0" ae="gzip, deflate, br, zstd" avail="-" dict_matched=0 ce="-" served="-" bytes=555 status=404
2026-08-15T15:08:40+00:00 "GET /012/v2.html HTTP/2.0" ae="gzip, deflate, br, zstd" avail="-" dict_matched=0 ce="-" served="-" bytes=1144 status=200
2026-08-15T15:08:40+00:00 "GET /012/bundle-v2.js HTTP/2.0" ae="gzip, deflate, br, zstd" avail="-" dict_matched=0 ce="-" served="bundle-v2.js" bytes=100814 status=200
2026-08-15T15:09:17+00:00 "GET /012/index.html HTTP/2.0" ae="gzip, deflate, br, zstd" avail="-" dict_matched=0 ce="-" served="-" bytes=1240 status=200
2026-08-15T15:09:17+00:00 "GET /012/bundle-v1.js HTTP/2.0" ae="gzip, deflate, br, zstd" avail="-" dict_matched=0 ce="-" served="bundle-v1.js" bytes=99465 status=200
2026-08-15T15:09:17+00:00 "GET /favicon.ico HTTP/2.0" ae="gzip, deflate, br, zstd" avail="-" dict_matched=0 ce="-" served="-" bytes=555 status=404
2026-08-15T15:09:19+00:00 "GET /012/v2.html HTTP/2.0" ae="gzip, deflate, br, zstd" avail="-" dict_matched=0 ce="-" served="-" bytes=1144 status=200
2026-08-15T15:09:19+00:00 "GET /012/bundle-v2.js HTTP/2.0" ae="gzip, deflate, br, zstd" avail="-" dict_matched=0 ce="-" served="bundle-v2.js" bytes=100814 status=200
2026-08-15T15:09:46+00:00 "GET /012/index.html HTTP/2.0" ae="gzip, deflate, br, zstd" avail="-" dict_matched=0 ce="-" served="-" bytes=1240 status=200
2026-08-15T15:09:46+00:00 "GET /012/bundle-v1.js HTTP/2.0" ae="gzip, deflate, br, zstd" avail="-" dict_matched=0 ce="-" served="bundle-v1.js" bytes=99465 status=200
2026-08-15T15:09:46+00:00 "GET /favicon.ico HTTP/2.0" ae="gzip, deflate, br, zstd" avail="-" dict_matched=0 ce="-" served="-" bytes=555 status=404
2026-08-15T15:09:48+00:00 "GET /012/v2.html HTTP/2.0" ae="gzip, deflate, br, zstd" avail="-" dict_matched=0 ce="-" served="-" bytes=1144 status=200
2026-08-15T15:09:48+00:00 "GET /012/bundle-v2.js HTTP/2.0" ae="gzip, deflate, br, zstd" avail="-" dict_matched=0 ce="-" served="bundle-v2.js" bytes=100814 status=200
2026-08-15T15:10:38+00:00 "GET /012/index.html HTTP/2.0" ae="gzip, deflate, br, zstd" avail="-" dict_matched=0 ce="-" served="-" bytes=1497 status=200
2026-08-15T15:10:38+00:00 "GET /012/bundle-v1.js HTTP/2.0" ae="gzip, deflate, br, zstd" avail="-" dict_matched=0 ce="-" served="bundle-v1.js" bytes=99465 status=200
2026-08-15T15:10:38+00:00 "GET /favicon.ico HTTP/2.0" ae="gzip, deflate, br, zstd" avail="-" dict_matched=0 ce="-" served="-" bytes=555 status=404
2026-08-15T15:10:40+00:00 "GET /012/v2.html HTTP/2.0" ae="gzip, deflate, br, zstd" avail="-" dict_matched=0 ce="-" served="-" bytes=1144 status=200
2026-08-15T15:10:40+00:00 "GET /012/bundle-v2.js HTTP/2.0" ae="gzip, deflate, br, zstd" avail="-" dict_matched=0 ce="-" served="bundle-v2.js" bytes=100814 status=200
2026-08-15T15:11:26+00:00 "GET /012/index.html HTTP/2.0" ae="gzip, deflate, br, zstd" avail="-" dict_matched=0 ce="-" served="-" bytes=1497 status=200
2026-08-15T15:11:26+00:00 "GET /012/bundle-v1.js HTTP/2.0" ae="gzip, deflate, br, zstd" avail="-" dict_matched=0 ce="-" served="bundle-v1.js" bytes=99465 status=200
2026-08-15T15:11:26+00:00 "GET /favicon.ico HTTP/2.0" ae="gzip, deflate, br, zstd" avail="-" dict_matched=0 ce="-" served="-" bytes=555 status=404
2026-08-15T15:11:56+00:00 "GET /012/index.html HTTP/2.0" ae="gzip, deflate, br, zstd" avail="-" dict_matched=0 ce="-" served="-" bytes=0 status=304
2026-08-15T15:11:56+00:00 "GET /favicon.ico HTTP/2.0" ae="gzip, deflate, br, zstd" avail="-" dict_matched=0 ce="-" served="-" bytes=555 status=404
2026-08-15T15:11:58+00:00 "GET /012/v2.html HTTP/2.0" ae="gzip, deflate, br, zstd" avail="-" dict_matched=0 ce="-" served="-" bytes=1437 status=200
2026-08-15T15:11:58+00:00 "GET /012/bundle-v2.js HTTP/2.0" ae="gzip, deflate, br, zstd" avail="-" dict_matched=0 ce="-" served="bundle-v2.js" bytes=0 status=304
2026-08-15T15:12:20+00:00 "GET /012/index.html HTTP/2.0" ae="gzip, deflate, br, zstd" avail="-" dict_matched=0 ce="-" served="-" bytes=1497 status=200
2026-08-15T15:12:20+00:00 "GET /012/bundle-v1.js HTTP/2.0" ae="gzip, deflate, br, zstd" avail="-" dict_matched=0 ce="-" served="bundle-v1.js" bytes=99465 status=200
2026-08-15T15:12:20+00:00 "GET /favicon.ico HTTP/2.0" ae="gzip, deflate, br, zstd" avail="-" dict_matched=0 ce="-" served="-" bytes=555 status=404
2026-08-15T15:12:22+00:00 "GET /012/v2.html HTTP/2.0" ae="gzip, deflate, br, zstd" avail="-" dict_matched=0 ce="-" served="-" bytes=1437 status=200
2026-08-15T15:12:22+00:00 "GET /012/bundle-v2.js HTTP/2.0" ae="gzip, deflate, br, zstd" avail="-" dict_matched=0 ce="-" served="bundle-v2.js" bytes=100814 status=200
2026-08-15T15:12:39+00:00 "GET /012/index.html HTTP/2.0" ae="gzip, deflate, br, zstd" avail="-" dict_matched=0 ce="-" served="-" bytes=1497 status=200
2026-08-15T15:12:39+00:00 "GET /012/bundle-v1.js HTTP/2.0" ae="gzip, deflate, br, zstd" avail="-" dict_matched=0 ce="-" served="bundle-v1.js" bytes=99465 status=200
2026-08-15T15:12:39+00:00 "GET /favicon.ico HTTP/2.0" ae="gzip, deflate, br, zstd" avail="-" dict_matched=0 ce="-" served="-" bytes=555 status=404
2026-08-15T15:12:40+00:00 "GET /012/v2.html HTTP/2.0" ae="gzip, deflate, br, zstd" avail="-" dict_matched=0 ce="-" served="-" bytes=1437 status=200
2026-08-15T15:12:40+00:00 "GET /012/bundle-v2.js HTTP/2.0" ae="gzip, deflate, br, zstd" avail="-" dict_matched=0 ce="-" served="bundle-v2.js" bytes=100814 status=200
2026-08-15T15:13:14+00:00 "GET /012/index.html HTTP/2.0" ae="gzip, deflate, br, zstd" avail="-" dict_matched=0 ce="-" served="-" bytes=1497 status=200
2026-08-15T15:13:14+00:00 "GET /012/bundle-v1.js HTTP/2.0" ae="gzip, deflate, br, zstd" avail="-" dict_matched=0 ce="-" served="bundle-v1.js" bytes=99465 status=200
2026-08-15T15:13:14+00:00 "GET /favicon.ico HTTP/2.0" ae="gzip, deflate, br, zstd" avail="-" dict_matched=0 ce="-" served="-" bytes=555 status=404
2026-08-15T15:13:16+00:00 "GET /012/v2.html HTTP/2.0" ae="gzip, deflate, br, zstd" avail="-" dict_matched=0 ce="-" served="-" bytes=1437 status=200
2026-08-15T15:13:16+00:00 "GET /012/bundle-v2.js HTTP/2.0" ae="gzip, deflate, br, zstd" avail="-" dict_matched=0 ce="-" served="bundle-v2.js" bytes=100814 status=200
2026-08-15T15:13:46+00:00 "GET /012/index.html HTTP/2.0" ae="gzip, deflate, br, zstd" avail="-" dict_matched=0 ce="-" served="-" bytes=1497 status=200
2026-08-15T15:13:46+00:00 "GET /012/bundle-v1.js HTTP/2.0" ae="gzip, deflate, br, zstd" avail="-" dict_matched=0 ce="-" served="bundle-v1.js" bytes=99465 status=200
2026-08-15T15:13:46+00:00 "GET /favicon.ico HTTP/2.0" ae="gzip, deflate, br, zstd" avail="-" dict_matched=0 ce="-" served="-" bytes=555 status=404
2026-08-15T15:13:48+00:00 "GET /012/v2.html HTTP/2.0" ae="gzip, deflate, br, zstd" avail="-" dict_matched=0 ce="-" served="-" bytes=1437 status=200
2026-08-15T15:13:48+00:00 "GET /012/bundle-v2.js HTTP/2.0" ae="gzip, deflate, br, zstd" avail="-" dict_matched=0 ce="-" served="bundle-v2.js" bytes=100814 status=200
2026-08-15T15:13:50+00:00 "GET /012/index.html HTTP/2.0" ae="gzip, deflate, br, zstd" avail="-" dict_matched=0 ce="-" served="-" bytes=1497 status=200
2026-08-15T15:13:50+00:00 "GET /012/bundle-v1.js HTTP/2.0" ae="gzip, deflate, br, zstd" avail="-" dict_matched=0 ce="-" served="bundle-v1.js" bytes=99465 status=200
2026-08-15T15:13:50+00:00 "GET /favicon.ico HTTP/2.0" ae="gzip, deflate, br, zstd" avail="-" dict_matched=0 ce="-" served="-" bytes=555 status=404
2026-08-15T15:13:52+00:00 "GET /012/v2.html HTTP/2.0" ae="gzip, deflate, br, zstd" avail="-" dict_matched=0 ce="-" served="-" bytes=1437 status=200
2026-08-15T15:13:52+00:00 "GET /012/bundle-v2.js HTTP/2.0" ae="gzip, deflate, br, zstd, dcb, dcz" avail=":waMBlW5oPJ8orWCX6X3OEk82TM6QsDY3P7oauiTTUqo=:" dict_matched=1 ce="dcb" served="bundle-v2.js.dcb" bytes=573 status=200
2026-08-15T15:14:19+00:00 "GET /012/index.html HTTP/2.0" ae="gzip, deflate, br, zstd" avail="-" dict_matched=0 ce="-" served="-" bytes=1497 status=200
2026-08-15T15:14:19+00:00 "GET /012/bundle-v1.js HTTP/2.0" ae="gzip, deflate, br, zstd" avail="-" dict_matched=0 ce="-" served="bundle-v1.js" bytes=99465 status=200
2026-08-15T15:14:19+00:00 "GET /favicon.ico HTTP/2.0" ae="gzip, deflate, br, zstd" avail="-" dict_matched=0 ce="-" served="-" bytes=555 status=404
2026-08-15T15:14:21+00:00 "GET /012/v2.html HTTP/2.0" ae="gzip, deflate, br, zstd" avail="-" dict_matched=0 ce="-" served="-" bytes=1437 status=200
2026-08-15T15:14:21+00:00 "GET /012/bundle-v2.js HTTP/2.0" ae="gzip, deflate, br, zstd, dcb, dcz" avail=":waMBlW5oPJ8orWCX6X3OEk82TM6QsDY3P7oauiTTUqo=:" dict_matched=1 ce="dcb" served="bundle-v2.js.dcb" bytes=573 status=200
2026-08-15T15:14:22+00:00 "GET /012/index.html HTTP/2.0" ae="gzip, deflate, br, zstd" avail="-" dict_matched=0 ce="-" served="-" bytes=1497 status=200
2026-08-15T15:14:22+00:00 "GET /012/bundle-v1.js HTTP/2.0" ae="gzip, deflate, br, zstd" avail="-" dict_matched=0 ce="-" served="bundle-v1.js" bytes=99465 status=200
2026-08-15T15:14:23+00:00 "GET /012/v2.html HTTP/2.0" ae="gzip, deflate, br, zstd" avail="-" dict_matched=0 ce="-" served="-" bytes=1437 status=200
2026-08-15T15:14:23+00:00 "GET /012/bundle-v2.js HTTP/2.0" ae="gzip, deflate, br, zstd, dcb, dcz" avail=":waMBlW5oPJ8orWCX6X3OEk82TM6QsDY3P7oauiTTUqo=:" dict_matched=1 ce="dcb" served="bundle-v2.js.dcb" bytes=573 status=200
2026-08-15T15:15:20+00:00 "GET /012/index.html HTTP/2.0" ae="-" avail="-" dict_matched=0 ce="-" served="-" bytes=1497 status=200
2026-08-15T15:15:52+00:00 "GET /012/index.html HTTP/2.0" ae="gzip, deflate, br, zstd" avail="-" dict_matched=0 ce="-" served="-" bytes=1497 status=200
2026-08-15T15:15:52+00:00 "GET /012/bundle-v1.js HTTP/2.0" ae="gzip, deflate, br, zstd" avail="-" dict_matched=0 ce="-" served="bundle-v1.js" bytes=99465 status=200
2026-08-15T15:15:52+00:00 "GET /favicon.ico HTTP/2.0" ae="gzip, deflate, br, zstd" avail="-" dict_matched=0 ce="-" served="-" bytes=555 status=404
2026-08-15T15:15:54+00:00 "GET /012/v2.html HTTP/2.0" ae="gzip, deflate, br, zstd" avail="-" dict_matched=0 ce="-" served="-" bytes=1437 status=200
2026-08-15T15:15:54+00:00 "GET /012/bundle-v2.js HTTP/2.0" ae="gzip, deflate, br, zstd, dcb, dcz" avail=":waMBlW5oPJ8orWCX6X3OEk82TM6QsDY3P7oauiTTUqo=:" dict_matched=1 ce="dcb" served="bundle-v2.js.dcb" bytes=573 status=200
2026-08-15T15:15:55+00:00 "GET /012/index.html HTTP/2.0" ae="gzip, deflate, br, zstd" avail="-" dict_matched=0 ce="-" served="-" bytes=1497 status=200
2026-08-15T15:15:55+00:00 "GET /012/bundle-v1.js HTTP/2.0" ae="gzip, deflate, br, zstd" avail="-" dict_matched=0 ce="-" served="bundle-v1.js" bytes=99465 status=200
2026-08-15T15:15:57+00:00 "GET /012/v2.html HTTP/2.0" ae="gzip, deflate, br, zstd" avail="-" dict_matched=0 ce="-" served="-" bytes=1437 status=200
2026-08-15T15:15:57+00:00 "GET /012/bundle-v2.js HTTP/2.0" ae="gzip, deflate, br, zstd, dcb, dcz" avail=":waMBlW5oPJ8orWCX6X3OEk82TM6QsDY3P7oauiTTUqo=:" dict_matched=1 ce="dcb" served="bundle-v2.js.dcb" bytes=573 status=200
2026-08-15T15:15:59+00:00 "GET /012/index.html HTTP/2.0" ae="gzip, deflate, br, zstd" avail="-" dict_matched=0 ce="-" served="-" bytes=1497 status=200
2026-08-15T15:15:59+00:00 "GET /012/bundle-v1.js HTTP/2.0" ae="gzip, deflate, br, zstd" avail="-" dict_matched=0 ce="-" served="bundle-v1.js" bytes=99465 status=200
2026-08-15T15:15:59+00:00 "GET /favicon.ico HTTP/2.0" ae="gzip, deflate, br, zstd" avail="-" dict_matched=0 ce="-" served="-" bytes=153 status=404
2026-08-15T15:16:00+00:00 "GET /012/v2.html HTTP/2.0" ae="gzip, deflate, br, zstd" avail="-" dict_matched=0 ce="-" served="-" bytes=1437 status=200
2026-08-15T15:16:00+00:00 "GET /012/bundle-v2.js HTTP/2.0" ae="gzip, deflate, br, zstd" avail="-" dict_matched=0 ce="-" served="bundle-v2.js" bytes=100814 status=200
2026-08-15T15:16:02+00:00 "GET /012/index.html HTTP/2.0" ae="gzip, deflate, br" avail="-" dict_matched=0 ce="-" served="-" bytes=1497 status=200
2026-08-15T15:16:02+00:00 "GET /012/bundle-v1.js HTTP/2.0" ae="gzip, deflate, br" avail="-" dict_matched=0 ce="-" served="bundle-v1.js" bytes=99465 status=200
2026-08-15T15:16:03+00:00 "GET /012/v2.html HTTP/2.0" ae="gzip, deflate, br" avail="-" dict_matched=0 ce="-" served="-" bytes=1437 status=200
2026-08-15T15:16:03+00:00 "GET /012/bundle-v2.js HTTP/2.0" ae="gzip, deflate, br" avail="-" dict_matched=0 ce="-" served="bundle-v2.js" bytes=100814 status=200
2026-08-15T15:16:28+00:00 "GET /012/index.html HTTP/2.0" ae="gzip, deflate, br, zstd" avail="-" dict_matched=0 ce="-" served="-" bytes=1497 status=200
2026-08-15T15:16:28+00:00 "GET /012/bundle-v1.js HTTP/2.0" ae="gzip, deflate, br, zstd" avail="-" dict_matched=0 ce="-" served="bundle-v1.js" bytes=99465 status=200
2026-08-15T15:16:28+00:00 "GET /favicon.ico HTTP/2.0" ae="gzip, deflate, br, zstd" avail="-" dict_matched=0 ce="-" served="-" bytes=555 status=404
2026-08-15T15:16:30+00:00 "GET /012/v2.html HTTP/2.0" ae="gzip, deflate, br, zstd" avail="-" dict_matched=0 ce="-" served="-" bytes=1437 status=200
2026-08-15T15:16:30+00:00 "GET /012/bundle-v2.js HTTP/2.0" ae="gzip, deflate, br, zstd, dcb, dcz" avail=":waMBlW5oPJ8orWCX6X3OEk82TM6QsDY3P7oauiTTUqo=:" dict_matched=1 ce="dcb" served="bundle-v2.js.dcb" bytes=573 status=200
2026-08-15T15:17:04+00:00 "GET /012/index.html HTTP/2.0" ae="gzip, deflate, br, zstd" avail="-" dict_matched=0 ce="-" served="-" bytes=1497 status=200
2026-08-15T15:17:04+00:00 "GET /012/bundle-v1.js HTTP/2.0" ae="gzip, deflate, br, zstd" avail="-" dict_matched=0 ce="-" served="bundle-v1.js" bytes=99465 status=200
2026-08-15T15:17:04+00:00 "GET /favicon.ico HTTP/2.0" ae="gzip, deflate, br, zstd" avail="-" dict_matched=0 ce="-" served="-" bytes=555 status=404
2026-08-15T15:17:05+00:00 "GET /012/v2.html HTTP/2.0" ae="gzip, deflate, br, zstd" avail="-" dict_matched=0 ce="-" served="-" bytes=1437 status=200
2026-08-15T15:17:05+00:00 "GET /012/bundle-v2.js HTTP/2.0" ae="gzip, deflate, br, zstd" avail="-" dict_matched=0 ce="-" served="bundle-v2.js" bytes=100814 status=200
2026-08-15T15:17:07+00:00 "GET /012/index.html HTTP/2.0" ae="gzip, deflate, br, zstd" avail="-" dict_matched=0 ce="-" served="-" bytes=1497 status=200
2026-08-15T15:17:07+00:00 "GET /012/bundle-v1.js HTTP/2.0" ae="gzip, deflate, br, zstd" avail="-" dict_matched=0 ce="-" served="bundle-v1.js" bytes=99465 status=200
2026-08-15T15:17:07+00:00 "GET /favicon.ico HTTP/2.0" ae="gzip, deflate, br, zstd" avail="-" dict_matched=0 ce="-" served="-" bytes=555 status=404
2026-08-15T15:17:08+00:00 "GET /012/v2.html HTTP/2.0" ae="gzip, deflate, br, zstd" avail="-" dict_matched=0 ce="-" served="-" bytes=1437 status=200
2026-08-15T15:17:08+00:00 "GET /012/bundle-v2.js HTTP/2.0" ae="gzip, deflate, br, zstd, dcb, dcz" avail=":waMBlW5oPJ8orWCX6X3OEk82TM6QsDY3P7oauiTTUqo=:" dict_matched=1 ce="dcb" served="bundle-v2.js.dcb" bytes=573 status=200
2026-08-15T15:19:57+00:00 "GET /012/index.html HTTP/2.0" ae="gzip, deflate, br, zstd" avail="-" dict_matched=0 ce="-" served="-" bytes=1497 status=200
2026-08-15T15:19:57+00:00 "GET /012/bundle-v1.js HTTP/2.0" ae="gzip, deflate, br, zstd" avail="-" dict_matched=0 ce="-" served="bundle-v1.js" bytes=99465 status=200
2026-08-15T15:19:58+00:00 "GET /favicon.ico HTTP/2.0" ae="gzip, deflate, br, zstd" avail="-" dict_matched=0 ce="-" served="-" bytes=555 status=404
2026-08-15T15:19:59+00:00 "GET /012/v2.html HTTP/2.0" ae="gzip, deflate, br, zstd" avail="-" dict_matched=0 ce="-" served="-" bytes=1437 status=200
2026-08-15T15:19:59+00:00 "GET /012/bundle-v2.js HTTP/2.0" ae="gzip, deflate, br, zstd, dcb, dcz" avail=":waMBlW5oPJ8orWCX6X3OEk82TM6QsDY3P7oauiTTUqo=:" dict_matched=1 ce="dcb" served="bundle-v2.js.dcb" bytes=573 status=200
2026-08-15T15:22:17+00:00 "GET /012/index.html HTTP/2.0" ae="gzip, deflate, br, zstd" avail="-" dict_matched=0 ce="-" served="-" bytes=1497 status=200
2026-08-15T15:22:17+00:00 "GET /012/bundle-v1.js HTTP/2.0" ae="gzip, deflate, br, zstd" avail="-" dict_matched=0 ce="-" served="bundle-v1.js" bytes=99465 status=200
2026-08-15T15:22:17+00:00 "GET /favicon.ico HTTP/2.0" ae="gzip, deflate, br, zstd" avail="-" dict_matched=0 ce="-" served="-" bytes=555 status=404
2026-08-15T15:22:19+00:00 "GET /012/v2.html HTTP/2.0" ae="gzip, deflate, br, zstd" avail="-" dict_matched=0 ce="-" served="-" bytes=1437 status=200
2026-08-15T15:22:19+00:00 "GET /012/bundle-v2.js HTTP/2.0" ae="gzip, deflate, br, zstd, dcb, dcz" avail=":waMBlW5oPJ8orWCX6X3OEk82TM6QsDY3P7oauiTTUqo=:" dict_matched=1 ce="dcb" served="bundle-v2.js.dcb" bytes=573 status=200
2026-08-15T15:22:20+00:00 "GET /012/index.html HTTP/2.0" ae="gzip, deflate, br, zstd" avail="-" dict_matched=0 ce="-" served="-" bytes=1497 status=200
2026-08-15T15:22:20+00:00 "GET /012/bundle-v1.js HTTP/2.0" ae="gzip, deflate, br, zstd" avail="-" dict_matched=0 ce="-" served="bundle-v1.js" bytes=99465 status=200
2026-08-15T15:22:21+00:00 "GET /012/v2.html HTTP/2.0" ae="gzip, deflate, br, zstd" avail="-" dict_matched=0 ce="-" served="-" bytes=1437 status=200
2026-08-15T15:22:21+00:00 "GET /012/bundle-v2.js HTTP/2.0" ae="gzip, deflate, br, zstd, dcb, dcz" avail=":waMBlW5oPJ8orWCX6X3OEk82TM6QsDY3P7oauiTTUqo=:" dict_matched=1 ce="dcb" served="bundle-v2.js.dcb" bytes=573 status=200
2026-08-15T15:22:23+00:00 "GET /012/index.html HTTP/2.0" ae="gzip, deflate, br, zstd" avail="-" dict_matched=0 ce="-" served="-" bytes=1497 status=200
2026-08-15T15:22:23+00:00 "GET /012/bundle-v1.js HTTP/2.0" ae="gzip, deflate, br, zstd" avail="-" dict_matched=0 ce="-" served="bundle-v1.js" bytes=99465 status=200
2026-08-15T15:22:23+00:00 "GET /favicon.ico HTTP/2.0" ae="gzip, deflate, br, zstd" avail="-" dict_matched=0 ce="-" served="-" bytes=153 status=404
2026-08-15T15:22:25+00:00 "GET /012/v2.html HTTP/2.0" ae="gzip, deflate, br, zstd" avail="-" dict_matched=0 ce="-" served="-" bytes=1437 status=200
2026-08-15T15:22:25+00:00 "GET /012/bundle-v2.js HTTP/2.0" ae="gzip, deflate, br, zstd" avail="-" dict_matched=0 ce="-" served="bundle-v2.js" bytes=100814 status=200
2026-08-15T15:22:26+00:00 "GET /012/index.html HTTP/2.0" ae="gzip, deflate, br" avail="-" dict_matched=0 ce="-" served="-" bytes=1497 status=200
2026-08-15T15:22:26+00:00 "GET /012/bundle-v1.js HTTP/2.0" ae="gzip, deflate, br" avail="-" dict_matched=0 ce="-" served="bundle-v1.js" bytes=99465 status=200
2026-08-15T15:22:28+00:00 "GET /012/v2.html HTTP/2.0" ae="gzip, deflate, br" avail="-" dict_matched=0 ce="-" served="-" bytes=1437 status=200
2026-08-15T15:22:28+00:00 "GET /012/bundle-v2.js HTTP/2.0" ae="gzip, deflate, br" avail="-" dict_matched=0 ce="-" served="bundle-v2.js" bytes=100814 status=200
2026-08-15T15:22:29+00:00 "GET /012/index.html HTTP/2.0" ae="gzip, deflate, br, zstd" avail="-" dict_matched=0 ce="-" served="-" bytes=1497 status=200
2026-08-15T15:22:29+00:00 "GET /012/bundle-v1.js HTTP/2.0" ae="gzip, deflate, br, zstd" avail="-" dict_matched=0 ce="-" served="bundle-v1.js" bytes=99465 status=200
2026-08-15T15:22:29+00:00 "GET /favicon.ico HTTP/2.0" ae="gzip, deflate, br, zstd" avail="-" dict_matched=0 ce="-" served="-" bytes=555 status=404
2026-08-15T15:22:30+00:00 "GET /012/v2.html HTTP/2.0" ae="gzip, deflate, br, zstd" avail="-" dict_matched=0 ce="-" served="-" bytes=1437 status=200
2026-08-15T15:22:30+00:00 "GET /012/bundle-v2.js HTTP/2.0" ae="gzip, deflate, br, zstd, dcb, dcz" avail=":waMBlW5oPJ8orWCX6X3OEk82TM6QsDY3P7oauiTTUqo=:" dict_matched=1 ce="dcb" served="bundle-v2.js.dcb" bytes=573 status=200
2026-08-15T15:22:32+00:00 "GET /012/index.html HTTP/2.0" ae="gzip, deflate, br, zstd" avail="-" dict_matched=0 ce="-" served="-" bytes=1497 status=200
2026-08-15T15:22:32+00:00 "GET /012/bundle-v1.js HTTP/2.0" ae="gzip, deflate, br, zstd" avail="-" dict_matched=0 ce="-" served="bundle-v1.js" bytes=99465 status=200
2026-08-15T15:22:32+00:00 "GET /favicon.ico HTTP/2.0" ae="gzip, deflate, br, zstd" avail="-" dict_matched=0 ce="-" served="-" bytes=555 status=404
2026-08-15T15:22:33+00:00 "GET /012/v2.html HTTP/2.0" ae="gzip, deflate, br, zstd" avail="-" dict_matched=0 ce="-" served="-" bytes=1437 status=200
2026-08-15T15:22:33+00:00 "GET /012/bundle-v2.js HTTP/2.0" ae="gzip, deflate, br, zstd" avail="-" dict_matched=0 ce="-" served="bundle-v2.js" bytes=100814 status=200
2026-08-15T15:22:35+00:00 "GET /012/index.html HTTP/2.0" ae="gzip, deflate, br, zstd" avail="-" dict_matched=0 ce="-" served="-" bytes=1497 status=200
2026-08-15T15:22:35+00:00 "GET /012/bundle-v1.js HTTP/2.0" ae="gzip, deflate, br, zstd" avail="-" dict_matched=0 ce="-" served="bundle-v1.js" bytes=99465 status=200
2026-08-15T15:22:35+00:00 "GET /favicon.ico HTTP/2.0" ae="gzip, deflate, br, zstd" avail="-" dict_matched=0 ce="-" served="-" bytes=555 status=404
2026-08-15T15:22:36+00:00 "GET /012/v2.html HTTP/2.0" ae="gzip, deflate, br, zstd" avail="-" dict_matched=0 ce="-" served="-" bytes=1437 status=200
2026-08-15T15:22:36+00:00 "GET /012/bundle-v2.js HTTP/2.0" ae="gzip, deflate, br, zstd, dcb, dcz" avail=":waMBlW5oPJ8orWCX6X3OEk82TM6QsDY3P7oauiTTUqo=:" dict_matched=1 ce="dcb" served="bundle-v2.js.dcb" bytes=573 status=200
2026-08-15T15:41:08+00:00 "GET /012/eh?hints=preload&ms=200 HTTP/2.0" ae="-" avail="-" dict_matched=0 ce="-" served="-" bytes=153 status=404
2026-08-15T15:41:20+00:00 "GET /012/eh?hints=preload&ms=200 HTTP/2.0" ae="-" avail="-" dict_matched=0 ce="-" served="-" bytes=203 status=200
2026-08-15T15:41:20+00:00 "GET /012/eh?hints=preload&ms=200 HTTP/1.1" ae="-" avail="-" dict_matched=0 ce="-" served="-" bytes=203 status=200
2026-08-15T15:42:25+00:00 "GET /012/eh?hints=none&ms=200 HTTP/2.0" ae="gzip, deflate, br, zstd" avail="-" dict_matched=0 ce="-" served="-" bytes=197 status=200
2026-08-15T15:42:25+00:00 "GET /012/eh-asset.css HTTP/2.0" ae="gzip, deflate, br, zstd" avail="-" dict_matched=0 ce="-" served="-" bytes=47 status=200
2026-08-15T15:42:25+00:00 "GET /favicon.ico HTTP/2.0" ae="gzip, deflate, br, zstd" avail="-" dict_matched=0 ce="-" served="-" bytes=555 status=404
2026-08-15T15:42:25+00:00 "GET /012/eh?hints=none&ms=200 HTTP/2.0" ae="gzip, deflate, br, zstd" avail="-" dict_matched=0 ce="-" served="-" bytes=197 status=200
2026-08-15T15:42:25+00:00 "GET /012/eh-asset.css HTTP/2.0" ae="gzip, deflate, br, zstd" avail="-" dict_matched=0 ce="-" served="-" bytes=47 status=200
2026-08-15T15:42:26+00:00 "GET /012/eh?hints=none&ms=200 HTTP/2.0" ae="gzip, deflate, br, zstd" avail="-" dict_matched=0 ce="-" served="-" bytes=197 status=200
2026-08-15T15:42:26+00:00 "GET /012/eh-asset.css HTTP/2.0" ae="gzip, deflate, br, zstd" avail="-" dict_matched=0 ce="-" served="-" bytes=47 status=200
2026-08-15T15:42:26+00:00 "GET /012/eh?hints=none&ms=200 HTTP/2.0" ae="gzip, deflate, br, zstd" avail="-" dict_matched=0 ce="-" served="-" bytes=197 status=200
2026-08-15T15:42:26+00:00 "GET /012/eh-asset.css HTTP/2.0" ae="gzip, deflate, br, zstd" avail="-" dict_matched=0 ce="-" served="-" bytes=47 status=200
2026-08-15T15:42:27+00:00 "GET /012/eh?hints=none&ms=200 HTTP/2.0" ae="gzip, deflate, br, zstd" avail="-" dict_matched=0 ce="-" served="-" bytes=197 status=200
2026-08-15T15:42:27+00:00 "GET /012/eh-asset.css HTTP/2.0" ae="gzip, deflate, br, zstd" avail="-" dict_matched=0 ce="-" served="-" bytes=47 status=200
2026-08-15T15:42:27+00:00 "GET /012/eh?hints=bare&ms=200 HTTP/2.0" ae="gzip, deflate, br, zstd" avail="-" dict_matched=0 ce="-" served="-" bytes=197 status=200
2026-08-15T15:42:27+00:00 "GET /012/eh-asset.css HTTP/2.0" ae="gzip, deflate, br, zstd" avail="-" dict_matched=0 ce="-" served="-" bytes=47 status=200
2026-08-15T15:42:28+00:00 "GET /012/eh?hints=bare&ms=200 HTTP/2.0" ae="gzip, deflate, br, zstd" avail="-" dict_matched=0 ce="-" served="-" bytes=197 status=200
2026-08-15T15:42:28+00:00 "GET /012/eh-asset.css HTTP/2.0" ae="gzip, deflate, br, zstd" avail="-" dict_matched=0 ce="-" served="-" bytes=47 status=200
2026-08-15T15:42:28+00:00 "GET /012/eh?hints=bare&ms=200 HTTP/2.0" ae="gzip, deflate, br, zstd" avail="-" dict_matched=0 ce="-" served="-" bytes=197 status=200
2026-08-15T15:42:28+00:00 "GET /012/eh-asset.css HTTP/2.0" ae="gzip, deflate, br, zstd" avail="-" dict_matched=0 ce="-" served="-" bytes=47 status=200
2026-08-15T15:42:28+00:00 "GET /012/eh?hints=bare&ms=200 HTTP/2.0" ae="gzip, deflate, br, zstd" avail="-" dict_matched=0 ce="-" served="-" bytes=197 status=200
2026-08-15T15:42:29+00:00 "GET /012/eh-asset.css HTTP/2.0" ae="gzip, deflate, br, zstd" avail="-" dict_matched=0 ce="-" served="-" bytes=47 status=200
2026-08-15T15:42:29+00:00 "GET /012/eh?hints=bare&ms=200 HTTP/2.0" ae="gzip, deflate, br, zstd" avail="-" dict_matched=0 ce="-" served="-" bytes=197 status=200
2026-08-15T15:42:29+00:00 "GET /012/eh-asset.css HTTP/2.0" ae="gzip, deflate, br, zstd" avail="-" dict_matched=0 ce="-" served="-" bytes=47 status=200
2026-08-15T15:42:29+00:00 "GET /012/eh?hints=preload&ms=200 HTTP/2.0" ae="gzip, deflate, br, zstd" avail="-" dict_matched=0 ce="-" served="-" bytes=203 status=200
2026-08-15T15:42:30+00:00 "GET /012/eh-asset.css HTTP/2.0" ae="gzip, deflate, br, zstd" avail="-" dict_matched=0 ce="-" served="-" bytes=47 status=200
2026-08-15T15:42:30+00:00 "GET /012/eh?hints=preload&ms=200 HTTP/2.0" ae="gzip, deflate, br, zstd" avail="-" dict_matched=0 ce="-" served="-" bytes=203 status=200
2026-08-15T15:42:30+00:00 "GET /012/eh-asset.css HTTP/2.0" ae="gzip, deflate, br, zstd" avail="-" dict_matched=0 ce="-" served="-" bytes=47 status=200
2026-08-15T15:42:30+00:00 "GET /012/eh?hints=preload&ms=200 HTTP/2.0" ae="gzip, deflate, br, zstd" avail="-" dict_matched=0 ce="-" served="-" bytes=203 status=200
2026-08-15T15:42:30+00:00 "GET /012/eh-asset.css HTTP/2.0" ae="gzip, deflate, br, zstd" avail="-" dict_matched=0 ce="-" served="-" bytes=47 status=200
2026-08-15T15:42:31+00:00 "GET /012/eh?hints=preload&ms=200 HTTP/2.0" ae="gzip, deflate, br, zstd" avail="-" dict_matched=0 ce="-" served="-" bytes=203 status=200
2026-08-15T15:42:31+00:00 "GET /012/eh-asset.css HTTP/2.0" ae="gzip, deflate, br, zstd" avail="-" dict_matched=0 ce="-" served="-" bytes=47 status=200
2026-08-15T15:42:31+00:00 "GET /012/eh?hints=preload&ms=200 HTTP/2.0" ae="gzip, deflate, br, zstd" avail="-" dict_matched=0 ce="-" served="-" bytes=203 status=200
2026-08-15T15:42:31+00:00 "GET /012/eh-asset.css HTTP/2.0" ae="gzip, deflate, br, zstd" avail="-" dict_matched=0 ce="-" served="-" bytes=47 status=200
2026-08-15T15:43:23+00:00 "GET /012/eh?hints=none&ms=200 HTTP/2.0" ae="gzip, deflate, br, zstd" avail="-" dict_matched=0 ce="-" served="-" bytes=197 status=200
2026-08-15T15:43:23+00:00 "GET /012/eh-asset.css HTTP/2.0" ae="gzip, deflate, br, zstd" avail="-" dict_matched=0 ce="-" served="-" bytes=47 status=200
2026-08-15T15:43:23+00:00 "GET /favicon.ico HTTP/2.0" ae="gzip, deflate, br, zstd" avail="-" dict_matched=0 ce="-" served="-" bytes=555 status=404
2026-08-15T15:43:24+00:00 "GET /012/eh?hints=none&ms=200 HTTP/2.0" ae="gzip, deflate, br, zstd" avail="-" dict_matched=0 ce="-" served="-" bytes=197 status=200
2026-08-15T15:43:24+00:00 "GET /012/eh-asset.css HTTP/2.0" ae="gzip, deflate, br, zstd" avail="-" dict_matched=0 ce="-" served="-" bytes=47 status=200
2026-08-15T15:43:24+00:00 "GET /012/eh?hints=none&ms=200 HTTP/2.0" ae="gzip, deflate, br, zstd" avail="-" dict_matched=0 ce="-" served="-" bytes=197 status=200
2026-08-15T15:43:24+00:00 "GET /012/eh-asset.css HTTP/2.0" ae="gzip, deflate, br, zstd" avail="-" dict_matched=0 ce="-" served="-" bytes=47 status=200
2026-08-15T15:43:24+00:00 "GET /012/eh?hints=none&ms=200 HTTP/2.0" ae="gzip, deflate, br, zstd" avail="-" dict_matched=0 ce="-" served="-" bytes=197 status=200
2026-08-15T15:43:25+00:00 "GET /012/eh-asset.css HTTP/2.0" ae="gzip, deflate, br, zstd" avail="-" dict_matched=0 ce="-" served="-" bytes=47 status=200
2026-08-15T15:43:25+00:00 "GET /012/eh?hints=none&ms=200 HTTP/2.0" ae="gzip, deflate, br, zstd" avail="-" dict_matched=0 ce="-" served="-" bytes=197 status=200
2026-08-15T15:43:25+00:00 "GET /012/eh-asset.css HTTP/2.0" ae="gzip, deflate, br, zstd" avail="-" dict_matched=0 ce="-" served="-" bytes=47 status=200
2026-08-15T15:43:25+00:00 "GET /012/eh?hints=bare&ms=200 HTTP/2.0" ae="gzip, deflate, br, zstd" avail="-" dict_matched=0 ce="-" served="-" bytes=197 status=200
2026-08-15T15:43:26+00:00 "GET /012/eh-asset.css HTTP/2.0" ae="gzip, deflate, br, zstd" avail="-" dict_matched=0 ce="-" served="-" bytes=47 status=200
2026-08-15T15:43:26+00:00 "GET /012/eh?hints=bare&ms=200 HTTP/2.0" ae="gzip, deflate, br, zstd" avail="-" dict_matched=0 ce="-" served="-" bytes=197 status=200
2026-08-15T15:43:26+00:00 "GET /012/eh-asset.css HTTP/2.0" ae="gzip, deflate, br, zstd" avail="-" dict_matched=0 ce="-" served="-" bytes=47 status=200
2026-08-15T15:43:26+00:00 "GET /012/eh?hints=bare&ms=200 HTTP/2.0" ae="gzip, deflate, br, zstd" avail="-" dict_matched=0 ce="-" served="-" bytes=197 status=200
2026-08-15T15:43:26+00:00 "GET /012/eh-asset.css HTTP/2.0" ae="gzip, deflate, br, zstd" avail="-" dict_matched=0 ce="-" served="-" bytes=47 status=200
2026-08-15T15:43:27+00:00 "GET /012/eh?hints=bare&ms=200 HTTP/2.0" ae="gzip, deflate, br, zstd" avail="-" dict_matched=0 ce="-" served="-" bytes=197 status=200
2026-08-15T15:43:27+00:00 "GET /012/eh-asset.css HTTP/2.0" ae="gzip, deflate, br, zstd" avail="-" dict_matched=0 ce="-" served="-" bytes=47 status=200
2026-08-15T15:43:27+00:00 "GET /012/eh?hints=bare&ms=200 HTTP/2.0" ae="gzip, deflate, br, zstd" avail="-" dict_matched=0 ce="-" served="-" bytes=197 status=200
2026-08-15T15:43:27+00:00 "GET /012/eh-asset.css HTTP/2.0" ae="gzip, deflate, br, zstd" avail="-" dict_matched=0 ce="-" served="-" bytes=47 status=200
2026-08-15T15:43:28+00:00 "GET /012/eh?hints=preload&ms=200 HTTP/2.0" ae="gzip, deflate, br, zstd" avail="-" dict_matched=0 ce="-" served="-" bytes=203 status=200
2026-08-15T15:43:28+00:00 "GET /012/eh-asset.css HTTP/2.0" ae="gzip, deflate, br, zstd" avail="-" dict_matched=0 ce="-" served="-" bytes=47 status=200
2026-08-15T15:43:28+00:00 "GET /012/eh?hints=preload&ms=200 HTTP/2.0" ae="gzip, deflate, br, zstd" avail="-" dict_matched=0 ce="-" served="-" bytes=203 status=200
2026-08-15T15:43:28+00:00 "GET /012/eh-asset.css HTTP/2.0" ae="gzip, deflate, br, zstd" avail="-" dict_matched=0 ce="-" served="-" bytes=47 status=200
2026-08-15T15:43:28+00:00 "GET /012/eh?hints=preload&ms=200 HTTP/2.0" ae="gzip, deflate, br, zstd" avail="-" dict_matched=0 ce="-" served="-" bytes=203 status=200
2026-08-15T15:43:29+00:00 "GET /012/eh-asset.css HTTP/2.0" ae="gzip, deflate, br, zstd" avail="-" dict_matched=0 ce="-" served="-" bytes=47 status=200
2026-08-15T15:43:29+00:00 "GET /012/eh?hints=preload&ms=200 HTTP/2.0" ae="gzip, deflate, br, zstd" avail="-" dict_matched=0 ce="-" served="-" bytes=203 status=200
2026-08-15T15:43:29+00:00 "GET /012/eh-asset.css HTTP/2.0" ae="gzip, deflate, br, zstd" avail="-" dict_matched=0 ce="-" served="-" bytes=47 status=200
2026-08-15T15:43:29+00:00 "GET /012/eh?hints=preload&ms=200 HTTP/2.0" ae="gzip, deflate, br, zstd" avail="-" dict_matched=0 ce="-" served="-" bytes=203 status=200
2026-08-15T15:43:29+00:00 "GET /012/eh-asset.css HTTP/2.0" ae="gzip, deflate, br, zstd" avail="-" dict_matched=0 ce="-" served="-" bytes=47 status=200
2026-08-15T15:43:37+00:00 "GET /012/eh?hints=none&ms=200 HTTP/2.0" ae="gzip, deflate, br, zstd" avail="-" dict_matched=0 ce="-" served="-" bytes=197 status=200
2026-08-15T15:43:37+00:00 "GET /favicon.ico HTTP/2.0" ae="gzip, deflate, br, zstd" avail="-" dict_matched=0 ce="-" served="-" bytes=153 status=404
2026-08-15T15:43:37+00:00 "GET /012/eh-asset.css HTTP/2.0" ae="gzip, deflate, br, zstd" avail="-" dict_matched=0 ce="-" served="-" bytes=47 status=200
2026-08-15T15:43:37+00:00 "GET /012/eh?hints=none&ms=200 HTTP/2.0" ae="gzip, deflate, br, zstd" avail="-" dict_matched=0 ce="-" served="-" bytes=197 status=200
2026-08-15T15:43:37+00:00 "GET /012/eh-asset.css HTTP/2.0" ae="gzip, deflate, br, zstd" avail="-" dict_matched=0 ce="-" served="-" bytes=47 status=200
2026-08-15T15:43:37+00:00 "GET /012/eh?hints=none&ms=200 HTTP/2.0" ae="gzip, deflate, br, zstd" avail="-" dict_matched=0 ce="-" served="-" bytes=197 status=200
2026-08-15T15:43:38+00:00 "GET /012/eh-asset.css HTTP/2.0" ae="gzip, deflate, br, zstd" avail="-" dict_matched=0 ce="-" served="-" bytes=47 status=200
2026-08-15T15:43:38+00:00 "GET /012/eh?hints=none&ms=200 HTTP/2.0" ae="gzip, deflate, br, zstd" avail="-" dict_matched=0 ce="-" served="-" bytes=197 status=200
2026-08-15T15:43:38+00:00 "GET /012/eh-asset.css HTTP/2.0" ae="gzip, deflate, br, zstd" avail="-" dict_matched=0 ce="-" served="-" bytes=47 status=200
2026-08-15T15:43:38+00:00 "GET /012/eh?hints=none&ms=200 HTTP/2.0" ae="gzip, deflate, br, zstd" avail="-" dict_matched=0 ce="-" served="-" bytes=197 status=200
2026-08-15T15:43:38+00:00 "GET /012/eh-asset.css HTTP/2.0" ae="gzip, deflate, br, zstd" avail="-" dict_matched=0 ce="-" served="-" bytes=47 status=200
2026-08-15T15:43:39+00:00 "GET /012/eh?hints=bare&ms=200 HTTP/2.0" ae="gzip, deflate, br, zstd" avail="-" dict_matched=0 ce="-" served="-" bytes=197 status=200
2026-08-15T15:43:39+00:00 "GET /012/eh-asset.css HTTP/2.0" ae="gzip, deflate, br, zstd" avail="-" dict_matched=0 ce="-" served="-" bytes=47 status=200
2026-08-15T15:43:39+00:00 "GET /012/eh?hints=bare&ms=200 HTTP/2.0" ae="gzip, deflate, br, zstd" avail="-" dict_matched=0 ce="-" served="-" bytes=197 status=200
2026-08-15T15:43:39+00:00 "GET /012/eh-asset.css HTTP/2.0" ae="gzip, deflate, br, zstd" avail="-" dict_matched=0 ce="-" served="-" bytes=47 status=200
2026-08-15T15:43:39+00:00 "GET /012/eh?hints=bare&ms=200 HTTP/2.0" ae="gzip, deflate, br, zstd" avail="-" dict_matched=0 ce="-" served="-" bytes=197 status=200
2026-08-15T15:43:40+00:00 "GET /012/eh-asset.css HTTP/2.0" ae="gzip, deflate, br, zstd" avail="-" dict_matched=0 ce="-" served="-" bytes=47 status=200
2026-08-15T15:43:40+00:00 "GET /012/eh?hints=bare&ms=200 HTTP/2.0" ae="gzip, deflate, br, zstd" avail="-" dict_matched=0 ce="-" served="-" bytes=197 status=200
2026-08-15T15:43:40+00:00 "GET /012/eh-asset.css HTTP/2.0" ae="gzip, deflate, br, zstd" avail="-" dict_matched=0 ce="-" served="-" bytes=47 status=200
2026-08-15T15:43:40+00:00 "GET /012/eh?hints=bare&ms=200 HTTP/2.0" ae="gzip, deflate, br, zstd" avail="-" dict_matched=0 ce="-" served="-" bytes=197 status=200
2026-08-15T15:43:40+00:00 "GET /012/eh-asset.css HTTP/2.0" ae="gzip, deflate, br, zstd" avail="-" dict_matched=0 ce="-" served="-" bytes=47 status=200
2026-08-15T15:43:41+00:00 "GET /012/eh?hints=preload&ms=200 HTTP/2.0" ae="gzip, deflate, br, zstd" avail="-" dict_matched=0 ce="-" served="-" bytes=203 status=200
2026-08-15T15:43:41+00:00 "GET /012/eh-asset.css HTTP/2.0" ae="gzip, deflate, br, zstd" avail="-" dict_matched=0 ce="-" served="-" bytes=47 status=200
2026-08-15T15:43:41+00:00 "GET /012/eh?hints=preload&ms=200 HTTP/2.0" ae="gzip, deflate, br, zstd" avail="-" dict_matched=0 ce="-" served="-" bytes=203 status=200
2026-08-15T15:43:41+00:00 "GET /012/eh-asset.css HTTP/2.0" ae="gzip, deflate, br, zstd" avail="-" dict_matched=0 ce="-" served="-" bytes=47 status=200
2026-08-15T15:43:41+00:00 "GET /012/eh?hints=preload&ms=200 HTTP/2.0" ae="gzip, deflate, br, zstd" avail="-" dict_matched=0 ce="-" served="-" bytes=203 status=200
2026-08-15T15:43:42+00:00 "GET /012/eh-asset.css HTTP/2.0" ae="gzip, deflate, br, zstd" avail="-" dict_matched=0 ce="-" served="-" bytes=47 status=200
2026-08-15T15:43:42+00:00 "GET /012/eh?hints=preload&ms=200 HTTP/2.0" ae="gzip, deflate, br, zstd" avail="-" dict_matched=0 ce="-" served="-" bytes=203 status=200
2026-08-15T15:43:42+00:00 "GET /012/eh-asset.css HTTP/2.0" ae="gzip, deflate, br, zstd" avail="-" dict_matched=0 ce="-" served="-" bytes=47 status=200
2026-08-15T15:43:42+00:00 "GET /012/eh?hints=preload&ms=200 HTTP/2.0" ae="gzip, deflate, br, zstd" avail="-" dict_matched=0 ce="-" served="-" bytes=203 status=200
2026-08-15T15:43:42+00:00 "GET /012/eh-asset.css HTTP/2.0" ae="gzip, deflate, br, zstd" avail="-" dict_matched=0 ce="-" served="-" bytes=47 status=200
2026-08-15T15:43:49+00:00 "GET /012/eh?hints=none&ms=200 HTTP/2.0" ae="gzip, deflate, br" avail="-" dict_matched=0 ce="-" served="-" bytes=197 status=200
2026-08-15T15:43:50+00:00 "GET /012/eh-asset.css HTTP/2.0" ae="gzip, deflate, br" avail="-" dict_matched=0 ce="-" served="-" bytes=47 status=200
2026-08-15T15:43:50+00:00 "GET /012/eh?hints=none&ms=200 HTTP/2.0" ae="gzip, deflate, br" avail="-" dict_matched=0 ce="-" served="-" bytes=197 status=200
2026-08-15T15:43:50+00:00 "GET /012/eh-asset.css HTTP/2.0" ae="gzip, deflate, br" avail="-" dict_matched=0 ce="-" served="-" bytes=47 status=200
2026-08-15T15:43:50+00:00 "GET /012/eh?hints=none&ms=200 HTTP/2.0" ae="gzip, deflate, br" avail="-" dict_matched=0 ce="-" served="-" bytes=197 status=200
2026-08-15T15:43:50+00:00 "GET /012/eh-asset.css HTTP/2.0" ae="gzip, deflate, br" avail="-" dict_matched=0 ce="-" served="-" bytes=47 status=200
2026-08-15T15:43:51+00:00 "GET /012/eh?hints=none&ms=200 HTTP/2.0" ae="gzip, deflate, br" avail="-" dict_matched=0 ce="-" served="-" bytes=197 status=200
2026-08-15T15:43:51+00:00 "GET /012/eh-asset.css HTTP/2.0" ae="gzip, deflate, br" avail="-" dict_matched=0 ce="-" served="-" bytes=47 status=200
2026-08-15T15:43:51+00:00 "GET /012/eh?hints=none&ms=200 HTTP/2.0" ae="gzip, deflate, br" avail="-" dict_matched=0 ce="-" served="-" bytes=197 status=200
2026-08-15T15:43:51+00:00 "GET /012/eh-asset.css HTTP/2.0" ae="gzip, deflate, br" avail="-" dict_matched=0 ce="-" served="-" bytes=47 status=200
2026-08-15T15:43:51+00:00 "GET /012/eh?hints=bare&ms=200 HTTP/2.0" ae="gzip, deflate, br" avail="-" dict_matched=0 ce="-" served="-" bytes=197 status=200
2026-08-15T15:43:52+00:00 "GET /012/eh-asset.css HTTP/2.0" ae="gzip, deflate, br" avail="-" dict_matched=0 ce="-" served="-" bytes=47 status=200
2026-08-15T15:43:52+00:00 "GET /012/eh?hints=bare&ms=200 HTTP/2.0" ae="gzip, deflate, br" avail="-" dict_matched=0 ce="-" served="-" bytes=197 status=200
2026-08-15T15:43:52+00:00 "GET /012/eh-asset.css HTTP/2.0" ae="gzip, deflate, br" avail="-" dict_matched=0 ce="-" served="-" bytes=47 status=200
2026-08-15T15:43:52+00:00 "GET /012/eh?hints=bare&ms=200 HTTP/2.0" ae="gzip, deflate, br" avail="-" dict_matched=0 ce="-" served="-" bytes=197 status=200
2026-08-15T15:43:52+00:00 "GET /012/eh-asset.css HTTP/2.0" ae="gzip, deflate, br" avail="-" dict_matched=0 ce="-" served="-" bytes=47 status=200
2026-08-15T15:43:53+00:00 "GET /012/eh?hints=bare&ms=200 HTTP/2.0" ae="gzip, deflate, br" avail="-" dict_matched=0 ce="-" served="-" bytes=197 status=200
2026-08-15T15:43:53+00:00 "GET /012/eh-asset.css HTTP/2.0" ae="gzip, deflate, br" avail="-" dict_matched=0 ce="-" served="-" bytes=47 status=200
2026-08-15T15:43:53+00:00 "GET /012/eh?hints=bare&ms=200 HTTP/2.0" ae="gzip, deflate, br" avail="-" dict_matched=0 ce="-" served="-" bytes=197 status=200
2026-08-15T15:43:53+00:00 "GET /012/eh-asset.css HTTP/2.0" ae="gzip, deflate, br" avail="-" dict_matched=0 ce="-" served="-" bytes=47 status=200
2026-08-15T15:43:53+00:00 "GET /012/eh?hints=preload&ms=200 HTTP/2.0" ae="gzip, deflate, br" avail="-" dict_matched=0 ce="-" served="-" bytes=203 status=200
2026-08-15T15:43:54+00:00 "GET /012/eh-asset.css HTTP/2.0" ae="gzip, deflate, br" avail="-" dict_matched=0 ce="-" served="-" bytes=47 status=200
2026-08-15T15:43:54+00:00 "GET /012/eh?hints=preload&ms=200 HTTP/2.0" ae="gzip, deflate, br" avail="-" dict_matched=0 ce="-" served="-" bytes=203 status=200
2026-08-15T15:43:54+00:00 "GET /012/eh-asset.css HTTP/2.0" ae="gzip, deflate, br" avail="-" dict_matched=0 ce="-" served="-" bytes=47 status=200
2026-08-15T15:43:54+00:00 "GET /012/eh?hints=preload&ms=200 HTTP/2.0" ae="gzip, deflate, br" avail="-" dict_matched=0 ce="-" served="-" bytes=203 status=200
2026-08-15T15:43:54+00:00 "GET /012/eh-asset.css HTTP/2.0" ae="gzip, deflate, br" avail="-" dict_matched=0 ce="-" served="-" bytes=47 status=200
2026-08-15T15:43:55+00:00 "GET /012/eh?hints=preload&ms=200 HTTP/2.0" ae="gzip, deflate, br" avail="-" dict_matched=0 ce="-" served="-" bytes=203 status=200
2026-08-15T15:43:55+00:00 "GET /012/eh-asset.css HTTP/2.0" ae="gzip, deflate, br" avail="-" dict_matched=0 ce="-" served="-" bytes=47 status=200
2026-08-15T15:43:55+00:00 "GET /012/eh?hints=preload&ms=200 HTTP/2.0" ae="gzip, deflate, br" avail="-" dict_matched=0 ce="-" served="-" bytes=203 status=200
2026-08-15T15:43:55+00:00 "GET /012/eh-asset.css HTTP/2.0" ae="gzip, deflate, br" avail="-" dict_matched=0 ce="-" served="-" bytes=47 status=200
2026-08-15T15:45:25+00:00 "GET /012/eh?hints=none&ms=200 HTTP/2.0" ae="gzip, deflate, br, zstd" avail="-" dict_matched=0 ce="-" served="-" bytes=197 status=200
2026-08-15T15:45:26+00:00 "GET /012/eh-asset.css HTTP/2.0" ae="gzip, deflate, br, zstd" avail="-" dict_matched=0 ce="-" served="-" bytes=47 status=200
2026-08-15T15:45:26+00:00 "GET /favicon.ico HTTP/2.0" ae="gzip, deflate, br, zstd" avail="-" dict_matched=0 ce="-" served="-" bytes=555 status=404
2026-08-15T15:45:26+00:00 "GET /012/eh?hints=none&ms=200 HTTP/2.0" ae="gzip, deflate, br, zstd" avail="-" dict_matched=0 ce="-" served="-" bytes=197 status=200
2026-08-15T15:45:26+00:00 "GET /012/eh-asset.css HTTP/2.0" ae="gzip, deflate, br, zstd" avail="-" dict_matched=0 ce="-" served="-" bytes=47 status=200
2026-08-15T15:45:26+00:00 "GET /012/eh?hints=none&ms=200 HTTP/2.0" ae="gzip, deflate, br, zstd" avail="-" dict_matched=0 ce="-" served="-" bytes=197 status=200
2026-08-15T15:45:26+00:00 "GET /012/eh-asset.css HTTP/2.0" ae="gzip, deflate, br, zstd" avail="-" dict_matched=0 ce="-" served="-" bytes=47 status=200
2026-08-15T15:45:27+00:00 "GET /012/eh?hints=none&ms=200 HTTP/2.0" ae="gzip, deflate, br, zstd" avail="-" dict_matched=0 ce="-" served="-" bytes=197 status=200
2026-08-15T15:45:27+00:00 "GET /012/eh-asset.css HTTP/2.0" ae="gzip, deflate, br, zstd" avail="-" dict_matched=0 ce="-" served="-" bytes=47 status=200
2026-08-15T15:45:27+00:00 "GET /012/eh?hints=none&ms=200 HTTP/2.0" ae="gzip, deflate, br, zstd" avail="-" dict_matched=0 ce="-" served="-" bytes=197 status=200
2026-08-15T15:45:27+00:00 "GET /012/eh-asset.css HTTP/2.0" ae="gzip, deflate, br, zstd" avail="-" dict_matched=0 ce="-" served="-" bytes=47 status=200
2026-08-15T15:45:28+00:00 "GET /012/eh?hints=bare&ms=200 HTTP/2.0" ae="gzip, deflate, br, zstd" avail="-" dict_matched=0 ce="-" served="-" bytes=197 status=200
2026-08-15T15:45:28+00:00 "GET /012/eh-asset.css HTTP/2.0" ae="gzip, deflate, br, zstd" avail="-" dict_matched=0 ce="-" served="-" bytes=47 status=200
2026-08-15T15:45:28+00:00 "GET /012/eh?hints=bare&ms=200 HTTP/2.0" ae="gzip, deflate, br, zstd" avail="-" dict_matched=0 ce="-" served="-" bytes=197 status=200
2026-08-15T15:45:28+00:00 "GET /012/eh-asset.css HTTP/2.0" ae="gzip, deflate, br, zstd" avail="-" dict_matched=0 ce="-" served="-" bytes=47 status=200
2026-08-15T15:45:29+00:00 "GET /012/eh?hints=bare&ms=200 HTTP/2.0" ae="gzip, deflate, br, zstd" avail="-" dict_matched=0 ce="-" served="-" bytes=197 status=200
2026-08-15T15:45:29+00:00 "GET /012/eh-asset.css HTTP/2.0" ae="gzip, deflate, br, zstd" avail="-" dict_matched=0 ce="-" served="-" bytes=47 status=200
2026-08-15T15:45:29+00:00 "GET /012/eh?hints=bare&ms=200 HTTP/2.0" ae="gzip, deflate, br, zstd" avail="-" dict_matched=0 ce="-" served="-" bytes=197 status=200
2026-08-15T15:45:29+00:00 "GET /012/eh-asset.css HTTP/2.0" ae="gzip, deflate, br, zstd" avail="-" dict_matched=0 ce="-" served="-" bytes=47 status=200
2026-08-15T15:45:29+00:00 "GET /012/eh?hints=bare&ms=200 HTTP/2.0" ae="gzip, deflate, br, zstd" avail="-" dict_matched=0 ce="-" served="-" bytes=197 status=200
2026-08-15T15:45:30+00:00 "GET /012/eh-asset.css HTTP/2.0" ae="gzip, deflate, br, zstd" avail="-" dict_matched=0 ce="-" served="-" bytes=47 status=200
2026-08-15T15:45:30+00:00 "GET /012/eh?hints=preload&ms=200 HTTP/2.0" ae="gzip, deflate, br, zstd" avail="-" dict_matched=0 ce="-" served="-" bytes=203 status=200
2026-08-15T15:45:30+00:00 "GET /012/eh-asset.css HTTP/2.0" ae="gzip, deflate, br, zstd" avail="-" dict_matched=0 ce="-" served="-" bytes=47 status=200
2026-08-15T15:45:30+00:00 "GET /012/eh?hints=preload&ms=200 HTTP/2.0" ae="gzip, deflate, br, zstd" avail="-" dict_matched=0 ce="-" served="-" bytes=203 status=200
2026-08-15T15:45:30+00:00 "GET /012/eh-asset.css HTTP/2.0" ae="gzip, deflate, br, zstd" avail="-" dict_matched=0 ce="-" served="-" bytes=47 status=200
2026-08-15T15:45:31+00:00 "GET /012/eh?hints=preload&ms=200 HTTP/2.0" ae="gzip, deflate, br, zstd" avail="-" dict_matched=0 ce="-" served="-" bytes=203 status=200
2026-08-15T15:45:31+00:00 "GET /012/eh-asset.css HTTP/2.0" ae="gzip, deflate, br, zstd" avail="-" dict_matched=0 ce="-" served="-" bytes=47 status=200
2026-08-15T15:45:31+00:00 "GET /012/eh?hints=preload&ms=200 HTTP/2.0" ae="gzip, deflate, br, zstd" avail="-" dict_matched=0 ce="-" served="-" bytes=203 status=200
2026-08-15T15:45:31+00:00 "GET /012/eh-asset.css HTTP/2.0" ae="gzip, deflate, br, zstd" avail="-" dict_matched=0 ce="-" served="-" bytes=47 status=200
2026-08-15T15:45:32+00:00 "GET /012/eh?hints=preload&ms=200 HTTP/2.0" ae="gzip, deflate, br, zstd" avail="-" dict_matched=0 ce="-" served="-" bytes=203 status=200
2026-08-15T15:45:32+00:00 "GET /012/eh-asset.css HTTP/2.0" ae="gzip, deflate, br, zstd" avail="-" dict_matched=0 ce="-" served="-" bytes=47 status=200
2026-08-15T15:45:44+00:00 "GET /012/eh?hints=none&ms=200 HTTP/2.0" ae="gzip, deflate, br, zstd" avail="-" dict_matched=0 ce="-" served="-" bytes=197 status=200
2026-08-15T15:45:44+00:00 "GET /favicon.ico HTTP/2.0" ae="gzip, deflate, br, zstd" avail="-" dict_matched=0 ce="-" served="-" bytes=153 status=404
2026-08-15T15:45:44+00:00 "GET /012/eh-asset.css HTTP/2.0" ae="gzip, deflate, br, zstd" avail="-" dict_matched=0 ce="-" served="-" bytes=47 status=200
2026-08-15T15:45:44+00:00 "GET /012/eh?hints=none&ms=200 HTTP/2.0" ae="gzip, deflate, br, zstd" avail="-" dict_matched=0 ce="-" served="-" bytes=197 status=200
2026-08-15T15:45:45+00:00 "GET /012/eh-asset.css HTTP/2.0" ae="gzip, deflate, br, zstd" avail="-" dict_matched=0 ce="-" served="-" bytes=47 status=200
2026-08-15T15:45:45+00:00 "GET /012/eh?hints=none&ms=200 HTTP/2.0" ae="gzip, deflate, br, zstd" avail="-" dict_matched=0 ce="-" served="-" bytes=197 status=200
2026-08-15T15:45:45+00:00 "GET /012/eh-asset.css HTTP/2.0" ae="gzip, deflate, br, zstd" avail="-" dict_matched=0 ce="-" served="-" bytes=47 status=200
2026-08-15T15:45:45+00:00 "GET /012/eh?hints=none&ms=200 HTTP/2.0" ae="gzip, deflate, br, zstd" avail="-" dict_matched=0 ce="-" served="-" bytes=197 status=200
2026-08-15T15:45:45+00:00 "GET /012/eh-asset.css HTTP/2.0" ae="gzip, deflate, br, zstd" avail="-" dict_matched=0 ce="-" served="-" bytes=47 status=200
2026-08-15T15:45:46+00:00 "GET /012/eh?hints=none&ms=200 HTTP/2.0" ae="gzip, deflate, br, zstd" avail="-" dict_matched=0 ce="-" served="-" bytes=197 status=200
2026-08-15T15:45:46+00:00 "GET /012/eh-asset.css HTTP/2.0" ae="gzip, deflate, br, zstd" avail="-" dict_matched=0 ce="-" served="-" bytes=47 status=200
2026-08-15T15:45:46+00:00 "GET /012/eh?hints=bare&ms=200 HTTP/2.0" ae="gzip, deflate, br, zstd" avail="-" dict_matched=0 ce="-" served="-" bytes=197 status=200
2026-08-15T15:45:46+00:00 "GET /012/eh-asset.css HTTP/2.0" ae="gzip, deflate, br, zstd" avail="-" dict_matched=0 ce="-" served="-" bytes=47 status=200
2026-08-15T15:45:46+00:00 "GET /012/eh?hints=bare&ms=200 HTTP/2.0" ae="gzip, deflate, br, zstd" avail="-" dict_matched=0 ce="-" served="-" bytes=197 status=200
2026-08-15T15:45:47+00:00 "GET /012/eh-asset.css HTTP/2.0" ae="gzip, deflate, br, zstd" avail="-" dict_matched=0 ce="-" served="-" bytes=47 status=200
2026-08-15T15:45:47+00:00 "GET /012/eh?hints=bare&ms=200 HTTP/2.0" ae="gzip, deflate, br, zstd" avail="-" dict_matched=0 ce="-" served="-" bytes=197 status=200
2026-08-15T15:45:47+00:00 "GET /012/eh-asset.css HTTP/2.0" ae="gzip, deflate, br, zstd" avail="-" dict_matched=0 ce="-" served="-" bytes=47 status=200
2026-08-15T15:45:47+00:00 "GET /012/eh?hints=bare&ms=200 HTTP/2.0" ae="gzip, deflate, br, zstd" avail="-" dict_matched=0 ce="-" served="-" bytes=197 status=200
2026-08-15T15:45:47+00:00 "GET /012/eh-asset.css HTTP/2.0" ae="gzip, deflate, br, zstd" avail="-" dict_matched=0 ce="-" served="-" bytes=47 status=200
2026-08-15T15:45:48+00:00 "GET /012/eh?hints=bare&ms=200 HTTP/2.0" ae="gzip, deflate, br, zstd" avail="-" dict_matched=0 ce="-" served="-" bytes=197 status=200
2026-08-15T15:45:48+00:00 "GET /012/eh-asset.css HTTP/2.0" ae="gzip, deflate, br, zstd" avail="-" dict_matched=0 ce="-" served="-" bytes=47 status=200
2026-08-15T15:45:48+00:00 "GET /012/eh?hints=preload&ms=200 HTTP/2.0" ae="gzip, deflate, br, zstd" avail="-" dict_matched=0 ce="-" served="-" bytes=203 status=200
2026-08-15T15:45:48+00:00 "GET /012/eh-asset.css HTTP/2.0" ae="gzip, deflate, br, zstd" avail="-" dict_matched=0 ce="-" served="-" bytes=47 status=200
2026-08-15T15:45:48+00:00 "GET /012/eh?hints=preload&ms=200 HTTP/2.0" ae="gzip, deflate, br, zstd" avail="-" dict_matched=0 ce="-" served="-" bytes=203 status=200
2026-08-15T15:45:49+00:00 "GET /012/eh-asset.css HTTP/2.0" ae="gzip, deflate, br, zstd" avail="-" dict_matched=0 ce="-" served="-" bytes=47 status=200
2026-08-15T15:45:49+00:00 "GET /012/eh?hints=preload&ms=200 HTTP/2.0" ae="gzip, deflate, br, zstd" avail="-" dict_matched=0 ce="-" served="-" bytes=203 status=200
2026-08-15T15:45:49+00:00 "GET /012/eh-asset.css HTTP/2.0" ae="gzip, deflate, br, zstd" avail="-" dict_matched=0 ce="-" served="-" bytes=47 status=200
2026-08-15T15:45:49+00:00 "GET /012/eh?hints=preload&ms=200 HTTP/2.0" ae="gzip, deflate, br, zstd" avail="-" dict_matched=0 ce="-" served="-" bytes=203 status=200
2026-08-15T15:45:49+00:00 "GET /012/eh-asset.css HTTP/2.0" ae="gzip, deflate, br, zstd" avail="-" dict_matched=0 ce="-" served="-" bytes=47 status=200
2026-08-15T15:45:50+00:00 "GET /012/eh?hints=preload&ms=200 HTTP/2.0" ae="gzip, deflate, br, zstd" avail="-" dict_matched=0 ce="-" served="-" bytes=203 status=200
2026-08-15T15:45:50+00:00 "GET /012/eh-asset.css HTTP/2.0" ae="gzip, deflate, br, zstd" avail="-" dict_matched=0 ce="-" served="-" bytes=47 status=200
2026-08-15T15:46:03+00:00 "GET /012/eh?hints=none&ms=200 HTTP/2.0" ae="gzip, deflate, br" avail="-" dict_matched=0 ce="-" served="-" bytes=197 status=200
2026-08-15T15:46:03+00:00 "GET /012/eh-asset.css HTTP/2.0" ae="gzip, deflate, br" avail="-" dict_matched=0 ce="-" served="-" bytes=47 status=200
2026-08-15T15:46:03+00:00 "GET /012/eh?hints=none&ms=200 HTTP/2.0" ae="gzip, deflate, br" avail="-" dict_matched=0 ce="-" served="-" bytes=197 status=200
2026-08-15T15:46:03+00:00 "GET /012/eh-asset.css HTTP/2.0" ae="gzip, deflate, br" avail="-" dict_matched=0 ce="-" served="-" bytes=47 status=200
2026-08-15T15:46:03+00:00 "GET /012/eh?hints=none&ms=200 HTTP/2.0" ae="gzip, deflate, br" avail="-" dict_matched=0 ce="-" served="-" bytes=197 status=200
2026-08-15T15:46:03+00:00 "GET /012/eh-asset.css HTTP/2.0" ae="gzip, deflate, br" avail="-" dict_matched=0 ce="-" served="-" bytes=47 status=200
2026-08-15T15:46:04+00:00 "GET /012/eh?hints=none&ms=200 HTTP/2.0" ae="gzip, deflate, br" avail="-" dict_matched=0 ce="-" served="-" bytes=197 status=200
2026-08-15T15:46:04+00:00 "GET /012/eh-asset.css HTTP/2.0" ae="gzip, deflate, br" avail="-" dict_matched=0 ce="-" served="-" bytes=47 status=200
2026-08-15T15:46:04+00:00 "GET /012/eh?hints=none&ms=200 HTTP/2.0" ae="gzip, deflate, br" avail="-" dict_matched=0 ce="-" served="-" bytes=197 status=200
2026-08-15T15:46:04+00:00 "GET /012/eh-asset.css HTTP/2.0" ae="gzip, deflate, br" avail="-" dict_matched=0 ce="-" served="-" bytes=47 status=200
2026-08-15T15:46:04+00:00 "GET /012/eh?hints=bare&ms=200 HTTP/2.0" ae="gzip, deflate, br" avail="-" dict_matched=0 ce="-" served="-" bytes=197 status=200
2026-08-15T15:46:05+00:00 "GET /012/eh-asset.css HTTP/2.0" ae="gzip, deflate, br" avail="-" dict_matched=0 ce="-" served="-" bytes=47 status=200
2026-08-15T15:46:05+00:00 "GET /012/eh?hints=bare&ms=200 HTTP/2.0" ae="gzip, deflate, br" avail="-" dict_matched=0 ce="-" served="-" bytes=197 status=200
2026-08-15T15:46:05+00:00 "GET /012/eh-asset.css HTTP/2.0" ae="gzip, deflate, br" avail="-" dict_matched=0 ce="-" served="-" bytes=47 status=200
2026-08-15T15:46:05+00:00 "GET /012/eh?hints=bare&ms=200 HTTP/2.0" ae="gzip, deflate, br" avail="-" dict_matched=0 ce="-" served="-" bytes=197 status=200
2026-08-15T15:46:05+00:00 "GET /012/eh-asset.css HTTP/2.0" ae="gzip, deflate, br" avail="-" dict_matched=0 ce="-" served="-" bytes=47 status=200
2026-08-15T15:46:06+00:00 "GET /012/eh?hints=bare&ms=200 HTTP/2.0" ae="gzip, deflate, br" avail="-" dict_matched=0 ce="-" served="-" bytes=197 status=200
2026-08-15T15:46:06+00:00 "GET /012/eh-asset.css HTTP/2.0" ae="gzip, deflate, br" avail="-" dict_matched=0 ce="-" served="-" bytes=47 status=200
2026-08-15T15:46:06+00:00 "GET /012/eh?hints=bare&ms=200 HTTP/2.0" ae="gzip, deflate, br" avail="-" dict_matched=0 ce="-" served="-" bytes=197 status=200
2026-08-15T15:46:06+00:00 "GET /012/eh-asset.css HTTP/2.0" ae="gzip, deflate, br" avail="-" dict_matched=0 ce="-" served="-" bytes=47 status=200
2026-08-15T15:46:06+00:00 "GET /012/eh?hints=preload&ms=200 HTTP/2.0" ae="gzip, deflate, br" avail="-" dict_matched=0 ce="-" served="-" bytes=203 status=200
2026-08-15T15:46:07+00:00 "GET /012/eh-asset.css HTTP/2.0" ae="gzip, deflate, br" avail="-" dict_matched=0 ce="-" served="-" bytes=47 status=200
2026-08-15T15:46:07+00:00 "GET /012/eh?hints=preload&ms=200 HTTP/2.0" ae="gzip, deflate, br" avail="-" dict_matched=0 ce="-" served="-" bytes=203 status=200
2026-08-15T15:46:07+00:00 "GET /012/eh-asset.css HTTP/2.0" ae="gzip, deflate, br" avail="-" dict_matched=0 ce="-" served="-" bytes=47 status=200
2026-08-15T15:46:07+00:00 "GET /012/eh?hints=preload&ms=200 HTTP/2.0" ae="gzip, deflate, br" avail="-" dict_matched=0 ce="-" served="-" bytes=203 status=200
2026-08-15T15:46:07+00:00 "GET /012/eh-asset.css HTTP/2.0" ae="gzip, deflate, br" avail="-" dict_matched=0 ce="-" served="-" bytes=47 status=200
2026-08-15T15:46:08+00:00 "GET /012/eh?hints=preload&ms=200 HTTP/2.0" ae="gzip, deflate, br" avail="-" dict_matched=0 ce="-" served="-" bytes=203 status=200
2026-08-15T15:46:08+00:00 "GET /012/eh-asset.css HTTP/2.0" ae="gzip, deflate, br" avail="-" dict_matched=0 ce="-" served="-" bytes=47 status=200
2026-08-15T15:46:08+00:00 "GET /012/eh?hints=preload&ms=200 HTTP/2.0" ae="gzip, deflate, br" avail="-" dict_matched=0 ce="-" served="-" bytes=203 status=200
2026-08-15T15:46:08+00:00 "GET /012/eh-asset.css HTTP/2.0" ae="gzip, deflate, br" avail="-" dict_matched=0 ce="-" served="-" bytes=47 status=200
2026-08-15T15:48:41+00:00 "GET /012/eh?hints=none&ms=200&cc=no-store HTTP/2.0" ae="gzip, deflate, br, zstd" avail="-" dict_matched=0 ce="-" served="-" bytes=559 status=502
2026-08-15T15:48:41+00:00 "GET /favicon.ico HTTP/2.0" ae="gzip, deflate, br, zstd" avail="-" dict_matched=0 ce="-" served="-" bytes=555 status=404
2026-08-15T15:48:41+00:00 "GET /012/eh?hints=none&ms=200&cc=no-store HTTP/2.0" ae="gzip, deflate, br, zstd" avail="-" dict_matched=0 ce="-" served="-" bytes=559 status=502
2026-08-15T15:48:41+00:00 "GET /012/eh?hints=none&ms=200&cc=no-store HTTP/2.0" ae="gzip, deflate, br, zstd" avail="-" dict_matched=0 ce="-" served="-" bytes=559 status=502
2026-08-15T15:48:41+00:00 "GET /012/eh?hints=none&ms=200&cc=no-store HTTP/2.0" ae="gzip, deflate, br, zstd" avail="-" dict_matched=0 ce="-" served="-" bytes=559 status=502
2026-08-15T15:48:41+00:00 "GET /012/eh?hints=none&ms=200&cc=no-store HTTP/2.0" ae="gzip, deflate, br, zstd" avail="-" dict_matched=0 ce="-" served="-" bytes=559 status=502
2026-08-15T15:48:41+00:00 "GET /012/eh?hints=bare&ms=200&cc=no-store HTTP/2.0" ae="gzip, deflate, br, zstd" avail="-" dict_matched=0 ce="-" served="-" bytes=559 status=502
2026-08-15T15:48:42+00:00 "GET /012/eh?hints=bare&ms=200&cc=no-store HTTP/2.0" ae="gzip, deflate, br, zstd" avail="-" dict_matched=0 ce="-" served="-" bytes=559 status=502
2026-08-15T15:48:42+00:00 "GET /012/eh?hints=bare&ms=200&cc=no-store HTTP/2.0" ae="gzip, deflate, br, zstd" avail="-" dict_matched=0 ce="-" served="-" bytes=559 status=502
2026-08-15T15:48:42+00:00 "GET /012/eh?hints=bare&ms=200&cc=no-store HTTP/2.0" ae="gzip, deflate, br, zstd" avail="-" dict_matched=0 ce="-" served="-" bytes=559 status=502
2026-08-15T15:48:42+00:00 "GET /012/eh?hints=bare&ms=200&cc=no-store HTTP/2.0" ae="gzip, deflate, br, zstd" avail="-" dict_matched=0 ce="-" served="-" bytes=559 status=502
2026-08-15T15:48:42+00:00 "GET /012/eh?hints=preload&ms=200&cc=no-store HTTP/2.0" ae="gzip, deflate, br, zstd" avail="-" dict_matched=0 ce="-" served="-" bytes=559 status=502
2026-08-15T15:48:42+00:00 "GET /012/eh?hints=preload&ms=200&cc=no-store HTTP/2.0" ae="gzip, deflate, br, zstd" avail="-" dict_matched=0 ce="-" served="-" bytes=559 status=502
2026-08-15T15:48:42+00:00 "GET /012/eh?hints=preload&ms=200&cc=no-store HTTP/2.0" ae="gzip, deflate, br, zstd" avail="-" dict_matched=0 ce="-" served="-" bytes=559 status=502
2026-08-15T15:48:42+00:00 "GET /012/eh?hints=preload&ms=200&cc=no-store HTTP/2.0" ae="gzip, deflate, br, zstd" avail="-" dict_matched=0 ce="-" served="-" bytes=559 status=502
2026-08-15T15:48:42+00:00 "GET /012/eh?hints=preload&ms=200&cc=no-store HTTP/2.0" ae="gzip, deflate, br, zstd" avail="-" dict_matched=0 ce="-" served="-" bytes=559 status=502
2026-08-15T15:48:42+00:00 "GET /012/eh?hints=none&ms=200&cc=public%2C%20max-age%3D60 HTTP/2.0" ae="gzip, deflate, br, zstd" avail="-" dict_matched=0 ce="-" served="-" bytes=559 status=502
2026-08-15T15:48:42+00:00 "GET /012/eh?hints=none&ms=200&cc=public%2C%20max-age%3D60 HTTP/2.0" ae="gzip, deflate, br, zstd" avail="-" dict_matched=0 ce="-" served="-" bytes=559 status=502
2026-08-15T15:48:42+00:00 "GET /012/eh?hints=none&ms=200&cc=public%2C%20max-age%3D60 HTTP/2.0" ae="gzip, deflate, br, zstd" avail="-" dict_matched=0 ce="-" served="-" bytes=559 status=502
2026-08-15T15:48:42+00:00 "GET /012/eh?hints=none&ms=200&cc=public%2C%20max-age%3D60 HTTP/2.0" ae="gzip, deflate, br, zstd" avail="-" dict_matched=0 ce="-" served="-" bytes=559 status=502
2026-08-15T15:48:42+00:00 "GET /012/eh?hints=none&ms=200&cc=public%2C%20max-age%3D60 HTTP/2.0" ae="gzip, deflate, br, zstd" avail="-" dict_matched=0 ce="-" served="-" bytes=559 status=502
2026-08-15T15:48:42+00:00 "GET /012/eh?hints=bare&ms=200&cc=public%2C%20max-age%3D60 HTTP/2.0" ae="gzip, deflate, br, zstd" avail="-" dict_matched=0 ce="-" served="-" bytes=559 status=502
2026-08-15T15:48:43+00:00 "GET /012/eh?hints=bare&ms=200&cc=public%2C%20max-age%3D60 HTTP/2.0" ae="gzip, deflate, br, zstd" avail="-" dict_matched=0 ce="-" served="-" bytes=559 status=502
2026-08-15T15:48:43+00:00 "GET /012/eh?hints=bare&ms=200&cc=public%2C%20max-age%3D60 HTTP/2.0" ae="gzip, deflate, br, zstd" avail="-" dict_matched=0 ce="-" served="-" bytes=559 status=502
2026-08-15T15:48:43+00:00 "GET /012/eh?hints=bare&ms=200&cc=public%2C%20max-age%3D60 HTTP/2.0" ae="gzip, deflate, br, zstd" avail="-" dict_matched=0 ce="-" served="-" bytes=559 status=502
2026-08-15T15:48:43+00:00 "GET /012/eh?hints=bare&ms=200&cc=public%2C%20max-age%3D60 HTTP/2.0" ae="gzip, deflate, br, zstd" avail="-" dict_matched=0 ce="-" served="-" bytes=559 status=502
2026-08-15T15:48:43+00:00 "GET /012/eh?hints=preload&ms=200&cc=public%2C%20max-age%3D60 HTTP/2.0" ae="gzip, deflate, br, zstd" avail="-" dict_matched=0 ce="-" served="-" bytes=559 status=502
2026-08-15T15:48:43+00:00 "GET /012/eh?hints=preload&ms=200&cc=public%2C%20max-age%3D60 HTTP/2.0" ae="gzip, deflate, br, zstd" avail="-" dict_matched=0 ce="-" served="-" bytes=559 status=502
2026-08-15T15:48:43+00:00 "GET /012/eh?hints=preload&ms=200&cc=public%2C%20max-age%3D60 HTTP/2.0" ae="gzip, deflate, br, zstd" avail="-" dict_matched=0 ce="-" served="-" bytes=559 status=502
2026-08-15T15:48:43+00:00 "GET /012/eh?hints=preload&ms=200&cc=public%2C%20max-age%3D60 HTTP/2.0" ae="gzip, deflate, br, zstd" avail="-" dict_matched=0 ce="-" served="-" bytes=559 status=502
2026-08-15T15:48:43+00:00 "GET /012/eh?hints=preload&ms=200&cc=public%2C%20max-age%3D60 HTTP/2.0" ae="gzip, deflate, br, zstd" avail="-" dict_matched=0 ce="-" served="-" bytes=559 status=502
2026-08-15T15:49:02+00:00 "GET /012/eh?hints=preload&ms=200&cc=no-store HTTP/2.0" ae="-" avail="-" dict_matched=0 ce="-" served="-" bytes=157 status=502
2026-08-15T15:49:05+00:00 "GET /012/eh?hints=preload&ms=200&cc=no-store HTTP/2.0" ae="-" avail="-" dict_matched=0 ce="-" served="-" bytes=234 status=200
2026-08-15T15:50:08+00:00 "GET /012/eh?hints=preload&ms=200&cc=no-store&n=x HTTP/2.0" ae="-" avail="-" dict_matched=0 ce="-" served="-" bytes=238 status=200
2026-08-15T15:50:36+00:00 "GET /012/eh?hints=none&ms=200&cc=no-store&n=nginx-no-store-none-0 HTTP/2.0" ae="gzip, deflate, br, zstd" avail="-" dict_matched=0 ce="-" served="-" bytes=252 status=200
2026-08-15T15:50:36+00:00 "GET /012/eh-asset.css?cc=no-store&ms=150&n=nginx-no-store-none-0 HTTP/2.0" ae="gzip, deflate, br, zstd" avail="-" dict_matched=0 ce="-" served="-" bytes=47 status=200
2026-08-15T15:50:36+00:00 "GET /favicon.ico HTTP/2.0" ae="gzip, deflate, br, zstd" avail="-" dict_matched=0 ce="-" served="-" bytes=555 status=404
2026-08-15T15:50:36+00:00 "GET /012/eh?hints=none&ms=200&cc=no-store&n=nginx-no-store-none-1 HTTP/2.0" ae="gzip, deflate, br, zstd" avail="-" dict_matched=0 ce="-" served="-" bytes=252 status=200
2026-08-15T15:50:36+00:00 "GET /012/eh-asset.css?cc=no-store&ms=150&n=nginx-no-store-none-1 HTTP/2.0" ae="gzip, deflate, br, zstd" avail="-" dict_matched=0 ce="-" served="-" bytes=47 status=200
2026-08-15T15:50:36+00:00 "GET /012/eh?hints=none&ms=200&cc=no-store&n=nginx-no-store-none-2 HTTP/2.0" ae="gzip, deflate, br, zstd" avail="-" dict_matched=0 ce="-" served="-" bytes=252 status=200
2026-08-15T15:50:37+00:00 "GET /012/eh-asset.css?cc=no-store&ms=150&n=nginx-no-store-none-2 HTTP/2.0" ae="gzip, deflate, br, zstd" avail="-" dict_matched=0 ce="-" served="-" bytes=47 status=200
2026-08-15T15:50:37+00:00 "GET /012/eh?hints=none&ms=200&cc=no-store&n=nginx-no-store-none-3 HTTP/2.0" ae="gzip, deflate, br, zstd" avail="-" dict_matched=0 ce="-" served="-" bytes=252 status=200
2026-08-15T15:50:37+00:00 "GET /012/eh-asset.css?cc=no-store&ms=150&n=nginx-no-store-none-3 HTTP/2.0" ae="gzip, deflate, br, zstd" avail="-" dict_matched=0 ce="-" served="-" bytes=47 status=200
2026-08-15T15:50:37+00:00 "GET /012/eh?hints=none&ms=200&cc=no-store&n=nginx-no-store-none-4 HTTP/2.0" ae="gzip, deflate, br, zstd" avail="-" dict_matched=0 ce="-" served="-" bytes=252 status=200
2026-08-15T15:50:37+00:00 "GET /012/eh-asset.css?cc=no-store&ms=150&n=nginx-no-store-none-4 HTTP/2.0" ae="gzip, deflate, br, zstd" avail="-" dict_matched=0 ce="-" served="-" bytes=47 status=200
2026-08-15T15:50:38+00:00 "GET /012/eh?hints=bare&ms=200&cc=no-store&n=nginx-no-store-bare-0 HTTP/2.0" ae="gzip, deflate, br, zstd" avail="-" dict_matched=0 ce="-" served="-" bytes=252 status=200
2026-08-15T15:50:38+00:00 "GET /012/eh-asset.css?cc=no-store&ms=150&n=nginx-no-store-bare-0 HTTP/2.0" ae="gzip, deflate, br, zstd" avail="-" dict_matched=0 ce="-" served="-" bytes=47 status=200
2026-08-15T15:50:38+00:00 "GET /012/eh?hints=bare&ms=200&cc=no-store&n=nginx-no-store-bare-1 HTTP/2.0" ae="gzip, deflate, br, zstd" avail="-" dict_matched=0 ce="-" served="-" bytes=252 status=200
2026-08-15T15:50:38+00:00 "GET /012/eh-asset.css?cc=no-store&ms=150&n=nginx-no-store-bare-1 HTTP/2.0" ae="gzip, deflate, br, zstd" avail="-" dict_matched=0 ce="-" served="-" bytes=47 status=200
2026-08-15T15:50:39+00:00 "GET /012/eh?hints=bare&ms=200&cc=no-store&n=nginx-no-store-bare-2 HTTP/2.0" ae="gzip, deflate, br, zstd" avail="-" dict_matched=0 ce="-" served="-" bytes=252 status=200
2026-08-15T15:50:39+00:00 "GET /012/eh-asset.css?cc=no-store&ms=150&n=nginx-no-store-bare-2 HTTP/2.0" ae="gzip, deflate, br, zstd" avail="-" dict_matched=0 ce="-" served="-" bytes=47 status=200
2026-08-15T15:50:39+00:00 "GET /012/eh?hints=bare&ms=200&cc=no-store&n=nginx-no-store-bare-3 HTTP/2.0" ae="gzip, deflate, br, zstd" avail="-" dict_matched=0 ce="-" served="-" bytes=252 status=200
2026-08-15T15:50:39+00:00 "GET /012/eh-asset.css?cc=no-store&ms=150&n=nginx-no-store-bare-3 HTTP/2.0" ae="gzip, deflate, br, zstd" avail="-" dict_matched=0 ce="-" served="-" bytes=47 status=200
2026-08-15T15:50:40+00:00 "GET /012/eh?hints=bare&ms=200&cc=no-store&n=nginx-no-store-bare-4 HTTP/2.0" ae="gzip, deflate, br, zstd" avail="-" dict_matched=0 ce="-" served="-" bytes=252 status=200
2026-08-15T15:50:40+00:00 "GET /012/eh-asset.css?cc=no-store&ms=150&n=nginx-no-store-bare-4 HTTP/2.0" ae="gzip, deflate, br, zstd" avail="-" dict_matched=0 ce="-" served="-" bytes=47 status=200
2026-08-15T15:50:40+00:00 "GET /012/eh?hints=preload&ms=200&cc=no-store&n=nginx-no-store-preload-0 HTTP/2.0" ae="gzip, deflate, br, zstd" avail="-" dict_matched=0 ce="-" served="-" bytes=261 status=200
2026-08-15T15:50:40+00:00 "GET /012/eh-asset.css?cc=no-store&ms=150&n=nginx-no-store-preload-0 HTTP/2.0" ae="gzip, deflate, br, zstd" avail="-" dict_matched=0 ce="-" served="-" bytes=47 status=200
2026-08-15T15:50:40+00:00 "GET /012/eh?hints=preload&ms=200&cc=no-store&n=nginx-no-store-preload-1 HTTP/2.0" ae="gzip, deflate, br, zstd" avail="-" dict_matched=0 ce="-" served="-" bytes=261 status=200
2026-08-15T15:50:41+00:00 "GET /012/eh-asset.css?cc=no-store&ms=150&n=nginx-no-store-preload-1 HTTP/2.0" ae="gzip, deflate, br, zstd" avail="-" dict_matched=0 ce="-" served="-" bytes=47 status=200
2026-08-15T15:50:41+00:00 "GET /012/eh?hints=preload&ms=200&cc=no-store&n=nginx-no-store-preload-2 HTTP/2.0" ae="gzip, deflate, br, zstd" avail="-" dict_matched=0 ce="-" served="-" bytes=261 status=200
2026-08-15T15:50:41+00:00 "GET /012/eh-asset.css?cc=no-store&ms=150&n=nginx-no-store-preload-2 HTTP/2.0" ae="gzip, deflate, br, zstd" avail="-" dict_matched=0 ce="-" served="-" bytes=47 status=200
2026-08-15T15:50:41+00:00 "GET /012/eh?hints=preload&ms=200&cc=no-store&n=nginx-no-store-preload-3 HTTP/2.0" ae="gzip, deflate, br, zstd" avail="-" dict_matched=0 ce="-" served="-" bytes=261 status=200
2026-08-15T15:50:42+00:00 "GET /012/eh-asset.css?cc=no-store&ms=150&n=nginx-no-store-preload-3 HTTP/2.0" ae="gzip, deflate, br, zstd" avail="-" dict_matched=0 ce="-" served="-" bytes=47 status=200
2026-08-15T15:50:42+00:00 "GET /012/eh?hints=preload&ms=200&cc=no-store&n=nginx-no-store-preload-4 HTTP/2.0" ae="gzip, deflate, br, zstd" avail="-" dict_matched=0 ce="-" served="-" bytes=261 status=200
2026-08-15T15:50:42+00:00 "GET /012/eh-asset.css?cc=no-store&ms=150&n=nginx-no-store-preload-4 HTTP/2.0" ae="gzip, deflate, br, zstd" avail="-" dict_matched=0 ce="-" served="-" bytes=47 status=200
2026-08-15T15:50:42+00:00 "GET /012/eh?hints=none&ms=200&cc=public%2C%20max-age%3D60&n=nginx-public,%20max-age=60-none-0 HTTP/2.0" ae="gzip, deflate, br, zstd" avail="-" dict_matched=0 ce="-" served="-" bytes=294 status=200
2026-08-15T15:50:42+00:00 "GET /012/eh-asset.css?cc=public%2C%20max-age%3D60&ms=150&n=nginx-public%2C%20max-age%3D60-none-0 HTTP/2.0" ae="gzip, deflate, br, zstd" avail="-" dict_matched=0 ce="-" served="-" bytes=47 status=200
2026-08-15T15:50:43+00:00 "GET /012/eh?hints=none&ms=200&cc=public%2C%20max-age%3D60&n=nginx-public,%20max-age=60-none-1 HTTP/2.0" ae="gzip, deflate, br, zstd" avail="-" dict_matched=0 ce="-" served="-" bytes=294 status=200
2026-08-15T15:50:43+00:00 "GET /012/eh-asset.css?cc=public%2C%20max-age%3D60&ms=150&n=nginx-public%2C%20max-age%3D60-none-1 HTTP/2.0" ae="gzip, deflate, br, zstd" avail="-" dict_matched=0 ce="-" served="-" bytes=47 status=200
2026-08-15T15:50:43+00:00 "GET /012/eh?hints=none&ms=200&cc=public%2C%20max-age%3D60&n=nginx-public,%20max-age=60-none-2 HTTP/2.0" ae="gzip, deflate, br, zstd" avail="-" dict_matched=0 ce="-" served="-" bytes=294 status=200
2026-08-15T15:50:43+00:00 "GET /012/eh-asset.css?cc=public%2C%20max-age%3D60&ms=150&n=nginx-public%2C%20max-age%3D60-none-2 HTTP/2.0" ae="gzip, deflate, br, zstd" avail="-" dict_matched=0 ce="-" served="-" bytes=47 status=200
2026-08-15T15:50:44+00:00 "GET /012/eh?hints=none&ms=200&cc=public%2C%20max-age%3D60&n=nginx-public,%20max-age=60-none-3 HTTP/2.0" ae="gzip, deflate, br, zstd" avail="-" dict_matched=0 ce="-" served="-" bytes=294 status=200
2026-08-15T15:50:44+00:00 "GET /012/eh-asset.css?cc=public%2C%20max-age%3D60&ms=150&n=nginx-public%2C%20max-age%3D60-none-3 HTTP/2.0" ae="gzip, deflate, br, zstd" avail="-" dict_matched=0 ce="-" served="-" bytes=47 status=200
2026-08-15T15:50:44+00:00 "GET /012/eh?hints=none&ms=200&cc=public%2C%20max-age%3D60&n=nginx-public,%20max-age=60-none-4 HTTP/2.0" ae="gzip, deflate, br, zstd" avail="-" dict_matched=0 ce="-" served="-" bytes=294 status=200
2026-08-15T15:50:44+00:00 "GET /012/eh-asset.css?cc=public%2C%20max-age%3D60&ms=150&n=nginx-public%2C%20max-age%3D60-none-4 HTTP/2.0" ae="gzip, deflate, br, zstd" avail="-" dict_matched=0 ce="-" served="-" bytes=47 status=200
2026-08-15T15:50:45+00:00 "GET /012/eh?hints=bare&ms=200&cc=public%2C%20max-age%3D60&n=nginx-public,%20max-age=60-bare-0 HTTP/2.0" ae="gzip, deflate, br, zstd" avail="-" dict_matched=0 ce="-" served="-" bytes=294 status=200
2026-08-15T15:50:45+00:00 "GET /012/eh-asset.css?cc=public%2C%20max-age%3D60&ms=150&n=nginx-public%2C%20max-age%3D60-bare-0 HTTP/2.0" ae="gzip, deflate, br, zstd" avail="-" dict_matched=0 ce="-" served="-" bytes=47 status=200
2026-08-15T15:50:45+00:00 "GET /012/eh?hints=bare&ms=200&cc=public%2C%20max-age%3D60&n=nginx-public,%20max-age=60-bare-1 HTTP/2.0" ae="gzip, deflate, br, zstd" avail="-" dict_matched=0 ce="-" served="-" bytes=294 status=200
2026-08-15T15:50:45+00:00 "GET /012/eh-asset.css?cc=public%2C%20max-age%3D60&ms=150&n=nginx-public%2C%20max-age%3D60-bare-1 HTTP/2.0" ae="gzip, deflate, br, zstd" avail="-" dict_matched=0 ce="-" served="-" bytes=47 status=200
2026-08-15T15:50:45+00:00 "GET /012/eh?hints=bare&ms=200&cc=public%2C%20max-age%3D60&n=nginx-public,%20max-age=60-bare-2 HTTP/2.0" ae="gzip, deflate, br, zstd" avail="-" dict_matched=0 ce="-" served="-" bytes=294 status=200
2026-08-15T15:50:46+00:00 "GET /012/eh-asset.css?cc=public%2C%20max-age%3D60&ms=150&n=nginx-public%2C%20max-age%3D60-bare-2 HTTP/2.0" ae="gzip, deflate, br, zstd" avail="-" dict_matched=0 ce="-" served="-" bytes=47 status=200
2026-08-15T15:50:46+00:00 "GET /012/eh?hints=bare&ms=200&cc=public%2C%20max-age%3D60&n=nginx-public,%20max-age=60-bare-3 HTTP/2.0" ae="gzip, deflate, br, zstd" avail="-" dict_matched=0 ce="-" served="-" bytes=294 status=200
2026-08-15T15:50:46+00:00 "GET /012/eh-asset.css?cc=public%2C%20max-age%3D60&ms=150&n=nginx-public%2C%20max-age%3D60-bare-3 HTTP/2.0" ae="gzip, deflate, br, zstd" avail="-" dict_matched=0 ce="-" served="-" bytes=47 status=200
2026-08-15T15:50:46+00:00 "GET /012/eh?hints=bare&ms=200&cc=public%2C%20max-age%3D60&n=nginx-public,%20max-age=60-bare-4 HTTP/2.0" ae="gzip, deflate, br, zstd" avail="-" dict_matched=0 ce="-" served="-" bytes=294 status=200
2026-08-15T15:50:46+00:00 "GET /012/eh-asset.css?cc=public%2C%20max-age%3D60&ms=150&n=nginx-public%2C%20max-age%3D60-bare-4 HTTP/2.0" ae="gzip, deflate, br, zstd" avail="-" dict_matched=0 ce="-" served="-" bytes=47 status=200
2026-08-15T15:50:47+00:00 "GET /012/eh?hints=preload&ms=200&cc=public%2C%20max-age%3D60&n=nginx-public,%20max-age=60-preload-0 HTTP/2.0" ae="gzip, deflate, br, zstd" avail="-" dict_matched=0 ce="-" served="-" bytes=303 status=200
2026-08-15T15:50:47+00:00 "GET /012/eh-asset.css?cc=public%2C%20max-age%3D60&ms=150&n=nginx-public%2C%20max-age%3D60-preload-0 HTTP/2.0" ae="gzip, deflate, br, zstd" avail="-" dict_matched=0 ce="-" served="-" bytes=47 status=200
2026-08-15T15:50:47+00:00 "GET /012/eh?hints=preload&ms=200&cc=public%2C%20max-age%3D60&n=nginx-public,%20max-age=60-preload-1 HTTP/2.0" ae="gzip, deflate, br, zstd" avail="-" dict_matched=0 ce="-" served="-" bytes=303 status=200
2026-08-15T15:50:47+00:00 "GET /012/eh-asset.css?cc=public%2C%20max-age%3D60&ms=150&n=nginx-public%2C%20max-age%3D60-preload-1 HTTP/2.0" ae="gzip, deflate, br, zstd" avail="-" dict_matched=0 ce="-" served="-" bytes=47 status=200
2026-08-15T15:50:48+00:00 "GET /012/eh?hints=preload&ms=200&cc=public%2C%20max-age%3D60&n=nginx-public,%20max-age=60-preload-2 HTTP/2.0" ae="gzip, deflate, br, zstd" avail="-" dict_matched=0 ce="-" served="-" bytes=303 status=200
2026-08-15T15:50:48+00:00 "GET /012/eh-asset.css?cc=public%2C%20max-age%3D60&ms=150&n=nginx-public%2C%20max-age%3D60-preload-2 HTTP/2.0" ae="gzip, deflate, br, zstd" avail="-" dict_matched=0 ce="-" served="-" bytes=47 status=200
2026-08-15T15:50:48+00:00 "GET /012/eh?hints=preload&ms=200&cc=public%2C%20max-age%3D60&n=nginx-public,%20max-age=60-preload-3 HTTP/2.0" ae="gzip, deflate, br, zstd" avail="-" dict_matched=0 ce="-" served="-" bytes=303 status=200
2026-08-15T15:50:48+00:00 "GET /012/eh-asset.css?cc=public%2C%20max-age%3D60&ms=150&n=nginx-public%2C%20max-age%3D60-preload-3 HTTP/2.0" ae="gzip, deflate, br, zstd" avail="-" dict_matched=0 ce="-" served="-" bytes=47 status=200
2026-08-15T15:50:49+00:00 "GET /012/eh?hints=preload&ms=200&cc=public%2C%20max-age%3D60&n=nginx-public,%20max-age=60-preload-4 HTTP/2.0" ae="gzip, deflate, br, zstd" avail="-" dict_matched=0 ce="-" served="-" bytes=303 status=200
2026-08-15T15:50:49+00:00 "GET /012/eh-asset.css?cc=public%2C%20max-age%3D60&ms=150&n=nginx-public%2C%20max-age%3D60-preload-4 HTTP/2.0" ae="gzip, deflate, br, zstd" avail="-" dict_matched=0 ce="-" served="-" bytes=47 status=200
2026-08-15T15:51:23+00:00 "GET /012/eh?hints=none&ms=200&cc=no-store&n=nginx-no-store-none-0 HTTP/2.0" ae="gzip, deflate, br, zstd" avail="-" dict_matched=0 ce="-" served="-" bytes=252 status=200
2026-08-15T15:51:23+00:00 "GET /favicon.ico HTTP/2.0" ae="gzip, deflate, br, zstd" avail="-" dict_matched=0 ce="-" served="-" bytes=153 status=404
2026-08-15T15:51:23+00:00 "GET /012/eh-asset.css?cc=no-store&ms=150&n=nginx-no-store-none-0 HTTP/2.0" ae="gzip, deflate, br, zstd" avail="-" dict_matched=0 ce="-" served="-" bytes=47 status=200
2026-08-15T15:51:24+00:00 "GET /012/eh?hints=none&ms=200&cc=no-store&n=nginx-no-store-none-1 HTTP/2.0" ae="gzip, deflate, br, zstd" avail="-" dict_matched=0 ce="-" served="-" bytes=252 status=200
2026-08-15T15:51:24+00:00 "GET /012/eh-asset.css?cc=no-store&ms=150&n=nginx-no-store-none-1 HTTP/2.0" ae="gzip, deflate, br, zstd" avail="-" dict_matched=0 ce="-" served="-" bytes=47 status=200
2026-08-15T15:51:24+00:00 "GET /012/eh?hints=none&ms=200&cc=no-store&n=nginx-no-store-none-2 HTTP/2.0" ae="gzip, deflate, br, zstd" avail="-" dict_matched=0 ce="-" served="-" bytes=252 status=200
2026-08-15T15:51:24+00:00 "GET /012/eh-asset.css?cc=no-store&ms=150&n=nginx-no-store-none-2 HTTP/2.0" ae="gzip, deflate, br, zstd" avail="-" dict_matched=0 ce="-" served="-" bytes=47 status=200
2026-08-15T15:51:24+00:00 "GET /012/eh?hints=none&ms=200&cc=no-store&n=nginx-no-store-none-3 HTTP/2.0" ae="gzip, deflate, br, zstd" avail="-" dict_matched=0 ce="-" served="-" bytes=252 status=200
2026-08-15T15:51:25+00:00 "GET /012/eh-asset.css?cc=no-store&ms=150&n=nginx-no-store-none-3 HTTP/2.0" ae="gzip, deflate, br, zstd" avail="-" dict_matched=0 ce="-" served="-" bytes=47 status=200
2026-08-15T15:51:25+00:00 "GET /012/eh?hints=none&ms=200&cc=no-store&n=nginx-no-store-none-4 HTTP/2.0" ae="gzip, deflate, br, zstd" avail="-" dict_matched=0 ce="-" served="-" bytes=252 status=200
2026-08-15T15:51:25+00:00 "GET /012/eh-asset.css?cc=no-store&ms=150&n=nginx-no-store-none-4 HTTP/2.0" ae="gzip, deflate, br, zstd" avail="-" dict_matched=0 ce="-" served="-" bytes=47 status=200
2026-08-15T15:51:25+00:00 "GET /012/eh?hints=bare&ms=200&cc=no-store&n=nginx-no-store-bare-0 HTTP/2.0" ae="gzip, deflate, br, zstd" avail="-" dict_matched=0 ce="-" served="-" bytes=252 status=200
2026-08-15T15:51:25+00:00 "GET /012/eh-asset.css?cc=no-store&ms=150&n=nginx-no-store-bare-0 HTTP/2.0" ae="gzip, deflate, br, zstd" avail="-" dict_matched=0 ce="-" served="-" bytes=47 status=200
2026-08-15T15:51:26+00:00 "GET /012/eh?hints=bare&ms=200&cc=no-store&n=nginx-no-store-bare-1 HTTP/2.0" ae="gzip, deflate, br, zstd" avail="-" dict_matched=0 ce="-" served="-" bytes=252 status=200
2026-08-15T15:51:26+00:00 "GET /012/eh-asset.css?cc=no-store&ms=150&n=nginx-no-store-bare-1 HTTP/2.0" ae="gzip, deflate, br, zstd" avail="-" dict_matched=0 ce="-" served="-" bytes=47 status=200
2026-08-15T15:51:26+00:00 "GET /012/eh?hints=bare&ms=200&cc=no-store&n=nginx-no-store-bare-2 HTTP/2.0" ae="gzip, deflate, br, zstd" avail="-" dict_matched=0 ce="-" served="-" bytes=252 status=200
2026-08-15T15:51:26+00:00 "GET /012/eh-asset.css?cc=no-store&ms=150&n=nginx-no-store-bare-2 HTTP/2.0" ae="gzip, deflate, br, zstd" avail="-" dict_matched=0 ce="-" served="-" bytes=47 status=200
2026-08-15T15:51:26+00:00 "GET /012/eh?hints=bare&ms=200&cc=no-store&n=nginx-no-store-bare-3 HTTP/2.0" ae="gzip, deflate, br, zstd" avail="-" dict_matched=0 ce="-" served="-" bytes=252 status=200
2026-08-15T15:51:27+00:00 "GET /012/eh-asset.css?cc=no-store&ms=150&n=nginx-no-store-bare-3 HTTP/2.0" ae="gzip, deflate, br, zstd" avail="-" dict_matched=0 ce="-" served="-" bytes=47 status=200
2026-08-15T15:51:27+00:00 "GET /012/eh?hints=bare&ms=200&cc=no-store&n=nginx-no-store-bare-4 HTTP/2.0" ae="gzip, deflate, br, zstd" avail="-" dict_matched=0 ce="-" served="-" bytes=252 status=200
2026-08-15T15:51:27+00:00 "GET /012/eh-asset.css?cc=no-store&ms=150&n=nginx-no-store-bare-4 HTTP/2.0" ae="gzip, deflate, br, zstd" avail="-" dict_matched=0 ce="-" served="-" bytes=47 status=200
2026-08-15T15:51:27+00:00 "GET /012/eh?hints=preload&ms=200&cc=no-store&n=nginx-no-store-preload-0 HTTP/2.0" ae="gzip, deflate, br, zstd" avail="-" dict_matched=0 ce="-" served="-" bytes=261 status=200
2026-08-15T15:51:27+00:00 "GET /012/eh-asset.css?cc=no-store&ms=150&n=nginx-no-store-preload-0 HTTP/2.0" ae="gzip, deflate, br, zstd" avail="-" dict_matched=0 ce="-" served="-" bytes=47 status=200
2026-08-15T15:51:28+00:00 "GET /012/eh?hints=preload&ms=200&cc=no-store&n=nginx-no-store-preload-1 HTTP/2.0" ae="gzip, deflate, br, zstd" avail="-" dict_matched=0 ce="-" served="-" bytes=261 status=200
2026-08-15T15:51:28+00:00 "GET /012/eh-asset.css?cc=no-store&ms=150&n=nginx-no-store-preload-1 HTTP/2.0" ae="gzip, deflate, br, zstd" avail="-" dict_matched=0 ce="-" served="-" bytes=47 status=200
2026-08-15T15:51:28+00:00 "GET /012/eh?hints=preload&ms=200&cc=no-store&n=nginx-no-store-preload-2 HTTP/2.0" ae="gzip, deflate, br, zstd" avail="-" dict_matched=0 ce="-" served="-" bytes=261 status=200
2026-08-15T15:51:28+00:00 "GET /012/eh-asset.css?cc=no-store&ms=150&n=nginx-no-store-preload-2 HTTP/2.0" ae="gzip, deflate, br, zstd" avail="-" dict_matched=0 ce="-" served="-" bytes=47 status=200
2026-08-15T15:51:28+00:00 "GET /012/eh?hints=preload&ms=200&cc=no-store&n=nginx-no-store-preload-3 HTTP/2.0" ae="gzip, deflate, br, zstd" avail="-" dict_matched=0 ce="-" served="-" bytes=261 status=200
2026-08-15T15:51:29+00:00 "GET /012/eh-asset.css?cc=no-store&ms=150&n=nginx-no-store-preload-3 HTTP/2.0" ae="gzip, deflate, br, zstd" avail="-" dict_matched=0 ce="-" served="-" bytes=47 status=200
2026-08-15T15:51:29+00:00 "GET /012/eh?hints=preload&ms=200&cc=no-store&n=nginx-no-store-preload-4 HTTP/2.0" ae="gzip, deflate, br, zstd" avail="-" dict_matched=0 ce="-" served="-" bytes=261 status=200
2026-08-15T15:51:29+00:00 "GET /012/eh-asset.css?cc=no-store&ms=150&n=nginx-no-store-preload-4 HTTP/2.0" ae="gzip, deflate, br, zstd" avail="-" dict_matched=0 ce="-" served="-" bytes=47 status=200
2026-08-15T15:51:29+00:00 "GET /012/eh?hints=none&ms=200&cc=public%2C%20max-age%3D60&n=nginx-public,%20max-age=60-none-0 HTTP/2.0" ae="gzip, deflate, br, zstd" avail="-" dict_matched=0 ce="-" served="-" bytes=294 status=200
2026-08-15T15:51:29+00:00 "GET /012/eh-asset.css?cc=public%2C%20max-age%3D60&ms=150&n=nginx-public%2C%20max-age%3D60-none-0 HTTP/2.0" ae="gzip, deflate, br, zstd" avail="-" dict_matched=0 ce="-" served="-" bytes=47 status=200
2026-08-15T15:51:30+00:00 "GET /012/eh?hints=none&ms=200&cc=public%2C%20max-age%3D60&n=nginx-public,%20max-age=60-none-1 HTTP/2.0" ae="gzip, deflate, br, zstd" avail="-" dict_matched=0 ce="-" served="-" bytes=294 status=200
2026-08-15T15:51:30+00:00 "GET /012/eh-asset.css?cc=public%2C%20max-age%3D60&ms=150&n=nginx-public%2C%20max-age%3D60-none-1 HTTP/2.0" ae="gzip, deflate, br, zstd" avail="-" dict_matched=0 ce="-" served="-" bytes=47 status=200
2026-08-15T15:51:30+00:00 "GET /012/eh?hints=none&ms=200&cc=public%2C%20max-age%3D60&n=nginx-public,%20max-age=60-none-2 HTTP/2.0" ae="gzip, deflate, br, zstd" avail="-" dict_matched=0 ce="-" served="-" bytes=294 status=200
2026-08-15T15:51:30+00:00 "GET /012/eh-asset.css?cc=public%2C%20max-age%3D60&ms=150&n=nginx-public%2C%20max-age%3D60-none-2 HTTP/2.0" ae="gzip, deflate, br, zstd" avail="-" dict_matched=0 ce="-" served="-" bytes=47 status=200
2026-08-15T15:51:30+00:00 "GET /012/eh?hints=none&ms=200&cc=public%2C%20max-age%3D60&n=nginx-public,%20max-age=60-none-3 HTTP/2.0" ae="gzip, deflate, br, zstd" avail="-" dict_matched=0 ce="-" served="-" bytes=294 status=200
2026-08-15T15:51:31+00:00 "GET /012/eh-asset.css?cc=public%2C%20max-age%3D60&ms=150&n=nginx-public%2C%20max-age%3D60-none-3 HTTP/2.0" ae="gzip, deflate, br, zstd" avail="-" dict_matched=0 ce="-" served="-" bytes=47 status=200
2026-08-15T15:51:31+00:00 "GET /012/eh?hints=none&ms=200&cc=public%2C%20max-age%3D60&n=nginx-public,%20max-age=60-none-4 HTTP/2.0" ae="gzip, deflate, br, zstd" avail="-" dict_matched=0 ce="-" served="-" bytes=294 status=200
2026-08-15T15:51:31+00:00 "GET /012/eh-asset.css?cc=public%2C%20max-age%3D60&ms=150&n=nginx-public%2C%20max-age%3D60-none-4 HTTP/2.0" ae="gzip, deflate, br, zstd" avail="-" dict_matched=0 ce="-" served="-" bytes=47 status=200
2026-08-15T15:51:31+00:00 "GET /012/eh?hints=bare&ms=200&cc=public%2C%20max-age%3D60&n=nginx-public,%20max-age=60-bare-0 HTTP/2.0" ae="gzip, deflate, br, zstd" avail="-" dict_matched=0 ce="-" served="-" bytes=294 status=200
2026-08-15T15:51:31+00:00 "GET /012/eh-asset.css?cc=public%2C%20max-age%3D60&ms=150&n=nginx-public%2C%20max-age%3D60-bare-0 HTTP/2.0" ae="gzip, deflate, br, zstd" avail="-" dict_matched=0 ce="-" served="-" bytes=47 status=200
2026-08-15T15:51:32+00:00 "GET /012/eh?hints=bare&ms=200&cc=public%2C%20max-age%3D60&n=nginx-public,%20max-age=60-bare-1 HTTP/2.0" ae="gzip, deflate, br, zstd" avail="-" dict_matched=0 ce="-" served="-" bytes=294 status=200
2026-08-15T15:51:32+00:00 "GET /012/eh-asset.css?cc=public%2C%20max-age%3D60&ms=150&n=nginx-public%2C%20max-age%3D60-bare-1 HTTP/2.0" ae="gzip, deflate, br, zstd" avail="-" dict_matched=0 ce="-" served="-" bytes=47 status=200
2026-08-15T15:51:32+00:00 "GET /012/eh?hints=bare&ms=200&cc=public%2C%20max-age%3D60&n=nginx-public,%20max-age=60-bare-2 HTTP/2.0" ae="gzip, deflate, br, zstd" avail="-" dict_matched=0 ce="-" served="-" bytes=294 status=200
2026-08-15T15:51:32+00:00 "GET /012/eh-asset.css?cc=public%2C%20max-age%3D60&ms=150&n=nginx-public%2C%20max-age%3D60-bare-2 HTTP/2.0" ae="gzip, deflate, br, zstd" avail="-" dict_matched=0 ce="-" served="-" bytes=47 status=200
2026-08-15T15:51:32+00:00 "GET /012/eh?hints=bare&ms=200&cc=public%2C%20max-age%3D60&n=nginx-public,%20max-age=60-bare-3 HTTP/2.0" ae="gzip, deflate, br, zstd" avail="-" dict_matched=0 ce="-" served="-" bytes=294 status=200
2026-08-15T15:51:33+00:00 "GET /012/eh-asset.css?cc=public%2C%20max-age%3D60&ms=150&n=nginx-public%2C%20max-age%3D60-bare-3 HTTP/2.0" ae="gzip, deflate, br, zstd" avail="-" dict_matched=0 ce="-" served="-" bytes=47 status=200
2026-08-15T15:51:33+00:00 "GET /012/eh?hints=bare&ms=200&cc=public%2C%20max-age%3D60&n=nginx-public,%20max-age=60-bare-4 HTTP/2.0" ae="gzip, deflate, br, zstd" avail="-" dict_matched=0 ce="-" served="-" bytes=294 status=200
2026-08-15T15:51:33+00:00 "GET /012/eh-asset.css?cc=public%2C%20max-age%3D60&ms=150&n=nginx-public%2C%20max-age%3D60-bare-4 HTTP/2.0" ae="gzip, deflate, br, zstd" avail="-" dict_matched=0 ce="-" served="-" bytes=47 status=200
2026-08-15T15:51:33+00:00 "GET /012/eh?hints=preload&ms=200&cc=public%2C%20max-age%3D60&n=nginx-public,%20max-age=60-preload-0 HTTP/2.0" ae="gzip, deflate, br, zstd" avail="-" dict_matched=0 ce="-" served="-" bytes=303 status=200
2026-08-15T15:51:33+00:00 "GET /012/eh-asset.css?cc=public%2C%20max-age%3D60&ms=150&n=nginx-public%2C%20max-age%3D60-preload-0 HTTP/2.0" ae="gzip, deflate, br, zstd" avail="-" dict_matched=0 ce="-" served="-" bytes=47 status=200
2026-08-15T15:51:34+00:00 "GET /012/eh?hints=preload&ms=200&cc=public%2C%20max-age%3D60&n=nginx-public,%20max-age=60-preload-1 HTTP/2.0" ae="gzip, deflate, br, zstd" avail="-" dict_matched=0 ce="-" served="-" bytes=303 status=200
2026-08-15T15:51:34+00:00 "GET /012/eh-asset.css?cc=public%2C%20max-age%3D60&ms=150&n=nginx-public%2C%20max-age%3D60-preload-1 HTTP/2.0" ae="gzip, deflate, br, zstd" avail="-" dict_matched=0 ce="-" served="-" bytes=47 status=200
2026-08-15T15:51:34+00:00 "GET /012/eh?hints=preload&ms=200&cc=public%2C%20max-age%3D60&n=nginx-public,%20max-age=60-preload-2 HTTP/2.0" ae="gzip, deflate, br, zstd" avail="-" dict_matched=0 ce="-" served="-" bytes=303 status=200
2026-08-15T15:51:34+00:00 "GET /012/eh-asset.css?cc=public%2C%20max-age%3D60&ms=150&n=nginx-public%2C%20max-age%3D60-preload-2 HTTP/2.0" ae="gzip, deflate, br, zstd" avail="-" dict_matched=0 ce="-" served="-" bytes=47 status=200
2026-08-15T15:51:34+00:00 "GET /012/eh?hints=preload&ms=200&cc=public%2C%20max-age%3D60&n=nginx-public,%20max-age=60-preload-3 HTTP/2.0" ae="gzip, deflate, br, zstd" avail="-" dict_matched=0 ce="-" served="-" bytes=303 status=200
2026-08-15T15:51:35+00:00 "GET /012/eh-asset.css?cc=public%2C%20max-age%3D60&ms=150&n=nginx-public%2C%20max-age%3D60-preload-3 HTTP/2.0" ae="gzip, deflate, br, zstd" avail="-" dict_matched=0 ce="-" served="-" bytes=47 status=200
2026-08-15T15:51:35+00:00 "GET /012/eh?hints=preload&ms=200&cc=public%2C%20max-age%3D60&n=nginx-public,%20max-age=60-preload-4 HTTP/2.0" ae="gzip, deflate, br, zstd" avail="-" dict_matched=0 ce="-" served="-" bytes=303 status=200
2026-08-15T15:51:35+00:00 "GET /012/eh-asset.css?cc=public%2C%20max-age%3D60&ms=150&n=nginx-public%2C%20max-age%3D60-preload-4 HTTP/2.0" ae="gzip, deflate, br, zstd" avail="-" dict_matched=0 ce="-" served="-" bytes=47 status=200
2026-08-15T15:52:00+00:00 "GET /012/eh?hints=none&ms=200&cc=no-store&n=nginx-no-store-none-0 HTTP/2.0" ae="gzip, deflate, br" avail="-" dict_matched=0 ce="-" served="-" bytes=252 status=200
2026-08-15T15:52:00+00:00 "GET /012/eh-asset.css?cc=no-store&ms=150&n=nginx-no-store-none-0 HTTP/2.0" ae="gzip, deflate, br" avail="-" dict_matched=0 ce="-" served="-" bytes=47 status=200
2026-08-15T15:52:00+00:00 "GET /012/eh?hints=none&ms=200&cc=no-store&n=nginx-no-store-none-1 HTTP/2.0" ae="gzip, deflate, br" avail="-" dict_matched=0 ce="-" served="-" bytes=252 status=200
2026-08-15T15:52:00+00:00 "GET /012/eh-asset.css?cc=no-store&ms=150&n=nginx-no-store-none-1 HTTP/2.0" ae="gzip, deflate, br" avail="-" dict_matched=0 ce="-" served="-" bytes=47 status=200
2026-08-15T15:52:00+00:00 "GET /012/eh?hints=none&ms=200&cc=no-store&n=nginx-no-store-none-2 HTTP/2.0" ae="gzip, deflate, br" avail="-" dict_matched=0 ce="-" served="-" bytes=252 status=200
2026-08-15T15:52:01+00:00 "GET /012/eh-asset.css?cc=no-store&ms=150&n=nginx-no-store-none-2 HTTP/2.0" ae="gzip, deflate, br" avail="-" dict_matched=0 ce="-" served="-" bytes=47 status=200
2026-08-15T15:52:01+00:00 "GET /012/eh?hints=none&ms=200&cc=no-store&n=nginx-no-store-none-3 HTTP/2.0" ae="gzip, deflate, br" avail="-" dict_matched=0 ce="-" served="-" bytes=252 status=200
2026-08-15T15:52:01+00:00 "GET /012/eh-asset.css?cc=no-store&ms=150&n=nginx-no-store-none-3 HTTP/2.0" ae="gzip, deflate, br" avail="-" dict_matched=0 ce="-" served="-" bytes=47 status=200
2026-08-15T15:52:01+00:00 "GET /012/eh?hints=none&ms=200&cc=no-store&n=nginx-no-store-none-4 HTTP/2.0" ae="gzip, deflate, br" avail="-" dict_matched=0 ce="-" served="-" bytes=252 status=200
2026-08-15T15:52:01+00:00 "GET /012/eh-asset.css?cc=no-store&ms=150&n=nginx-no-store-none-4 HTTP/2.0" ae="gzip, deflate, br" avail="-" dict_matched=0 ce="-" served="-" bytes=47 status=200
2026-08-15T15:52:02+00:00 "GET /012/eh?hints=bare&ms=200&cc=no-store&n=nginx-no-store-bare-0 HTTP/2.0" ae="gzip, deflate, br" avail="-" dict_matched=0 ce="-" served="-" bytes=252 status=200
2026-08-15T15:52:02+00:00 "GET /012/eh-asset.css?cc=no-store&ms=150&n=nginx-no-store-bare-0 HTTP/2.0" ae="gzip, deflate, br" avail="-" dict_matched=0 ce="-" served="-" bytes=47 status=200
2026-08-15T15:52:02+00:00 "GET /012/eh?hints=bare&ms=200&cc=no-store&n=nginx-no-store-bare-1 HTTP/2.0" ae="gzip, deflate, br" avail="-" dict_matched=0 ce="-" served="-" bytes=252 status=200
2026-08-15T15:52:02+00:00 "GET /012/eh-asset.css?cc=no-store&ms=150&n=nginx-no-store-bare-1 HTTP/2.0" ae="gzip, deflate, br" avail="-" dict_matched=0 ce="-" served="-" bytes=47 status=200
2026-08-15T15:52:02+00:00 "GET /012/eh?hints=bare&ms=200&cc=no-store&n=nginx-no-store-bare-2 HTTP/2.0" ae="gzip, deflate, br" avail="-" dict_matched=0 ce="-" served="-" bytes=252 status=200
2026-08-15T15:52:02+00:00 "GET /012/eh-asset.css?cc=no-store&ms=150&n=nginx-no-store-bare-2 HTTP/2.0" ae="gzip, deflate, br" avail="-" dict_matched=0 ce="-" served="-" bytes=47 status=200
2026-08-15T15:52:03+00:00 "GET /012/eh?hints=bare&ms=200&cc=no-store&n=nginx-no-store-bare-3 HTTP/2.0" ae="gzip, deflate, br" avail="-" dict_matched=0 ce="-" served="-" bytes=252 status=200
2026-08-15T15:52:03+00:00 "GET /012/eh-asset.css?cc=no-store&ms=150&n=nginx-no-store-bare-3 HTTP/2.0" ae="gzip, deflate, br" avail="-" dict_matched=0 ce="-" served="-" bytes=47 status=200
2026-08-15T15:52:03+00:00 "GET /012/eh?hints=bare&ms=200&cc=no-store&n=nginx-no-store-bare-4 HTTP/2.0" ae="gzip, deflate, br" avail="-" dict_matched=0 ce="-" served="-" bytes=252 status=200
2026-08-15T15:52:03+00:00 "GET /012/eh-asset.css?cc=no-store&ms=150&n=nginx-no-store-bare-4 HTTP/2.0" ae="gzip, deflate, br" avail="-" dict_matched=0 ce="-" served="-" bytes=47 status=200
2026-08-15T15:52:04+00:00 "GET /012/eh?hints=preload&ms=200&cc=no-store&n=nginx-no-store-preload-0 HTTP/2.0" ae="gzip, deflate, br" avail="-" dict_matched=0 ce="-" served="-" bytes=261 status=200
2026-08-15T15:52:04+00:00 "GET /012/eh-asset.css?cc=no-store&ms=150&n=nginx-no-store-preload-0 HTTP/2.0" ae="gzip, deflate, br" avail="-" dict_matched=0 ce="-" served="-" bytes=47 status=200
2026-08-15T15:52:04+00:00 "GET /012/eh?hints=preload&ms=200&cc=no-store&n=nginx-no-store-preload-1 HTTP/2.0" ae="gzip, deflate, br" avail="-" dict_matched=0 ce="-" served="-" bytes=261 status=200
2026-08-15T15:52:04+00:00 "GET /012/eh-asset.css?cc=no-store&ms=150&n=nginx-no-store-preload-1 HTTP/2.0" ae="gzip, deflate, br" avail="-" dict_matched=0 ce="-" served="-" bytes=47 status=200
2026-08-15T15:52:04+00:00 "GET /012/eh?hints=preload&ms=200&cc=no-store&n=nginx-no-store-preload-2 HTTP/2.0" ae="gzip, deflate, br" avail="-" dict_matched=0 ce="-" served="-" bytes=261 status=200
2026-08-15T15:52:04+00:00 "GET /012/eh-asset.css?cc=no-store&ms=150&n=nginx-no-store-preload-2 HTTP/2.0" ae="gzip, deflate, br" avail="-" dict_matched=0 ce="-" served="-" bytes=47 status=200
2026-08-15T15:52:05+00:00 "GET /012/eh?hints=preload&ms=200&cc=no-store&n=nginx-no-store-preload-3 HTTP/2.0" ae="gzip, deflate, br" avail="-" dict_matched=0 ce="-" served="-" bytes=261 status=200
2026-08-15T15:52:05+00:00 "GET /012/eh-asset.css?cc=no-store&ms=150&n=nginx-no-store-preload-3 HTTP/2.0" ae="gzip, deflate, br" avail="-" dict_matched=0 ce="-" served="-" bytes=47 status=200
2026-08-15T15:52:05+00:00 "GET /012/eh?hints=preload&ms=200&cc=no-store&n=nginx-no-store-preload-4 HTTP/2.0" ae="gzip, deflate, br" avail="-" dict_matched=0 ce="-" served="-" bytes=261 status=200
2026-08-15T15:52:05+00:00 "GET /012/eh-asset.css?cc=no-store&ms=150&n=nginx-no-store-preload-4 HTTP/2.0" ae="gzip, deflate, br" avail="-" dict_matched=0 ce="-" served="-" bytes=47 status=200
2026-08-15T15:52:05+00:00 "GET /012/eh?hints=none&ms=200&cc=public%2C%20max-age%3D60&n=nginx-public,%20max-age=60-none-0 HTTP/2.0" ae="gzip, deflate, br" avail="-" dict_matched=0 ce="-" served="-" bytes=294 status=200
2026-08-15T15:52:06+00:00 "GET /012/eh-asset.css?cc=public%2C%20max-age%3D60&ms=150&n=nginx-public%2C%20max-age%3D60-none-0 HTTP/2.0" ae="gzip, deflate, br" avail="-" dict_matched=0 ce="-" served="-" bytes=47 status=200
2026-08-15T15:52:06+00:00 "GET /012/eh?hints=none&ms=200&cc=public%2C%20max-age%3D60&n=nginx-public,%20max-age=60-none-1 HTTP/2.0" ae="gzip, deflate, br" avail="-" dict_matched=0 ce="-" served="-" bytes=294 status=200
2026-08-15T15:52:06+00:00 "GET /012/eh-asset.css?cc=public%2C%20max-age%3D60&ms=150&n=nginx-public%2C%20max-age%3D60-none-1 HTTP/2.0" ae="gzip, deflate, br" avail="-" dict_matched=0 ce="-" served="-" bytes=47 status=200
2026-08-15T15:52:06+00:00 "GET /012/eh?hints=none&ms=200&cc=public%2C%20max-age%3D60&n=nginx-public,%20max-age=60-none-2 HTTP/2.0" ae="gzip, deflate, br" avail="-" dict_matched=0 ce="-" served="-" bytes=294 status=200
2026-08-15T15:52:06+00:00 "GET /012/eh-asset.css?cc=public%2C%20max-age%3D60&ms=150&n=nginx-public%2C%20max-age%3D60-none-2 HTTP/2.0" ae="gzip, deflate, br" avail="-" dict_matched=0 ce="-" served="-" bytes=47 status=200
2026-08-15T15:52:07+00:00 "GET /012/eh?hints=none&ms=200&cc=public%2C%20max-age%3D60&n=nginx-public,%20max-age=60-none-3 HTTP/2.0" ae="gzip, deflate, br" avail="-" dict_matched=0 ce="-" served="-" bytes=294 status=200
2026-08-15T15:52:07+00:00 "GET /012/eh-asset.css?cc=public%2C%20max-age%3D60&ms=150&n=nginx-public%2C%20max-age%3D60-none-3 HTTP/2.0" ae="gzip, deflate, br" avail="-" dict_matched=0 ce="-" served="-" bytes=47 status=200
2026-08-15T15:52:07+00:00 "GET /012/eh?hints=none&ms=200&cc=public%2C%20max-age%3D60&n=nginx-public,%20max-age=60-none-4 HTTP/2.0" ae="gzip, deflate, br" avail="-" dict_matched=0 ce="-" served="-" bytes=294 status=200
2026-08-15T15:52:07+00:00 "GET /012/eh-asset.css?cc=public%2C%20max-age%3D60&ms=150&n=nginx-public%2C%20max-age%3D60-none-4 HTTP/2.0" ae="gzip, deflate, br" avail="-" dict_matched=0 ce="-" served="-" bytes=47 status=200
2026-08-15T15:52:07+00:00 "GET /012/eh?hints=bare&ms=200&cc=public%2C%20max-age%3D60&n=nginx-public,%20max-age=60-bare-0 HTTP/2.0" ae="gzip, deflate, br" avail="-" dict_matched=0 ce="-" served="-" bytes=294 status=200
2026-08-15T15:52:08+00:00 "GET /012/eh-asset.css?cc=public%2C%20max-age%3D60&ms=150&n=nginx-public%2C%20max-age%3D60-bare-0 HTTP/2.0" ae="gzip, deflate, br" avail="-" dict_matched=0 ce="-" served="-" bytes=47 status=200
2026-08-15T15:52:08+00:00 "GET /012/eh?hints=bare&ms=200&cc=public%2C%20max-age%3D60&n=nginx-public,%20max-age=60-bare-1 HTTP/2.0" ae="gzip, deflate, br" avail="-" dict_matched=0 ce="-" served="-" bytes=294 status=200
2026-08-15T15:52:08+00:00 "GET /012/eh-asset.css?cc=public%2C%20max-age%3D60&ms=150&n=nginx-public%2C%20max-age%3D60-bare-1 HTTP/2.0" ae="gzip, deflate, br" avail="-" dict_matched=0 ce="-" served="-" bytes=47 status=200
2026-08-15T15:52:08+00:00 "GET /012/eh?hints=bare&ms=200&cc=public%2C%20max-age%3D60&n=nginx-public,%20max-age=60-bare-2 HTTP/2.0" ae="gzip, deflate, br" avail="-" dict_matched=0 ce="-" served="-" bytes=294 status=200
2026-08-15T15:52:08+00:00 "GET /012/eh-asset.css?cc=public%2C%20max-age%3D60&ms=150&n=nginx-public%2C%20max-age%3D60-bare-2 HTTP/2.0" ae="gzip, deflate, br" avail="-" dict_matched=0 ce="-" served="-" bytes=47 status=200
2026-08-15T15:52:09+00:00 "GET /012/eh?hints=bare&ms=200&cc=public%2C%20max-age%3D60&n=nginx-public,%20max-age=60-bare-3 HTTP/2.0" ae="gzip, deflate, br" avail="-" dict_matched=0 ce="-" served="-" bytes=294 status=200
2026-08-15T15:52:09+00:00 "GET /012/eh-asset.css?cc=public%2C%20max-age%3D60&ms=150&n=nginx-public%2C%20max-age%3D60-bare-3 HTTP/2.0" ae="gzip, deflate, br" avail="-" dict_matched=0 ce="-" served="-" bytes=47 status=200
2026-08-15T15:52:09+00:00 "GET /012/eh?hints=bare&ms=200&cc=public%2C%20max-age%3D60&n=nginx-public,%20max-age=60-bare-4 HTTP/2.0" ae="gzip, deflate, br" avail="-" dict_matched=0 ce="-" served="-" bytes=294 status=200
2026-08-15T15:52:09+00:00 "GET /012/eh-asset.css?cc=public%2C%20max-age%3D60&ms=150&n=nginx-public%2C%20max-age%3D60-bare-4 HTTP/2.0" ae="gzip, deflate, br" avail="-" dict_matched=0 ce="-" served="-" bytes=47 status=200
2026-08-15T15:52:09+00:00 "GET /012/eh?hints=preload&ms=200&cc=public%2C%20max-age%3D60&n=nginx-public,%20max-age=60-preload-0 HTTP/2.0" ae="gzip, deflate, br" avail="-" dict_matched=0 ce="-" served="-" bytes=303 status=200
2026-08-15T15:52:10+00:00 "GET /012/eh-asset.css?cc=public%2C%20max-age%3D60&ms=150&n=nginx-public%2C%20max-age%3D60-preload-0 HTTP/2.0" ae="gzip, deflate, br" avail="-" dict_matched=0 ce="-" served="-" bytes=47 status=200
2026-08-15T15:52:10+00:00 "GET /012/eh?hints=preload&ms=200&cc=public%2C%20max-age%3D60&n=nginx-public,%20max-age=60-preload-1 HTTP/2.0" ae="gzip, deflate, br" avail="-" dict_matched=0 ce="-" served="-" bytes=303 status=200
2026-08-15T15:52:10+00:00 "GET /012/eh-asset.css?cc=public%2C%20max-age%3D60&ms=150&n=nginx-public%2C%20max-age%3D60-preload-1 HTTP/2.0" ae="gzip, deflate, br" avail="-" dict_matched=0 ce="-" served="-" bytes=47 status=200
2026-08-15T15:52:10+00:00 "GET /012/eh?hints=preload&ms=200&cc=public%2C%20max-age%3D60&n=nginx-public,%20max-age=60-preload-2 HTTP/2.0" ae="gzip, deflate, br" avail="-" dict_matched=0 ce="-" served="-" bytes=303 status=200
2026-08-15T15:52:10+00:00 "GET /012/eh-asset.css?cc=public%2C%20max-age%3D60&ms=150&n=nginx-public%2C%20max-age%3D60-preload-2 HTTP/2.0" ae="gzip, deflate, br" avail="-" dict_matched=0 ce="-" served="-" bytes=47 status=200
2026-08-15T15:52:11+00:00 "GET /012/eh?hints=preload&ms=200&cc=public%2C%20max-age%3D60&n=nginx-public,%20max-age=60-preload-3 HTTP/2.0" ae="gzip, deflate, br" avail="-" dict_matched=0 ce="-" served="-" bytes=303 status=200
2026-08-15T15:52:11+00:00 "GET /012/eh-asset.css?cc=public%2C%20max-age%3D60&ms=150&n=nginx-public%2C%20max-age%3D60-preload-3 HTTP/2.0" ae="gzip, deflate, br" avail="-" dict_matched=0 ce="-" served="-" bytes=47 status=200
2026-08-15T15:52:11+00:00 "GET /012/eh?hints=preload&ms=200&cc=public%2C%20max-age%3D60&n=nginx-public,%20max-age=60-preload-4 HTTP/2.0" ae="gzip, deflate, br" avail="-" dict_matched=0 ce="-" served="-" bytes=303 status=200
2026-08-15T15:52:11+00:00 "GET /012/eh-asset.css?cc=public%2C%20max-age%3D60&ms=150&n=nginx-public%2C%20max-age%3D60-preload-4 HTTP/2.0" ae="gzip, deflate, br" avail="-" dict_matched=0 ce="-" served="-" bytes=47 status=200
2026-08-15T15:53:39+00:00 "GET /012/eh?hints=none&ms=200&cc=no-store&n=nginx-no-store-none-0 HTTP/2.0" ae="gzip, deflate, br, zstd" avail="-" dict_matched=0 ce="-" served="-" bytes=252 status=200
2026-08-15T15:53:39+00:00 "GET /012/eh-asset.css?cc=no-store&ms=150&n=nginx-no-store-none-0 HTTP/2.0" ae="gzip, deflate, br, zstd" avail="-" dict_matched=0 ce="-" served="-" bytes=47 status=200
2026-08-15T15:53:39+00:00 "GET /favicon.ico HTTP/2.0" ae="gzip, deflate, br, zstd" avail="-" dict_matched=0 ce="-" served="-" bytes=555 status=404
2026-08-15T15:53:39+00:00 "GET /012/eh?hints=none&ms=200&cc=no-store&n=nginx-no-store-none-1 HTTP/2.0" ae="gzip, deflate, br, zstd" avail="-" dict_matched=0 ce="-" served="-" bytes=252 status=200
2026-08-15T15:53:40+00:00 "GET /012/eh-asset.css?cc=no-store&ms=150&n=nginx-no-store-none-1 HTTP/2.0" ae="gzip, deflate, br, zstd" avail="-" dict_matched=0 ce="-" served="-" bytes=47 status=200
2026-08-15T15:53:40+00:00 "GET /012/eh?hints=none&ms=200&cc=no-store&n=nginx-no-store-none-2 HTTP/2.0" ae="gzip, deflate, br, zstd" avail="-" dict_matched=0 ce="-" served="-" bytes=252 status=200
2026-08-15T15:53:40+00:00 "GET /012/eh-asset.css?cc=no-store&ms=150&n=nginx-no-store-none-2 HTTP/2.0" ae="gzip, deflate, br, zstd" avail="-" dict_matched=0 ce="-" served="-" bytes=47 status=200
2026-08-15T15:53:40+00:00 "GET /012/eh?hints=bare&ms=200&cc=no-store&n=nginx-no-store-bare-0 HTTP/2.0" ae="gzip, deflate, br, zstd" avail="-" dict_matched=0 ce="-" served="-" bytes=252 status=200
2026-08-15T15:53:40+00:00 "GET /012/eh-asset.css?cc=no-store&ms=150&n=nginx-no-store-bare-0 HTTP/2.0" ae="gzip, deflate, br, zstd" avail="-" dict_matched=0 ce="-" served="-" bytes=47 status=200
2026-08-15T15:53:41+00:00 "GET /012/eh?hints=bare&ms=200&cc=no-store&n=nginx-no-store-bare-1 HTTP/2.0" ae="gzip, deflate, br, zstd" avail="-" dict_matched=0 ce="-" served="-" bytes=252 status=200
2026-08-15T15:53:41+00:00 "GET /012/eh-asset.css?cc=no-store&ms=150&n=nginx-no-store-bare-1 HTTP/2.0" ae="gzip, deflate, br, zstd" avail="-" dict_matched=0 ce="-" served="-" bytes=47 status=200
2026-08-15T15:53:41+00:00 "GET /012/eh?hints=bare&ms=200&cc=no-store&n=nginx-no-store-bare-2 HTTP/2.0" ae="gzip, deflate, br, zstd" avail="-" dict_matched=0 ce="-" served="-" bytes=252 status=200
2026-08-15T15:53:41+00:00 "GET /012/eh-asset.css?cc=no-store&ms=150&n=nginx-no-store-bare-2 HTTP/2.0" ae="gzip, deflate, br, zstd" avail="-" dict_matched=0 ce="-" served="-" bytes=47 status=200
2026-08-15T15:53:42+00:00 "GET /012/eh?hints=preload&ms=200&cc=no-store&n=nginx-no-store-preload-0 HTTP/2.0" ae="gzip, deflate, br, zstd" avail="-" dict_matched=0 ce="-" served="-" bytes=261 status=200
2026-08-15T15:53:42+00:00 "GET /012/eh-asset.css?cc=no-store&ms=150&n=nginx-no-store-preload-0 HTTP/2.0" ae="gzip, deflate, br, zstd" avail="-" dict_matched=0 ce="-" served="-" bytes=47 status=200
2026-08-15T15:53:42+00:00 "GET /012/eh?hints=preload&ms=200&cc=no-store&n=nginx-no-store-preload-1 HTTP/2.0" ae="gzip, deflate, br, zstd" avail="-" dict_matched=0 ce="-" served="-" bytes=261 status=200
2026-08-15T15:53:42+00:00 "GET /012/eh-asset.css?cc=no-store&ms=150&n=nginx-no-store-preload-1 HTTP/2.0" ae="gzip, deflate, br, zstd" avail="-" dict_matched=0 ce="-" served="-" bytes=47 status=200
2026-08-15T15:53:43+00:00 "GET /012/eh?hints=preload&ms=200&cc=no-store&n=nginx-no-store-preload-2 HTTP/2.0" ae="gzip, deflate, br, zstd" avail="-" dict_matched=0 ce="-" served="-" bytes=261 status=200
2026-08-15T15:53:43+00:00 "GET /012/eh-asset.css?cc=no-store&ms=150&n=nginx-no-store-preload-2 HTTP/2.0" ae="gzip, deflate, br, zstd" avail="-" dict_matched=0 ce="-" served="-" bytes=47 status=200
2026-08-15T15:53:43+00:00 "GET /012/eh?hints=none&ms=200&cc=public%2C%20max-age%3D60&n=nginx-public,%20max-age=60-none-0 HTTP/2.0" ae="gzip, deflate, br, zstd" avail="-" dict_matched=0 ce="-" served="-" bytes=294 status=200
2026-08-15T15:53:43+00:00 "GET /012/eh-asset.css?cc=public%2C%20max-age%3D60&ms=150&n=nginx-public%2C%20max-age%3D60-none-0 HTTP/2.0" ae="gzip, deflate, br, zstd" avail="-" dict_matched=0 ce="-" served="-" bytes=47 status=200
2026-08-15T15:53:43+00:00 "GET /012/eh?hints=none&ms=200&cc=public%2C%20max-age%3D60&n=nginx-public,%20max-age=60-none-1 HTTP/2.0" ae="gzip, deflate, br, zstd" avail="-" dict_matched=0 ce="-" served="-" bytes=294 status=200
2026-08-15T15:53:44+00:00 "GET /012/eh-asset.css?cc=public%2C%20max-age%3D60&ms=150&n=nginx-public%2C%20max-age%3D60-none-1 HTTP/2.0" ae="gzip, deflate, br, zstd" avail="-" dict_matched=0 ce="-" served="-" bytes=47 status=200
2026-08-15T15:53:44+00:00 "GET /012/eh?hints=none&ms=200&cc=public%2C%20max-age%3D60&n=nginx-public,%20max-age=60-none-2 HTTP/2.0" ae="gzip, deflate, br, zstd" avail="-" dict_matched=0 ce="-" served="-" bytes=294 status=200
2026-08-15T15:53:44+00:00 "GET /012/eh-asset.css?cc=public%2C%20max-age%3D60&ms=150&n=nginx-public%2C%20max-age%3D60-none-2 HTTP/2.0" ae="gzip, deflate, br, zstd" avail="-" dict_matched=0 ce="-" served="-" bytes=47 status=200
2026-08-15T15:53:44+00:00 "GET /012/eh?hints=bare&ms=200&cc=public%2C%20max-age%3D60&n=nginx-public,%20max-age=60-bare-0 HTTP/2.0" ae="gzip, deflate, br, zstd" avail="-" dict_matched=0 ce="-" served="-" bytes=294 status=200
2026-08-15T15:53:45+00:00 "GET /012/eh-asset.css?cc=public%2C%20max-age%3D60&ms=150&n=nginx-public%2C%20max-age%3D60-bare-0 HTTP/2.0" ae="gzip, deflate, br, zstd" avail="-" dict_matched=0 ce="-" served="-" bytes=47 status=200
2026-08-15T15:53:45+00:00 "GET /012/eh?hints=bare&ms=200&cc=public%2C%20max-age%3D60&n=nginx-public,%20max-age=60-bare-1 HTTP/2.0" ae="gzip, deflate, br, zstd" avail="-" dict_matched=0 ce="-" served="-" bytes=294 status=200
2026-08-15T15:53:45+00:00 "GET /012/eh-asset.css?cc=public%2C%20max-age%3D60&ms=150&n=nginx-public%2C%20max-age%3D60-bare-1 HTTP/2.0" ae="gzip, deflate, br, zstd" avail="-" dict_matched=0 ce="-" served="-" bytes=47 status=200
2026-08-15T15:53:45+00:00 "GET /012/eh?hints=bare&ms=200&cc=public%2C%20max-age%3D60&n=nginx-public,%20max-age=60-bare-2 HTTP/2.0" ae="gzip, deflate, br, zstd" avail="-" dict_matched=0 ce="-" served="-" bytes=294 status=200
2026-08-15T15:53:45+00:00 "GET /012/eh-asset.css?cc=public%2C%20max-age%3D60&ms=150&n=nginx-public%2C%20max-age%3D60-bare-2 HTTP/2.0" ae="gzip, deflate, br, zstd" avail="-" dict_matched=0 ce="-" served="-" bytes=47 status=200
2026-08-15T15:53:46+00:00 "GET /012/eh?hints=preload&ms=200&cc=public%2C%20max-age%3D60&n=nginx-public,%20max-age=60-preload-0 HTTP/2.0" ae="gzip, deflate, br, zstd" avail="-" dict_matched=0 ce="-" served="-" bytes=303 status=200
2026-08-15T15:53:46+00:00 "GET /012/eh-asset.css?cc=public%2C%20max-age%3D60&ms=150&n=nginx-public%2C%20max-age%3D60-preload-0 HTTP/2.0" ae="gzip, deflate, br, zstd" avail="-" dict_matched=0 ce="-" served="-" bytes=47 status=200
2026-08-15T15:53:46+00:00 "GET /012/eh?hints=preload&ms=200&cc=public%2C%20max-age%3D60&n=nginx-public,%20max-age=60-preload-1 HTTP/2.0" ae="gzip, deflate, br, zstd" avail="-" dict_matched=0 ce="-" served="-" bytes=303 status=200
2026-08-15T15:53:46+00:00 "GET /012/eh-asset.css?cc=public%2C%20max-age%3D60&ms=150&n=nginx-public%2C%20max-age%3D60-preload-1 HTTP/2.0" ae="gzip, deflate, br, zstd" avail="-" dict_matched=0 ce="-" served="-" bytes=47 status=200
2026-08-15T15:53:47+00:00 "GET /012/eh?hints=preload&ms=200&cc=public%2C%20max-age%3D60&n=nginx-public,%20max-age=60-preload-2 HTTP/2.0" ae="gzip, deflate, br, zstd" avail="-" dict_matched=0 ce="-" served="-" bytes=303 status=200
2026-08-15T15:53:47+00:00 "GET /012/eh-asset.css?cc=public%2C%20max-age%3D60&ms=150&n=nginx-public%2C%20max-age%3D60-preload-2 HTTP/2.0" ae="gzip, deflate, br, zstd" avail="-" dict_matched=0 ce="-" served="-" bytes=47 status=200
2026-08-15T15:54:29+00:00 "GET /012/eh?hints=none&ms=200&cc=no-store&n=nginx-no-store-none-0 HTTP/2.0" ae="gzip, deflate, br, zstd" avail="-" dict_matched=0 ce="-" served="-" bytes=252 status=200
2026-08-15T15:54:29+00:00 "GET /012/eh-asset.css?cc=no-store&ms=150&n=nginx-no-store-none-0 HTTP/2.0" ae="gzip, deflate, br, zstd" avail="-" dict_matched=0 ce="-" served="-" bytes=47 status=200
2026-08-15T15:54:29+00:00 "GET /favicon.ico HTTP/2.0" ae="gzip, deflate, br, zstd" avail="-" dict_matched=0 ce="-" served="-" bytes=555 status=404
2026-08-15T15:54:29+00:00 "GET /012/eh?hints=none&ms=200&cc=no-store&n=nginx-no-store-none-1 HTTP/2.0" ae="gzip, deflate, br, zstd" avail="-" dict_matched=0 ce="-" served="-" bytes=252 status=200
2026-08-15T15:54:29+00:00 "GET /012/eh-asset.css?cc=no-store&ms=150&n=nginx-no-store-none-1 HTTP/2.0" ae="gzip, deflate, br, zstd" avail="-" dict_matched=0 ce="-" served="-" bytes=47 status=200
2026-08-15T15:54:29+00:00 "GET /012/eh?hints=none&ms=200&cc=no-store&n=nginx-no-store-none-2 HTTP/2.0" ae="gzip, deflate, br, zstd" avail="-" dict_matched=0 ce="-" served="-" bytes=252 status=200
2026-08-15T15:54:30+00:00 "GET /012/eh-asset.css?cc=no-store&ms=150&n=nginx-no-store-none-2 HTTP/2.0" ae="gzip, deflate, br, zstd" avail="-" dict_matched=0 ce="-" served="-" bytes=47 status=200
2026-08-15T15:54:30+00:00 "GET /012/eh?hints=none&ms=200&cc=no-store&n=nginx-no-store-none-3 HTTP/2.0" ae="gzip, deflate, br, zstd" avail="-" dict_matched=0 ce="-" served="-" bytes=252 status=200
2026-08-15T15:54:30+00:00 "GET /012/eh-asset.css?cc=no-store&ms=150&n=nginx-no-store-none-3 HTTP/2.0" ae="gzip, deflate, br, zstd" avail="-" dict_matched=0 ce="-" served="-" bytes=47 status=200
2026-08-15T15:54:30+00:00 "GET /012/eh?hints=none&ms=200&cc=no-store&n=nginx-no-store-none-4 HTTP/2.0" ae="gzip, deflate, br, zstd" avail="-" dict_matched=0 ce="-" served="-" bytes=252 status=200
2026-08-15T15:54:30+00:00 "GET /012/eh-asset.css?cc=no-store&ms=150&n=nginx-no-store-none-4 HTTP/2.0" ae="gzip, deflate, br, zstd" avail="-" dict_matched=0 ce="-" served="-" bytes=47 status=200
2026-08-15T15:54:31+00:00 "GET /012/eh?hints=bare&ms=200&cc=no-store&n=nginx-no-store-bare-0 HTTP/2.0" ae="gzip, deflate, br, zstd" avail="-" dict_matched=0 ce="-" served="-" bytes=252 status=200
2026-08-15T15:54:31+00:00 "GET /012/eh-asset.css?cc=no-store&ms=150&n=nginx-no-store-bare-0 HTTP/2.0" ae="gzip, deflate, br, zstd" avail="-" dict_matched=0 ce="-" served="-" bytes=47 status=200
2026-08-15T15:54:31+00:00 "GET /012/eh?hints=bare&ms=200&cc=no-store&n=nginx-no-store-bare-1 HTTP/2.0" ae="gzip, deflate, br, zstd" avail="-" dict_matched=0 ce="-" served="-" bytes=252 status=200
2026-08-15T15:54:31+00:00 "GET /012/eh-asset.css?cc=no-store&ms=150&n=nginx-no-store-bare-1 HTTP/2.0" ae="gzip, deflate, br, zstd" avail="-" dict_matched=0 ce="-" served="-" bytes=47 status=200
2026-08-15T15:54:32+00:00 "GET /012/eh?hints=bare&ms=200&cc=no-store&n=nginx-no-store-bare-2 HTTP/2.0" ae="gzip, deflate, br, zstd" avail="-" dict_matched=0 ce="-" served="-" bytes=252 status=200
2026-08-15T15:54:32+00:00 "GET /012/eh-asset.css?cc=no-store&ms=150&n=nginx-no-store-bare-2 HTTP/2.0" ae="gzip, deflate, br, zstd" avail="-" dict_matched=0 ce="-" served="-" bytes=47 status=200
2026-08-15T15:54:32+00:00 "GET /012/eh?hints=bare&ms=200&cc=no-store&n=nginx-no-store-bare-3 HTTP/2.0" ae="gzip, deflate, br, zstd" avail="-" dict_matched=0 ce="-" served="-" bytes=252 status=200
2026-08-15T15:54:32+00:00 "GET /012/eh-asset.css?cc=no-store&ms=150&n=nginx-no-store-bare-3 HTTP/2.0" ae="gzip, deflate, br, zstd" avail="-" dict_matched=0 ce="-" served="-" bytes=47 status=200
2026-08-15T15:54:33+00:00 "GET /012/eh?hints=bare&ms=200&cc=no-store&n=nginx-no-store-bare-4 HTTP/2.0" ae="gzip, deflate, br, zstd" avail="-" dict_matched=0 ce="-" served="-" bytes=252 status=200
2026-08-15T15:54:33+00:00 "GET /012/eh-asset.css?cc=no-store&ms=150&n=nginx-no-store-bare-4 HTTP/2.0" ae="gzip, deflate, br, zstd" avail="-" dict_matched=0 ce="-" served="-" bytes=47 status=200
2026-08-15T15:54:33+00:00 "GET /012/eh?hints=preload&ms=200&cc=no-store&n=nginx-no-store-preload-0 HTTP/2.0" ae="gzip, deflate, br, zstd" avail="-" dict_matched=0 ce="-" served="-" bytes=261 status=200
2026-08-15T15:54:33+00:00 "GET /012/eh-asset.css?cc=no-store&ms=150&n=nginx-no-store-preload-0 HTTP/2.0" ae="gzip, deflate, br, zstd" avail="-" dict_matched=0 ce="-" served="-" bytes=47 status=200
2026-08-15T15:54:34+00:00 "GET /012/eh?hints=preload&ms=200&cc=no-store&n=nginx-no-store-preload-1 HTTP/2.0" ae="gzip, deflate, br, zstd" avail="-" dict_matched=0 ce="-" served="-" bytes=261 status=200
2026-08-15T15:54:34+00:00 "GET /012/eh-asset.css?cc=no-store&ms=150&n=nginx-no-store-preload-1 HTTP/2.0" ae="gzip, deflate, br, zstd" avail="-" dict_matched=0 ce="-" served="-" bytes=47 status=200
2026-08-15T15:54:34+00:00 "GET /012/eh?hints=preload&ms=200&cc=no-store&n=nginx-no-store-preload-2 HTTP/2.0" ae="gzip, deflate, br, zstd" avail="-" dict_matched=0 ce="-" served="-" bytes=261 status=200
2026-08-15T15:54:34+00:00 "GET /012/eh-asset.css?cc=no-store&ms=150&n=nginx-no-store-preload-2 HTTP/2.0" ae="gzip, deflate, br, zstd" avail="-" dict_matched=0 ce="-" served="-" bytes=47 status=200
2026-08-15T15:54:34+00:00 "GET /012/eh?hints=preload&ms=200&cc=no-store&n=nginx-no-store-preload-3 HTTP/2.0" ae="gzip, deflate, br, zstd" avail="-" dict_matched=0 ce="-" served="-" bytes=261 status=200
2026-08-15T15:54:35+00:00 "GET /012/eh-asset.css?cc=no-store&ms=150&n=nginx-no-store-preload-3 HTTP/2.0" ae="gzip, deflate, br, zstd" avail="-" dict_matched=0 ce="-" served="-" bytes=47 status=200
2026-08-15T15:54:35+00:00 "GET /012/eh?hints=preload&ms=200&cc=no-store&n=nginx-no-store-preload-4 HTTP/2.0" ae="gzip, deflate, br, zstd" avail="-" dict_matched=0 ce="-" served="-" bytes=261 status=200
2026-08-15T15:54:35+00:00 "GET /012/eh-asset.css?cc=no-store&ms=150&n=nginx-no-store-preload-4 HTTP/2.0" ae="gzip, deflate, br, zstd" avail="-" dict_matched=0 ce="-" served="-" bytes=47 status=200
2026-08-15T15:54:35+00:00 "GET /012/eh?hints=none&ms=200&cc=public%2C%20max-age%3D60&n=nginx-public,%20max-age=60-none-0 HTTP/2.0" ae="gzip, deflate, br, zstd" avail="-" dict_matched=0 ce="-" served="-" bytes=294 status=200
2026-08-15T15:54:36+00:00 "GET /012/eh-asset.css?cc=public%2C%20max-age%3D60&ms=150&n=nginx-public%2C%20max-age%3D60-none-0 HTTP/2.0" ae="gzip, deflate, br, zstd" avail="-" dict_matched=0 ce="-" served="-" bytes=47 status=200
2026-08-15T15:54:36+00:00 "GET /012/eh?hints=none&ms=200&cc=public%2C%20max-age%3D60&n=nginx-public,%20max-age=60-none-1 HTTP/2.0" ae="gzip, deflate, br, zstd" avail="-" dict_matched=0 ce="-" served="-" bytes=294 status=200
2026-08-15T15:54:36+00:00 "GET /012/eh-asset.css?cc=public%2C%20max-age%3D60&ms=150&n=nginx-public%2C%20max-age%3D60-none-1 HTTP/2.0" ae="gzip, deflate, br, zstd" avail="-" dict_matched=0 ce="-" served="-" bytes=47 status=200
2026-08-15T15:54:36+00:00 "GET /012/eh?hints=none&ms=200&cc=public%2C%20max-age%3D60&n=nginx-public,%20max-age=60-none-2 HTTP/2.0" ae="gzip, deflate, br, zstd" avail="-" dict_matched=0 ce="-" served="-" bytes=294 status=200
2026-08-15T15:54:36+00:00 "GET /012/eh-asset.css?cc=public%2C%20max-age%3D60&ms=150&n=nginx-public%2C%20max-age%3D60-none-2 HTTP/2.0" ae="gzip, deflate, br, zstd" avail="-" dict_matched=0 ce="-" served="-" bytes=47 status=200
2026-08-15T15:54:37+00:00 "GET /012/eh?hints=none&ms=200&cc=public%2C%20max-age%3D60&n=nginx-public,%20max-age=60-none-3 HTTP/2.0" ae="gzip, deflate, br, zstd" avail="-" dict_matched=0 ce="-" served="-" bytes=294 status=200
2026-08-15T15:54:37+00:00 "GET /012/eh-asset.css?cc=public%2C%20max-age%3D60&ms=150&n=nginx-public%2C%20max-age%3D60-none-3 HTTP/2.0" ae="gzip, deflate, br, zstd" avail="-" dict_matched=0 ce="-" served="-" bytes=47 status=200
2026-08-15T15:54:37+00:00 "GET /012/eh?hints=none&ms=200&cc=public%2C%20max-age%3D60&n=nginx-public,%20max-age=60-none-4 HTTP/2.0" ae="gzip, deflate, br, zstd" avail="-" dict_matched=0 ce="-" served="-" bytes=294 status=200
2026-08-15T15:54:37+00:00 "GET /012/eh-asset.css?cc=public%2C%20max-age%3D60&ms=150&n=nginx-public%2C%20max-age%3D60-none-4 HTTP/2.0" ae="gzip, deflate, br, zstd" avail="-" dict_matched=0 ce="-" served="-" bytes=47 status=200
2026-08-15T15:54:38+00:00 "GET /012/eh?hints=bare&ms=200&cc=public%2C%20max-age%3D60&n=nginx-public,%20max-age=60-bare-0 HTTP/2.0" ae="gzip, deflate, br, zstd" avail="-" dict_matched=0 ce="-" served="-" bytes=294 status=200
2026-08-15T15:54:38+00:00 "GET /012/eh-asset.css?cc=public%2C%20max-age%3D60&ms=150&n=nginx-public%2C%20max-age%3D60-bare-0 HTTP/2.0" ae="gzip, deflate, br, zstd" avail="-" dict_matched=0 ce="-" served="-" bytes=47 status=200
2026-08-15T15:54:38+00:00 "GET /012/eh?hints=bare&ms=200&cc=public%2C%20max-age%3D60&n=nginx-public,%20max-age=60-bare-1 HTTP/2.0" ae="gzip, deflate, br, zstd" avail="-" dict_matched=0 ce="-" served="-" bytes=294 status=200
2026-08-15T15:54:38+00:00 "GET /012/eh-asset.css?cc=public%2C%20max-age%3D60&ms=150&n=nginx-public%2C%20max-age%3D60-bare-1 HTTP/2.0" ae="gzip, deflate, br, zstd" avail="-" dict_matched=0 ce="-" served="-" bytes=47 status=200
2026-08-15T15:54:39+00:00 "GET /012/eh?hints=bare&ms=200&cc=public%2C%20max-age%3D60&n=nginx-public,%20max-age=60-bare-2 HTTP/2.0" ae="gzip, deflate, br, zstd" avail="-" dict_matched=0 ce="-" served="-" bytes=294 status=200
2026-08-15T15:54:39+00:00 "GET /012/eh-asset.css?cc=public%2C%20max-age%3D60&ms=150&n=nginx-public%2C%20max-age%3D60-bare-2 HTTP/2.0" ae="gzip, deflate, br, zstd" avail="-" dict_matched=0 ce="-" served="-" bytes=47 status=200
2026-08-15T15:54:39+00:00 "GET /012/eh?hints=bare&ms=200&cc=public%2C%20max-age%3D60&n=nginx-public,%20max-age=60-bare-3 HTTP/2.0" ae="gzip, deflate, br, zstd" avail="-" dict_matched=0 ce="-" served="-" bytes=294 status=200
2026-08-15T15:54:39+00:00 "GET /012/eh-asset.css?cc=public%2C%20max-age%3D60&ms=150&n=nginx-public%2C%20max-age%3D60-bare-3 HTTP/2.0" ae="gzip, deflate, br, zstd" avail="-" dict_matched=0 ce="-" served="-" bytes=47 status=200
2026-08-15T15:54:39+00:00 "GET /012/eh?hints=bare&ms=200&cc=public%2C%20max-age%3D60&n=nginx-public,%20max-age=60-bare-4 HTTP/2.0" ae="gzip, deflate, br, zstd" avail="-" dict_matched=0 ce="-" served="-" bytes=294 status=200
2026-08-15T15:54:40+00:00 "GET /012/eh-asset.css?cc=public%2C%20max-age%3D60&ms=150&n=nginx-public%2C%20max-age%3D60-bare-4 HTTP/2.0" ae="gzip, deflate, br, zstd" avail="-" dict_matched=0 ce="-" served="-" bytes=47 status=200
2026-08-15T15:54:40+00:00 "GET /012/eh?hints=preload&ms=200&cc=public%2C%20max-age%3D60&n=nginx-public,%20max-age=60-preload-0 HTTP/2.0" ae="gzip, deflate, br, zstd" avail="-" dict_matched=0 ce="-" served="-" bytes=303 status=200
2026-08-15T15:54:40+00:00 "GET /012/eh-asset.css?cc=public%2C%20max-age%3D60&ms=150&n=nginx-public%2C%20max-age%3D60-preload-0 HTTP/2.0" ae="gzip, deflate, br, zstd" avail="-" dict_matched=0 ce="-" served="-" bytes=47 status=200
2026-08-15T15:54:40+00:00 "GET /012/eh?hints=preload&ms=200&cc=public%2C%20max-age%3D60&n=nginx-public,%20max-age=60-preload-1 HTTP/2.0" ae="gzip, deflate, br, zstd" avail="-" dict_matched=0 ce="-" served="-" bytes=303 status=200
2026-08-15T15:54:40+00:00 "GET /012/eh-asset.css?cc=public%2C%20max-age%3D60&ms=150&n=nginx-public%2C%20max-age%3D60-preload-1 HTTP/2.0" ae="gzip, deflate, br, zstd" avail="-" dict_matched=0 ce="-" served="-" bytes=47 status=200
2026-08-15T15:54:41+00:00 "GET /012/eh?hints=preload&ms=200&cc=public%2C%20max-age%3D60&n=nginx-public,%20max-age=60-preload-2 HTTP/2.0" ae="gzip, deflate, br, zstd" avail="-" dict_matched=0 ce="-" served="-" bytes=303 status=200
2026-08-15T15:54:41+00:00 "GET /012/eh-asset.css?cc=public%2C%20max-age%3D60&ms=150&n=nginx-public%2C%20max-age%3D60-preload-2 HTTP/2.0" ae="gzip, deflate, br, zstd" avail="-" dict_matched=0 ce="-" served="-" bytes=47 status=200
2026-08-15T15:54:41+00:00 "GET /012/eh?hints=preload&ms=200&cc=public%2C%20max-age%3D60&n=nginx-public,%20max-age=60-preload-3 HTTP/2.0" ae="gzip, deflate, br, zstd" avail="-" dict_matched=0 ce="-" served="-" bytes=303 status=200
2026-08-15T15:54:41+00:00 "GET /012/eh-asset.css?cc=public%2C%20max-age%3D60&ms=150&n=nginx-public%2C%20max-age%3D60-preload-3 HTTP/2.0" ae="gzip, deflate, br, zstd" avail="-" dict_matched=0 ce="-" served="-" bytes=47 status=200
2026-08-15T15:54:42+00:00 "GET /012/eh?hints=preload&ms=200&cc=public%2C%20max-age%3D60&n=nginx-public,%20max-age=60-preload-4 HTTP/2.0" ae="gzip, deflate, br, zstd" avail="-" dict_matched=0 ce="-" served="-" bytes=303 status=200
2026-08-15T15:54:42+00:00 "GET /012/eh-asset.css?cc=public%2C%20max-age%3D60&ms=150&n=nginx-public%2C%20max-age%3D60-preload-4 HTTP/2.0" ae="gzip, deflate, br, zstd" avail="-" dict_matched=0 ce="-" served="-" bytes=47 status=200
2026-08-15T15:55:05+00:00 "GET /012/eh?hints=none&ms=200&cc=no-store&n=nginx-no-store-none-0 HTTP/2.0" ae="gzip, deflate, br, zstd" avail="-" dict_matched=0 ce="-" served="-" bytes=252 status=200
2026-08-15T15:55:05+00:00 "GET /favicon.ico HTTP/2.0" ae="gzip, deflate, br, zstd" avail="-" dict_matched=0 ce="-" served="-" bytes=153 status=404
2026-08-15T15:55:05+00:00 "GET /012/eh-asset.css?cc=no-store&ms=150&n=nginx-no-store-none-0 HTTP/2.0" ae="gzip, deflate, br, zstd" avail="-" dict_matched=0 ce="-" served="-" bytes=47 status=200
2026-08-15T15:55:06+00:00 "GET /012/eh?hints=none&ms=200&cc=no-store&n=nginx-no-store-none-1 HTTP/2.0" ae="gzip, deflate, br, zstd" avail="-" dict_matched=0 ce="-" served="-" bytes=252 status=200
2026-08-15T15:55:06+00:00 "GET /012/eh-asset.css?cc=no-store&ms=150&n=nginx-no-store-none-1 HTTP/2.0" ae="gzip, deflate, br, zstd" avail="-" dict_matched=0 ce="-" served="-" bytes=47 status=200
2026-08-15T15:55:06+00:00 "GET /012/eh?hints=none&ms=200&cc=no-store&n=nginx-no-store-none-2 HTTP/2.0" ae="gzip, deflate, br, zstd" avail="-" dict_matched=0 ce="-" served="-" bytes=252 status=200
2026-08-15T15:55:06+00:00 "GET /012/eh-asset.css?cc=no-store&ms=150&n=nginx-no-store-none-2 HTTP/2.0" ae="gzip, deflate, br, zstd" avail="-" dict_matched=0 ce="-" served="-" bytes=47 status=200
2026-08-15T15:55:06+00:00 "GET /012/eh?hints=none&ms=200&cc=no-store&n=nginx-no-store-none-3 HTTP/2.0" ae="gzip, deflate, br, zstd" avail="-" dict_matched=0 ce="-" served="-" bytes=252 status=200
2026-08-15T15:55:07+00:00 "GET /012/eh-asset.css?cc=no-store&ms=150&n=nginx-no-store-none-3 HTTP/2.0" ae="gzip, deflate, br, zstd" avail="-" dict_matched=0 ce="-" served="-" bytes=47 status=200
2026-08-15T15:55:07+00:00 "GET /012/eh?hints=none&ms=200&cc=no-store&n=nginx-no-store-none-4 HTTP/2.0" ae="gzip, deflate, br, zstd" avail="-" dict_matched=0 ce="-" served="-" bytes=252 status=200
2026-08-15T15:55:07+00:00 "GET /012/eh-asset.css?cc=no-store&ms=150&n=nginx-no-store-none-4 HTTP/2.0" ae="gzip, deflate, br, zstd" avail="-" dict_matched=0 ce="-" served="-" bytes=47 status=200
2026-08-15T15:55:07+00:00 "GET /012/eh?hints=bare&ms=200&cc=no-store&n=nginx-no-store-bare-0 HTTP/2.0" ae="gzip, deflate, br, zstd" avail="-" dict_matched=0 ce="-" served="-" bytes=252 status=200
2026-08-15T15:55:07+00:00 "GET /012/eh-asset.css?cc=no-store&ms=150&n=nginx-no-store-bare-0 HTTP/2.0" ae="gzip, deflate, br, zstd" avail="-" dict_matched=0 ce="-" served="-" bytes=47 status=200
2026-08-15T15:55:08+00:00 "GET /012/eh?hints=bare&ms=200&cc=no-store&n=nginx-no-store-bare-1 HTTP/2.0" ae="gzip, deflate, br, zstd" avail="-" dict_matched=0 ce="-" served="-" bytes=252 status=200
2026-08-15T15:55:08+00:00 "GET /012/eh-asset.css?cc=no-store&ms=150&n=nginx-no-store-bare-1 HTTP/2.0" ae="gzip, deflate, br, zstd" avail="-" dict_matched=0 ce="-" served="-" bytes=47 status=200
2026-08-15T15:55:08+00:00 "GET /012/eh?hints=bare&ms=200&cc=no-store&n=nginx-no-store-bare-2 HTTP/2.0" ae="gzip, deflate, br, zstd" avail="-" dict_matched=0 ce="-" served="-" bytes=252 status=200
2026-08-15T15:55:08+00:00 "GET /012/eh-asset.css?cc=no-store&ms=150&n=nginx-no-store-bare-2 HTTP/2.0" ae="gzip, deflate, br, zstd" avail="-" dict_matched=0 ce="-" served="-" bytes=47 status=200
2026-08-15T15:55:09+00:00 "GET /012/eh?hints=bare&ms=200&cc=no-store&n=nginx-no-store-bare-3 HTTP/2.0" ae="gzip, deflate, br, zstd" avail="-" dict_matched=0 ce="-" served="-" bytes=252 status=200
2026-08-15T15:55:09+00:00 "GET /012/eh-asset.css?cc=no-store&ms=150&n=nginx-no-store-bare-3 HTTP/2.0" ae="gzip, deflate, br, zstd" avail="-" dict_matched=0 ce="-" served="-" bytes=47 status=200
2026-08-15T15:55:09+00:00 "GET /012/eh?hints=bare&ms=200&cc=no-store&n=nginx-no-store-bare-4 HTTP/2.0" ae="gzip, deflate, br, zstd" avail="-" dict_matched=0 ce="-" served="-" bytes=252 status=200
2026-08-15T15:55:09+00:00 "GET /012/eh-asset.css?cc=no-store&ms=150&n=nginx-no-store-bare-4 HTTP/2.0" ae="gzip, deflate, br, zstd" avail="-" dict_matched=0 ce="-" served="-" bytes=47 status=200
2026-08-15T15:55:09+00:00 "GET /012/eh?hints=preload&ms=200&cc=no-store&n=nginx-no-store-preload-0 HTTP/2.0" ae="gzip, deflate, br, zstd" avail="-" dict_matched=0 ce="-" served="-" bytes=261 status=200
2026-08-15T15:55:10+00:00 "GET /012/eh-asset.css?cc=no-store&ms=150&n=nginx-no-store-preload-0 HTTP/2.0" ae="gzip, deflate, br, zstd" avail="-" dict_matched=0 ce="-" served="-" bytes=47 status=200
2026-08-15T15:55:10+00:00 "GET /012/eh?hints=preload&ms=200&cc=no-store&n=nginx-no-store-preload-1 HTTP/2.0" ae="gzip, deflate, br, zstd" avail="-" dict_matched=0 ce="-" served="-" bytes=261 status=200
2026-08-15T15:55:10+00:00 "GET /012/eh-asset.css?cc=no-store&ms=150&n=nginx-no-store-preload-1 HTTP/2.0" ae="gzip, deflate, br, zstd" avail="-" dict_matched=0 ce="-" served="-" bytes=47 status=200
2026-08-15T15:55:10+00:00 "GET /012/eh?hints=preload&ms=200&cc=no-store&n=nginx-no-store-preload-2 HTTP/2.0" ae="gzip, deflate, br, zstd" avail="-" dict_matched=0 ce="-" served="-" bytes=261 status=200
2026-08-15T15:55:10+00:00 "GET /012/eh-asset.css?cc=no-store&ms=150&n=nginx-no-store-preload-2 HTTP/2.0" ae="gzip, deflate, br, zstd" avail="-" dict_matched=0 ce="-" served="-" bytes=47 status=200
2026-08-15T15:55:11+00:00 "GET /012/eh?hints=preload&ms=200&cc=no-store&n=nginx-no-store-preload-3 HTTP/2.0" ae="gzip, deflate, br, zstd" avail="-" dict_matched=0 ce="-" served="-" bytes=261 status=200
2026-08-15T15:55:11+00:00 "GET /012/eh-asset.css?cc=no-store&ms=150&n=nginx-no-store-preload-3 HTTP/2.0" ae="gzip, deflate, br, zstd" avail="-" dict_matched=0 ce="-" served="-" bytes=47 status=200
2026-08-15T15:55:11+00:00 "GET /012/eh?hints=preload&ms=200&cc=no-store&n=nginx-no-store-preload-4 HTTP/2.0" ae="gzip, deflate, br, zstd" avail="-" dict_matched=0 ce="-" served="-" bytes=261 status=200
2026-08-15T15:55:11+00:00 "GET /012/eh-asset.css?cc=no-store&ms=150&n=nginx-no-store-preload-4 HTTP/2.0" ae="gzip, deflate, br, zstd" avail="-" dict_matched=0 ce="-" served="-" bytes=47 status=200
2026-08-15T15:55:11+00:00 "GET /012/eh?hints=none&ms=200&cc=public%2C%20max-age%3D60&n=nginx-public,%20max-age=60-none-0 HTTP/2.0" ae="gzip, deflate, br, zstd" avail="-" dict_matched=0 ce="-" served="-" bytes=294 status=200
2026-08-15T15:55:12+00:00 "GET /012/eh-asset.css?cc=public%2C%20max-age%3D60&ms=150&n=nginx-public%2C%20max-age%3D60-none-0 HTTP/2.0" ae="gzip, deflate, br, zstd" avail="-" dict_matched=0 ce="-" served="-" bytes=47 status=200
2026-08-15T15:55:12+00:00 "GET /012/eh?hints=none&ms=200&cc=public%2C%20max-age%3D60&n=nginx-public,%20max-age=60-none-1 HTTP/2.0" ae="gzip, deflate, br, zstd" avail="-" dict_matched=0 ce="-" served="-" bytes=294 status=200
2026-08-15T15:55:12+00:00 "GET /012/eh-asset.css?cc=public%2C%20max-age%3D60&ms=150&n=nginx-public%2C%20max-age%3D60-none-1 HTTP/2.0" ae="gzip, deflate, br, zstd" avail="-" dict_matched=0 ce="-" served="-" bytes=47 status=200
2026-08-15T15:55:12+00:00 "GET /012/eh?hints=none&ms=200&cc=public%2C%20max-age%3D60&n=nginx-public,%20max-age=60-none-2 HTTP/2.0" ae="gzip, deflate, br, zstd" avail="-" dict_matched=0 ce="-" served="-" bytes=294 status=200
2026-08-15T15:55:12+00:00 "GET /012/eh-asset.css?cc=public%2C%20max-age%3D60&ms=150&n=nginx-public%2C%20max-age%3D60-none-2 HTTP/2.0" ae="gzip, deflate, br, zstd" avail="-" dict_matched=0 ce="-" served="-" bytes=47 status=200
2026-08-15T15:55:13+00:00 "GET /012/eh?hints=none&ms=200&cc=public%2C%20max-age%3D60&n=nginx-public,%20max-age=60-none-3 HTTP/2.0" ae="gzip, deflate, br, zstd" avail="-" dict_matched=0 ce="-" served="-" bytes=294 status=200
2026-08-15T15:55:13+00:00 "GET /012/eh-asset.css?cc=public%2C%20max-age%3D60&ms=150&n=nginx-public%2C%20max-age%3D60-none-3 HTTP/2.0" ae="gzip, deflate, br, zstd" avail="-" dict_matched=0 ce="-" served="-" bytes=47 status=200
2026-08-15T15:55:13+00:00 "GET /012/eh?hints=none&ms=200&cc=public%2C%20max-age%3D60&n=nginx-public,%20max-age=60-none-4 HTTP/2.0" ae="gzip, deflate, br, zstd" avail="-" dict_matched=0 ce="-" served="-" bytes=294 status=200
2026-08-15T15:55:13+00:00 "GET /012/eh-asset.css?cc=public%2C%20max-age%3D60&ms=150&n=nginx-public%2C%20max-age%3D60-none-4 HTTP/2.0" ae="gzip, deflate, br, zstd" avail="-" dict_matched=0 ce="-" served="-" bytes=47 status=200
2026-08-15T15:55:13+00:00 "GET /012/eh?hints=bare&ms=200&cc=public%2C%20max-age%3D60&n=nginx-public,%20max-age=60-bare-0 HTTP/2.0" ae="gzip, deflate, br, zstd" avail="-" dict_matched=0 ce="-" served="-" bytes=294 status=200
2026-08-15T15:55:14+00:00 "GET /012/eh-asset.css?cc=public%2C%20max-age%3D60&ms=150&n=nginx-public%2C%20max-age%3D60-bare-0 HTTP/2.0" ae="gzip, deflate, br, zstd" avail="-" dict_matched=0 ce="-" served="-" bytes=47 status=200
2026-08-15T15:55:14+00:00 "GET /012/eh?hints=bare&ms=200&cc=public%2C%20max-age%3D60&n=nginx-public,%20max-age=60-bare-1 HTTP/2.0" ae="gzip, deflate, br, zstd" avail="-" dict_matched=0 ce="-" served="-" bytes=294 status=200
2026-08-15T15:55:14+00:00 "GET /012/eh-asset.css?cc=public%2C%20max-age%3D60&ms=150&n=nginx-public%2C%20max-age%3D60-bare-1 HTTP/2.0" ae="gzip, deflate, br, zstd" avail="-" dict_matched=0 ce="-" served="-" bytes=47 status=200
2026-08-15T15:55:14+00:00 "GET /012/eh?hints=bare&ms=200&cc=public%2C%20max-age%3D60&n=nginx-public,%20max-age=60-bare-2 HTTP/2.0" ae="gzip, deflate, br, zstd" avail="-" dict_matched=0 ce="-" served="-" bytes=294 status=200
2026-08-15T15:55:14+00:00 "GET /012/eh-asset.css?cc=public%2C%20max-age%3D60&ms=150&n=nginx-public%2C%20max-age%3D60-bare-2 HTTP/2.0" ae="gzip, deflate, br, zstd" avail="-" dict_matched=0 ce="-" served="-" bytes=47 status=200
2026-08-15T15:55:15+00:00 "GET /012/eh?hints=bare&ms=200&cc=public%2C%20max-age%3D60&n=nginx-public,%20max-age=60-bare-3 HTTP/2.0" ae="gzip, deflate, br, zstd" avail="-" dict_matched=0 ce="-" served="-" bytes=294 status=200
2026-08-15T15:55:15+00:00 "GET /012/eh-asset.css?cc=public%2C%20max-age%3D60&ms=150&n=nginx-public%2C%20max-age%3D60-bare-3 HTTP/2.0" ae="gzip, deflate, br, zstd" avail="-" dict_matched=0 ce="-" served="-" bytes=47 status=200
2026-08-15T15:55:15+00:00 "GET /012/eh?hints=bare&ms=200&cc=public%2C%20max-age%3D60&n=nginx-public,%20max-age=60-bare-4 HTTP/2.0" ae="gzip, deflate, br, zstd" avail="-" dict_matched=0 ce="-" served="-" bytes=294 status=200
2026-08-15T15:55:15+00:00 "GET /012/eh-asset.css?cc=public%2C%20max-age%3D60&ms=150&n=nginx-public%2C%20max-age%3D60-bare-4 HTTP/2.0" ae="gzip, deflate, br, zstd" avail="-" dict_matched=0 ce="-" served="-" bytes=47 status=200
2026-08-15T15:55:16+00:00 "GET /012/eh?hints=preload&ms=200&cc=public%2C%20max-age%3D60&n=nginx-public,%20max-age=60-preload-0 HTTP/2.0" ae="gzip, deflate, br, zstd" avail="-" dict_matched=0 ce="-" served="-" bytes=303 status=200
2026-08-15T15:55:16+00:00 "GET /012/eh-asset.css?cc=public%2C%20max-age%3D60&ms=150&n=nginx-public%2C%20max-age%3D60-preload-0 HTTP/2.0" ae="gzip, deflate, br, zstd" avail="-" dict_matched=0 ce="-" served="-" bytes=47 status=200
2026-08-15T15:55:16+00:00 "GET /012/eh?hints=preload&ms=200&cc=public%2C%20max-age%3D60&n=nginx-public,%20max-age=60-preload-1 HTTP/2.0" ae="gzip, deflate, br, zstd" avail="-" dict_matched=0 ce="-" served="-" bytes=303 status=200
2026-08-15T15:55:16+00:00 "GET /012/eh-asset.css?cc=public%2C%20max-age%3D60&ms=150&n=nginx-public%2C%20max-age%3D60-preload-1 HTTP/2.0" ae="gzip, deflate, br, zstd" avail="-" dict_matched=0 ce="-" served="-" bytes=47 status=200
2026-08-15T15:55:16+00:00 "GET /012/eh?hints=preload&ms=200&cc=public%2C%20max-age%3D60&n=nginx-public,%20max-age=60-preload-2 HTTP/2.0" ae="gzip, deflate, br, zstd" avail="-" dict_matched=0 ce="-" served="-" bytes=303 status=200
2026-08-15T15:55:17+00:00 "GET /012/eh-asset.css?cc=public%2C%20max-age%3D60&ms=150&n=nginx-public%2C%20max-age%3D60-preload-2 HTTP/2.0" ae="gzip, deflate, br, zstd" avail="-" dict_matched=0 ce="-" served="-" bytes=47 status=200
2026-08-15T15:55:17+00:00 "GET /012/eh?hints=preload&ms=200&cc=public%2C%20max-age%3D60&n=nginx-public,%20max-age=60-preload-3 HTTP/2.0" ae="gzip, deflate, br, zstd" avail="-" dict_matched=0 ce="-" served="-" bytes=303 status=200
2026-08-15T15:55:17+00:00 "GET /012/eh-asset.css?cc=public%2C%20max-age%3D60&ms=150&n=nginx-public%2C%20max-age%3D60-preload-3 HTTP/2.0" ae="gzip, deflate, br, zstd" avail="-" dict_matched=0 ce="-" served="-" bytes=47 status=200
2026-08-15T15:55:17+00:00 "GET /012/eh?hints=preload&ms=200&cc=public%2C%20max-age%3D60&n=nginx-public,%20max-age=60-preload-4 HTTP/2.0" ae="gzip, deflate, br, zstd" avail="-" dict_matched=0 ce="-" served="-" bytes=303 status=200
2026-08-15T15:55:17+00:00 "GET /012/eh-asset.css?cc=public%2C%20max-age%3D60&ms=150&n=nginx-public%2C%20max-age%3D60-preload-4 HTTP/2.0" ae="gzip, deflate, br, zstd" avail="-" dict_matched=0 ce="-" served="-" bytes=47 status=200
2026-08-15T15:55:43+00:00 "GET /012/eh?hints=none&ms=200&cc=no-store&n=nginx-no-store-none-0 HTTP/2.0" ae="gzip, deflate, br" avail="-" dict_matched=0 ce="-" served="-" bytes=252 status=200
2026-08-15T15:55:43+00:00 "GET /012/eh-asset.css?cc=no-store&ms=150&n=nginx-no-store-none-0 HTTP/2.0" ae="gzip, deflate, br" avail="-" dict_matched=0 ce="-" served="-" bytes=47 status=200
2026-08-15T15:55:43+00:00 "GET /012/eh?hints=none&ms=200&cc=no-store&n=nginx-no-store-none-1 HTTP/2.0" ae="gzip, deflate, br" avail="-" dict_matched=0 ce="-" served="-" bytes=252 status=200
2026-08-15T15:55:44+00:00 "GET /012/eh-asset.css?cc=no-store&ms=150&n=nginx-no-store-none-1 HTTP/2.0" ae="gzip, deflate, br" avail="-" dict_matched=0 ce="-" served="-" bytes=47 status=200
2026-08-15T15:55:44+00:00 "GET /012/eh?hints=none&ms=200&cc=no-store&n=nginx-no-store-none-2 HTTP/2.0" ae="gzip, deflate, br" avail="-" dict_matched=0 ce="-" served="-" bytes=252 status=200
2026-08-15T15:55:44+00:00 "GET /012/eh-asset.css?cc=no-store&ms=150&n=nginx-no-store-none-2 HTTP/2.0" ae="gzip, deflate, br" avail="-" dict_matched=0 ce="-" served="-" bytes=47 status=200
2026-08-15T15:55:44+00:00 "GET /012/eh?hints=none&ms=200&cc=no-store&n=nginx-no-store-none-3 HTTP/2.0" ae="gzip, deflate, br" avail="-" dict_matched=0 ce="-" served="-" bytes=252 status=200
2026-08-15T15:55:44+00:00 "GET /012/eh-asset.css?cc=no-store&ms=150&n=nginx-no-store-none-3 HTTP/2.0" ae="gzip, deflate, br" avail="-" dict_matched=0 ce="-" served="-" bytes=47 status=200
2026-08-15T15:55:45+00:00 "GET /012/eh?hints=none&ms=200&cc=no-store&n=nginx-no-store-none-4 HTTP/2.0" ae="gzip, deflate, br" avail="-" dict_matched=0 ce="-" served="-" bytes=252 status=200
2026-08-15T15:55:45+00:00 "GET /012/eh-asset.css?cc=no-store&ms=150&n=nginx-no-store-none-4 HTTP/2.0" ae="gzip, deflate, br" avail="-" dict_matched=0 ce="-" served="-" bytes=47 status=200
2026-08-15T15:55:45+00:00 "GET /012/eh?hints=bare&ms=200&cc=no-store&n=nginx-no-store-bare-0 HTTP/2.0" ae="gzip, deflate, br" avail="-" dict_matched=0 ce="-" served="-" bytes=252 status=200
2026-08-15T15:55:45+00:00 "GET /012/eh-asset.css?cc=no-store&ms=150&n=nginx-no-store-bare-0 HTTP/2.0" ae="gzip, deflate, br" avail="-" dict_matched=0 ce="-" served="-" bytes=47 status=200
2026-08-15T15:55:45+00:00 "GET /012/eh?hints=bare&ms=200&cc=no-store&n=nginx-no-store-bare-1 HTTP/2.0" ae="gzip, deflate, br" avail="-" dict_matched=0 ce="-" served="-" bytes=252 status=200
2026-08-15T15:55:46+00:00 "GET /012/eh-asset.css?cc=no-store&ms=150&n=nginx-no-store-bare-1 HTTP/2.0" ae="gzip, deflate, br" avail="-" dict_matched=0 ce="-" served="-" bytes=47 status=200
2026-08-15T15:55:46+00:00 "GET /012/eh?hints=bare&ms=200&cc=no-store&n=nginx-no-store-bare-2 HTTP/2.0" ae="gzip, deflate, br" avail="-" dict_matched=0 ce="-" served="-" bytes=252 status=200
2026-08-15T15:55:46+00:00 "GET /012/eh-asset.css?cc=no-store&ms=150&n=nginx-no-store-bare-2 HTTP/2.0" ae="gzip, deflate, br" avail="-" dict_matched=0 ce="-" served="-" bytes=47 status=200
2026-08-15T15:55:46+00:00 "GET /012/eh?hints=bare&ms=200&cc=no-store&n=nginx-no-store-bare-3 HTTP/2.0" ae="gzip, deflate, br" avail="-" dict_matched=0 ce="-" served="-" bytes=252 status=200
2026-08-15T15:55:46+00:00 "GET /012/eh-asset.css?cc=no-store&ms=150&n=nginx-no-store-bare-3 HTTP/2.0" ae="gzip, deflate, br" avail="-" dict_matched=0 ce="-" served="-" bytes=47 status=200
2026-08-15T15:55:47+00:00 "GET /012/eh?hints=bare&ms=200&cc=no-store&n=nginx-no-store-bare-4 HTTP/2.0" ae="gzip, deflate, br" avail="-" dict_matched=0 ce="-" served="-" bytes=252 status=200
2026-08-15T15:55:47+00:00 "GET /012/eh-asset.css?cc=no-store&ms=150&n=nginx-no-store-bare-4 HTTP/2.0" ae="gzip, deflate, br" avail="-" dict_matched=0 ce="-" served="-" bytes=47 status=200
2026-08-15T15:55:47+00:00 "GET /012/eh?hints=preload&ms=200&cc=no-store&n=nginx-no-store-preload-0 HTTP/2.0" ae="gzip, deflate, br" avail="-" dict_matched=0 ce="-" served="-" bytes=261 status=200
2026-08-15T15:55:47+00:00 "GET /012/eh-asset.css?cc=no-store&ms=150&n=nginx-no-store-preload-0 HTTP/2.0" ae="gzip, deflate, br" avail="-" dict_matched=0 ce="-" served="-" bytes=47 status=200
2026-08-15T15:55:47+00:00 "GET /012/eh?hints=preload&ms=200&cc=no-store&n=nginx-no-store-preload-1 HTTP/2.0" ae="gzip, deflate, br" avail="-" dict_matched=0 ce="-" served="-" bytes=261 status=200
2026-08-15T15:55:48+00:00 "GET /012/eh-asset.css?cc=no-store&ms=150&n=nginx-no-store-preload-1 HTTP/2.0" ae="gzip, deflate, br" avail="-" dict_matched=0 ce="-" served="-" bytes=47 status=200
2026-08-15T15:55:48+00:00 "GET /012/eh?hints=preload&ms=200&cc=no-store&n=nginx-no-store-preload-2 HTTP/2.0" ae="gzip, deflate, br" avail="-" dict_matched=0 ce="-" served="-" bytes=261 status=200
2026-08-15T15:55:48+00:00 "GET /012/eh-asset.css?cc=no-store&ms=150&n=nginx-no-store-preload-2 HTTP/2.0" ae="gzip, deflate, br" avail="-" dict_matched=0 ce="-" served="-" bytes=47 status=200
2026-08-15T15:55:48+00:00 "GET /012/eh?hints=preload&ms=200&cc=no-store&n=nginx-no-store-preload-3 HTTP/2.0" ae="gzip, deflate, br" avail="-" dict_matched=0 ce="-" served="-" bytes=261 status=200
2026-08-15T15:55:48+00:00 "GET /012/eh-asset.css?cc=no-store&ms=150&n=nginx-no-store-preload-3 HTTP/2.0" ae="gzip, deflate, br" avail="-" dict_matched=0 ce="-" served="-" bytes=47 status=200
2026-08-15T15:55:49+00:00 "GET /012/eh?hints=preload&ms=200&cc=no-store&n=nginx-no-store-preload-4 HTTP/2.0" ae="gzip, deflate, br" avail="-" dict_matched=0 ce="-" served="-" bytes=261 status=200
2026-08-15T15:55:49+00:00 "GET /012/eh-asset.css?cc=no-store&ms=150&n=nginx-no-store-preload-4 HTTP/2.0" ae="gzip, deflate, br" avail="-" dict_matched=0 ce="-" served="-" bytes=47 status=200
2026-08-15T15:55:49+00:00 "GET /012/eh?hints=none&ms=200&cc=public%2C%20max-age%3D60&n=nginx-public,%20max-age=60-none-0 HTTP/2.0" ae="gzip, deflate, br" avail="-" dict_matched=0 ce="-" served="-" bytes=294 status=200
2026-08-15T15:55:49+00:00 "GET /012/eh-asset.css?cc=public%2C%20max-age%3D60&ms=150&n=nginx-public%2C%20max-age%3D60-none-0 HTTP/2.0" ae="gzip, deflate, br" avail="-" dict_matched=0 ce="-" served="-" bytes=47 status=200
2026-08-15T15:55:49+00:00 "GET /012/eh?hints=none&ms=200&cc=public%2C%20max-age%3D60&n=nginx-public,%20max-age=60-none-1 HTTP/2.0" ae="gzip, deflate, br" avail="-" dict_matched=0 ce="-" served="-" bytes=294 status=200
2026-08-15T15:55:50+00:00 "GET /012/eh-asset.css?cc=public%2C%20max-age%3D60&ms=150&n=nginx-public%2C%20max-age%3D60-none-1 HTTP/2.0" ae="gzip, deflate, br" avail="-" dict_matched=0 ce="-" served="-" bytes=47 status=200
2026-08-15T15:55:50+00:00 "GET /012/eh?hints=none&ms=200&cc=public%2C%20max-age%3D60&n=nginx-public,%20max-age=60-none-2 HTTP/2.0" ae="gzip, deflate, br" avail="-" dict_matched=0 ce="-" served="-" bytes=294 status=200
2026-08-15T15:55:50+00:00 "GET /012/eh-asset.css?cc=public%2C%20max-age%3D60&ms=150&n=nginx-public%2C%20max-age%3D60-none-2 HTTP/2.0" ae="gzip, deflate, br" avail="-" dict_matched=0 ce="-" served="-" bytes=47 status=200
2026-08-15T15:55:50+00:00 "GET /012/eh?hints=none&ms=200&cc=public%2C%20max-age%3D60&n=nginx-public,%20max-age=60-none-3 HTTP/2.0" ae="gzip, deflate, br" avail="-" dict_matched=0 ce="-" served="-" bytes=294 status=200
2026-08-15T15:55:50+00:00 "GET /012/eh-asset.css?cc=public%2C%20max-age%3D60&ms=150&n=nginx-public%2C%20max-age%3D60-none-3 HTTP/2.0" ae="gzip, deflate, br" avail="-" dict_matched=0 ce="-" served="-" bytes=47 status=200
2026-08-15T15:55:51+00:00 "GET /012/eh?hints=none&ms=200&cc=public%2C%20max-age%3D60&n=nginx-public,%20max-age=60-none-4 HTTP/2.0" ae="gzip, deflate, br" avail="-" dict_matched=0 ce="-" served="-" bytes=294 status=200
2026-08-15T15:55:51+00:00 "GET /012/eh-asset.css?cc=public%2C%20max-age%3D60&ms=150&n=nginx-public%2C%20max-age%3D60-none-4 HTTP/2.0" ae="gzip, deflate, br" avail="-" dict_matched=0 ce="-" served="-" bytes=47 status=200
2026-08-15T15:55:51+00:00 "GET /012/eh?hints=bare&ms=200&cc=public%2C%20max-age%3D60&n=nginx-public,%20max-age=60-bare-0 HTTP/2.0" ae="gzip, deflate, br" avail="-" dict_matched=0 ce="-" served="-" bytes=294 status=200
2026-08-15T15:55:51+00:00 "GET /012/eh-asset.css?cc=public%2C%20max-age%3D60&ms=150&n=nginx-public%2C%20max-age%3D60-bare-0 HTTP/2.0" ae="gzip, deflate, br" avail="-" dict_matched=0 ce="-" served="-" bytes=47 status=200
2026-08-15T15:55:51+00:00 "GET /012/eh?hints=bare&ms=200&cc=public%2C%20max-age%3D60&n=nginx-public,%20max-age=60-bare-1 HTTP/2.0" ae="gzip, deflate, br" avail="-" dict_matched=0 ce="-" served="-" bytes=294 status=200
2026-08-15T15:55:52+00:00 "GET /012/eh-asset.css?cc=public%2C%20max-age%3D60&ms=150&n=nginx-public%2C%20max-age%3D60-bare-1 HTTP/2.0" ae="gzip, deflate, br" avail="-" dict_matched=0 ce="-" served="-" bytes=47 status=200
2026-08-15T15:55:52+00:00 "GET /012/eh?hints=bare&ms=200&cc=public%2C%20max-age%3D60&n=nginx-public,%20max-age=60-bare-2 HTTP/2.0" ae="gzip, deflate, br" avail="-" dict_matched=0 ce="-" served="-" bytes=294 status=200
2026-08-15T15:55:52+00:00 "GET /012/eh-asset.css?cc=public%2C%20max-age%3D60&ms=150&n=nginx-public%2C%20max-age%3D60-bare-2 HTTP/2.0" ae="gzip, deflate, br" avail="-" dict_matched=0 ce="-" served="-" bytes=47 status=200
2026-08-15T15:55:52+00:00 "GET /012/eh?hints=bare&ms=200&cc=public%2C%20max-age%3D60&n=nginx-public,%20max-age=60-bare-3 HTTP/2.0" ae="gzip, deflate, br" avail="-" dict_matched=0 ce="-" served="-" bytes=294 status=200
2026-08-15T15:55:52+00:00 "GET /012/eh-asset.css?cc=public%2C%20max-age%3D60&ms=150&n=nginx-public%2C%20max-age%3D60-bare-3 HTTP/2.0" ae="gzip, deflate, br" avail="-" dict_matched=0 ce="-" served="-" bytes=47 status=200
2026-08-15T15:55:53+00:00 "GET /012/eh?hints=bare&ms=200&cc=public%2C%20max-age%3D60&n=nginx-public,%20max-age=60-bare-4 HTTP/2.0" ae="gzip, deflate, br" avail="-" dict_matched=0 ce="-" served="-" bytes=294 status=200
2026-08-15T15:55:53+00:00 "GET /012/eh-asset.css?cc=public%2C%20max-age%3D60&ms=150&n=nginx-public%2C%20max-age%3D60-bare-4 HTTP/2.0" ae="gzip, deflate, br" avail="-" dict_matched=0 ce="-" served="-" bytes=47 status=200
2026-08-15T15:55:53+00:00 "GET /012/eh?hints=preload&ms=200&cc=public%2C%20max-age%3D60&n=nginx-public,%20max-age=60-preload-0 HTTP/2.0" ae="gzip, deflate, br" avail="-" dict_matched=0 ce="-" served="-" bytes=303 status=200
2026-08-15T15:55:53+00:00 "GET /012/eh-asset.css?cc=public%2C%20max-age%3D60&ms=150&n=nginx-public%2C%20max-age%3D60-preload-0 HTTP/2.0" ae="gzip, deflate, br" avail="-" dict_matched=0 ce="-" served="-" bytes=47 status=200
2026-08-15T15:55:54+00:00 "GET /012/eh?hints=preload&ms=200&cc=public%2C%20max-age%3D60&n=nginx-public,%20max-age=60-preload-1 HTTP/2.0" ae="gzip, deflate, br" avail="-" dict_matched=0 ce="-" served="-" bytes=303 status=200
2026-08-15T15:55:54+00:00 "GET /012/eh-asset.css?cc=public%2C%20max-age%3D60&ms=150&n=nginx-public%2C%20max-age%3D60-preload-1 HTTP/2.0" ae="gzip, deflate, br" avail="-" dict_matched=0 ce="-" served="-" bytes=47 status=200
2026-08-15T15:55:54+00:00 "GET /012/eh?hints=preload&ms=200&cc=public%2C%20max-age%3D60&n=nginx-public,%20max-age=60-preload-2 HTTP/2.0" ae="gzip, deflate, br" avail="-" dict_matched=0 ce="-" served="-" bytes=303 status=200
2026-08-15T15:55:54+00:00 "GET /012/eh-asset.css?cc=public%2C%20max-age%3D60&ms=150&n=nginx-public%2C%20max-age%3D60-preload-2 HTTP/2.0" ae="gzip, deflate, br" avail="-" dict_matched=0 ce="-" served="-" bytes=47 status=200
2026-08-15T15:55:54+00:00 "GET /012/eh?hints=preload&ms=200&cc=public%2C%20max-age%3D60&n=nginx-public,%20max-age=60-preload-3 HTTP/2.0" ae="gzip, deflate, br" avail="-" dict_matched=0 ce="-" served="-" bytes=303 status=200
2026-08-15T15:55:55+00:00 "GET /012/eh-asset.css?cc=public%2C%20max-age%3D60&ms=150&n=nginx-public%2C%20max-age%3D60-preload-3 HTTP/2.0" ae="gzip, deflate, br" avail="-" dict_matched=0 ce="-" served="-" bytes=47 status=200
2026-08-15T15:55:55+00:00 "GET /012/eh?hints=preload&ms=200&cc=public%2C%20max-age%3D60&n=nginx-public,%20max-age=60-preload-4 HTTP/2.0" ae="gzip, deflate, br" avail="-" dict_matched=0 ce="-" served="-" bytes=303 status=200
2026-08-15T15:55:55+00:00 "GET /012/eh-asset.css?cc=public%2C%20max-age%3D60&ms=150&n=nginx-public%2C%20max-age%3D60-preload-4 HTTP/2.0" ae="gzip, deflate, br" avail="-" dict_matched=0 ce="-" served="-" bytes=47 status=200
2026-08-15T23:36:55+00:00 "GET /012/bundle-v2.js HTTP/2.0" ae="dcz" avail=":waMBlW5oPJ8orWCX6X3OEk82TM6QsDY3P7oauiTTUqo=:" dict_matched=1 ce="dcz" served="bundle-v2.js.dcz" bytes=591 status=200
2026-08-15T23:37:47+00:00 "GET /012/bundle-v2-dcz.js HTTP/2.0" ae="gzip, br, zstd, dcb, dcz" avail=":waMBlW5oPJ8orWCX6X3OEk82TM6QsDY3P7oauiTTUqo=:" dict_matched=1 ce="dcz" served="bundle-v2.js.dcz" bytes=591 status=200
2026-08-15T23:38:07+00:00 "GET /012/index.html HTTP/2.0" ae="gzip, deflate, br, zstd" avail="-" dict_matched=0 ce="-" served="-" bytes=1497 status=200
2026-08-15T23:38:07+00:00 "GET /012/bundle-v1.js HTTP/2.0" ae="gzip, deflate, br, zstd" avail="-" dict_matched=0 ce="-" served="bundle-v1.js" bytes=99465 status=200
2026-08-15T23:38:07+00:00 "GET /favicon.ico HTTP/2.0" ae="gzip, deflate, br, zstd" avail="-" dict_matched=0 ce="-" served="-" bytes=555 status=404
2026-08-15T23:38:08+00:00 "GET /012/v2dcz.html HTTP/2.0" ae="gzip, deflate, br, zstd" avail="-" dict_matched=0 ce="-" served="-" bytes=842 status=200
2026-08-15T23:38:08+00:00 "GET /012/bundle-v2-dcz.js HTTP/2.0" ae="gzip, deflate, br, zstd, dcb, dcz" avail=":waMBlW5oPJ8orWCX6X3OEk82TM6QsDY3P7oauiTTUqo=:" dict_matched=1 ce="dcz" served="bundle-v2.js.dcz" bytes=591 status=200
2026-08-16T06:14:19+00:00 "GET /012/bundle-v2.js HTTP/2.0" ae="dcb, dcz" avail=":waMBlW5oPJ8orWCX6X3OEk82TM6QsDY3P7oauiTTUqo=:" dict_matched=1 ce="dcb" served="bundle-v2.js.dcb" bytes=573 status=200
2026-08-16T06:14:19+00:00 "GET /012/bundle-v2.js HTTP/2.0" ae="-" avail="-" dict_matched=0 ce="-" served="bundle-v2.js" bytes=100814 status=200
2026-08-16T08:52:59+00:00 "GET /012/bundle-v2.js HTTP/2.0" ae="dcb, dcz" avail=":waMBlW5oPJ8orWCX6X3OEk82TM6QsDY3P7oauiTTUqo=:" dict_matched=1 ce="dcb" served="bundle-v2.js.dcb" bytes=573 status=200
2026-08-16T08:52:59+00:00 "GET /012/bundle-v2.js HTTP/2.0" ae="-" avail="-" dict_matched=0 ce="-" served="bundle-v2.js" bytes=100814 status=200
2026-08-16T09:01:02+00:00 "GET /012/eh?hints=preload&ms=200&cc=no-store&n=1786870861899-0 HTTP/2.0" ae="gzip, deflate, br, zstd" avail="-" dict_matched=0 ce="-" served="-" bytes=252 status=200
2026-08-16T09:01:02+00:00 "GET /012/eh-asset.css?cc=no-store&ms=150&n=1786870861899-0 HTTP/2.0" ae="gzip, deflate, br, zstd" avail="-" dict_matched=0 ce="-" served="-" bytes=47 status=200
2026-08-16T09:01:02+00:00 "GET /favicon.ico HTTP/2.0" ae="gzip, deflate, br, zstd" avail="-" dict_matched=0 ce="-" served="-" bytes=555 status=404
2026-08-16T09:01:02+00:00 "GET /012/eh?hints=preload&ms=200&cc=no-store&n=1786870862359-1 HTTP/2.0" ae="gzip, deflate, br, zstd" avail="-" dict_matched=0 ce="-" served="-" bytes=252 status=200
2026-08-16T09:01:02+00:00 "GET /012/eh-asset.css?cc=no-store&ms=150&n=1786870862359-1 HTTP/2.0" ae="gzip, deflate, br, zstd" avail="-" dict_matched=0 ce="-" served="-" bytes=47 status=200
2026-08-16T09:01:02+00:00 "GET /012/eh?hints=preload&ms=200&cc=no-store&n=1786870862742-2 HTTP/2.0" ae="gzip, deflate, br, zstd" avail="-" dict_matched=0 ce="-" served="-" bytes=252 status=200
2026-08-16T09:01:03+00:00 "GET /012/eh-asset.css?cc=no-store&ms=150&n=1786870862742-2 HTTP/2.0" ae="gzip, deflate, br, zstd" avail="-" dict_matched=0 ce="-" served="-" bytes=47 status=200
2026-08-16T09:01:03+00:00 "GET /012/eh?hints=preload&ms=200&cc=no-store&n=1786870863132-3 HTTP/2.0" ae="gzip, deflate, br, zstd" avail="-" dict_matched=0 ce="-" served="-" bytes=252 status=200
2026-08-16T09:01:03+00:00 "GET /012/eh-asset.css?cc=no-store&ms=150&n=1786870863132-3 HTTP/2.0" ae="gzip, deflate, br, zstd" avail="-" dict_matched=0 ce="-" served="-" bytes=47 status=200
2026-08-16T09:01:03+00:00 "GET /012/eh-asset.css?cc=no-store&ms=150&n=1786870863509-0 HTTP/2.0" ae="gzip, deflate, br, zstd" avail="-" dict_matched=0 ce="-" served="-" bytes=47 status=200
2026-08-16T09:01:03+00:00 "GET /012/ehon?hints=preload&ms=200&cc=no-store&n=1786870863509-0 HTTP/2.0" ae="gzip, deflate, br, zstd" avail="-" dict_matched=0 ce="-" served="-" bytes=252 status=200
2026-08-16T09:01:03+00:00 "GET /012/eh-asset.css?cc=no-store&ms=150&n=1786870863509-0 HTTP/2.0" ae="gzip, deflate, br, zstd" avail="-" dict_matched=0 ce="-" served="-" bytes=47 status=200
2026-08-16T09:01:04+00:00 "GET /012/eh-asset.css?cc=no-store&ms=150&n=1786870863889-1 HTTP/2.0" ae="gzip, deflate, br, zstd" avail="-" dict_matched=0 ce="-" served="-" bytes=47 status=200
2026-08-16T09:01:04+00:00 "GET /012/ehon?hints=preload&ms=200&cc=no-store&n=1786870863889-1 HTTP/2.0" ae="gzip, deflate, br, zstd" avail="-" dict_matched=0 ce="-" served="-" bytes=252 status=200
2026-08-16T09:01:04+00:00 "GET /012/eh-asset.css?cc=no-store&ms=150&n=1786870863889-1 HTTP/2.0" ae="gzip, deflate, br, zstd" avail="-" dict_matched=0 ce="-" served="-" bytes=47 status=200
2026-08-16T09:01:04+00:00 "GET /012/eh-asset.css?cc=no-store&ms=150&n=1786870864272-2 HTTP/2.0" ae="gzip, deflate, br, zstd" avail="-" dict_matched=0 ce="-" served="-" bytes=47 status=200
2026-08-16T09:01:04+00:00 "GET /012/ehon?hints=preload&ms=200&cc=no-store&n=1786870864272-2 HTTP/2.0" ae="gzip, deflate, br, zstd" avail="-" dict_matched=0 ce="-" served="-" bytes=252 status=200
2026-08-16T09:01:04+00:00 "GET /012/eh-asset.css?cc=no-store&ms=150&n=1786870864272-2 HTTP/2.0" ae="gzip, deflate, br, zstd" avail="-" dict_matched=0 ce="-" served="-" bytes=47 status=200
2026-08-16T09:01:04+00:00 "GET /012/eh-asset.css?cc=no-store&ms=150&n=1786870864656-3 HTTP/2.0" ae="gzip, deflate, br, zstd" avail="-" dict_matched=0 ce="-" served="-" bytes=47 status=200
2026-08-16T09:01:04+00:00 "GET /012/ehon?hints=preload&ms=200&cc=no-store&n=1786870864656-3 HTTP/2.0" ae="gzip, deflate, br, zstd" avail="-" dict_matched=0 ce="-" served="-" bytes=252 status=200
2026-08-16T09:01:05+00:00 "GET /012/eh-asset.css?cc=no-store&ms=150&n=1786870864656-3 HTTP/2.0" ae="gzip, deflate, br, zstd" avail="-" dict_matched=0 ce="-" served="-" bytes=47 status=200
2026-08-16T09:01:06+00:00 "GET /012/eh?hints=preload&ms=200&cc=no-store&n=1786870866109-0 HTTP/2.0" ae="gzip, deflate, br, zstd" avail="-" dict_matched=0 ce="-" served="-" bytes=252 status=200
2026-08-16T09:01:06+00:00 "GET /favicon.ico HTTP/2.0" ae="gzip, deflate, br, zstd" avail="-" dict_matched=0 ce="-" served="-" bytes=153 status=404
2026-08-16T09:01:06+00:00 "GET /012/eh-asset.css?cc=no-store&ms=150&n=1786870866109-0 HTTP/2.0" ae="gzip, deflate, br, zstd" avail="-" dict_matched=0 ce="-" served="-" bytes=47 status=200
2026-08-16T09:01:06+00:00 "GET /012/eh?hints=preload&ms=200&cc=no-store&n=1786870866605-1 HTTP/2.0" ae="gzip, deflate, br, zstd" avail="-" dict_matched=0 ce="-" served="-" bytes=252 status=200
2026-08-16T09:01:06+00:00 "GET /012/eh-asset.css?cc=no-store&ms=150&n=1786870866605-1 HTTP/2.0" ae="gzip, deflate, br, zstd" avail="-" dict_matched=0 ce="-" served="-" bytes=47 status=200
2026-08-16T09:01:07+00:00 "GET /012/eh?hints=preload&ms=200&cc=no-store&n=1786870866990-2 HTTP/2.0" ae="gzip, deflate, br, zstd" avail="-" dict_matched=0 ce="-" served="-" bytes=252 status=200
2026-08-16T09:01:07+00:00 "GET /012/eh-asset.css?cc=no-store&ms=150&n=1786870866990-2 HTTP/2.0" ae="gzip, deflate, br, zstd" avail="-" dict_matched=0 ce="-" served="-" bytes=47 status=200
2026-08-16T09:01:07+00:00 "GET /012/eh?hints=preload&ms=200&cc=no-store&n=1786870867369-3 HTTP/2.0" ae="gzip, deflate, br, zstd" avail="-" dict_matched=0 ce="-" served="-" bytes=252 status=200
2026-08-16T09:01:07+00:00 "GET /012/eh-asset.css?cc=no-store&ms=150&n=1786870867369-3 HTTP/2.0" ae="gzip, deflate, br, zstd" avail="-" dict_matched=0 ce="-" served="-" bytes=47 status=200
2026-08-16T09:01:07+00:00 "GET /012/eh-asset.css?cc=no-store&ms=150&n=1786870867763-0 HTTP/2.0" ae="gzip, deflate, br, zstd" avail="-" dict_matched=0 ce="-" served="-" bytes=47 status=200
2026-08-16T09:01:07+00:00 "GET /012/ehon?hints=preload&ms=200&cc=no-store&n=1786870867763-0 HTTP/2.0" ae="gzip, deflate, br, zstd" avail="-" dict_matched=0 ce="-" served="-" bytes=252 status=200
2026-08-16T09:01:08+00:00 "GET /012/eh-asset.css?cc=no-store&ms=150&n=1786870867996-1 HTTP/2.0" ae="gzip, deflate, br, zstd" avail="-" dict_matched=0 ce="-" served="-" bytes=47 status=200
2026-08-16T09:01:08+00:00 "GET /012/ehon?hints=preload&ms=200&cc=no-store&n=1786870867996-1 HTTP/2.0" ae="gzip, deflate, br, zstd" avail="-" dict_matched=0 ce="-" served="-" bytes=252 status=200
2026-08-16T09:01:08+00:00 "GET /012/eh-asset.css?cc=no-store&ms=150&n=1786870868225-2 HTTP/2.0" ae="gzip, deflate, br, zstd" avail="-" dict_matched=0 ce="-" served="-" bytes=47 status=200
2026-08-16T09:01:08+00:00 "GET /012/ehon?hints=preload&ms=200&cc=no-store&n=1786870868225-2 HTTP/2.0" ae="gzip, deflate, br, zstd" avail="-" dict_matched=0 ce="-" served="-" bytes=252 status=200
2026-08-16T09:01:08+00:00 "GET /012/eh-asset.css?cc=no-store&ms=150&n=1786870868450-3 HTTP/2.0" ae="gzip, deflate, br, zstd" avail="-" dict_matched=0 ce="-" served="-" bytes=47 status=200
2026-08-16T09:01:08+00:00 "GET /012/ehon?hints=preload&ms=200&cc=no-store&n=1786870868450-3 HTTP/2.0" ae="gzip, deflate, br, zstd" avail="-" dict_matched=0 ce="-" served="-" bytes=252 status=200
2026-08-16T09:01:09+00:00 "GET /012/eh?hints=preload&ms=200&cc=no-store&n=1786870869345-0 HTTP/2.0" ae="gzip, deflate, br" avail="-" dict_matched=0 ce="-" served="-" bytes=252 status=200
2026-08-16T09:01:09+00:00 "GET /012/eh-asset.css?cc=no-store&ms=150&n=1786870869345-0 HTTP/2.0" ae="gzip, deflate, br" avail="-" dict_matched=0 ce="-" served="-" bytes=47 status=200
2026-08-16T09:01:09+00:00 "GET /012/eh?hints=preload&ms=200&cc=no-store&n=1786870869779-1 HTTP/2.0" ae="gzip, deflate, br" avail="-" dict_matched=0 ce="-" served="-" bytes=252 status=200
2026-08-16T09:01:10+00:00 "GET /012/eh-asset.css?cc=no-store&ms=150&n=1786870869779-1 HTTP/2.0" ae="gzip, deflate, br" avail="-" dict_matched=0 ce="-" served="-" bytes=47 status=200
2026-08-16T09:01:10+00:00 "GET /012/eh?hints=preload&ms=200&cc=no-store&n=1786870870160-2 HTTP/2.0" ae="gzip, deflate, br" avail="-" dict_matched=0 ce="-" served="-" bytes=252 status=200
2026-08-16T09:01:10+00:00 "GET /012/eh-asset.css?cc=no-store&ms=150&n=1786870870160-2 HTTP/2.0" ae="gzip, deflate, br" avail="-" dict_matched=0 ce="-" served="-" bytes=47 status=200
2026-08-16T09:01:10+00:00 "GET /012/eh?hints=preload&ms=200&cc=no-store&n=1786870870542-3 HTTP/2.0" ae="gzip, deflate, br" avail="-" dict_matched=0 ce="-" served="-" bytes=252 status=200
2026-08-16T09:01:10+00:00 "GET /012/eh-asset.css?cc=no-store&ms=150&n=1786870870542-3 HTTP/2.0" ae="gzip, deflate, br" avail="-" dict_matched=0 ce="-" served="-" bytes=47 status=200
2026-08-16T09:01:11+00:00 "GET /012/ehon?hints=preload&ms=200&cc=no-store&n=1786870870928-0 HTTP/2.0" ae="gzip, deflate, br" avail="-" dict_matched=0 ce="-" served="-" bytes=252 status=200
2026-08-16T09:01:11+00:00 "GET /012/eh-asset.css?cc=no-store&ms=150&n=1786870870928-0 HTTP/2.0" ae="gzip, deflate, br" avail="-" dict_matched=0 ce="-" served="-" bytes=47 status=200
2026-08-16T09:01:11+00:00 "GET /012/ehon?hints=preload&ms=200&cc=no-store&n=1786870871318-1 HTTP/2.0" ae="gzip, deflate, br" avail="-" dict_matched=0 ce="-" served="-" bytes=252 status=200
2026-08-16T09:01:11+00:00 "GET /012/eh-asset.css?cc=no-store&ms=150&n=1786870871318-1 HTTP/2.0" ae="gzip, deflate, br" avail="-" dict_matched=0 ce="-" served="-" bytes=47 status=200
2026-08-16T09:01:11+00:00 "GET /012/ehon?hints=preload&ms=200&cc=no-store&n=1786870871708-2 HTTP/2.0" ae="gzip, deflate, br" avail="-" dict_matched=0 ce="-" served="-" bytes=252 status=200
2026-08-16T09:01:12+00:00 "GET /012/eh-asset.css?cc=no-store&ms=150&n=1786870871708-2 HTTP/2.0" ae="gzip, deflate, br" avail="-" dict_matched=0 ce="-" served="-" bytes=47 status=200
2026-08-16T09:01:12+00:00 "GET /012/ehon?hints=preload&ms=200&cc=no-store&n=1786870872098-3 HTTP/2.0" ae="gzip, deflate, br" avail="-" dict_matched=0 ce="-" served="-" bytes=252 status=200
2026-08-16T09:01:12+00:00 "GET /012/eh-asset.css?cc=no-store&ms=150&n=1786870872098-3 HTTP/2.0" ae="gzip, deflate, br" avail="-" dict_matched=0 ce="-" served="-" bytes=47 status=200
2026-08-16T09:02:50+00:00 "GET /012/eh?hints=preload&ms=200&cc=no-store&n=1786870970258-0 HTTP/2.0" ae="gzip, deflate, br, zstd" avail="-" dict_matched=0 ce="-" served="-" bytes=252 status=200
2026-08-16T09:02:50+00:00 "GET /012/eh-asset.css?cc=no-store&ms=150&n=1786870970258-0 HTTP/2.0" ae="gzip, deflate, br, zstd" avail="-" dict_matched=0 ce="-" served="-" bytes=47 status=200
2026-08-16T09:02:50+00:00 "GET /favicon.ico HTTP/2.0" ae="gzip, deflate, br, zstd" avail="-" dict_matched=0 ce="-" served="-" bytes=555 status=404
2026-08-16T09:02:50+00:00 "GET /012/eh?hints=preload&ms=200&cc=no-store&n=1786870970715-1 HTTP/2.0" ae="gzip, deflate, br, zstd" avail="-" dict_matched=0 ce="-" served="-" bytes=252 status=200
2026-08-16T09:02:51+00:00 "GET /012/eh-asset.css?cc=no-store&ms=150&n=1786870970715-1 HTTP/2.0" ae="gzip, deflate, br, zstd" avail="-" dict_matched=0 ce="-" served="-" bytes=47 status=200
2026-08-16T09:02:51+00:00 "GET /012/eh?hints=preload&ms=200&cc=no-store&n=1786870971101-2 HTTP/2.0" ae="gzip, deflate, br, zstd" avail="-" dict_matched=0 ce="-" served="-" bytes=252 status=200
2026-08-16T09:02:51+00:00 "GET /012/eh-asset.css?cc=no-store&ms=150&n=1786870971101-2 HTTP/2.0" ae="gzip, deflate, br, zstd" avail="-" dict_matched=0 ce="-" served="-" bytes=47 status=200
2026-08-16T09:02:51+00:00 "GET /012/eh?hints=preload&ms=200&cc=no-store&n=1786870971472-3 HTTP/2.0" ae="gzip, deflate, br, zstd" avail="-" dict_matched=0 ce="-" served="-" bytes=252 status=200
2026-08-16T09:02:51+00:00 "GET /012/eh-asset.css?cc=no-store&ms=150&n=1786870971472-3 HTTP/2.0" ae="gzip, deflate, br, zstd" avail="-" dict_matched=0 ce="-" served="-" bytes=47 status=200
2026-08-16T09:02:52+00:00 "GET /012/eh-asset.css?cc=no-store&ms=150&n=1786870971844-0 HTTP/2.0" ae="gzip, deflate, br, zstd" avail="-" dict_matched=0 ce="-" served="-" bytes=47 status=200
2026-08-16T09:02:52+00:00 "GET /012/ehon?hints=preload&ms=200&cc=no-store&n=1786870971844-0 HTTP/2.0" ae="gzip, deflate, br, zstd" avail="-" dict_matched=0 ce="-" served="-" bytes=252 status=200
2026-08-16T09:02:52+00:00 "GET /012/eh-asset.css?cc=no-store&ms=150&n=1786870971844-0 HTTP/2.0" ae="gzip, deflate, br, zstd" avail="-" dict_matched=0 ce="-" served="-" bytes=47 status=200
2026-08-16T09:02:52+00:00 "GET /012/eh-asset.css?cc=no-store&ms=150&n=1786870972227-1 HTTP/2.0" ae="gzip, deflate, br, zstd" avail="-" dict_matched=0 ce="-" served="-" bytes=47 status=200
2026-08-16T09:02:52+00:00 "GET /012/ehon?hints=preload&ms=200&cc=no-store&n=1786870972227-1 HTTP/2.0" ae="gzip, deflate, br, zstd" avail="-" dict_matched=0 ce="-" served="-" bytes=252 status=200
2026-08-16T09:02:52+00:00 "GET /012/eh-asset.css?cc=no-store&ms=150&n=1786870972227-1 HTTP/2.0" ae="gzip, deflate, br, zstd" avail="-" dict_matched=0 ce="-" served="-" bytes=47 status=200
2026-08-16T09:02:52+00:00 "GET /012/eh-asset.css?cc=no-store&ms=150&n=1786870972610-2 HTTP/2.0" ae="gzip, deflate, br, zstd" avail="-" dict_matched=0 ce="-" served="-" bytes=47 status=200
2026-08-16T09:02:52+00:00 "GET /012/ehon?hints=preload&ms=200&cc=no-store&n=1786870972610-2 HTTP/2.0" ae="gzip, deflate, br, zstd" avail="-" dict_matched=0 ce="-" served="-" bytes=252 status=200
2026-08-16T09:02:52+00:00 "GET /012/eh-asset.css?cc=no-store&ms=150&n=1786870972610-2 HTTP/2.0" ae="gzip, deflate, br, zstd" avail="-" dict_matched=0 ce="-" served="-" bytes=47 status=200
2026-08-16T09:02:53+00:00 "GET /012/eh-asset.css?cc=no-store&ms=150&n=1786870972996-3 HTTP/2.0" ae="gzip, deflate, br, zstd" avail="-" dict_matched=0 ce="-" served="-" bytes=47 status=200
2026-08-16T09:02:53+00:00 "GET /012/ehon?hints=preload&ms=200&cc=no-store&n=1786870972996-3 HTTP/2.0" ae="gzip, deflate, br, zstd" avail="-" dict_matched=0 ce="-" served="-" bytes=252 status=200
2026-08-16T09:02:53+00:00 "GET /012/eh-asset.css?cc=no-store&ms=150&n=1786870972996-3 HTTP/2.0" ae="gzip, deflate, br, zstd" avail="-" dict_matched=0 ce="-" served="-" bytes=47 status=200
2026-08-16T09:02:54+00:00 "GET /012/eh?hints=preload&ms=200&cc=no-store&n=1786870974404-0 HTTP/2.0" ae="gzip, deflate, br, zstd" avail="-" dict_matched=0 ce="-" served="-" bytes=252 status=200
2026-08-16T09:02:54+00:00 "GET /favicon.ico HTTP/2.0" ae="gzip, deflate, br, zstd" avail="-" dict_matched=0 ce="-" served="-" bytes=153 status=404
2026-08-16T09:02:54+00:00 "GET /012/eh-asset.css?cc=no-store&ms=150&n=1786870974404-0 HTTP/2.0" ae="gzip, deflate, br, zstd" avail="-" dict_matched=0 ce="-" served="-" bytes=47 status=200
2026-08-16T09:02:55+00:00 "GET /012/eh?hints=preload&ms=200&cc=no-store&n=1786870974889-1 HTTP/2.0" ae="gzip, deflate, br, zstd" avail="-" dict_matched=0 ce="-" served="-" bytes=252 status=200
2026-08-16T09:02:55+00:00 "GET /012/eh-asset.css?cc=no-store&ms=150&n=1786870974889-1 HTTP/2.0" ae="gzip, deflate, br, zstd" avail="-" dict_matched=0 ce="-" served="-" bytes=47 status=200
2026-08-16T09:02:55+00:00 "GET /012/eh?hints=preload&ms=200&cc=no-store&n=1786870975275-2 HTTP/2.0" ae="gzip, deflate, br, zstd" avail="-" dict_matched=0 ce="-" served="-" bytes=252 status=200
2026-08-16T09:02:55+00:00 "GET /012/eh-asset.css?cc=no-store&ms=150&n=1786870975275-2 HTTP/2.0" ae="gzip, deflate, br, zstd" avail="-" dict_matched=0 ce="-" served="-" bytes=47 status=200
2026-08-16T09:02:55+00:00 "GET /012/eh?hints=preload&ms=200&cc=no-store&n=1786870975671-3 HTTP/2.0" ae="gzip, deflate, br, zstd" avail="-" dict_matched=0 ce="-" served="-" bytes=252 status=200
2026-08-16T09:02:56+00:00 "GET /012/eh-asset.css?cc=no-store&ms=150&n=1786870975671-3 HTTP/2.0" ae="gzip, deflate, br, zstd" avail="-" dict_matched=0 ce="-" served="-" bytes=47 status=200
2026-08-16T09:02:56+00:00 "GET /012/eh-asset.css?cc=no-store&ms=150&n=1786870976062-0 HTTP/2.0" ae="gzip, deflate, br, zstd" avail="-" dict_matched=0 ce="-" served="-" bytes=47 status=200
2026-08-16T09:02:56+00:00 "GET /012/ehon?hints=preload&ms=200&cc=no-store&n=1786870976062-0 HTTP/2.0" ae="gzip, deflate, br, zstd" avail="-" dict_matched=0 ce="-" served="-" bytes=252 status=200
2026-08-16T09:02:56+00:00 "GET /012/eh-asset.css?cc=no-store&ms=150&n=1786870976282-1 HTTP/2.0" ae="gzip, deflate, br, zstd" avail="-" dict_matched=0 ce="-" served="-" bytes=47 status=200
2026-08-16T09:02:56+00:00 "GET /012/ehon?hints=preload&ms=200&cc=no-store&n=1786870976282-1 HTTP/2.0" ae="gzip, deflate, br, zstd" avail="-" dict_matched=0 ce="-" served="-" bytes=252 status=200
2026-08-16T09:02:56+00:00 "GET /012/eh-asset.css?cc=no-store&ms=150&n=1786870976515-2 HTTP/2.0" ae="gzip, deflate, br, zstd" avail="-" dict_matched=0 ce="-" served="-" bytes=47 status=200
2026-08-16T09:02:56+00:00 "GET /012/ehon?hints=preload&ms=200&cc=no-store&n=1786870976515-2 HTTP/2.0" ae="gzip, deflate, br, zstd" avail="-" dict_matched=0 ce="-" served="-" bytes=252 status=200
2026-08-16T09:02:56+00:00 "GET /012/eh-asset.css?cc=no-store&ms=150&n=1786870976748-3 HTTP/2.0" ae="gzip, deflate, br, zstd" avail="-" dict_matched=0 ce="-" served="-" bytes=47 status=200
2026-08-16T09:02:56+00:00 "GET /012/ehon?hints=preload&ms=200&cc=no-store&n=1786870976748-3 HTTP/2.0" ae="gzip, deflate, br, zstd" avail="-" dict_matched=0 ce="-" served="-" bytes=252 status=200
2026-08-16T09:02:57+00:00 "GET /012/eh?hints=preload&ms=200&cc=no-store&n=1786870977668-0 HTTP/2.0" ae="gzip, deflate, br" avail="-" dict_matched=0 ce="-" served="-" bytes=252 status=200
2026-08-16T09:02:58+00:00 "GET /012/eh-asset.css?cc=no-store&ms=150&n=1786870977668-0 HTTP/2.0" ae="gzip, deflate, br" avail="-" dict_matched=0 ce="-" served="-" bytes=47 status=200
2026-08-16T09:02:58+00:00 "GET /012/eh?hints=preload&ms=200&cc=no-store&n=1786870978065-1 HTTP/2.0" ae="gzip, deflate, br" avail="-" dict_matched=0 ce="-" served="-" bytes=252 status=200
2026-08-16T09:02:58+00:00 "GET /012/eh-asset.css?cc=no-store&ms=150&n=1786870978065-1 HTTP/2.0" ae="gzip, deflate, br" avail="-" dict_matched=0 ce="-" served="-" bytes=47 status=200
2026-08-16T09:02:58+00:00 "GET /012/eh?hints=preload&ms=200&cc=no-store&n=1786870978446-2 HTTP/2.0" ae="gzip, deflate, br" avail="-" dict_matched=0 ce="-" served="-" bytes=252 status=200
2026-08-16T09:02:58+00:00 "GET /012/eh-asset.css?cc=no-store&ms=150&n=1786870978446-2 HTTP/2.0" ae="gzip, deflate, br" avail="-" dict_matched=0 ce="-" served="-" bytes=47 status=200
2026-08-16T09:02:59+00:00 "GET /012/eh?hints=preload&ms=200&cc=no-store&n=1786870978836-3 HTTP/2.0" ae="gzip, deflate, br" avail="-" dict_matched=0 ce="-" served="-" bytes=252 status=200
2026-08-16T09:02:59+00:00 "GET /012/eh-asset.css?cc=no-store&ms=150&n=1786870978836-3 HTTP/2.0" ae="gzip, deflate, br" avail="-" dict_matched=0 ce="-" served="-" bytes=47 status=200
2026-08-16T09:02:59+00:00 "GET /012/ehon?hints=preload&ms=200&cc=no-store&n=1786870979222-0 HTTP/2.0" ae="gzip, deflate, br" avail="-" dict_matched=0 ce="-" served="-" bytes=252 status=200
2026-08-16T09:02:59+00:00 "GET /012/eh-asset.css?cc=no-store&ms=150&n=1786870979222-0 HTTP/2.0" ae="gzip, deflate, br" avail="-" dict_matched=0 ce="-" served="-" bytes=47 status=200
2026-08-16T09:02:59+00:00 "GET /012/ehon?hints=preload&ms=200&cc=no-store&n=1786870979603-1 HTTP/2.0" ae="gzip, deflate, br" avail="-" dict_matched=0 ce="-" served="-" bytes=252 status=200
2026-08-16T09:02:59+00:00 "GET /012/eh-asset.css?cc=no-store&ms=150&n=1786870979603-1 HTTP/2.0" ae="gzip, deflate, br" avail="-" dict_matched=0 ce="-" served="-" bytes=47 status=200
2026-08-16T09:03:00+00:00 "GET /012/ehon?hints=preload&ms=200&cc=no-store&n=1786870979988-2 HTTP/2.0" ae="gzip, deflate, br" avail="-" dict_matched=0 ce="-" served="-" bytes=252 status=200
2026-08-16T09:03:00+00:00 "GET /012/eh-asset.css?cc=no-store&ms=150&n=1786870979988-2 HTTP/2.0" ae="gzip, deflate, br" avail="-" dict_matched=0 ce="-" served="-" bytes=47 status=200
2026-08-16T09:03:00+00:00 "GET /012/ehon?hints=preload&ms=200&cc=no-store&n=1786870980377-3 HTTP/2.0" ae="gzip, deflate, br" avail="-" dict_matched=0 ce="-" served="-" bytes=252 status=200
2026-08-16T09:03:00+00:00 "GET /012/eh-asset.css?cc=no-store&ms=150&n=1786870980377-3 HTTP/2.0" ae="gzip, deflate, br" avail="-" dict_matched=0 ce="-" served="-" bytes=47 status=200
2026-08-22T10:59:01+00:00 "GET /012/index.html HTTP/2.0" ae="gzip, deflate, br, zstd" avail="-" dict_matched=0 ce="-" served="-" bytes=1497 status=200
2026-08-22T10:59:01+00:00 "GET /012/bundle-v1.js HTTP/2.0" ae="gzip, deflate, br, zstd" avail="-" dict_matched=0 ce="-" served="bundle-v1.js" bytes=99353 status=200
2026-08-22T10:59:01+00:00 "GET /favicon.ico HTTP/2.0" ae="gzip, deflate, br, zstd" avail="-" dict_matched=0 ce="-" served="-" bytes=555 status=404
2026-08-22T10:59:02+00:00 "GET /012/v2.html HTTP/2.0" ae="gzip, deflate, br, zstd" avail="-" dict_matched=0 ce="-" served="-" bytes=1437 status=200
2026-08-22T10:59:03+00:00 "GET /012/bundle-v2.js HTTP/2.0" ae="gzip, deflate, br, zstd, dcb, dcz" avail=":nhPjQEQF8u4MC+YY/ts3K+PFHVIfPDLxMZYsdSy0TG8=:" dict_matched=1 ce="dcb" served="bundle-v2.js.dcb" bytes=578 status=200
2026-08-22T10:59:04+00:00 "GET /012/index.html HTTP/2.0" ae="gzip, deflate, br, zstd" avail="-" dict_matched=0 ce="-" served="-" bytes=1497 status=200
2026-08-22T10:59:04+00:00 "GET /012/bundle-v1.js HTTP/2.0" ae="gzip, deflate, br, zstd" avail="-" dict_matched=0 ce="-" served="bundle-v1.js" bytes=99353 status=200
2026-08-22T10:59:05+00:00 "GET /012/v2.html HTTP/2.0" ae="gzip, deflate, br, zstd" avail="-" dict_matched=0 ce="-" served="-" bytes=1437 status=200
2026-08-22T10:59:05+00:00 "GET /012/bundle-v2.js HTTP/2.0" ae="gzip, deflate, br, zstd, dcb, dcz" avail=":nhPjQEQF8u4MC+YY/ts3K+PFHVIfPDLxMZYsdSy0TG8=:" dict_matched=1 ce="dcb" served="bundle-v2.js.dcb" bytes=578 status=200
2026-08-22T10:59:07+00:00 "GET /012/index.html HTTP/2.0" ae="gzip, deflate, br, zstd" avail="-" dict_matched=0 ce="-" served="-" bytes=1497 status=200
2026-08-22T10:59:07+00:00 "GET /012/bundle-v1.js HTTP/2.0" ae="gzip, deflate, br, zstd" avail="-" dict_matched=0 ce="-" served="bundle-v1.js" bytes=99353 status=200
2026-08-22T10:59:07+00:00 "GET /favicon.ico HTTP/2.0" ae="gzip, deflate, br, zstd" avail="-" dict_matched=0 ce="-" served="-" bytes=153 status=404
2026-08-22T10:59:09+00:00 "GET /012/v2.html HTTP/2.0" ae="gzip, deflate, br, zstd" avail="-" dict_matched=0 ce="-" served="-" bytes=1437 status=200
2026-08-22T10:59:09+00:00 "GET /012/bundle-v2.js HTTP/2.0" ae="gzip, deflate, br, zstd" avail="-" dict_matched=0 ce="-" served="bundle-v2.js" bytes=100702 status=200
2026-08-22T10:59:10+00:00 "GET /012/index.html HTTP/2.0" ae="gzip, deflate, br" avail="-" dict_matched=0 ce="-" served="-" bytes=1497 status=200
2026-08-22T10:59:10+00:00 "GET /012/bundle-v1.js HTTP/2.0" ae="gzip, deflate, br" avail="-" dict_matched=0 ce="-" served="bundle-v1.js" bytes=99353 status=200
2026-08-22T10:59:11+00:00 "GET /012/v2.html HTTP/2.0" ae="gzip, deflate, br" avail="-" dict_matched=0 ce="-" served="-" bytes=1437 status=200
2026-08-22T10:59:11+00:00 "GET /012/bundle-v2.js HTTP/2.0" ae="gzip, deflate, br" avail="-" dict_matched=0 ce="-" served="bundle-v2.js" bytes=100702 status=200
2026-08-22T10:59:13+00:00 "GET /012/index.html HTTP/2.0" ae="gzip, deflate, br, zstd" avail="-" dict_matched=0 ce="-" served="-" bytes=1497 status=200
2026-08-22T10:59:13+00:00 "GET /012/bundle-v1.js HTTP/2.0" ae="gzip, deflate, br, zstd" avail="-" dict_matched=0 ce="-" served="bundle-v1.js" bytes=99353 status=200
2026-08-22T10:59:13+00:00 "GET /favicon.ico HTTP/2.0" ae="gzip, deflate, br, zstd" avail="-" dict_matched=0 ce="-" served="-" bytes=555 status=404
2026-08-22T10:59:14+00:00 "GET /012/v2.html HTTP/2.0" ae="gzip, deflate, br, zstd" avail="-" dict_matched=0 ce="-" served="-" bytes=1437 status=200
2026-08-22T10:59:14+00:00 "GET /012/bundle-v2.js HTTP/2.0" ae="gzip, deflate, br, zstd, dcb, dcz" avail=":nhPjQEQF8u4MC+YY/ts3K+PFHVIfPDLxMZYsdSy0TG8=:" dict_matched=1 ce="dcb" served="bundle-v2.js.dcb" bytes=578 status=200
2026-08-22T10:59:16+00:00 "GET /012/index.html HTTP/2.0" ae="gzip, deflate, br, zstd" avail="-" dict_matched=0 ce="-" served="-" bytes=1497 status=200
2026-08-22T10:59:16+00:00 "GET /012/bundle-v1.js HTTP/2.0" ae="gzip, deflate, br, zstd" avail="-" dict_matched=0 ce="-" served="bundle-v1.js" bytes=99353 status=200
2026-08-22T10:59:16+00:00 "GET /favicon.ico HTTP/2.0" ae="gzip, deflate, br, zstd" avail="-" dict_matched=0 ce="-" served="-" bytes=555 status=404
2026-08-22T10:59:17+00:00 "GET /012/v2.html HTTP/2.0" ae="gzip, deflate, br, zstd" avail="-" dict_matched=0 ce="-" served="-" bytes=1437 status=200
2026-08-22T10:59:17+00:00 "GET /012/bundle-v2.js HTTP/2.0" ae="gzip, deflate, br, zstd" avail="-" dict_matched=0 ce="-" served="bundle-v2.js" bytes=100702 status=200
2026-08-22T10:59:19+00:00 "GET /012/index.html HTTP/2.0" ae="gzip, deflate, br, zstd" avail="-" dict_matched=0 ce="-" served="-" bytes=1497 status=200
2026-08-22T10:59:19+00:00 "GET /012/bundle-v1.js HTTP/2.0" ae="gzip, deflate, br, zstd" avail="-" dict_matched=0 ce="-" served="bundle-v1.js" bytes=99353 status=200
2026-08-22T10:59:19+00:00 "GET /favicon.ico HTTP/2.0" ae="gzip, deflate, br, zstd" avail="-" dict_matched=0 ce="-" served="-" bytes=555 status=404
2026-08-22T10:59:20+00:00 "GET /012/v2.html HTTP/2.0" ae="gzip, deflate, br, zstd" avail="-" dict_matched=0 ce="-" served="-" bytes=1437 status=200
2026-08-22T10:59:20+00:00 "GET /012/bundle-v2.js HTTP/2.0" ae="gzip, deflate, br, zstd, dcb, dcz" avail=":nhPjQEQF8u4MC+YY/ts3K+PFHVIfPDLxMZYsdSy0TG8=:" dict_matched=1 ce="dcb" served="bundle-v2.js.dcb" bytes=578 status=200
2026-08-22T11:00:00+00:00 "GET /012/eh?hints=none&ms=200&cc=no-store&n=nginx-no-store-none-0 HTTP/2.0" ae="gzip, deflate, br, zstd" avail="-" dict_matched=0 ce="-" served="-" bytes=252 status=200
2026-08-22T11:00:00+00:00 "GET /012/eh-asset.css?cc=no-store&ms=150&n=nginx-no-store-none-0 HTTP/2.0" ae="gzip, deflate, br, zstd" avail="-" dict_matched=0 ce="-" served="-" bytes=47 status=200
2026-08-22T11:00:00+00:00 "GET /favicon.ico HTTP/2.0" ae="gzip, deflate, br, zstd" avail="-" dict_matched=0 ce="-" served="-" bytes=555 status=404
2026-08-22T11:00:00+00:00 "GET /012/eh?hints=none&ms=200&cc=no-store&n=nginx-no-store-none-1 HTTP/2.0" ae="gzip, deflate, br, zstd" avail="-" dict_matched=0 ce="-" served="-" bytes=252 status=200
2026-08-22T11:00:01+00:00 "GET /012/eh-asset.css?cc=no-store&ms=150&n=nginx-no-store-none-1 HTTP/2.0" ae="gzip, deflate, br, zstd" avail="-" dict_matched=0 ce="-" served="-" bytes=47 status=200
2026-08-22T11:00:01+00:00 "GET /012/eh?hints=none&ms=200&cc=no-store&n=nginx-no-store-none-2 HTTP/2.0" ae="gzip, deflate, br, zstd" avail="-" dict_matched=0 ce="-" served="-" bytes=252 status=200
2026-08-22T11:00:01+00:00 "GET /012/eh-asset.css?cc=no-store&ms=150&n=nginx-no-store-none-2 HTTP/2.0" ae="gzip, deflate, br, zstd" avail="-" dict_matched=0 ce="-" served="-" bytes=47 status=200
2026-08-22T11:00:01+00:00 "GET /012/eh?hints=none&ms=200&cc=no-store&n=nginx-no-store-none-3 HTTP/2.0" ae="gzip, deflate, br, zstd" avail="-" dict_matched=0 ce="-" served="-" bytes=252 status=200
2026-08-22T11:00:01+00:00 "GET /012/eh-asset.css?cc=no-store&ms=150&n=nginx-no-store-none-3 HTTP/2.0" ae="gzip, deflate, br, zstd" avail="-" dict_matched=0 ce="-" served="-" bytes=47 status=200
2026-08-22T11:00:02+00:00 "GET /012/eh?hints=none&ms=200&cc=no-store&n=nginx-no-store-none-4 HTTP/2.0" ae="gzip, deflate, br, zstd" avail="-" dict_matched=0 ce="-" served="-" bytes=252 status=200
2026-08-22T11:00:02+00:00 "GET /012/eh-asset.css?cc=no-store&ms=150&n=nginx-no-store-none-4 HTTP/2.0" ae="gzip, deflate, br, zstd" avail="-" dict_matched=0 ce="-" served="-" bytes=47 status=200
2026-08-22T11:00:02+00:00 "GET /012/eh?hints=bare&ms=200&cc=no-store&n=nginx-no-store-bare-0 HTTP/2.0" ae="gzip, deflate, br, zstd" avail="-" dict_matched=0 ce="-" served="-" bytes=252 status=200
2026-08-22T11:00:02+00:00 "GET /012/eh-asset.css?cc=no-store&ms=150&n=nginx-no-store-bare-0 HTTP/2.0" ae="gzip, deflate, br, zstd" avail="-" dict_matched=0 ce="-" served="-" bytes=47 status=200
2026-08-22T11:00:03+00:00 "GET /012/eh?hints=bare&ms=200&cc=no-store&n=nginx-no-store-bare-1 HTTP/2.0" ae="gzip, deflate, br, zstd" avail="-" dict_matched=0 ce="-" served="-" bytes=252 status=200
2026-08-22T11:00:03+00:00 "GET /012/eh-asset.css?cc=no-store&ms=150&n=nginx-no-store-bare-1 HTTP/2.0" ae="gzip, deflate, br, zstd" avail="-" dict_matched=0 ce="-" served="-" bytes=47 status=200
2026-08-22T11:00:03+00:00 "GET /012/eh?hints=bare&ms=200&cc=no-store&n=nginx-no-store-bare-2 HTTP/2.0" ae="gzip, deflate, br, zstd" avail="-" dict_matched=0 ce="-" served="-" bytes=252 status=200
2026-08-22T11:00:03+00:00 "GET /012/eh-asset.css?cc=no-store&ms=150&n=nginx-no-store-bare-2 HTTP/2.0" ae="gzip, deflate, br, zstd" avail="-" dict_matched=0 ce="-" served="-" bytes=47 status=200
2026-08-22T11:00:04+00:00 "GET /012/eh?hints=bare&ms=200&cc=no-store&n=nginx-no-store-bare-3 HTTP/2.0" ae="gzip, deflate, br, zstd" avail="-" dict_matched=0 ce="-" served="-" bytes=252 status=200
2026-08-22T11:00:04+00:00 "GET /012/eh-asset.css?cc=no-store&ms=150&n=nginx-no-store-bare-3 HTTP/2.0" ae="gzip, deflate, br, zstd" avail="-" dict_matched=0 ce="-" served="-" bytes=47 status=200
2026-08-22T11:00:04+00:00 "GET /012/eh?hints=bare&ms=200&cc=no-store&n=nginx-no-store-bare-4 HTTP/2.0" ae="gzip, deflate, br, zstd" avail="-" dict_matched=0 ce="-" served="-" bytes=252 status=200
2026-08-22T11:00:04+00:00 "GET /012/eh-asset.css?cc=no-store&ms=150&n=nginx-no-store-bare-4 HTTP/2.0" ae="gzip, deflate, br, zstd" avail="-" dict_matched=0 ce="-" served="-" bytes=47 status=200
2026-08-22T11:00:04+00:00 "GET /012/eh?hints=preload&ms=200&cc=no-store&n=nginx-no-store-preload-0 HTTP/2.0" ae="gzip, deflate, br, zstd" avail="-" dict_matched=0 ce="-" served="-" bytes=261 status=200
2026-08-22T11:00:05+00:00 "GET /012/eh-asset.css?cc=no-store&ms=150&n=nginx-no-store-preload-0 HTTP/2.0" ae="gzip, deflate, br, zstd" avail="-" dict_matched=0 ce="-" served="-" bytes=47 status=200
2026-08-22T11:00:05+00:00 "GET /012/eh?hints=preload&ms=200&cc=no-store&n=nginx-no-store-preload-1 HTTP/2.0" ae="gzip, deflate, br, zstd" avail="-" dict_matched=0 ce="-" served="-" bytes=261 status=200
2026-08-22T11:00:05+00:00 "GET /012/eh-asset.css?cc=no-store&ms=150&n=nginx-no-store-preload-1 HTTP/2.0" ae="gzip, deflate, br, zstd" avail="-" dict_matched=0 ce="-" served="-" bytes=47 status=200
2026-08-22T11:00:05+00:00 "GET /012/eh?hints=preload&ms=200&cc=no-store&n=nginx-no-store-preload-2 HTTP/2.0" ae="gzip, deflate, br, zstd" avail="-" dict_matched=0 ce="-" served="-" bytes=261 status=200
2026-08-22T11:00:05+00:00 "GET /012/eh-asset.css?cc=no-store&ms=150&n=nginx-no-store-preload-2 HTTP/2.0" ae="gzip, deflate, br, zstd" avail="-" dict_matched=0 ce="-" served="-" bytes=47 status=200
2026-08-22T11:00:06+00:00 "GET /012/eh?hints=preload&ms=200&cc=no-store&n=nginx-no-store-preload-3 HTTP/2.0" ae="gzip, deflate, br, zstd" avail="-" dict_matched=0 ce="-" served="-" bytes=261 status=200
2026-08-22T11:00:06+00:00 "GET /012/eh-asset.css?cc=no-store&ms=150&n=nginx-no-store-preload-3 HTTP/2.0" ae="gzip, deflate, br, zstd" avail="-" dict_matched=0 ce="-" served="-" bytes=47 status=200
2026-08-22T11:00:06+00:00 "GET /012/eh?hints=preload&ms=200&cc=no-store&n=nginx-no-store-preload-4 HTTP/2.0" ae="gzip, deflate, br, zstd" avail="-" dict_matched=0 ce="-" served="-" bytes=261 status=200
2026-08-22T11:00:06+00:00 "GET /012/eh-asset.css?cc=no-store&ms=150&n=nginx-no-store-preload-4 HTTP/2.0" ae="gzip, deflate, br, zstd" avail="-" dict_matched=0 ce="-" served="-" bytes=47 status=200
2026-08-22T11:00:07+00:00 "GET /012/eh?hints=none&ms=200&cc=public%2C%20max-age%3D60&n=nginx-public,%20max-age=60-none-0 HTTP/2.0" ae="gzip, deflate, br, zstd" avail="-" dict_matched=0 ce="-" served="-" bytes=294 status=200
2026-08-22T11:00:07+00:00 "GET /012/eh-asset.css?cc=public%2C%20max-age%3D60&ms=150&n=nginx-public%2C%20max-age%3D60-none-0 HTTP/2.0" ae="gzip, deflate, br, zstd" avail="-" dict_matched=0 ce="-" served="-" bytes=47 status=200
2026-08-22T11:00:07+00:00 "GET /012/eh?hints=none&ms=200&cc=public%2C%20max-age%3D60&n=nginx-public,%20max-age=60-none-1 HTTP/2.0" ae="gzip, deflate, br, zstd" avail="-" dict_matched=0 ce="-" served="-" bytes=294 status=200
2026-08-22T11:00:07+00:00 "GET /012/eh-asset.css?cc=public%2C%20max-age%3D60&ms=150&n=nginx-public%2C%20max-age%3D60-none-1 HTTP/2.0" ae="gzip, deflate, br, zstd" avail="-" dict_matched=0 ce="-" served="-" bytes=47 status=200
2026-08-22T11:00:08+00:00 "GET /012/eh?hints=none&ms=200&cc=public%2C%20max-age%3D60&n=nginx-public,%20max-age=60-none-2 HTTP/2.0" ae="gzip, deflate, br, zstd" avail="-" dict_matched=0 ce="-" served="-" bytes=294 status=200
2026-08-22T11:00:08+00:00 "GET /012/eh-asset.css?cc=public%2C%20max-age%3D60&ms=150&n=nginx-public%2C%20max-age%3D60-none-2 HTTP/2.0" ae="gzip, deflate, br, zstd" avail="-" dict_matched=0 ce="-" served="-" bytes=47 status=200
2026-08-22T11:00:08+00:00 "GET /012/eh?hints=none&ms=200&cc=public%2C%20max-age%3D60&n=nginx-public,%20max-age=60-none-3 HTTP/2.0" ae="gzip, deflate, br, zstd" avail="-" dict_matched=0 ce="-" served="-" bytes=294 status=200
2026-08-22T11:00:08+00:00 "GET /012/eh-asset.css?cc=public%2C%20max-age%3D60&ms=150&n=nginx-public%2C%20max-age%3D60-none-3 HTTP/2.0" ae="gzip, deflate, br, zstd" avail="-" dict_matched=0 ce="-" served="-" bytes=47 status=200
2026-08-22T11:00:08+00:00 "GET /012/eh?hints=none&ms=200&cc=public%2C%20max-age%3D60&n=nginx-public,%20max-age=60-none-4 HTTP/2.0" ae="gzip, deflate, br, zstd" avail="-" dict_matched=0 ce="-" served="-" bytes=294 status=200
2026-08-22T11:00:09+00:00 "GET /012/eh-asset.css?cc=public%2C%20max-age%3D60&ms=150&n=nginx-public%2C%20max-age%3D60-none-4 HTTP/2.0" ae="gzip, deflate, br, zstd" avail="-" dict_matched=0 ce="-" served="-" bytes=47 status=200
2026-08-22T11:00:09+00:00 "GET /012/eh?hints=bare&ms=200&cc=public%2C%20max-age%3D60&n=nginx-public,%20max-age=60-bare-0 HTTP/2.0" ae="gzip, deflate, br, zstd" avail="-" dict_matched=0 ce="-" served="-" bytes=294 status=200
2026-08-22T11:00:09+00:00 "GET /012/eh-asset.css?cc=public%2C%20max-age%3D60&ms=150&n=nginx-public%2C%20max-age%3D60-bare-0 HTTP/2.0" ae="gzip, deflate, br, zstd" avail="-" dict_matched=0 ce="-" served="-" bytes=47 status=200
2026-08-22T11:00:09+00:00 "GET /012/eh?hints=bare&ms=200&cc=public%2C%20max-age%3D60&n=nginx-public,%20max-age=60-bare-1 HTTP/2.0" ae="gzip, deflate, br, zstd" avail="-" dict_matched=0 ce="-" served="-" bytes=294 status=200
2026-08-22T11:00:09+00:00 "GET /012/eh-asset.css?cc=public%2C%20max-age%3D60&ms=150&n=nginx-public%2C%20max-age%3D60-bare-1 HTTP/2.0" ae="gzip, deflate, br, zstd" avail="-" dict_matched=0 ce="-" served="-" bytes=47 status=200
2026-08-22T11:00:10+00:00 "GET /012/eh?hints=bare&ms=200&cc=public%2C%20max-age%3D60&n=nginx-public,%20max-age=60-bare-2 HTTP/2.0" ae="gzip, deflate, br, zstd" avail="-" dict_matched=0 ce="-" served="-" bytes=294 status=200
2026-08-22T11:00:10+00:00 "GET /012/eh-asset.css?cc=public%2C%20max-age%3D60&ms=150&n=nginx-public%2C%20max-age%3D60-bare-2 HTTP/2.0" ae="gzip, deflate, br, zstd" avail="-" dict_matched=0 ce="-" served="-" bytes=47 status=200
2026-08-22T11:00:10+00:00 "GET /012/eh?hints=bare&ms=200&cc=public%2C%20max-age%3D60&n=nginx-public,%20max-age=60-bare-3 HTTP/2.0" ae="gzip, deflate, br, zstd" avail="-" dict_matched=0 ce="-" served="-" bytes=294 status=200
2026-08-22T11:00:10+00:00 "GET /012/eh-asset.css?cc=public%2C%20max-age%3D60&ms=150&n=nginx-public%2C%20max-age%3D60-bare-3 HTTP/2.0" ae="gzip, deflate, br, zstd" avail="-" dict_matched=0 ce="-" served="-" bytes=47 status=200
2026-08-22T11:00:11+00:00 "GET /012/eh?hints=bare&ms=200&cc=public%2C%20max-age%3D60&n=nginx-public,%20max-age=60-bare-4 HTTP/2.0" ae="gzip, deflate, br, zstd" avail="-" dict_matched=0 ce="-" served="-" bytes=294 status=200
2026-08-22T11:00:11+00:00 "GET /012/eh-asset.css?cc=public%2C%20max-age%3D60&ms=150&n=nginx-public%2C%20max-age%3D60-bare-4 HTTP/2.0" ae="gzip, deflate, br, zstd" avail="-" dict_matched=0 ce="-" served="-" bytes=47 status=200
2026-08-22T11:00:11+00:00 "GET /012/eh?hints=preload&ms=200&cc=public%2C%20max-age%3D60&n=nginx-public,%20max-age=60-preload-0 HTTP/2.0" ae="gzip, deflate, br, zstd" avail="-" dict_matched=0 ce="-" served="-" bytes=303 status=200
2026-08-22T11:00:11+00:00 "GET /012/eh-asset.css?cc=public%2C%20max-age%3D60&ms=150&n=nginx-public%2C%20max-age%3D60-preload-0 HTTP/2.0" ae="gzip, deflate, br, zstd" avail="-" dict_matched=0 ce="-" served="-" bytes=47 status=200
2026-08-22T11:00:12+00:00 "GET /012/eh?hints=preload&ms=200&cc=public%2C%20max-age%3D60&n=nginx-public,%20max-age=60-preload-1 HTTP/2.0" ae="gzip, deflate, br, zstd" avail="-" dict_matched=0 ce="-" served="-" bytes=303 status=200
2026-08-22T11:00:12+00:00 "GET /012/eh-asset.css?cc=public%2C%20max-age%3D60&ms=150&n=nginx-public%2C%20max-age%3D60-preload-1 HTTP/2.0" ae="gzip, deflate, br, zstd" avail="-" dict_matched=0 ce="-" served="-" bytes=47 status=200
2026-08-22T11:00:12+00:00 "GET /012/eh?hints=preload&ms=200&cc=public%2C%20max-age%3D60&n=nginx-public,%20max-age=60-preload-2 HTTP/2.0" ae="gzip, deflate, br, zstd" avail="-" dict_matched=0 ce="-" served="-" bytes=303 status=200
2026-08-22T11:00:12+00:00 "GET /012/eh-asset.css?cc=public%2C%20max-age%3D60&ms=150&n=nginx-public%2C%20max-age%3D60-preload-2 HTTP/2.0" ae="gzip, deflate, br, zstd" avail="-" dict_matched=0 ce="-" served="-" bytes=47 status=200
2026-08-22T11:00:12+00:00 "GET /012/eh?hints=preload&ms=200&cc=public%2C%20max-age%3D60&n=nginx-public,%20max-age=60-preload-3 HTTP/2.0" ae="gzip, deflate, br, zstd" avail="-" dict_matched=0 ce="-" served="-" bytes=303 status=200
2026-08-22T11:00:13+00:00 "GET /012/eh-asset.css?cc=public%2C%20max-age%3D60&ms=150&n=nginx-public%2C%20max-age%3D60-preload-3 HTTP/2.0" ae="gzip, deflate, br, zstd" avail="-" dict_matched=0 ce="-" served="-" bytes=47 status=200
2026-08-22T11:00:13+00:00 "GET /012/eh?hints=preload&ms=200&cc=public%2C%20max-age%3D60&n=nginx-public,%20max-age=60-preload-4 HTTP/2.0" ae="gzip, deflate, br, zstd" avail="-" dict_matched=0 ce="-" served="-" bytes=303 status=200
2026-08-22T11:00:13+00:00 "GET /012/eh-asset.css?cc=public%2C%20max-age%3D60&ms=150&n=nginx-public%2C%20max-age%3D60-preload-4 HTTP/2.0" ae="gzip, deflate, br, zstd" avail="-" dict_matched=0 ce="-" served="-" bytes=47 status=200
2026-08-22T11:00:36+00:00 "GET /012/eh?hints=none&ms=200&cc=no-store&n=nginx-no-store-none-0 HTTP/2.0" ae="gzip, deflate, br, zstd" avail="-" dict_matched=0 ce="-" served="-" bytes=252 status=200
2026-08-22T11:00:37+00:00 "GET /favicon.ico HTTP/2.0" ae="gzip, deflate, br, zstd" avail="-" dict_matched=0 ce="-" served="-" bytes=153 status=404
2026-08-22T11:00:37+00:00 "GET /012/eh-asset.css?cc=no-store&ms=150&n=nginx-no-store-none-0 HTTP/2.0" ae="gzip, deflate, br, zstd" avail="-" dict_matched=0 ce="-" served="-" bytes=47 status=200
2026-08-22T11:00:37+00:00 "GET /012/eh?hints=none&ms=200&cc=no-store&n=nginx-no-store-none-1 HTTP/2.0" ae="gzip, deflate, br, zstd" avail="-" dict_matched=0 ce="-" served="-" bytes=252 status=200
2026-08-22T11:00:37+00:00 "GET /012/eh-asset.css?cc=no-store&ms=150&n=nginx-no-store-none-1 HTTP/2.0" ae="gzip, deflate, br, zstd" avail="-" dict_matched=0 ce="-" served="-" bytes=47 status=200
2026-08-22T11:00:37+00:00 "GET /012/eh?hints=none&ms=200&cc=no-store&n=nginx-no-store-none-2 HTTP/2.0" ae="gzip, deflate, br, zstd" avail="-" dict_matched=0 ce="-" served="-" bytes=252 status=200
2026-08-22T11:00:37+00:00 "GET /012/eh-asset.css?cc=no-store&ms=150&n=nginx-no-store-none-2 HTTP/2.0" ae="gzip, deflate, br, zstd" avail="-" dict_matched=0 ce="-" served="-" bytes=47 status=200
2026-08-22T11:00:38+00:00 "GET /012/eh?hints=none&ms=200&cc=no-store&n=nginx-no-store-none-3 HTTP/2.0" ae="gzip, deflate, br, zstd" avail="-" dict_matched=0 ce="-" served="-" bytes=252 status=200
2026-08-22T11:00:38+00:00 "GET /012/eh-asset.css?cc=no-store&ms=150&n=nginx-no-store-none-3 HTTP/2.0" ae="gzip, deflate, br, zstd" avail="-" dict_matched=0 ce="-" served="-" bytes=47 status=200
2026-08-22T11:00:38+00:00 "GET /012/eh?hints=none&ms=200&cc=no-store&n=nginx-no-store-none-4 HTTP/2.0" ae="gzip, deflate, br, zstd" avail="-" dict_matched=0 ce="-" served="-" bytes=252 status=200
2026-08-22T11:00:38+00:00 "GET /012/eh-asset.css?cc=no-store&ms=150&n=nginx-no-store-none-4 HTTP/2.0" ae="gzip, deflate, br, zstd" avail="-" dict_matched=0 ce="-" served="-" bytes=47 status=200
2026-08-22T11:00:38+00:00 "GET /012/eh?hints=bare&ms=200&cc=no-store&n=nginx-no-store-bare-0 HTTP/2.0" ae="gzip, deflate, br, zstd" avail="-" dict_matched=0 ce="-" served="-" bytes=252 status=200
2026-08-22T11:00:39+00:00 "GET /012/eh-asset.css?cc=no-store&ms=150&n=nginx-no-store-bare-0 HTTP/2.0" ae="gzip, deflate, br, zstd" avail="-" dict_matched=0 ce="-" served="-" bytes=47 status=200
2026-08-22T11:00:39+00:00 "GET /012/eh?hints=bare&ms=200&cc=no-store&n=nginx-no-store-bare-1 HTTP/2.0" ae="gzip, deflate, br, zstd" avail="-" dict_matched=0 ce="-" served="-" bytes=252 status=200
2026-08-22T11:00:39+00:00 "GET /012/eh-asset.css?cc=no-store&ms=150&n=nginx-no-store-bare-1 HTTP/2.0" ae="gzip, deflate, br, zstd" avail="-" dict_matched=0 ce="-" served="-" bytes=47 status=200
2026-08-22T11:00:39+00:00 "GET /012/eh?hints=bare&ms=200&cc=no-store&n=nginx-no-store-bare-2 HTTP/2.0" ae="gzip, deflate, br, zstd" avail="-" dict_matched=0 ce="-" served="-" bytes=252 status=200
2026-08-22T11:00:39+00:00 "GET /012/eh-asset.css?cc=no-store&ms=150&n=nginx-no-store-bare-2 HTTP/2.0" ae="gzip, deflate, br, zstd" avail="-" dict_matched=0 ce="-" served="-" bytes=47 status=200
2026-08-22T11:00:40+00:00 "GET /012/eh?hints=bare&ms=200&cc=no-store&n=nginx-no-store-bare-3 HTTP/2.0" ae="gzip, deflate, br, zstd" avail="-" dict_matched=0 ce="-" served="-" bytes=252 status=200
2026-08-22T11:00:40+00:00 "GET /012/eh-asset.css?cc=no-store&ms=150&n=nginx-no-store-bare-3 HTTP/2.0" ae="gzip, deflate, br, zstd" avail="-" dict_matched=0 ce="-" served="-" bytes=47 status=200
2026-08-22T11:00:40+00:00 "GET /012/eh?hints=bare&ms=200&cc=no-store&n=nginx-no-store-bare-4 HTTP/2.0" ae="gzip, deflate, br, zstd" avail="-" dict_matched=0 ce="-" served="-" bytes=252 status=200
2026-08-22T11:00:40+00:00 "GET /012/eh-asset.css?cc=no-store&ms=150&n=nginx-no-store-bare-4 HTTP/2.0" ae="gzip, deflate, br, zstd" avail="-" dict_matched=0 ce="-" served="-" bytes=47 status=200
2026-08-22T11:00:41+00:00 "GET /012/eh?hints=preload&ms=200&cc=no-store&n=nginx-no-store-preload-0 HTTP/2.0" ae="gzip, deflate, br, zstd" avail="-" dict_matched=0 ce="-" served="-" bytes=261 status=200
2026-08-22T11:00:41+00:00 "GET /012/eh-asset.css?cc=no-store&ms=150&n=nginx-no-store-preload-0 HTTP/2.0" ae="gzip, deflate, br, zstd" avail="-" dict_matched=0 ce="-" served="-" bytes=47 status=200
2026-08-22T11:00:41+00:00 "GET /012/eh?hints=preload&ms=200&cc=no-store&n=nginx-no-store-preload-1 HTTP/2.0" ae="gzip, deflate, br, zstd" avail="-" dict_matched=0 ce="-" served="-" bytes=261 status=200
2026-08-22T11:00:41+00:00 "GET /012/eh-asset.css?cc=no-store&ms=150&n=nginx-no-store-preload-1 HTTP/2.0" ae="gzip, deflate, br, zstd" avail="-" dict_matched=0 ce="-" served="-" bytes=47 status=200
2026-08-22T11:00:41+00:00 "GET /012/eh?hints=preload&ms=200&cc=no-store&n=nginx-no-store-preload-2 HTTP/2.0" ae="gzip, deflate, br, zstd" avail="-" dict_matched=0 ce="-" served="-" bytes=261 status=200
2026-08-22T11:00:42+00:00 "GET /012/eh-asset.css?cc=no-store&ms=150&n=nginx-no-store-preload-2 HTTP/2.0" ae="gzip, deflate, br, zstd" avail="-" dict_matched=0 ce="-" served="-" bytes=47 status=200
2026-08-22T11:00:42+00:00 "GET /012/eh?hints=preload&ms=200&cc=no-store&n=nginx-no-store-preload-3 HTTP/2.0" ae="gzip, deflate, br, zstd" avail="-" dict_matched=0 ce="-" served="-" bytes=261 status=200
2026-08-22T11:00:42+00:00 "GET /012/eh-asset.css?cc=no-store&ms=150&n=nginx-no-store-preload-3 HTTP/2.0" ae="gzip, deflate, br, zstd" avail="-" dict_matched=0 ce="-" served="-" bytes=47 status=200
2026-08-22T11:00:42+00:00 "GET /012/eh?hints=preload&ms=200&cc=no-store&n=nginx-no-store-preload-4 HTTP/2.0" ae="gzip, deflate, br, zstd" avail="-" dict_matched=0 ce="-" served="-" bytes=261 status=200
2026-08-22T11:00:42+00:00 "GET /012/eh-asset.css?cc=no-store&ms=150&n=nginx-no-store-preload-4 HTTP/2.0" ae="gzip, deflate, br, zstd" avail="-" dict_matched=0 ce="-" served="-" bytes=47 status=200
2026-08-22T11:00:43+00:00 "GET /012/eh?hints=none&ms=200&cc=public%2C%20max-age%3D60&n=nginx-public,%20max-age=60-none-0 HTTP/2.0" ae="gzip, deflate, br, zstd" avail="-" dict_matched=0 ce="-" served="-" bytes=294 status=200
2026-08-22T11:00:43+00:00 "GET /012/eh-asset.css?cc=public%2C%20max-age%3D60&ms=150&n=nginx-public%2C%20max-age%3D60-none-0 HTTP/2.0" ae="gzip, deflate, br, zstd" avail="-" dict_matched=0 ce="-" served="-" bytes=47 status=200
2026-08-22T11:00:43+00:00 "GET /012/eh?hints=none&ms=200&cc=public%2C%20max-age%3D60&n=nginx-public,%20max-age=60-none-1 HTTP/2.0" ae="gzip, deflate, br, zstd" avail="-" dict_matched=0 ce="-" served="-" bytes=294 status=200
2026-08-22T11:00:43+00:00 "GET /012/eh-asset.css?cc=public%2C%20max-age%3D60&ms=150&n=nginx-public%2C%20max-age%3D60-none-1 HTTP/2.0" ae="gzip, deflate, br, zstd" avail="-" dict_matched=0 ce="-" served="-" bytes=47 status=200
2026-08-22T11:00:43+00:00 "GET /012/eh?hints=none&ms=200&cc=public%2C%20max-age%3D60&n=nginx-public,%20max-age=60-none-2 HTTP/2.0" ae="gzip, deflate, br, zstd" avail="-" dict_matched=0 ce="-" served="-" bytes=294 status=200
2026-08-22T11:00:44+00:00 "GET /012/eh-asset.css?cc=public%2C%20max-age%3D60&ms=150&n=nginx-public%2C%20max-age%3D60-none-2 HTTP/2.0" ae="gzip, deflate, br, zstd" avail="-" dict_matched=0 ce="-" served="-" bytes=47 status=200
2026-08-22T11:00:44+00:00 "GET /012/eh?hints=none&ms=200&cc=public%2C%20max-age%3D60&n=nginx-public,%20max-age=60-none-3 HTTP/2.0" ae="gzip, deflate, br, zstd" avail="-" dict_matched=0 ce="-" served="-" bytes=294 status=200
2026-08-22T11:00:44+00:00 "GET /012/eh-asset.css?cc=public%2C%20max-age%3D60&ms=150&n=nginx-public%2C%20max-age%3D60-none-3 HTTP/2.0" ae="gzip, deflate, br, zstd" avail="-" dict_matched=0 ce="-" served="-" bytes=47 status=200
2026-08-22T11:00:44+00:00 "GET /012/eh?hints=none&ms=200&cc=public%2C%20max-age%3D60&n=nginx-public,%20max-age=60-none-4 HTTP/2.0" ae="gzip, deflate, br, zstd" avail="-" dict_matched=0 ce="-" served="-" bytes=294 status=200
2026-08-22T11:00:44+00:00 "GET /012/eh-asset.css?cc=public%2C%20max-age%3D60&ms=150&n=nginx-public%2C%20max-age%3D60-none-4 HTTP/2.0" ae="gzip, deflate, br, zstd" avail="-" dict_matched=0 ce="-" served="-" bytes=47 status=200
2026-08-22T11:00:45+00:00 "GET /012/eh?hints=bare&ms=200&cc=public%2C%20max-age%3D60&n=nginx-public,%20max-age=60-bare-0 HTTP/2.0" ae="gzip, deflate, br, zstd" avail="-" dict_matched=0 ce="-" served="-" bytes=294 status=200
2026-08-22T11:00:45+00:00 "GET /012/eh-asset.css?cc=public%2C%20max-age%3D60&ms=150&n=nginx-public%2C%20max-age%3D60-bare-0 HTTP/2.0" ae="gzip, deflate, br, zstd" avail="-" dict_matched=0 ce="-" served="-" bytes=47 status=200
2026-08-22T11:00:45+00:00 "GET /012/eh?hints=bare&ms=200&cc=public%2C%20max-age%3D60&n=nginx-public,%20max-age=60-bare-1 HTTP/2.0" ae="gzip, deflate, br, zstd" avail="-" dict_matched=0 ce="-" served="-" bytes=294 status=200
2026-08-22T11:00:45+00:00 "GET /012/eh-asset.css?cc=public%2C%20max-age%3D60&ms=150&n=nginx-public%2C%20max-age%3D60-bare-1 HTTP/2.0" ae="gzip, deflate, br, zstd" avail="-" dict_matched=0 ce="-" served="-" bytes=47 status=200
2026-08-22T11:00:45+00:00 "GET /012/eh?hints=bare&ms=200&cc=public%2C%20max-age%3D60&n=nginx-public,%20max-age=60-bare-2 HTTP/2.0" ae="gzip, deflate, br, zstd" avail="-" dict_matched=0 ce="-" served="-" bytes=294 status=200
2026-08-22T11:00:46+00:00 "GET /012/eh-asset.css?cc=public%2C%20max-age%3D60&ms=150&n=nginx-public%2C%20max-age%3D60-bare-2 HTTP/2.0" ae="gzip, deflate, br, zstd" avail="-" dict_matched=0 ce="-" served="-" bytes=47 status=200
2026-08-22T11:00:46+00:00 "GET /012/eh?hints=bare&ms=200&cc=public%2C%20max-age%3D60&n=nginx-public,%20max-age=60-bare-3 HTTP/2.0" ae="gzip, deflate, br, zstd" avail="-" dict_matched=0 ce="-" served="-" bytes=294 status=200
2026-08-22T11:00:46+00:00 "GET /012/eh-asset.css?cc=public%2C%20max-age%3D60&ms=150&n=nginx-public%2C%20max-age%3D60-bare-3 HTTP/2.0" ae="gzip, deflate, br, zstd" avail="-" dict_matched=0 ce="-" served="-" bytes=47 status=200
2026-08-22T11:00:46+00:00 "GET /012/eh?hints=bare&ms=200&cc=public%2C%20max-age%3D60&n=nginx-public,%20max-age=60-bare-4 HTTP/2.0" ae="gzip, deflate, br, zstd" avail="-" dict_matched=0 ce="-" served="-" bytes=294 status=200
2026-08-22T11:00:46+00:00 "GET /012/eh-asset.css?cc=public%2C%20max-age%3D60&ms=150&n=nginx-public%2C%20max-age%3D60-bare-4 HTTP/2.0" ae="gzip, deflate, br, zstd" avail="-" dict_matched=0 ce="-" served="-" bytes=47 status=200
2026-08-22T11:00:47+00:00 "GET /012/eh?hints=preload&ms=200&cc=public%2C%20max-age%3D60&n=nginx-public,%20max-age=60-preload-0 HTTP/2.0" ae="gzip, deflate, br, zstd" avail="-" dict_matched=0 ce="-" served="-" bytes=303 status=200
2026-08-22T11:00:47+00:00 "GET /012/eh-asset.css?cc=public%2C%20max-age%3D60&ms=150&n=nginx-public%2C%20max-age%3D60-preload-0 HTTP/2.0" ae="gzip, deflate, br, zstd" avail="-" dict_matched=0 ce="-" served="-" bytes=47 status=200
2026-08-22T11:00:47+00:00 "GET /012/eh?hints=preload&ms=200&cc=public%2C%20max-age%3D60&n=nginx-public,%20max-age=60-preload-1 HTTP/2.0" ae="gzip, deflate, br, zstd" avail="-" dict_matched=0 ce="-" served="-" bytes=303 status=200
2026-08-22T11:00:47+00:00 "GET /012/eh-asset.css?cc=public%2C%20max-age%3D60&ms=150&n=nginx-public%2C%20max-age%3D60-preload-1 HTTP/2.0" ae="gzip, deflate, br, zstd" avail="-" dict_matched=0 ce="-" served="-" bytes=47 status=200
2026-08-22T11:00:48+00:00 "GET /012/eh?hints=preload&ms=200&cc=public%2C%20max-age%3D60&n=nginx-public,%20max-age=60-preload-2 HTTP/2.0" ae="gzip, deflate, br, zstd" avail="-" dict_matched=0 ce="-" served="-" bytes=303 status=200
2026-08-22T11:00:48+00:00 "GET /012/eh-asset.css?cc=public%2C%20max-age%3D60&ms=150&n=nginx-public%2C%20max-age%3D60-preload-2 HTTP/2.0" ae="gzip, deflate, br, zstd" avail="-" dict_matched=0 ce="-" served="-" bytes=47 status=200
2026-08-22T11:00:48+00:00 "GET /012/eh?hints=preload&ms=200&cc=public%2C%20max-age%3D60&n=nginx-public,%20max-age=60-preload-3 HTTP/2.0" ae="gzip, deflate, br, zstd" avail="-" dict_matched=0 ce="-" served="-" bytes=303 status=200
2026-08-22T11:00:48+00:00 "GET /012/eh-asset.css?cc=public%2C%20max-age%3D60&ms=150&n=nginx-public%2C%20max-age%3D60-preload-3 HTTP/2.0" ae="gzip, deflate, br, zstd" avail="-" dict_matched=0 ce="-" served="-" bytes=47 status=200
2026-08-22T11:00:48+00:00 "GET /012/eh?hints=preload&ms=200&cc=public%2C%20max-age%3D60&n=nginx-public,%20max-age=60-preload-4 HTTP/2.0" ae="gzip, deflate, br, zstd" avail="-" dict_matched=0 ce="-" served="-" bytes=303 status=200
2026-08-22T11:00:49+00:00 "GET /012/eh-asset.css?cc=public%2C%20max-age%3D60&ms=150&n=nginx-public%2C%20max-age%3D60-preload-4 HTTP/2.0" ae="gzip, deflate, br, zstd" avail="-" dict_matched=0 ce="-" served="-" bytes=47 status=200
2026-08-22T11:01:14+00:00 "GET /012/eh?hints=none&ms=200&cc=no-store&n=nginx-no-store-none-0 HTTP/2.0" ae="gzip, deflate, br" avail="-" dict_matched=0 ce="-" served="-" bytes=252 status=200
2026-08-22T11:01:14+00:00 "GET /012/eh-asset.css?cc=no-store&ms=150&n=nginx-no-store-none-0 HTTP/2.0" ae="gzip, deflate, br" avail="-" dict_matched=0 ce="-" served="-" bytes=47 status=200
2026-08-22T11:01:15+00:00 "GET /012/eh?hints=none&ms=200&cc=no-store&n=nginx-no-store-none-1 HTTP/2.0" ae="gzip, deflate, br" avail="-" dict_matched=0 ce="-" served="-" bytes=252 status=200
2026-08-22T11:01:15+00:00 "GET /012/eh-asset.css?cc=no-store&ms=150&n=nginx-no-store-none-1 HTTP/2.0" ae="gzip, deflate, br" avail="-" dict_matched=0 ce="-" served="-" bytes=47 status=200
2026-08-22T11:01:15+00:00 "GET /012/eh?hints=none&ms=200&cc=no-store&n=nginx-no-store-none-2 HTTP/2.0" ae="gzip, deflate, br" avail="-" dict_matched=0 ce="-" served="-" bytes=252 status=200
2026-08-22T11:01:15+00:00 "GET /012/eh-asset.css?cc=no-store&ms=150&n=nginx-no-store-none-2 HTTP/2.0" ae="gzip, deflate, br" avail="-" dict_matched=0 ce="-" served="-" bytes=47 status=200
2026-08-22T11:01:15+00:00 "GET /012/eh?hints=none&ms=200&cc=no-store&n=nginx-no-store-none-3 HTTP/2.0" ae="gzip, deflate, br" avail="-" dict_matched=0 ce="-" served="-" bytes=252 status=200
2026-08-22T11:01:16+00:00 "GET /012/eh-asset.css?cc=no-store&ms=150&n=nginx-no-store-none-3 HTTP/2.0" ae="gzip, deflate, br" avail="-" dict_matched=0 ce="-" served="-" bytes=47 status=200
2026-08-22T11:01:16+00:00 "GET /012/eh?hints=none&ms=200&cc=no-store&n=nginx-no-store-none-4 HTTP/2.0" ae="gzip, deflate, br" avail="-" dict_matched=0 ce="-" served="-" bytes=252 status=200
2026-08-22T11:01:16+00:00 "GET /012/eh-asset.css?cc=no-store&ms=150&n=nginx-no-store-none-4 HTTP/2.0" ae="gzip, deflate, br" avail="-" dict_matched=0 ce="-" served="-" bytes=47 status=200
2026-08-22T11:01:16+00:00 "GET /012/eh?hints=bare&ms=200&cc=no-store&n=nginx-no-store-bare-0 HTTP/2.0" ae="gzip, deflate, br" avail="-" dict_matched=0 ce="-" served="-" bytes=252 status=200
2026-08-22T11:01:16+00:00 "GET /012/eh-asset.css?cc=no-store&ms=150&n=nginx-no-store-bare-0 HTTP/2.0" ae="gzip, deflate, br" avail="-" dict_matched=0 ce="-" served="-" bytes=47 status=200
2026-08-22T11:01:17+00:00 "GET /012/eh?hints=bare&ms=200&cc=no-store&n=nginx-no-store-bare-1 HTTP/2.0" ae="gzip, deflate, br" avail="-" dict_matched=0 ce="-" served="-" bytes=252 status=200
2026-08-22T11:01:17+00:00 "GET /012/eh-asset.css?cc=no-store&ms=150&n=nginx-no-store-bare-1 HTTP/2.0" ae="gzip, deflate, br" avail="-" dict_matched=0 ce="-" served="-" bytes=47 status=200
2026-08-22T11:01:17+00:00 "GET /012/eh?hints=bare&ms=200&cc=no-store&n=nginx-no-store-bare-2 HTTP/2.0" ae="gzip, deflate, br" avail="-" dict_matched=0 ce="-" served="-" bytes=252 status=200
2026-08-22T11:01:17+00:00 "GET /012/eh-asset.css?cc=no-store&ms=150&n=nginx-no-store-bare-2 HTTP/2.0" ae="gzip, deflate, br" avail="-" dict_matched=0 ce="-" served="-" bytes=47 status=200
2026-08-22T11:01:17+00:00 "GET /012/eh?hints=bare&ms=200&cc=no-store&n=nginx-no-store-bare-3 HTTP/2.0" ae="gzip, deflate, br" avail="-" dict_matched=0 ce="-" served="-" bytes=252 status=200
2026-08-22T11:01:18+00:00 "GET /012/eh-asset.css?cc=no-store&ms=150&n=nginx-no-store-bare-3 HTTP/2.0" ae="gzip, deflate, br" avail="-" dict_matched=0 ce="-" served="-" bytes=47 status=200
2026-08-22T11:01:18+00:00 "GET /012/eh?hints=bare&ms=200&cc=no-store&n=nginx-no-store-bare-4 HTTP/2.0" ae="gzip, deflate, br" avail="-" dict_matched=0 ce="-" served="-" bytes=252 status=200
2026-08-22T11:01:18+00:00 "GET /012/eh-asset.css?cc=no-store&ms=150&n=nginx-no-store-bare-4 HTTP/2.0" ae="gzip, deflate, br" avail="-" dict_matched=0 ce="-" served="-" bytes=47 status=200
2026-08-22T11:01:18+00:00 "GET /012/eh?hints=preload&ms=200&cc=no-store&n=nginx-no-store-preload-0 HTTP/2.0" ae="gzip, deflate, br" avail="-" dict_matched=0 ce="-" served="-" bytes=261 status=200
2026-08-22T11:01:18+00:00 "GET /012/eh-asset.css?cc=no-store&ms=150&n=nginx-no-store-preload-0 HTTP/2.0" ae="gzip, deflate, br" avail="-" dict_matched=0 ce="-" served="-" bytes=47 status=200
2026-08-22T11:01:19+00:00 "GET /012/eh?hints=preload&ms=200&cc=no-store&n=nginx-no-store-preload-1 HTTP/2.0" ae="gzip, deflate, br" avail="-" dict_matched=0 ce="-" served="-" bytes=261 status=200
2026-08-22T11:01:19+00:00 "GET /012/eh-asset.css?cc=no-store&ms=150&n=nginx-no-store-preload-1 HTTP/2.0" ae="gzip, deflate, br" avail="-" dict_matched=0 ce="-" served="-" bytes=47 status=200
2026-08-22T11:01:19+00:00 "GET /012/eh?hints=preload&ms=200&cc=no-store&n=nginx-no-store-preload-2 HTTP/2.0" ae="gzip, deflate, br" avail="-" dict_matched=0 ce="-" served="-" bytes=261 status=200
2026-08-22T11:01:19+00:00 "GET /012/eh-asset.css?cc=no-store&ms=150&n=nginx-no-store-preload-2 HTTP/2.0" ae="gzip, deflate, br" avail="-" dict_matched=0 ce="-" served="-" bytes=47 status=200
2026-08-22T11:01:19+00:00 "GET /012/eh?hints=preload&ms=200&cc=no-store&n=nginx-no-store-preload-3 HTTP/2.0" ae="gzip, deflate, br" avail="-" dict_matched=0 ce="-" served="-" bytes=261 status=200
2026-08-22T11:01:20+00:00 "GET /012/eh-asset.css?cc=no-store&ms=150&n=nginx-no-store-preload-3 HTTP/2.0" ae="gzip, deflate, br" avail="-" dict_matched=0 ce="-" served="-" bytes=47 status=200
2026-08-22T11:01:20+00:00 "GET /012/eh?hints=preload&ms=200&cc=no-store&n=nginx-no-store-preload-4 HTTP/2.0" ae="gzip, deflate, br" avail="-" dict_matched=0 ce="-" served="-" bytes=261 status=200
2026-08-22T11:01:20+00:00 "GET /012/eh-asset.css?cc=no-store&ms=150&n=nginx-no-store-preload-4 HTTP/2.0" ae="gzip, deflate, br" avail="-" dict_matched=0 ce="-" served="-" bytes=47 status=200
2026-08-22T11:01:20+00:00 "GET /012/eh?hints=none&ms=200&cc=public%2C%20max-age%3D60&n=nginx-public,%20max-age=60-none-0 HTTP/2.0" ae="gzip, deflate, br" avail="-" dict_matched=0 ce="-" served="-" bytes=294 status=200
2026-08-22T11:01:20+00:00 "GET /012/eh-asset.css?cc=public%2C%20max-age%3D60&ms=150&n=nginx-public%2C%20max-age%3D60-none-0 HTTP/2.0" ae="gzip, deflate, br" avail="-" dict_matched=0 ce="-" served="-" bytes=47 status=200
2026-08-22T11:01:21+00:00 "GET /012/eh?hints=none&ms=200&cc=public%2C%20max-age%3D60&n=nginx-public,%20max-age=60-none-1 HTTP/2.0" ae="gzip, deflate, br" avail="-" dict_matched=0 ce="-" served="-" bytes=294 status=200
2026-08-22T11:01:21+00:00 "GET /012/eh-asset.css?cc=public%2C%20max-age%3D60&ms=150&n=nginx-public%2C%20max-age%3D60-none-1 HTTP/2.0" ae="gzip, deflate, br" avail="-" dict_matched=0 ce="-" served="-" bytes=47 status=200
2026-08-22T11:01:21+00:00 "GET /012/eh?hints=none&ms=200&cc=public%2C%20max-age%3D60&n=nginx-public,%20max-age=60-none-2 HTTP/2.0" ae="gzip, deflate, br" avail="-" dict_matched=0 ce="-" served="-" bytes=294 status=200
2026-08-22T11:01:21+00:00 "GET /012/eh-asset.css?cc=public%2C%20max-age%3D60&ms=150&n=nginx-public%2C%20max-age%3D60-none-2 HTTP/2.0" ae="gzip, deflate, br" avail="-" dict_matched=0 ce="-" served="-" bytes=47 status=200
2026-08-22T11:01:21+00:00 "GET /012/eh?hints=none&ms=200&cc=public%2C%20max-age%3D60&n=nginx-public,%20max-age=60-none-3 HTTP/2.0" ae="gzip, deflate, br" avail="-" dict_matched=0 ce="-" served="-" bytes=294 status=200
2026-08-22T11:01:22+00:00 "GET /012/eh-asset.css?cc=public%2C%20max-age%3D60&ms=150&n=nginx-public%2C%20max-age%3D60-none-3 HTTP/2.0" ae="gzip, deflate, br" avail="-" dict_matched=0 ce="-" served="-" bytes=47 status=200
2026-08-22T11:01:22+00:00 "GET /012/eh?hints=none&ms=200&cc=public%2C%20max-age%3D60&n=nginx-public,%20max-age=60-none-4 HTTP/2.0" ae="gzip, deflate, br" avail="-" dict_matched=0 ce="-" served="-" bytes=294 status=200
2026-08-22T11:01:22+00:00 "GET /012/eh-asset.css?cc=public%2C%20max-age%3D60&ms=150&n=nginx-public%2C%20max-age%3D60-none-4 HTTP/2.0" ae="gzip, deflate, br" avail="-" dict_matched=0 ce="-" served="-" bytes=47 status=200
2026-08-22T11:01:22+00:00 "GET /012/eh?hints=bare&ms=200&cc=public%2C%20max-age%3D60&n=nginx-public,%20max-age=60-bare-0 HTTP/2.0" ae="gzip, deflate, br" avail="-" dict_matched=0 ce="-" served="-" bytes=294 status=200
2026-08-22T11:01:22+00:00 "GET /012/eh-asset.css?cc=public%2C%20max-age%3D60&ms=150&n=nginx-public%2C%20max-age%3D60-bare-0 HTTP/2.0" ae="gzip, deflate, br" avail="-" dict_matched=0 ce="-" served="-" bytes=47 status=200
2026-08-22T11:01:23+00:00 "GET /012/eh?hints=bare&ms=200&cc=public%2C%20max-age%3D60&n=nginx-public,%20max-age=60-bare-1 HTTP/2.0" ae="gzip, deflate, br" avail="-" dict_matched=0 ce="-" served="-" bytes=294 status=200
2026-08-22T11:01:23+00:00 "GET /012/eh-asset.css?cc=public%2C%20max-age%3D60&ms=150&n=nginx-public%2C%20max-age%3D60-bare-1 HTTP/2.0" ae="gzip, deflate, br" avail="-" dict_matched=0 ce="-" served="-" bytes=47 status=200
2026-08-22T11:01:23+00:00 "GET /012/eh?hints=bare&ms=200&cc=public%2C%20max-age%3D60&n=nginx-public,%20max-age=60-bare-2 HTTP/2.0" ae="gzip, deflate, br" avail="-" dict_matched=0 ce="-" served="-" bytes=294 status=200
2026-08-22T11:01:23+00:00 "GET /012/eh-asset.css?cc=public%2C%20max-age%3D60&ms=150&n=nginx-public%2C%20max-age%3D60-bare-2 HTTP/2.0" ae="gzip, deflate, br" avail="-" dict_matched=0 ce="-" served="-" bytes=47 status=200
2026-08-22T11:01:23+00:00 "GET /012/eh?hints=bare&ms=200&cc=public%2C%20max-age%3D60&n=nginx-public,%20max-age=60-bare-3 HTTP/2.0" ae="gzip, deflate, br" avail="-" dict_matched=0 ce="-" served="-" bytes=294 status=200
2026-08-22T11:01:24+00:00 "GET /012/eh-asset.css?cc=public%2C%20max-age%3D60&ms=150&n=nginx-public%2C%20max-age%3D60-bare-3 HTTP/2.0" ae="gzip, deflate, br" avail="-" dict_matched=0 ce="-" served="-" bytes=47 status=200
2026-08-22T11:01:24+00:00 "GET /012/eh?hints=bare&ms=200&cc=public%2C%20max-age%3D60&n=nginx-public,%20max-age=60-bare-4 HTTP/2.0" ae="gzip, deflate, br" avail="-" dict_matched=0 ce="-" served="-" bytes=294 status=200
2026-08-22T11:01:24+00:00 "GET /012/eh-asset.css?cc=public%2C%20max-age%3D60&ms=150&n=nginx-public%2C%20max-age%3D60-bare-4 HTTP/2.0" ae="gzip, deflate, br" avail="-" dict_matched=0 ce="-" served="-" bytes=47 status=200
2026-08-22T11:01:24+00:00 "GET /012/eh?hints=preload&ms=200&cc=public%2C%20max-age%3D60&n=nginx-public,%20max-age=60-preload-0 HTTP/2.0" ae="gzip, deflate, br" avail="-" dict_matched=0 ce="-" served="-" bytes=303 status=200
2026-08-22T11:01:24+00:00 "GET /012/eh-asset.css?cc=public%2C%20max-age%3D60&ms=150&n=nginx-public%2C%20max-age%3D60-preload-0 HTTP/2.0" ae="gzip, deflate, br" avail="-" dict_matched=0 ce="-" served="-" bytes=47 status=200
2026-08-22T11:01:25+00:00 "GET /012/eh?hints=preload&ms=200&cc=public%2C%20max-age%3D60&n=nginx-public,%20max-age=60-preload-1 HTTP/2.0" ae="gzip, deflate, br" avail="-" dict_matched=0 ce="-" served="-" bytes=303 status=200
2026-08-22T11:01:25+00:00 "GET /012/eh-asset.css?cc=public%2C%20max-age%3D60&ms=150&n=nginx-public%2C%20max-age%3D60-preload-1 HTTP/2.0" ae="gzip, deflate, br" avail="-" dict_matched=0 ce="-" served="-" bytes=47 status=200
2026-08-22T11:01:25+00:00 "GET /012/eh?hints=preload&ms=200&cc=public%2C%20max-age%3D60&n=nginx-public,%20max-age=60-preload-2 HTTP/2.0" ae="gzip, deflate, br" avail="-" dict_matched=0 ce="-" served="-" bytes=303 status=200
2026-08-22T11:01:25+00:00 "GET /012/eh-asset.css?cc=public%2C%20max-age%3D60&ms=150&n=nginx-public%2C%20max-age%3D60-preload-2 HTTP/2.0" ae="gzip, deflate, br" avail="-" dict_matched=0 ce="-" served="-" bytes=47 status=200
2026-08-22T11:01:26+00:00 "GET /012/eh?hints=preload&ms=200&cc=public%2C%20max-age%3D60&n=nginx-public,%20max-age=60-preload-3 HTTP/2.0" ae="gzip, deflate, br" avail="-" dict_matched=0 ce="-" served="-" bytes=303 status=200
2026-08-22T11:01:26+00:00 "GET /012/eh-asset.css?cc=public%2C%20max-age%3D60&ms=150&n=nginx-public%2C%20max-age%3D60-preload-3 HTTP/2.0" ae="gzip, deflate, br" avail="-" dict_matched=0 ce="-" served="-" bytes=47 status=200
2026-08-22T11:01:26+00:00 "GET /012/eh?hints=preload&ms=200&cc=public%2C%20max-age%3D60&n=nginx-public,%20max-age=60-preload-4 HTTP/2.0" ae="gzip, deflate, br" avail="-" dict_matched=0 ce="-" served="-" bytes=303 status=200
2026-08-22T11:01:26+00:00 "GET /012/eh-asset.css?cc=public%2C%20max-age%3D60&ms=150&n=nginx-public%2C%20max-age%3D60-preload-4 HTTP/2.0" ae="gzip, deflate, br" avail="-" dict_matched=0 ce="-" served="-" bytes=47 status=200
2026-08-22T11:01:30+00:00 "GET /012/eh?hints=preload&ms=200&cc=no-store&n=1787396490086-0 HTTP/2.0" ae="gzip, deflate, br, zstd" avail="-" dict_matched=0 ce="-" served="-" bytes=252 status=200
2026-08-22T11:01:30+00:00 "GET /012/eh-asset.css?cc=no-store&ms=150&n=1787396490086-0 HTTP/2.0" ae="gzip, deflate, br, zstd" avail="-" dict_matched=0 ce="-" served="-" bytes=47 status=200
2026-08-22T11:01:30+00:00 "GET /favicon.ico HTTP/2.0" ae="gzip, deflate, br, zstd" avail="-" dict_matched=0 ce="-" served="-" bytes=555 status=404
2026-08-22T11:01:30+00:00 "GET /012/eh?hints=preload&ms=200&cc=no-store&n=1787396490538-1 HTTP/2.0" ae="gzip, deflate, br, zstd" avail="-" dict_matched=0 ce="-" served="-" bytes=252 status=200
2026-08-22T11:01:30+00:00 "GET /012/eh-asset.css?cc=no-store&ms=150&n=1787396490538-1 HTTP/2.0" ae="gzip, deflate, br, zstd" avail="-" dict_matched=0 ce="-" served="-" bytes=47 status=200
2026-08-22T11:01:31+00:00 "GET /012/eh?hints=preload&ms=200&cc=no-store&n=1787396490914-2 HTTP/2.0" ae="gzip, deflate, br, zstd" avail="-" dict_matched=0 ce="-" served="-" bytes=252 status=200
2026-08-22T11:01:31+00:00 "GET /012/eh-asset.css?cc=no-store&ms=150&n=1787396490914-2 HTTP/2.0" ae="gzip, deflate, br, zstd" avail="-" dict_matched=0 ce="-" served="-" bytes=47 status=200
2026-08-22T11:01:31+00:00 "GET /012/eh?hints=preload&ms=200&cc=no-store&n=1787396491285-3 HTTP/2.0" ae="gzip, deflate, br, zstd" avail="-" dict_matched=0 ce="-" served="-" bytes=252 status=200
2026-08-22T11:01:31+00:00 "GET /012/eh-asset.css?cc=no-store&ms=150&n=1787396491285-3 HTTP/2.0" ae="gzip, deflate, br, zstd" avail="-" dict_matched=0 ce="-" served="-" bytes=47 status=200
2026-08-22T11:01:31+00:00 "GET /012/eh-asset.css?cc=no-store&ms=150&n=1787396491659-0 HTTP/2.0" ae="gzip, deflate, br, zstd" avail="-" dict_matched=0 ce="-" served="-" bytes=47 status=200
2026-08-22T11:01:31+00:00 "GET /012/ehon?hints=preload&ms=200&cc=no-store&n=1787396491659-0 HTTP/2.0" ae="gzip, deflate, br, zstd" avail="-" dict_matched=0 ce="-" served="-" bytes=252 status=200
2026-08-22T11:01:32+00:00 "GET /012/eh-asset.css?cc=no-store&ms=150&n=1787396491659-0 HTTP/2.0" ae="gzip, deflate, br, zstd" avail="-" dict_matched=0 ce="-" served="-" bytes=47 status=200
2026-08-22T11:01:32+00:00 "GET /012/eh-asset.css?cc=no-store&ms=150&n=1787396492034-1 HTTP/2.0" ae="gzip, deflate, br, zstd" avail="-" dict_matched=0 ce="-" served="-" bytes=47 status=200
2026-08-22T11:01:32+00:00 "GET /012/ehon?hints=preload&ms=200&cc=no-store&n=1787396492034-1 HTTP/2.0" ae="gzip, deflate, br, zstd" avail="-" dict_matched=0 ce="-" served="-" bytes=252 status=200
2026-08-22T11:01:32+00:00 "GET /012/eh-asset.css?cc=no-store&ms=150&n=1787396492034-1 HTTP/2.0" ae="gzip, deflate, br, zstd" avail="-" dict_matched=0 ce="-" served="-" bytes=47 status=200
2026-08-22T11:01:32+00:00 "GET /012/eh-asset.css?cc=no-store&ms=150&n=1787396492408-2 HTTP/2.0" ae="gzip, deflate, br, zstd" avail="-" dict_matched=0 ce="-" served="-" bytes=47 status=200
2026-08-22T11:01:32+00:00 "GET /012/ehon?hints=preload&ms=200&cc=no-store&n=1787396492408-2 HTTP/2.0" ae="gzip, deflate, br, zstd" avail="-" dict_matched=0 ce="-" served="-" bytes=252 status=200
2026-08-22T11:01:32+00:00 "GET /012/eh-asset.css?cc=no-store&ms=150&n=1787396492408-2 HTTP/2.0" ae="gzip, deflate, br, zstd" avail="-" dict_matched=0 ce="-" served="-" bytes=47 status=200
2026-08-22T11:01:32+00:00 "GET /012/eh-asset.css?cc=no-store&ms=150&n=1787396492780-3 HTTP/2.0" ae="gzip, deflate, br, zstd" avail="-" dict_matched=0 ce="-" served="-" bytes=47 status=200
2026-08-22T11:01:32+00:00 "GET /012/ehon?hints=preload&ms=200&cc=no-store&n=1787396492780-3 HTTP/2.0" ae="gzip, deflate, br, zstd" avail="-" dict_matched=0 ce="-" served="-" bytes=252 status=200
2026-08-22T11:01:33+00:00 "GET /012/eh-asset.css?cc=no-store&ms=150&n=1787396492780-3 HTTP/2.0" ae="gzip, deflate, br, zstd" avail="-" dict_matched=0 ce="-" served="-" bytes=47 status=200
2026-08-22T11:01:34+00:00 "GET /012/eh?hints=preload&ms=200&cc=no-store&n=1787396494212-0 HTTP/2.0" ae="gzip, deflate, br, zstd" avail="-" dict_matched=0 ce="-" served="-" bytes=252 status=200
2026-08-22T11:01:34+00:00 "GET /favicon.ico HTTP/2.0" ae="gzip, deflate, br, zstd" avail="-" dict_matched=0 ce="-" served="-" bytes=153 status=404
2026-08-22T11:01:34+00:00 "GET /012/eh-asset.css?cc=no-store&ms=150&n=1787396494212-0 HTTP/2.0" ae="gzip, deflate, br, zstd" avail="-" dict_matched=0 ce="-" served="-" bytes=47 status=200
2026-08-22T11:01:34+00:00 "GET /012/eh?hints=preload&ms=200&cc=no-store&n=1787396494709-1 HTTP/2.0" ae="gzip, deflate, br, zstd" avail="-" dict_matched=0 ce="-" served="-" bytes=252 status=200
2026-08-22T11:01:35+00:00 "GET /012/eh-asset.css?cc=no-store&ms=150&n=1787396494709-1 HTTP/2.0" ae="gzip, deflate, br, zstd" avail="-" dict_matched=0 ce="-" served="-" bytes=47 status=200
2026-08-22T11:01:35+00:00 "GET /012/eh?hints=preload&ms=200&cc=no-store&n=1787396495108-2 HTTP/2.0" ae="gzip, deflate, br, zstd" avail="-" dict_matched=0 ce="-" served="-" bytes=252 status=200
2026-08-22T11:01:35+00:00 "GET /012/eh-asset.css?cc=no-store&ms=150&n=1787396495108-2 HTTP/2.0" ae="gzip, deflate, br, zstd" avail="-" dict_matched=0 ce="-" served="-" bytes=47 status=200
2026-08-22T11:01:35+00:00 "GET /012/eh?hints=preload&ms=200&cc=no-store&n=1787396495506-3 HTTP/2.0" ae="gzip, deflate, br, zstd" avail="-" dict_matched=0 ce="-" served="-" bytes=252 status=200
2026-08-22T11:01:35+00:00 "GET /012/eh-asset.css?cc=no-store&ms=150&n=1787396495506-3 HTTP/2.0" ae="gzip, deflate, br, zstd" avail="-" dict_matched=0 ce="-" served="-" bytes=47 status=200
2026-08-22T11:01:36+00:00 "GET /012/eh-asset.css?cc=no-store&ms=150&n=1787396495893-0 HTTP/2.0" ae="gzip, deflate, br, zstd" avail="-" dict_matched=0 ce="-" served="-" bytes=47 status=200
2026-08-22T11:01:36+00:00 "GET /012/ehon?hints=preload&ms=200&cc=no-store&n=1787396495893-0 HTTP/2.0" ae="gzip, deflate, br, zstd" avail="-" dict_matched=0 ce="-" served="-" bytes=252 status=200
2026-08-22T11:01:36+00:00 "GET /012/eh-asset.css?cc=no-store&ms=150&n=1787396496133-1 HTTP/2.0" ae="gzip, deflate, br, zstd" avail="-" dict_matched=0 ce="-" served="-" bytes=47 status=200
2026-08-22T11:01:36+00:00 "GET /012/ehon?hints=preload&ms=200&cc=no-store&n=1787396496133-1 HTTP/2.0" ae="gzip, deflate, br, zstd" avail="-" dict_matched=0 ce="-" served="-" bytes=252 status=200
2026-08-22T11:01:36+00:00 "GET /012/eh-asset.css?cc=no-store&ms=150&n=1787396496362-2 HTTP/2.0" ae="gzip, deflate, br, zstd" avail="-" dict_matched=0 ce="-" served="-" bytes=47 status=200
2026-08-22T11:01:36+00:00 "GET /012/ehon?hints=preload&ms=200&cc=no-store&n=1787396496362-2 HTTP/2.0" ae="gzip, deflate, br, zstd" avail="-" dict_matched=0 ce="-" served="-" bytes=252 status=200
2026-08-22T11:01:36+00:00 "GET /012/eh-asset.css?cc=no-store&ms=150&n=1787396496595-3 HTTP/2.0" ae="gzip, deflate, br, zstd" avail="-" dict_matched=0 ce="-" served="-" bytes=47 status=200
2026-08-22T11:01:36+00:00 "GET /012/ehon?hints=preload&ms=200&cc=no-store&n=1787396496595-3 HTTP/2.0" ae="gzip, deflate, br, zstd" avail="-" dict_matched=0 ce="-" served="-" bytes=252 status=200
2026-08-22T11:01:37+00:00 "GET /012/eh?hints=preload&ms=200&cc=no-store&n=1787396497477-0 HTTP/2.0" ae="gzip, deflate, br" avail="-" dict_matched=0 ce="-" served="-" bytes=252 status=200
2026-08-22T11:01:37+00:00 "GET /012/eh-asset.css?cc=no-store&ms=150&n=1787396497477-0 HTTP/2.0" ae="gzip, deflate, br" avail="-" dict_matched=0 ce="-" served="-" bytes=47 status=200
2026-08-22T11:01:38+00:00 "GET /012/eh?hints=preload&ms=200&cc=no-store&n=1787396497892-1 HTTP/2.0" ae="gzip, deflate, br" avail="-" dict_matched=0 ce="-" served="-" bytes=252 status=200
2026-08-22T11:01:38+00:00 "GET /012/eh-asset.css?cc=no-store&ms=150&n=1787396497892-1 HTTP/2.0" ae="gzip, deflate, br" avail="-" dict_matched=0 ce="-" served="-" bytes=47 status=200
2026-08-22T11:01:38+00:00 "GET /012/eh?hints=preload&ms=200&cc=no-store&n=1787396498285-2 HTTP/2.0" ae="gzip, deflate, br" avail="-" dict_matched=0 ce="-" served="-" bytes=252 status=200
2026-08-22T11:01:38+00:00 "GET /012/eh-asset.css?cc=no-store&ms=150&n=1787396498285-2 HTTP/2.0" ae="gzip, deflate, br" avail="-" dict_matched=0 ce="-" served="-" bytes=47 status=200
2026-08-22T11:01:38+00:00 "GET /012/eh?hints=preload&ms=200&cc=no-store&n=1787396498675-3 HTTP/2.0" ae="gzip, deflate, br" avail="-" dict_matched=0 ce="-" served="-" bytes=252 status=200
2026-08-22T11:01:39+00:00 "GET /012/eh-asset.css?cc=no-store&ms=150&n=1787396498675-3 HTTP/2.0" ae="gzip, deflate, br" avail="-" dict_matched=0 ce="-" served="-" bytes=47 status=200
2026-08-22T11:01:39+00:00 "GET /012/ehon?hints=preload&ms=200&cc=no-store&n=1787396499066-0 HTTP/2.0" ae="gzip, deflate, br" avail="-" dict_matched=0 ce="-" served="-" bytes=252 status=200
2026-08-22T11:01:39+00:00 "GET /012/eh-asset.css?cc=no-store&ms=150&n=1787396499066-0 HTTP/2.0" ae="gzip, deflate, br" avail="-" dict_matched=0 ce="-" served="-" bytes=47 status=200
2026-08-22T11:01:39+00:00 "GET /012/ehon?hints=preload&ms=200&cc=no-store&n=1787396499450-1 HTTP/2.0" ae="gzip, deflate, br" avail="-" dict_matched=0 ce="-" served="-" bytes=252 status=200
2026-08-22T11:01:39+00:00 "GET /012/eh-asset.css?cc=no-store&ms=150&n=1787396499450-1 HTTP/2.0" ae="gzip, deflate, br" avail="-" dict_matched=0 ce="-" served="-" bytes=47 status=200
2026-08-22T11:01:40+00:00 "GET /012/ehon?hints=preload&ms=200&cc=no-store&n=1787396499836-2 HTTP/2.0" ae="gzip, deflate, br" avail="-" dict_matched=0 ce="-" served="-" bytes=252 status=200
2026-08-22T11:01:40+00:00 "GET /012/eh-asset.css?cc=no-store&ms=150&n=1787396499836-2 HTTP/2.0" ae="gzip, deflate, br" avail="-" dict_matched=0 ce="-" served="-" bytes=47 status=200
2026-08-22T11:01:40+00:00 "GET /012/ehon?hints=preload&ms=200&cc=no-store&n=1787396500226-3 HTTP/2.0" ae="gzip, deflate, br" avail="-" dict_matched=0 ce="-" served="-" bytes=252 status=200
2026-08-22T11:01:40+00:00 "GET /012/eh-asset.css?cc=no-store&ms=150&n=1787396500226-3 HTTP/2.0" ae="gzip, deflate, br" avail="-" dict_matched=0 ce="-" served="-" bytes=47 status=200
2026-08-22T11:03:32+00:00 "GET /012/eh?hints=preload&ms=200&cc=no-store&n=1787396611989-0 HTTP/2.0" ae="gzip, deflate, br, zstd" avail="-" dict_matched=0 ce="-" served="-" bytes=252 status=200
2026-08-22T11:03:32+00:00 "GET /012/eh-asset.css?cc=no-store&ms=150&n=1787396611989-0 HTTP/2.0" ae="gzip, deflate, br, zstd" avail="-" dict_matched=0 ce="-" served="-" bytes=47 status=200
2026-08-22T11:03:32+00:00 "GET /favicon.ico HTTP/2.0" ae="gzip, deflate, br, zstd" avail="-" dict_matched=0 ce="-" served="-" bytes=555 status=404
2026-08-22T11:03:32+00:00 "GET /012/eh?hints=preload&ms=200&cc=no-store&n=1787396612460-1 HTTP/2.0" ae="gzip, deflate, br, zstd" avail="-" dict_matched=0 ce="-" served="-" bytes=252 status=200
2026-08-22T11:03:32+00:00 "GET /012/eh-asset.css?cc=no-store&ms=150&n=1787396612460-1 HTTP/2.0" ae="gzip, deflate, br, zstd" avail="-" dict_matched=0 ce="-" served="-" bytes=47 status=200
2026-08-22T11:03:33+00:00 "GET /012/eh?hints=preload&ms=200&cc=no-store&n=1787396612830-2 HTTP/2.0" ae="gzip, deflate, br, zstd" avail="-" dict_matched=0 ce="-" served="-" bytes=252 status=200
2026-08-22T11:03:33+00:00 "GET /012/eh-asset.css?cc=no-store&ms=150&n=1787396612830-2 HTTP/2.0" ae="gzip, deflate, br, zstd" avail="-" dict_matched=0 ce="-" served="-" bytes=47 status=200
2026-08-22T11:03:33+00:00 "GET /012/eh?hints=preload&ms=200&cc=no-store&n=1787396613202-3 HTTP/2.0" ae="gzip, deflate, br, zstd" avail="-" dict_matched=0 ce="-" served="-" bytes=252 status=200
2026-08-22T11:03:33+00:00 "GET /012/eh-asset.css?cc=no-store&ms=150&n=1787396613202-3 HTTP/2.0" ae="gzip, deflate, br, zstd" avail="-" dict_matched=0 ce="-" served="-" bytes=47 status=200
2026-08-22T11:03:33+00:00 "GET /012/eh-asset.css?cc=no-store&ms=150&n=1787396613577-0 HTTP/2.0" ae="gzip, deflate, br, zstd" avail="-" dict_matched=0 ce="-" served="-" bytes=47 status=200
2026-08-22T11:03:33+00:00 "GET /012/ehon?hints=preload&ms=200&cc=no-store&n=1787396613577-0 HTTP/2.0" ae="gzip, deflate, br, zstd" avail="-" dict_matched=0 ce="-" served="-" bytes=252 status=200
2026-08-22T11:03:33+00:00 "GET /012/eh-asset.css?cc=no-store&ms=150&n=1787396613577-0 HTTP/2.0" ae="gzip, deflate, br, zstd" avail="-" dict_matched=0 ce="-" served="-" bytes=47 status=200
2026-08-22T11:03:34+00:00 "GET /012/eh-asset.css?cc=no-store&ms=150&n=1787396613951-1 HTTP/2.0" ae="gzip, deflate, br, zstd" avail="-" dict_matched=0 ce="-" served="-" bytes=47 status=200
2026-08-22T11:03:34+00:00 "GET /012/ehon?hints=preload&ms=200&cc=no-store&n=1787396613951-1 HTTP/2.0" ae="gzip, deflate, br, zstd" avail="-" dict_matched=0 ce="-" served="-" bytes=252 status=200
2026-08-22T11:03:34+00:00 "GET /012/eh-asset.css?cc=no-store&ms=150&n=1787396613951-1 HTTP/2.0" ae="gzip, deflate, br, zstd" avail="-" dict_matched=0 ce="-" served="-" bytes=47 status=200
2026-08-22T11:03:34+00:00 "GET /012/eh-asset.css?cc=no-store&ms=150&n=1787396614318-2 HTTP/2.0" ae="gzip, deflate, br, zstd" avail="-" dict_matched=0 ce="-" served="-" bytes=47 status=200
2026-08-22T11:03:34+00:00 "GET /012/ehon?hints=preload&ms=200&cc=no-store&n=1787396614318-2 HTTP/2.0" ae="gzip, deflate, br, zstd" avail="-" dict_matched=0 ce="-" served="-" bytes=252 status=200
2026-08-22T11:03:34+00:00 "GET /012/eh-asset.css?cc=no-store&ms=150&n=1787396614318-2 HTTP/2.0" ae="gzip, deflate, br, zstd" avail="-" dict_matched=0 ce="-" served="-" bytes=47 status=200
2026-08-22T11:03:34+00:00 "GET /012/eh-asset.css?cc=no-store&ms=150&n=1787396614691-3 HTTP/2.0" ae="gzip, deflate, br, zstd" avail="-" dict_matched=0 ce="-" served="-" bytes=47 status=200
2026-08-22T11:03:34+00:00 "GET /012/ehon?hints=preload&ms=200&cc=no-store&n=1787396614691-3 HTTP/2.0" ae="gzip, deflate, br, zstd" avail="-" dict_matched=0 ce="-" served="-" bytes=252 status=200
2026-08-22T11:03:35+00:00 "GET /012/eh-asset.css?cc=no-store&ms=150&n=1787396614691-3 HTTP/2.0" ae="gzip, deflate, br, zstd" avail="-" dict_matched=0 ce="-" served="-" bytes=47 status=200
2026-08-22T11:03:36+00:00 "GET /012/eh?hints=preload&ms=200&cc=no-store&n=1787396616137-0 HTTP/2.0" ae="gzip, deflate, br, zstd" avail="-" dict_matched=0 ce="-" served="-" bytes=252 status=200
2026-08-22T11:03:36+00:00 "GET /favicon.ico HTTP/2.0" ae="gzip, deflate, br, zstd" avail="-" dict_matched=0 ce="-" served="-" bytes=153 status=404
2026-08-22T11:03:36+00:00 "GET /012/eh-asset.css?cc=no-store&ms=150&n=1787396616137-0 HTTP/2.0" ae="gzip, deflate, br, zstd" avail="-" dict_matched=0 ce="-" served="-" bytes=47 status=200
2026-08-22T11:03:36+00:00 "GET /012/eh?hints=preload&ms=200&cc=no-store&n=1787396616643-1 HTTP/2.0" ae="gzip, deflate, br, zstd" avail="-" dict_matched=0 ce="-" served="-" bytes=252 status=200
2026-08-22T11:03:37+00:00 "GET /012/eh-asset.css?cc=no-store&ms=150&n=1787396616643-1 HTTP/2.0" ae="gzip, deflate, br, zstd" avail="-" dict_matched=0 ce="-" served="-" bytes=47 status=200
2026-08-22T11:03:37+00:00 "GET /012/eh?hints=preload&ms=200&cc=no-store&n=1787396617042-2 HTTP/2.0" ae="gzip, deflate, br, zstd" avail="-" dict_matched=0 ce="-" served="-" bytes=252 status=200
2026-08-22T11:03:37+00:00 "GET /012/eh-asset.css?cc=no-store&ms=150&n=1787396617042-2 HTTP/2.0" ae="gzip, deflate, br, zstd" avail="-" dict_matched=0 ce="-" served="-" bytes=47 status=200
2026-08-22T11:03:37+00:00 "GET /012/eh?hints=preload&ms=200&cc=no-store&n=1787396617434-3 HTTP/2.0" ae="gzip, deflate, br, zstd" avail="-" dict_matched=0 ce="-" served="-" bytes=252 status=200
2026-08-22T11:03:37+00:00 "GET /012/eh-asset.css?cc=no-store&ms=150&n=1787396617434-3 HTTP/2.0" ae="gzip, deflate, br, zstd" avail="-" dict_matched=0 ce="-" served="-" bytes=47 status=200
2026-08-22T11:03:37+00:00 "GET /012/eh-asset.css?cc=no-store&ms=150&n=1787396617828-0 HTTP/2.0" ae="gzip, deflate, br, zstd" avail="-" dict_matched=0 ce="-" served="-" bytes=47 status=200
2026-08-22T11:03:38+00:00 "GET /012/ehon?hints=preload&ms=200&cc=no-store&n=1787396617828-0 HTTP/2.0" ae="gzip, deflate, br, zstd" avail="-" dict_matched=0 ce="-" served="-" bytes=252 status=200
2026-08-22T11:03:38+00:00 "GET /012/eh-asset.css?cc=no-store&ms=150&n=1787396618064-1 HTTP/2.0" ae="gzip, deflate, br, zstd" avail="-" dict_matched=0 ce="-" served="-" bytes=47 status=200
2026-08-22T11:03:38+00:00 "GET /012/ehon?hints=preload&ms=200&cc=no-store&n=1787396618064-1 HTTP/2.0" ae="gzip, deflate, br, zstd" avail="-" dict_matched=0 ce="-" served="-" bytes=252 status=200
2026-08-22T11:03:38+00:00 "GET /012/eh-asset.css?cc=no-store&ms=150&n=1787396618294-2 HTTP/2.0" ae="gzip, deflate, br, zstd" avail="-" dict_matched=0 ce="-" served="-" bytes=47 status=200
2026-08-22T11:03:38+00:00 "GET /012/ehon?hints=preload&ms=200&cc=no-store&n=1787396618294-2 HTTP/2.0" ae="gzip, deflate, br, zstd" avail="-" dict_matched=0 ce="-" served="-" bytes=252 status=200
2026-08-22T11:03:38+00:00 "GET /012/eh-asset.css?cc=no-store&ms=150&n=1787396618524-3 HTTP/2.0" ae="gzip, deflate, br, zstd" avail="-" dict_matched=0 ce="-" served="-" bytes=47 status=200
2026-08-22T11:03:38+00:00 "GET /012/ehon?hints=preload&ms=200&cc=no-store&n=1787396618524-3 HTTP/2.0" ae="gzip, deflate, br, zstd" avail="-" dict_matched=0 ce="-" served="-" bytes=252 status=200
2026-08-22T11:03:39+00:00 "GET /012/eh?hints=preload&ms=200&cc=no-store&n=1787396619425-0 HTTP/2.0" ae="gzip, deflate, br" avail="-" dict_matched=0 ce="-" served="-" bytes=252 status=200
2026-08-22T11:03:39+00:00 "GET /012/eh-asset.css?cc=no-store&ms=150&n=1787396619425-0 HTTP/2.0" ae="gzip, deflate, br" avail="-" dict_matched=0 ce="-" served="-" bytes=47 status=200
2026-08-22T11:03:40+00:00 "GET /012/eh?hints=preload&ms=200&cc=no-store&n=1787396619833-1 HTTP/2.0" ae="gzip, deflate, br" avail="-" dict_matched=0 ce="-" served="-" bytes=252 status=200
2026-08-22T11:03:40+00:00 "GET /012/eh-asset.css?cc=no-store&ms=150&n=1787396619833-1 HTTP/2.0" ae="gzip, deflate, br" avail="-" dict_matched=0 ce="-" served="-" bytes=47 status=200
2026-08-22T11:03:40+00:00 "GET /012/eh?hints=preload&ms=200&cc=no-store&n=1787396620228-2 HTTP/2.0" ae="gzip, deflate, br" avail="-" dict_matched=0 ce="-" served="-" bytes=252 status=200
2026-08-22T11:03:40+00:00 "GET /012/eh-asset.css?cc=no-store&ms=150&n=1787396620228-2 HTTP/2.0" ae="gzip, deflate, br" avail="-" dict_matched=0 ce="-" served="-" bytes=47 status=200
2026-08-22T11:03:40+00:00 "GET /012/eh?hints=preload&ms=200&cc=no-store&n=1787396620625-3 HTTP/2.0" ae="gzip, deflate, br" avail="-" dict_matched=0 ce="-" served="-" bytes=252 status=200
2026-08-22T11:03:40+00:00 "GET /012/eh-asset.css?cc=no-store&ms=150&n=1787396620625-3 HTTP/2.0" ae="gzip, deflate, br" avail="-" dict_matched=0 ce="-" served="-" bytes=47 status=200
2026-08-22T11:03:41+00:00 "GET /012/ehon?hints=preload&ms=200&cc=no-store&n=1787396621013-0 HTTP/2.0" ae="gzip, deflate, br" avail="-" dict_matched=0 ce="-" served="-" bytes=252 status=200
2026-08-22T11:03:41+00:00 "GET /012/eh-asset.css?cc=no-store&ms=150&n=1787396621013-0 HTTP/2.0" ae="gzip, deflate, br" avail="-" dict_matched=0 ce="-" served="-" bytes=47 status=200
2026-08-22T11:03:41+00:00 "GET /012/ehon?hints=preload&ms=200&cc=no-store&n=1787396621404-1 HTTP/2.0" ae="gzip, deflate, br" avail="-" dict_matched=0 ce="-" served="-" bytes=252 status=200
2026-08-22T11:03:41+00:00 "GET /012/eh-asset.css?cc=no-store&ms=150&n=1787396621404-1 HTTP/2.0" ae="gzip, deflate, br" avail="-" dict_matched=0 ce="-" served="-" bytes=47 status=200
2026-08-22T11:03:41+00:00 "GET /012/ehon?hints=preload&ms=200&cc=no-store&n=1787396621791-2 HTTP/2.0" ae="gzip, deflate, br" avail="-" dict_matched=0 ce="-" served="-" bytes=252 status=200
2026-08-22T11:03:42+00:00 "GET /012/eh-asset.css?cc=no-store&ms=150&n=1787396621791-2 HTTP/2.0" ae="gzip, deflate, br" avail="-" dict_matched=0 ce="-" served="-" bytes=47 status=200
2026-08-22T11:03:42+00:00 "GET /012/ehon?hints=preload&ms=200&cc=no-store&n=1787396622182-3 HTTP/2.0" ae="gzip, deflate, br" avail="-" dict_matched=0 ce="-" served="-" bytes=252 status=200
2026-08-22T11:03:42+00:00 "GET /012/eh-asset.css?cc=no-store&ms=150&n=1787396622182-3 HTTP/2.0" ae="gzip, deflate, br" avail="-" dict_matched=0 ce="-" served="-" bytes=47 status=200
2026-08-22T11:03:46+00:00 "GET /012/eh?hints=preload&ms=200&cc=no-store&n=1787396625840-0 HTTP/2.0" ae="gzip, deflate, br, zstd" avail="-" dict_matched=0 ce="-" served="-" bytes=252 status=200
2026-08-22T11:03:46+00:00 "GET /012/eh-asset.css?cc=no-store&ms=150&n=1787396625840-0 HTTP/2.0" ae="gzip, deflate, br, zstd" avail="-" dict_matched=0 ce="-" served="-" bytes=47 status=200
2026-08-22T11:03:46+00:00 "GET /favicon.ico HTTP/2.0" ae="gzip, deflate, br, zstd" avail="-" dict_matched=0 ce="-" served="-" bytes=555 status=404
2026-08-22T11:03:46+00:00 "GET /012/eh?hints=preload&ms=200&cc=no-store&n=1787396626290-1 HTTP/2.0" ae="gzip, deflate, br, zstd" avail="-" dict_matched=0 ce="-" served="-" bytes=252 status=200
2026-08-22T11:03:46+00:00 "GET /012/eh-asset.css?cc=no-store&ms=150&n=1787396626290-1 HTTP/2.0" ae="gzip, deflate, br, zstd" avail="-" dict_matched=0 ce="-" served="-" bytes=47 status=200
2026-08-22T11:03:46+00:00 "GET /012/eh?hints=preload&ms=200&cc=no-store&n=1787396626663-2 HTTP/2.0" ae="gzip, deflate, br, zstd" avail="-" dict_matched=0 ce="-" served="-" bytes=252 status=200
2026-08-22T11:03:47+00:00 "GET /012/eh-asset.css?cc=no-store&ms=150&n=1787396626663-2 HTTP/2.0" ae="gzip, deflate, br, zstd" avail="-" dict_matched=0 ce="-" served="-" bytes=47 status=200
2026-08-22T11:03:47+00:00 "GET /012/eh?hints=preload&ms=200&cc=no-store&n=1787396627032-3 HTTP/2.0" ae="gzip, deflate, br, zstd" avail="-" dict_matched=0 ce="-" served="-" bytes=252 status=200
2026-08-22T11:03:47+00:00 "GET /012/eh-asset.css?cc=no-store&ms=150&n=1787396627032-3 HTTP/2.0" ae="gzip, deflate, br, zstd" avail="-" dict_matched=0 ce="-" served="-" bytes=47 status=200
2026-08-22T11:03:47+00:00 "GET /012/eh-asset.css?cc=no-store&ms=150&n=1787396627404-0 HTTP/2.0" ae="gzip, deflate, br, zstd" avail="-" dict_matched=0 ce="-" served="-" bytes=47 status=200
2026-08-22T11:03:47+00:00 "GET /012/ehon?hints=preload&ms=200&cc=no-store&n=1787396627404-0 HTTP/2.0" ae="gzip, deflate, br, zstd" avail="-" dict_matched=0 ce="-" served="-" bytes=252 status=200
2026-08-22T11:03:47+00:00 "GET /012/eh-asset.css?cc=no-store&ms=150&n=1787396627404-0 HTTP/2.0" ae="gzip, deflate, br, zstd" avail="-" dict_matched=0 ce="-" served="-" bytes=47 status=200
2026-08-22T11:03:47+00:00 "GET /012/eh-asset.css?cc=no-store&ms=150&n=1787396627785-1 HTTP/2.0" ae="gzip, deflate, br, zstd" avail="-" dict_matched=0 ce="-" served="-" bytes=47 status=200
2026-08-22T11:03:47+00:00 "GET /012/ehon?hints=preload&ms=200&cc=no-store&n=1787396627785-1 HTTP/2.0" ae="gzip, deflate, br, zstd" avail="-" dict_matched=0 ce="-" served="-" bytes=252 status=200
2026-08-22T11:03:48+00:00 "GET /012/eh-asset.css?cc=no-store&ms=150&n=1787396627785-1 HTTP/2.0" ae="gzip, deflate, br, zstd" avail="-" dict_matched=0 ce="-" served="-" bytes=47 status=200
2026-08-22T11:03:48+00:00 "GET /012/eh-asset.css?cc=no-store&ms=150&n=1787396628153-2 HTTP/2.0" ae="gzip, deflate, br, zstd" avail="-" dict_matched=0 ce="-" served="-" bytes=47 status=200
2026-08-22T11:03:48+00:00 "GET /012/ehon?hints=preload&ms=200&cc=no-store&n=1787396628153-2 HTTP/2.0" ae="gzip, deflate, br, zstd" avail="-" dict_matched=0 ce="-" served="-" bytes=252 status=200
2026-08-22T11:03:48+00:00 "GET /012/eh-asset.css?cc=no-store&ms=150&n=1787396628153-2 HTTP/2.0" ae="gzip, deflate, br, zstd" avail="-" dict_matched=0 ce="-" served="-" bytes=47 status=200
2026-08-22T11:03:48+00:00 "GET /012/eh-asset.css?cc=no-store&ms=150&n=1787396628527-3 HTTP/2.0" ae="gzip, deflate, br, zstd" avail="-" dict_matched=0 ce="-" served="-" bytes=47 status=200
2026-08-22T11:03:48+00:00 "GET /012/ehon?hints=preload&ms=200&cc=no-store&n=1787396628527-3 HTTP/2.0" ae="gzip, deflate, br, zstd" avail="-" dict_matched=0 ce="-" served="-" bytes=252 status=200
2026-08-22T11:03:48+00:00 "GET /012/eh-asset.css?cc=no-store&ms=150&n=1787396628527-3 HTTP/2.0" ae="gzip, deflate, br, zstd" avail="-" dict_matched=0 ce="-" served="-" bytes=47 status=200
2026-08-22T11:03:50+00:00 "GET /012/eh?hints=preload&ms=200&cc=no-store&n=1787396629934-0 HTTP/2.0" ae="gzip, deflate, br, zstd" avail="-" dict_matched=0 ce="-" served="-" bytes=252 status=200
2026-08-22T11:03:50+00:00 "GET /favicon.ico HTTP/2.0" ae="gzip, deflate, br, zstd" avail="-" dict_matched=0 ce="-" served="-" bytes=153 status=404
2026-08-22T11:03:50+00:00 "GET /012/eh-asset.css?cc=no-store&ms=150&n=1787396629934-0 HTTP/2.0" ae="gzip, deflate, br, zstd" avail="-" dict_matched=0 ce="-" served="-" bytes=47 status=200
2026-08-22T11:03:50+00:00 "GET /012/eh?hints=preload&ms=200&cc=no-store&n=1787396630440-1 HTTP/2.0" ae="gzip, deflate, br, zstd" avail="-" dict_matched=0 ce="-" served="-" bytes=252 status=200
2026-08-22T11:03:50+00:00 "GET /012/eh-asset.css?cc=no-store&ms=150&n=1787396630440-1 HTTP/2.0" ae="gzip, deflate, br, zstd" avail="-" dict_matched=0 ce="-" served="-" bytes=47 status=200
2026-08-22T11:03:51+00:00 "GET /012/eh?hints=preload&ms=200&cc=no-store&n=1787396630833-2 HTTP/2.0" ae="gzip, deflate, br, zstd" avail="-" dict_matched=0 ce="-" served="-" bytes=252 status=200
2026-08-22T11:03:51+00:00 "GET /012/eh-asset.css?cc=no-store&ms=150&n=1787396630833-2 HTTP/2.0" ae="gzip, deflate, br, zstd" avail="-" dict_matched=0 ce="-" served="-" bytes=47 status=200
2026-08-22T11:03:51+00:00 "GET /012/eh?hints=preload&ms=200&cc=no-store&n=1787396631217-3 HTTP/2.0" ae="gzip, deflate, br, zstd" avail="-" dict_matched=0 ce="-" served="-" bytes=252 status=200
2026-08-22T11:03:51+00:00 "GET /012/eh-asset.css?cc=no-store&ms=150&n=1787396631217-3 HTTP/2.0" ae="gzip, deflate, br, zstd" avail="-" dict_matched=0 ce="-" served="-" bytes=47 status=200
2026-08-22T11:03:51+00:00 "GET /012/eh-asset.css?cc=no-store&ms=150&n=1787396631597-0 HTTP/2.0" ae="gzip, deflate, br, zstd" avail="-" dict_matched=0 ce="-" served="-" bytes=47 status=200
2026-08-22T11:03:51+00:00 "GET /012/ehon?hints=preload&ms=200&cc=no-store&n=1787396631597-0 HTTP/2.0" ae="gzip, deflate, br, zstd" avail="-" dict_matched=0 ce="-" served="-" bytes=252 status=200
2026-08-22T11:03:52+00:00 "GET /012/eh-asset.css?cc=no-store&ms=150&n=1787396631841-1 HTTP/2.0" ae="gzip, deflate, br, zstd" avail="-" dict_matched=0 ce="-" served="-" bytes=47 status=200
2026-08-22T11:03:52+00:00 "GET /012/ehon?hints=preload&ms=200&cc=no-store&n=1787396631841-1 HTTP/2.0" ae="gzip, deflate, br, zstd" avail="-" dict_matched=0 ce="-" served="-" bytes=252 status=200
2026-08-22T11:03:52+00:00 "GET /012/eh-asset.css?cc=no-store&ms=150&n=1787396632072-2 HTTP/2.0" ae="gzip, deflate, br, zstd" avail="-" dict_matched=0 ce="-" served="-" bytes=47 status=200
2026-08-22T11:03:52+00:00 "GET /012/ehon?hints=preload&ms=200&cc=no-store&n=1787396632072-2 HTTP/2.0" ae="gzip, deflate, br, zstd" avail="-" dict_matched=0 ce="-" served="-" bytes=252 status=200
2026-08-22T11:03:52+00:00 "GET /012/eh-asset.css?cc=no-store&ms=150&n=1787396632302-3 HTTP/2.0" ae="gzip, deflate, br, zstd" avail="-" dict_matched=0 ce="-" served="-" bytes=47 status=200
2026-08-22T11:03:52+00:00 "GET /012/ehon?hints=preload&ms=200&cc=no-store&n=1787396632302-3 HTTP/2.0" ae="gzip, deflate, br, zstd" avail="-" dict_matched=0 ce="-" served="-" bytes=252 status=200
2026-08-22T11:03:53+00:00 "GET /012/eh?hints=preload&ms=200&cc=no-store&n=1787396633173-0 HTTP/2.0" ae="gzip, deflate, br" avail="-" dict_matched=0 ce="-" served="-" bytes=252 status=200
2026-08-22T11:03:53+00:00 "GET /012/eh-asset.css?cc=no-store&ms=150&n=1787396633173-0 HTTP/2.0" ae="gzip, deflate, br" avail="-" dict_matched=0 ce="-" served="-" bytes=47 status=200
2026-08-22T11:03:53+00:00 "GET /012/eh?hints=preload&ms=200&cc=no-store&n=1787396633577-1 HTTP/2.0" ae="gzip, deflate, br" avail="-" dict_matched=0 ce="-" served="-" bytes=252 status=200
2026-08-22T11:03:53+00:00 "GET /012/eh-asset.css?cc=no-store&ms=150&n=1787396633577-1 HTTP/2.0" ae="gzip, deflate, br" avail="-" dict_matched=0 ce="-" served="-" bytes=47 status=200
2026-08-22T11:03:54+00:00 "GET /012/eh?hints=preload&ms=200&cc=no-store&n=1787396633961-2 HTTP/2.0" ae="gzip, deflate, br" avail="-" dict_matched=0 ce="-" served="-" bytes=252 status=200
2026-08-22T11:03:54+00:00 "GET /012/eh-asset.css?cc=no-store&ms=150&n=1787396633961-2 HTTP/2.0" ae="gzip, deflate, br" avail="-" dict_matched=0 ce="-" served="-" bytes=47 status=200
2026-08-22T11:03:54+00:00 "GET /012/eh?hints=preload&ms=200&cc=no-store&n=1787396634347-3 HTTP/2.0" ae="gzip, deflate, br" avail="-" dict_matched=0 ce="-" served="-" bytes=252 status=200
2026-08-22T11:03:54+00:00 "GET /012/eh-asset.css?cc=no-store&ms=150&n=1787396634347-3 HTTP/2.0" ae="gzip, deflate, br" avail="-" dict_matched=0 ce="-" served="-" bytes=47 status=200
2026-08-22T11:03:54+00:00 "GET /012/ehon?hints=preload&ms=200&cc=no-store&n=1787396634738-0 HTTP/2.0" ae="gzip, deflate, br" avail="-" dict_matched=0 ce="-" served="-" bytes=252 status=200
2026-08-22T11:03:55+00:00 "GET /012/eh-asset.css?cc=no-store&ms=150&n=1787396634738-0 HTTP/2.0" ae="gzip, deflate, br" avail="-" dict_matched=0 ce="-" served="-" bytes=47 status=200
2026-08-22T11:03:55+00:00 "GET /012/ehon?hints=preload&ms=200&cc=no-store&n=1787396635129-1 HTTP/2.0" ae="gzip, deflate, br" avail="-" dict_matched=0 ce="-" served="-" bytes=252 status=200
2026-08-22T11:03:55+00:00 "GET /012/eh-asset.css?cc=no-store&ms=150&n=1787396635129-1 HTTP/2.0" ae="gzip, deflate, br" avail="-" dict_matched=0 ce="-" served="-" bytes=47 status=200
2026-08-22T11:03:55+00:00 "GET /012/ehon?hints=preload&ms=200&cc=no-store&n=1787396635513-2 HTTP/2.0" ae="gzip, deflate, br" avail="-" dict_matched=0 ce="-" served="-" bytes=252 status=200
2026-08-22T11:03:55+00:00 "GET /012/eh-asset.css?cc=no-store&ms=150&n=1787396635513-2 HTTP/2.0" ae="gzip, deflate, br" avail="-" dict_matched=0 ce="-" served="-" bytes=47 status=200
2026-08-22T11:03:56+00:00 "GET /012/ehon?hints=preload&ms=200&cc=no-store&n=1787396635903-3 HTTP/2.0" ae="gzip, deflate, br" avail="-" dict_matched=0 ce="-" served="-" bytes=252 status=200
2026-08-22T11:03:56+00:00 "GET /012/eh-asset.css?cc=no-store&ms=150&n=1787396635903-3 HTTP/2.0" ae="gzip, deflate, br" avail="-" dict_matched=0 ce="-" served="-" bytes=47 status=200
2026-08-22T11:03:59+00:00 "GET /012/eh?hints=preload&ms=200&cc=no-store&n=1787396639640-0 HTTP/2.0" ae="gzip, deflate, br, zstd" avail="-" dict_matched=0 ce="-" served="-" bytes=252 status=200
2026-08-22T11:04:00+00:00 "GET /012/eh-asset.css?cc=no-store&ms=150&n=1787396639640-0 HTTP/2.0" ae="gzip, deflate, br, zstd" avail="-" dict_matched=0 ce="-" served="-" bytes=47 status=200
2026-08-22T11:04:00+00:00 "GET /favicon.ico HTTP/2.0" ae="gzip, deflate, br, zstd" avail="-" dict_matched=0 ce="-" served="-" bytes=555 status=404
2026-08-22T11:04:00+00:00 "GET /012/eh?hints=preload&ms=200&cc=no-store&n=1787396640082-1 HTTP/2.0" ae="gzip, deflate, br, zstd" avail="-" dict_matched=0 ce="-" served="-" bytes=252 status=200
2026-08-22T11:04:00+00:00 "GET /012/eh-asset.css?cc=no-store&ms=150&n=1787396640082-1 HTTP/2.0" ae="gzip, deflate, br, zstd" avail="-" dict_matched=0 ce="-" served="-" bytes=47 status=200
2026-08-22T11:04:00+00:00 "GET /012/eh?hints=preload&ms=200&cc=no-store&n=1787396640453-2 HTTP/2.0" ae="gzip, deflate, br, zstd" avail="-" dict_matched=0 ce="-" served="-" bytes=252 status=200
2026-08-22T11:04:00+00:00 "GET /012/eh-asset.css?cc=no-store&ms=150&n=1787396640453-2 HTTP/2.0" ae="gzip, deflate, br, zstd" avail="-" dict_matched=0 ce="-" served="-" bytes=47 status=200
2026-08-22T11:04:01+00:00 "GET /012/eh?hints=preload&ms=200&cc=no-store&n=1787396640824-3 HTTP/2.0" ae="gzip, deflate, br, zstd" avail="-" dict_matched=0 ce="-" served="-" bytes=252 status=200
2026-08-22T11:04:01+00:00 "GET /012/eh-asset.css?cc=no-store&ms=150&n=1787396640824-3 HTTP/2.0" ae="gzip, deflate, br, zstd" avail="-" dict_matched=0 ce="-" served="-" bytes=47 status=200
2026-08-22T11:04:01+00:00 "GET /012/eh-asset.css?cc=no-store&ms=150&n=1787396641195-0 HTTP/2.0" ae="gzip, deflate, br, zstd" avail="-" dict_matched=0 ce="-" served="-" bytes=47 status=200
2026-08-22T11:04:01+00:00 "GET /012/ehon?hints=preload&ms=200&cc=no-store&n=1787396641195-0 HTTP/2.0" ae="gzip, deflate, br, zstd" avail="-" dict_matched=0 ce="-" served="-" bytes=252 status=200
2026-08-22T11:04:01+00:00 "GET /012/eh-asset.css?cc=no-store&ms=150&n=1787396641195-0 HTTP/2.0" ae="gzip, deflate, br, zstd" avail="-" dict_matched=0 ce="-" served="-" bytes=47 status=200
2026-08-22T11:04:01+00:00 "GET /012/eh-asset.css?cc=no-store&ms=150&n=1787396641568-1 HTTP/2.0" ae="gzip, deflate, br, zstd" avail="-" dict_matched=0 ce="-" served="-" bytes=47 status=200
2026-08-22T11:04:01+00:00 "GET /012/ehon?hints=preload&ms=200&cc=no-store&n=1787396641568-1 HTTP/2.0" ae="gzip, deflate, br, zstd" avail="-" dict_matched=0 ce="-" served="-" bytes=252 status=200
2026-08-22T11:04:01+00:00 "GET /012/eh-asset.css?cc=no-store&ms=150&n=1787396641568-1 HTTP/2.0" ae="gzip, deflate, br, zstd" avail="-" dict_matched=0 ce="-" served="-" bytes=47 status=200
2026-08-22T11:04:02+00:00 "GET /012/eh-asset.css?cc=no-store&ms=150&n=1787396641938-2 HTTP/2.0" ae="gzip, deflate, br, zstd" avail="-" dict_matched=0 ce="-" served="-" bytes=47 status=200
2026-08-22T11:04:02+00:00 "GET /012/ehon?hints=preload&ms=200&cc=no-store&n=1787396641938-2 HTTP/2.0" ae="gzip, deflate, br, zstd" avail="-" dict_matched=0 ce="-" served="-" bytes=252 status=200
2026-08-22T11:04:02+00:00 "GET /012/eh-asset.css?cc=no-store&ms=150&n=1787396641938-2 HTTP/2.0" ae="gzip, deflate, br, zstd" avail="-" dict_matched=0 ce="-" served="-" bytes=47 status=200
2026-08-22T11:04:02+00:00 "GET /012/eh-asset.css?cc=no-store&ms=150&n=1787396642314-3 HTTP/2.0" ae="gzip, deflate, br, zstd" avail="-" dict_matched=0 ce="-" served="-" bytes=47 status=200
2026-08-22T11:04:02+00:00 "GET /012/ehon?hints=preload&ms=200&cc=no-store&n=1787396642314-3 HTTP/2.0" ae="gzip, deflate, br, zstd" avail="-" dict_matched=0 ce="-" served="-" bytes=252 status=200
2026-08-22T11:04:02+00:00 "GET /012/eh-asset.css?cc=no-store&ms=150&n=1787396642314-3 HTTP/2.0" ae="gzip, deflate, br, zstd" avail="-" dict_matched=0 ce="-" served="-" bytes=47 status=200
2026-08-22T11:04:03+00:00 "GET /012/eh?hints=preload&ms=200&cc=no-store&n=1787396643725-0 HTTP/2.0" ae="gzip, deflate, br, zstd" avail="-" dict_matched=0 ce="-" served="-" bytes=252 status=200
2026-08-22T11:04:04+00:00 "GET /favicon.ico HTTP/2.0" ae="gzip, deflate, br, zstd" avail="-" dict_matched=0 ce="-" served="-" bytes=153 status=404
2026-08-22T11:04:04+00:00 "GET /012/eh-asset.css?cc=no-store&ms=150&n=1787396643725-0 HTTP/2.0" ae="gzip, deflate, br, zstd" avail="-" dict_matched=0 ce="-" served="-" bytes=47 status=200
2026-08-22T11:04:04+00:00 "GET /012/eh?hints=preload&ms=200&cc=no-store&n=1787396644206-1 HTTP/2.0" ae="gzip, deflate, br, zstd" avail="-" dict_matched=0 ce="-" served="-" bytes=252 status=200
2026-08-22T11:04:04+00:00 "GET /012/eh-asset.css?cc=no-store&ms=150&n=1787396644206-1 HTTP/2.0" ae="gzip, deflate, br, zstd" avail="-" dict_matched=0 ce="-" served="-" bytes=47 status=200
2026-08-22T11:04:04+00:00 "GET /012/eh?hints=preload&ms=200&cc=no-store&n=1787396644589-2 HTTP/2.0" ae="gzip, deflate, br, zstd" avail="-" dict_matched=0 ce="-" served="-" bytes=252 status=200
2026-08-22T11:04:04+00:00 "GET /012/eh-asset.css?cc=no-store&ms=150&n=1787396644589-2 HTTP/2.0" ae="gzip, deflate, br, zstd" avail="-" dict_matched=0 ce="-" served="-" bytes=47 status=200
2026-08-22T11:04:05+00:00 "GET /012/eh?hints=preload&ms=200&cc=no-store&n=1787396644987-3 HTTP/2.0" ae="gzip, deflate, br, zstd" avail="-" dict_matched=0 ce="-" served="-" bytes=252 status=200
2026-08-22T11:04:05+00:00 "GET /012/eh-asset.css?cc=no-store&ms=150&n=1787396644987-3 HTTP/2.0" ae="gzip, deflate, br, zstd" avail="-" dict_matched=0 ce="-" served="-" bytes=47 status=200
2026-08-22T11:04:05+00:00 "GET /012/eh-asset.css?cc=no-store&ms=150&n=1787396645382-0 HTTP/2.0" ae="gzip, deflate, br, zstd" avail="-" dict_matched=0 ce="-" served="-" bytes=47 status=200
2026-08-22T11:04:05+00:00 "GET /012/ehon?hints=preload&ms=200&cc=no-store&n=1787396645382-0 HTTP/2.0" ae="gzip, deflate, br, zstd" avail="-" dict_matched=0 ce="-" served="-" bytes=252 status=200
2026-08-22T11:04:05+00:00 "GET /012/eh-asset.css?cc=no-store&ms=150&n=1787396645618-1 HTTP/2.0" ae="gzip, deflate, br, zstd" avail="-" dict_matched=0 ce="-" served="-" bytes=47 status=200
2026-08-22T11:04:05+00:00 "GET /012/ehon?hints=preload&ms=200&cc=no-store&n=1787396645618-1 HTTP/2.0" ae="gzip, deflate, br, zstd" avail="-" dict_matched=0 ce="-" served="-" bytes=252 status=200
2026-08-22T11:04:06+00:00 "GET /012/eh-asset.css?cc=no-store&ms=150&n=1787396645860-2 HTTP/2.0" ae="gzip, deflate, br, zstd" avail="-" dict_matched=0 ce="-" served="-" bytes=47 status=200
2026-08-22T11:04:06+00:00 "GET /012/ehon?hints=preload&ms=200&cc=no-store&n=1787396645860-2 HTTP/2.0" ae="gzip, deflate, br, zstd" avail="-" dict_matched=0 ce="-" served="-" bytes=252 status=200
2026-08-22T11:04:06+00:00 "GET /012/eh-asset.css?cc=no-store&ms=150&n=1787396646090-3 HTTP/2.0" ae="gzip, deflate, br, zstd" avail="-" dict_matched=0 ce="-" served="-" bytes=47 status=200
2026-08-22T11:04:06+00:00 "GET /012/ehon?hints=preload&ms=200&cc=no-store&n=1787396646090-3 HTTP/2.0" ae="gzip, deflate, br, zstd" avail="-" dict_matched=0 ce="-" served="-" bytes=252 status=200
2026-08-22T11:04:07+00:00 "GET /012/eh?hints=preload&ms=200&cc=no-store&n=1787396646972-0 HTTP/2.0" ae="gzip, deflate, br" avail="-" dict_matched=0 ce="-" served="-" bytes=252 status=200
2026-08-22T11:04:07+00:00 "GET /012/eh-asset.css?cc=no-store&ms=150&n=1787396646972-0 HTTP/2.0" ae="gzip, deflate, br" avail="-" dict_matched=0 ce="-" served="-" bytes=47 status=200
2026-08-22T11:04:07+00:00 "GET /012/eh?hints=preload&ms=200&cc=no-store&n=1787396647384-1 HTTP/2.0" ae="gzip, deflate, br" avail="-" dict_matched=0 ce="-" served="-" bytes=252 status=200
2026-08-22T11:04:07+00:00 "GET /012/eh-asset.css?cc=no-store&ms=150&n=1787396647384-1 HTTP/2.0" ae="gzip, deflate, br" avail="-" dict_matched=0 ce="-" served="-" bytes=47 status=200
2026-08-22T11:04:07+00:00 "GET /012/eh?hints=preload&ms=200&cc=no-store&n=1787396647777-2 HTTP/2.0" ae="gzip, deflate, br" avail="-" dict_matched=0 ce="-" served="-" bytes=252 status=200
2026-08-22T11:04:08+00:00 "GET /012/eh-asset.css?cc=no-store&ms=150&n=1787396647777-2 HTTP/2.0" ae="gzip, deflate, br" avail="-" dict_matched=0 ce="-" served="-" bytes=47 status=200
2026-08-22T11:04:08+00:00 "GET /012/eh?hints=preload&ms=200&cc=no-store&n=1787396648164-3 HTTP/2.0" ae="gzip, deflate, br" avail="-" dict_matched=0 ce="-" served="-" bytes=252 status=200
2026-08-22T11:04:08+00:00 "GET /012/eh-asset.css?cc=no-store&ms=150&n=1787396648164-3 HTTP/2.0" ae="gzip, deflate, br" avail="-" dict_matched=0 ce="-" served="-" bytes=47 status=200
2026-08-22T11:04:08+00:00 "GET /012/ehon?hints=preload&ms=200&cc=no-store&n=1787396648550-0 HTTP/2.0" ae="gzip, deflate, br" avail="-" dict_matched=0 ce="-" served="-" bytes=252 status=200
2026-08-22T11:04:08+00:00 "GET /012/eh-asset.css?cc=no-store&ms=150&n=1787396648550-0 HTTP/2.0" ae="gzip, deflate, br" avail="-" dict_matched=0 ce="-" served="-" bytes=47 status=200
2026-08-22T11:04:09+00:00 "GET /012/ehon?hints=preload&ms=200&cc=no-store&n=1787396648941-1 HTTP/2.0" ae="gzip, deflate, br" avail="-" dict_matched=0 ce="-" served="-" bytes=252 status=200
2026-08-22T11:04:09+00:00 "GET /012/eh-asset.css?cc=no-store&ms=150&n=1787396648941-1 HTTP/2.0" ae="gzip, deflate, br" avail="-" dict_matched=0 ce="-" served="-" bytes=47 status=200
2026-08-22T11:04:09+00:00 "GET /012/ehon?hints=preload&ms=200&cc=no-store&n=1787396649324-2 HTTP/2.0" ae="gzip, deflate, br" avail="-" dict_matched=0 ce="-" served="-" bytes=252 status=200
2026-08-22T11:04:09+00:00 "GET /012/eh-asset.css?cc=no-store&ms=150&n=1787396649324-2 HTTP/2.0" ae="gzip, deflate, br" avail="-" dict_matched=0 ce="-" served="-" bytes=47 status=200
2026-08-22T11:04:09+00:00 "GET /012/ehon?hints=preload&ms=200&cc=no-store&n=1787396649703-3 HTTP/2.0" ae="gzip, deflate, br" avail="-" dict_matched=0 ce="-" served="-" bytes=252 status=200
2026-08-22T11:04:10+00:00 "GET /012/eh-asset.css?cc=no-store&ms=150&n=1787396649703-3 HTTP/2.0" ae="gzip, deflate, br" avail="-" dict_matched=0 ce="-" served="-" bytes=47 status=200
